2026-03-06 09:54:12,230 - Pipeline - INFO - Step 1: Load pipeline config
2026-03-06 09:54:12,233 - Pipeline - INFO - Step 2: Resolve execution plan
2026-03-06 09:54:12,233 - Pipeline - INFO - Step 3: Run pipeline steps
2026-03-06 09:54:12,233 - Pipeline - INFO - Starting step: global_benchmark
2026-03-06 09:54:12,234 - Pipeline - INFO - Global benchmark configured main_seed=42 n_seeds=2 executions_dir=/home/alexdoro/pec_data/results/global_benchmark/executions
2026-03-06 09:54:12,234 - Pipeline - INFO - Saved global benchmark seed tracking file: /home/alexdoro/pec_data/results/global_benchmark/sweep_benchmarking_seeds_2_20260306_085412.json
2026-03-06 09:54:12,234 - Pipeline - INFO - Global benchmark execution start seed=42 output_root=/home/alexdoro/pec_data/results/global_benchmark/executions/run_seed_42
2026-03-06 09:54:12,234 - Pipeline - INFO - Running mode=sweep
2026-03-06 09:54:12,247 - ProteinLoader - INFO - Connecting with db
2026-03-06 09:54:12,288 - ProteinLoader - INFO - 3143 proteins found
2026-03-06 09:54:12,288 - LabelLoader - INFO - Loading labels from file
2026-03-06 09:54:12,349 - LabelLoader - INFO - Total labels assigned: 3143
2026-03-06 09:54:12,349 - LabelLoader - INFO - Missing proteins count: 3
2026-03-06 09:54:12,349 - IndependentValidationTrainTestSplit - INFO - Applying independent validation/train_test strategy
2026-03-06 09:54:12,349 - IndependentValidationTrainTestSplit - INFO - Dataset size: 3143
2026-03-06 09:54:12,364 - IndependentValidationTrainTestSplit - INFO - Validation split (csv): size=500 (15.91% of dataset)
2026-03-06 09:54:12,375 - IndependentValidationTrainTestSplit - INFO - Split Summary:
- Train size: 1933
- Validation size: 500
- Test size: 485
- Zero-shot size: 225
2026-03-06 09:54:12,375 - IndependentValidationTrainTestSplit - INFO - Train class distribution: {'NMF': 982, 'MF': 951}
2026-03-06 09:54:12,375 - IndependentValidationTrainTestSplit - INFO - Validation class distribution: {'MF': 250, 'NMF': 250}
2026-03-06 09:54:12,375 - IndependentValidationTrainTestSplit - INFO - Test class distribution: {'NMF': 227, 'MF': 258}
2026-03-06 09:54:12,375 - IndependentValidationTrainTestSplit - INFO - Zero-shot class distribution: {'MF': 114, 'NMF': 111}
2026-03-06 09:54:12,375 - IndependentValidationTrainTestSplit - INFO - Zero-shot organism distribution: {'Candida albicans (strain SC5314 / ATCC MYA-2876) (Yeast).': 26, 'Danio rerio (Zebrafish) (Brachydanio rerio).': 2, 'Sulfurisphaera tokodaii (strain DSM 16993 / JCM 10545 / NBRC 100140 / 7) (Sulfolobus tokodaii).': 2, 'Schistosoma mansoni (Blood fluke).': 2, 'Drosophila melanogaster (Fruit fly).': 46, 'Rattus norvegicus (Rat).': 33, 'Pyrococcus horikoshii (strain ATCC 700860 / DSM 12428 / JCM 9974 / NBRC 100139 / OT-3).': 2, 'Mycobacterium tuberculosis (strain ATCC 25618 / H37Rv).': 24, 'Equus caballus (Horse).': 2, 'Oryctolagus cuniculus (Rabbit).': 6, 'Bos taurus (Bovine).': 10, 'Dictyostelium discoideum (Social amoeba).': 2, 'Salmonella typhimurium (strain LT2 / SGSC1412 / ATCC 700720).': 2, 'Xenopus laevis (African clawed frog).': 2, 'Bacillus subtilis (strain 168).': 2, 'Hordeum vulgare (Barley).': 2, 'Caenorhabditis elegans.': 16, 'Trypanosoma brucei brucei (strain 927/4 GUTat10.1).': 2, 'Leishmania mexicana.': 2, 'Spinacia oleracea (Spinach).': 2, 'Methanocaldococcus jannaschii (strain ATCC 43067 / DSM 2661 / JAL-1 / JCM 10045 / NBRC 100440) (Methanococcus jannaschii).': 2, 'Thermococcus kodakarensis (strain ATCC BAA-918 / JCM 12380 / KOD1) (Pyrococcus kodakaraensis (strain KOD1)).': 4, 'Legionella pneumophila subsp. pneumophila (strain Philadelphia 1 / ATCC 33152 / DSM 7513).': 2, 'Candida glabrata (strain ATCC 2001 / BCRC 20586 / JCM 3761 / NBRC 0622 / NRRL Y-65 / CBS 138) (Yeast) (Nakaseomyces glabratus).': 4, 'Pisum sativum (Garden pea) (Lathyrus oleraceus).': 2, 'Onchocerca volvulus.': 2, 'Pyrococcus furiosus (strain ATCC 43587 / DSM 3638 / JCM 8422 / Vc1).': 2, 'Komagataella phaffii (strain GS115 / ATCC 20864) (Yeast) (Pichia pastoris).': 2, 'Saccharolobus solfataricus (strain ATCC 35092 / DSM 1617 / JCM 11322 / P2) (Sulfolobus solfataricus).': 4, 'Streptomyces coelicolor (strain ATCC BAA-471 / A3(2) / M145).': 2, 'Capra hircus (Goat).': 2, 'Schizosaccharomyces pombe (strain 972 / ATCC 24843) (Fission yeast).': 2, 'Cavia porcellus (Guinea pig).': 2, 'Chlamydomonas reinhardtii (Chlamydomonas smithii).': 2, 'Picrophilus torridus (strain ATCC 700027 / DSM 9790 / JCM 10055 / NBRC 100828 / KAW 2/3).': 2, 'Oryza sativa subsp. japonica (Rice).': 2}
2026-03-06 09:54:12,375 - IndependentValidationTrainTestSplit - INFO - Zero-shot verified as isolated holdout.
2026-03-06 09:54:12,375 - DatasetBuilder - INFO - DatasetBuilder produced bundle with 1933 train, 500 val, 485 test, 225 zero-shot
2026-03-06 09:54:12,375 - Pipeline - INFO - Dataset snapshot already exists: /home/alexdoro/pec_data/results/global_benchmark/executions/run_seed_42/dataset/default_dataset.csv
2026-03-06 09:54:12,376 - SequenceEmbeddingLoader - INFO - Loading sequence embeddings for 3 model(s)
2026-03-06 09:54:12,775 - SequenceEmbeddingLoader - INFO - Loaded sequence model=ESM3c accessions=3143 layers=[0]
2026-03-06 09:54:13,282 - SequenceEmbeddingLoader - INFO - Loaded sequence model=Ankh3-Large accessions=3143 layers=[0]
2026-03-06 09:54:13,616 - SequenceEmbeddingLoader - INFO - Loaded sequence model=Prost-T5 accessions=3143 layers=[0]
2026-03-06 09:54:13,617 - LayerAggregationStrategy - INFO - Aggregation mode=none produced 3 model view(s)
2026-03-06 09:54:14,338 - GOEmbeddingLoader - INFO - Loaded GO embeddings from /home/alexdoro/DATASETS/mf_proteins/mfp_balanced/bp_protein_embeddings_20260302_171152.csv (ontology=BP) matched=2764
2026-03-06 09:54:14,995 - GOEmbeddingLoader - INFO - Loaded GO embeddings from /home/alexdoro/DATASETS/mf_proteins/mfp_balanced/mf_protein_embeddings_20260302_171152.csv (ontology=MF) matched=2525
2026-03-06 09:54:15,724 - GOEmbeddingLoader - INFO - Loaded GO embeddings from /home/alexdoro/DATASETS/mf_proteins/mfp_balanced/cc_protein_embeddings_20260302_171152.csv (ontology=CC) matched=2873
2026-03-06 09:54:15,735 - GOEmbeddingLoader - INFO - Concatenated GO embeddings: total_dim=3000 ontologies=['BP', 'MF', 'CC']
2026-03-06 09:54:15,736 - EmbeddingService - INFO - Loaded embedding views: ['Ankh3-Large', 'ESM3c', 'GeOKG', 'Prost-T5']
2026-03-06 09:54:15,746 - EmbeddingBundle - INFO - Missing embeddings artifact written model=GeOKG path=artifacts/missing_gope.txt count=0
2026-03-06 09:54:15,752 - Pipeline - INFO - Sweep mode configured for all classifiers: ['KNN-2', 'LR', 'MLP', 'RF', 'SVM', 'XGB']
2026-03-06 09:54:15,752 - Pipeline - INFO - Starting classifier sweep model_type=LR config_path=config/model_sweep/sweep_config_lr.yaml
wandb: Tracking run with wandb version 0.25.0
wandb: W&B syncing is set to `offline` in this directory. Run `wandb online` or set WANDB_MODE=online to enable cloud syncing.
wandb: Run data is saved locally in /home/alexdoro/repositories/protein-embedding-classifier/wandb/offline-run-20260306_095416-yf6xxeu5
2026-03-06 09:54:16,406 - TrainingService - INFO - Normalization mode: none
2026-03-06 09:54:16,407 - TrainingService - INFO - Training model_type=LR embedding=Ankh3-Large train_shape=(1933, 1536) val_shape=(500, 1536)
2026-03-06 09:54:16,589 - TrainingService - INFO - Trained model_type=LR embedding=Ankh3-Large f1_score=0.544681
wandb: 
wandb: Run history:
wandb:  test_accuracy ▁
wandb:        test_f1 ▁
wandb:        test_fn ▁
wandb:        test_fp ▁
wandb:    test_pr_auc ▁
wandb: test_precision ▁
wandb:    test_recall ▁
wandb:   test_roc_auc ▁
wandb:        test_tn ▁
wandb:        test_tp ▁
wandb:            +11 ...
wandb: 
wandb: Run summary:
wandb: embedding_name Ankh3-Large
wandb:     model_type LR
wandb:  test_accuracy 0.72371
wandb:        test_f1 0.69683
wandb:        test_fn 73
wandb:        test_fp 61
wandb:    test_pr_auc 0.74778
wandb: test_precision 0.71628
wandb:    test_recall 0.67841
wandb:   test_roc_auc 0.77976
wandb:            +14 ...
wandb: 
wandb: You can sync this run to the cloud by running:
wandb: wandb sync /home/alexdoro/repositories/protein-embedding-classifier/wandb/offline-run-20260306_095416-yf6xxeu5
wandb: Find logs at: ./wandb/offline-run-20260306_095416-yf6xxeu5/logs
wandb: Tracking run with wandb version 0.25.0
wandb: W&B syncing is set to `offline` in this directory. Run `wandb online` or set WANDB_MODE=online to enable cloud syncing.
wandb: Run data is saved locally in /home/alexdoro/repositories/protein-embedding-classifier/wandb/offline-run-20260306_095416-bml6rhnn
2026-03-06 09:54:16,768 - TrainingService - INFO - Normalization mode: none
2026-03-06 09:54:16,769 - TrainingService - INFO - Training model_type=LR embedding=ESM3c train_shape=(1933, 1152) val_shape=(500, 1152)
2026-03-06 09:54:19,227 - TrainingService - INFO - Trained model_type=LR embedding=ESM3c f1_score=0.493392
wandb: 
wandb: Run history:
wandb:  test_accuracy ▁
wandb:        test_f1 ▁
wandb:        test_fn ▁
wandb:        test_fp ▁
wandb:    test_pr_auc ▁
wandb: test_precision ▁
wandb:    test_recall ▁
wandb:   test_roc_auc ▁
wandb:        test_tn ▁
wandb:        test_tp ▁
wandb:            +11 ...
wandb: 
wandb: Run summary:
wandb: embedding_name ESM3c
wandb:     model_type LR
wandb:  test_accuracy 0.68454
wandb:        test_f1 0.65463
wandb:        test_fn 82
wandb:        test_fp 71
wandb:    test_pr_auc 0.68054
wandb: test_precision 0.6713
wandb:    test_recall 0.63877
wandb:   test_roc_auc 0.71327
wandb:            +14 ...
wandb: 
wandb: You can sync this run to the cloud by running:
wandb: wandb sync /home/alexdoro/repositories/protein-embedding-classifier/wandb/offline-run-20260306_095416-bml6rhnn
wandb: Find logs at: ./wandb/offline-run-20260306_095416-bml6rhnn/logs
wandb: Tracking run with wandb version 0.25.0
wandb: W&B syncing is set to `offline` in this directory. Run `wandb online` or set WANDB_MODE=online to enable cloud syncing.
wandb: Run data is saved locally in /home/alexdoro/repositories/protein-embedding-classifier/wandb/offline-run-20260306_095419-pz95u0du
2026-03-06 09:54:19,403 - TrainingService - INFO - Normalization mode: none
2026-03-06 09:54:19,404 - TrainingService - INFO - Training model_type=LR embedding=GeOKG train_shape=(1933, 3000) val_shape=(500, 3000)
2026-03-06 09:54:20,798 - TrainingService - INFO - Trained model_type=LR embedding=GeOKG f1_score=0.538153
wandb: 
wandb: Run history:
wandb:  test_accuracy ▁
wandb:        test_f1 ▁
wandb:        test_fn ▁
wandb:        test_fp ▁
wandb:    test_pr_auc ▁
wandb: test_precision ▁
wandb:    test_recall ▁
wandb:   test_roc_auc ▁
wandb:        test_tn ▁
wandb:        test_tp ▁
wandb:            +11 ...
wandb: 
wandb: Run summary:
wandb: embedding_name GeOKG
wandb:     model_type LR
wandb:  test_accuracy 0.67423
wandb:        test_f1 0.65948
wandb:        test_fn 74
wandb:        test_fp 84
wandb:    test_pr_auc 0.6891
wandb: test_precision 0.64557
wandb:    test_recall 0.67401
wandb:   test_roc_auc 0.7145
wandb:            +14 ...
wandb: 
wandb: You can sync this run to the cloud by running:
wandb: wandb sync /home/alexdoro/repositories/protein-embedding-classifier/wandb/offline-run-20260306_095419-pz95u0du
wandb: Find logs at: ./wandb/offline-run-20260306_095419-pz95u0du/logs
wandb: Tracking run with wandb version 0.25.0
wandb: W&B syncing is set to `offline` in this directory. Run `wandb online` or set WANDB_MODE=online to enable cloud syncing.
wandb: Run data is saved locally in /home/alexdoro/repositories/protein-embedding-classifier/wandb/offline-run-20260306_095420-i21c2zcd
2026-03-06 09:54:20,973 - TrainingService - INFO - Normalization mode: none
2026-03-06 09:54:20,973 - TrainingService - INFO - Training model_type=LR embedding=Prost-T5 train_shape=(1933, 1024) val_shape=(500, 1024)
2026-03-06 09:54:21,109 - TrainingService - INFO - Trained model_type=LR embedding=Prost-T5 f1_score=0.545455
wandb: 
wandb: Run history:
wandb:  test_accuracy ▁
wandb:        test_f1 ▁
wandb:        test_fn ▁
wandb:        test_fp ▁
wandb:    test_pr_auc ▁
wandb: test_precision ▁
wandb:    test_recall ▁
wandb:   test_roc_auc ▁
wandb:        test_tn ▁
wandb:        test_tp ▁
wandb:            +11 ...
wandb: 
wandb: Run summary:
wandb: embedding_name Prost-T5
wandb:     model_type LR
wandb:  test_accuracy 0.70103
wandb:        test_f1 0.67416
wandb:        test_fn 77
wandb:        test_fp 68
wandb:    test_pr_auc 0.73524
wandb: test_precision 0.68807
wandb:    test_recall 0.66079
wandb:   test_roc_auc 0.76072
wandb:            +14 ...
wandb: 
wandb: You can sync this run to the cloud by running:
wandb: wandb sync /home/alexdoro/repositories/protein-embedding-classifier/wandb/offline-run-20260306_095420-i21c2zcd
wandb: Find logs at: ./wandb/offline-run-20260306_095420-i21c2zcd/logs
2026-03-06 09:54:21,116 - SweepService - INFO - Sweep completed model_type=LR best_embedding=Prost-T5 f1_score=0.545455
2026-03-06 09:54:21,116 - Pipeline - INFO - Finished classifier sweep model_type=LR best_embedding=Prost-T5 validation_f1=0.545455
2026-03-06 09:54:21,118 - TrainingService - INFO - Normalization mode: none
2026-03-06 09:54:21,119 - TrainingService - INFO - Training model_type=LR embedding=Ankh3-Large train_shape=(2433, 1536) val_shape=(500, 1536)
2026-03-06 09:54:21,389 - TrainingService - INFO - Trained model_type=LR embedding=Ankh3-Large f1_score=0.686441
wandb: Tracking run with wandb version 0.25.0
wandb: W&B syncing is set to `offline` in this directory. Run `wandb online` or set WANDB_MODE=online to enable cloud syncing.
wandb: Run data is saved locally in /home/alexdoro/repositories/protein-embedding-classifier/wandb/offline-run-20260306_095421-9036q6rg
wandb: 
wandb: Run history:
wandb:  test_accuracy ▁
wandb:        test_f1 ▁
wandb:        test_fn ▁
wandb:        test_fp ▁
wandb:    test_pr_auc ▁
wandb: test_precision ▁
wandb:    test_recall ▁
wandb:   test_roc_auc ▁
wandb:        test_tn ▁
wandb:        test_tp ▁
wandb: 
wandb: Run summary:
wandb:  test_accuracy 0.69278
wandb:        test_f1 0.66815
wandb:        test_fn 77
wandb:        test_fp 72
wandb:    test_pr_auc 0.75278
wandb: test_precision 0.67568
wandb:    test_recall 0.66079
wandb:   test_roc_auc 0.76335
wandb:        test_tn 186
wandb:        test_tp 150
wandb: 
wandb: You can sync this run to the cloud by running:
wandb: wandb sync /home/alexdoro/repositories/protein-embedding-classifier/wandb/offline-run-20260306_095421-9036q6rg
wandb: Find logs at: ./wandb/offline-run-20260306_095421-9036q6rg/logs
2026-03-06 09:54:21,528 - TrainingService - INFO - Normalization mode: none
2026-03-06 09:54:21,529 - TrainingService - INFO - Training model_type=LR embedding=ESM3c train_shape=(2433, 1152) val_shape=(500, 1152)
2026-03-06 09:54:31,613 - TrainingService - INFO - Trained model_type=LR embedding=ESM3c f1_score=1.000000
wandb: Tracking run with wandb version 0.25.0
wandb: W&B syncing is set to `offline` in this directory. Run `wandb online` or set WANDB_MODE=online to enable cloud syncing.
wandb: Run data is saved locally in /home/alexdoro/repositories/protein-embedding-classifier/wandb/offline-run-20260306_095431-l2veaoqr
wandb: 
wandb: Run history:
wandb:  test_accuracy ▁
wandb:        test_f1 ▁
wandb:        test_fn ▁
wandb:        test_fp ▁
wandb:    test_pr_auc ▁
wandb: test_precision ▁
wandb:    test_recall ▁
wandb:   test_roc_auc ▁
wandb:        test_tn ▁
wandb:        test_tp ▁
wandb: 
wandb: Run summary:
wandb:  test_accuracy 0.62887
wandb:        test_f1 0.60352
wandb:        test_fn 90
wandb:        test_fp 90
wandb:    test_pr_auc 0.63074
wandb: test_precision 0.60352
wandb:    test_recall 0.60352
wandb:   test_roc_auc 0.67193
wandb:        test_tn 168
wandb:        test_tp 137
wandb: 
wandb: You can sync this run to the cloud by running:
wandb: wandb sync /home/alexdoro/repositories/protein-embedding-classifier/wandb/offline-run-20260306_095431-l2veaoqr
wandb: Find logs at: ./wandb/offline-run-20260306_095431-l2veaoqr/logs
2026-03-06 09:54:31,749 - TrainingService - INFO - Normalization mode: none
2026-03-06 09:54:31,750 - TrainingService - INFO - Training model_type=LR embedding=GeOKG train_shape=(2433, 3000) val_shape=(500, 3000)
2026-03-06 09:54:33,985 - TrainingService - INFO - Trained model_type=LR embedding=GeOKG f1_score=0.972222
wandb: Tracking run with wandb version 0.25.0
wandb: W&B syncing is set to `offline` in this directory. Run `wandb online` or set WANDB_MODE=online to enable cloud syncing.
wandb: Run data is saved locally in /home/alexdoro/repositories/protein-embedding-classifier/wandb/offline-run-20260306_095433-ieekuzz1
wandb: 
wandb: Run history:
wandb:  test_accuracy ▁
wandb:        test_f1 ▁
wandb:        test_fn ▁
wandb:        test_fp ▁
wandb:    test_pr_auc ▁
wandb: test_precision ▁
wandb:    test_recall ▁
wandb:   test_roc_auc ▁
wandb:        test_tn ▁
wandb:        test_tp ▁
wandb: 
wandb: Run summary:
wandb:  test_accuracy 0.67216
wandb:        test_f1 0.64901
wandb:        test_fn 80
wandb:        test_fp 79
wandb:    test_pr_auc 0.67963
wandb: test_precision 0.65044
wandb:    test_recall 0.64758
wandb:   test_roc_auc 0.69738
wandb:        test_tn 179
wandb:        test_tp 147
wandb: 
wandb: You can sync this run to the cloud by running:
wandb: wandb sync /home/alexdoro/repositories/protein-embedding-classifier/wandb/offline-run-20260306_095433-ieekuzz1
wandb: Find logs at: ./wandb/offline-run-20260306_095433-ieekuzz1/logs
2026-03-06 09:54:34,127 - TrainingService - INFO - Normalization mode: none
2026-03-06 09:54:34,128 - TrainingService - INFO - Training model_type=LR embedding=Prost-T5 train_shape=(2433, 1024) val_shape=(500, 1024)
2026-03-06 09:54:34,302 - TrainingService - INFO - Trained model_type=LR embedding=Prost-T5 f1_score=0.735354
wandb: Tracking run with wandb version 0.25.0
wandb: W&B syncing is set to `offline` in this directory. Run `wandb online` or set WANDB_MODE=online to enable cloud syncing.
wandb: Run data is saved locally in /home/alexdoro/repositories/protein-embedding-classifier/wandb/offline-run-20260306_095434-dobz96le
wandb: 
wandb: Run history:
wandb:  test_accuracy ▁
wandb:        test_f1 ▁
wandb:        test_fn ▁
wandb:        test_fp ▁
wandb:    test_pr_auc ▁
wandb: test_precision ▁
wandb:    test_recall ▁
wandb:   test_roc_auc ▁
wandb:        test_tn ▁
wandb:        test_tp ▁
wandb: 
wandb: Run summary:
wandb:  test_accuracy 0.6866
wandb:        test_f1 0.66372
wandb:        test_fn 77
wandb:        test_fp 75
wandb:    test_pr_auc 0.74635
wandb: test_precision 0.66667
wandb:    test_recall 0.66079
wandb:   test_roc_auc 0.75077
wandb:        test_tn 183
wandb:        test_tp 150
wandb: 
wandb: You can sync this run to the cloud by running:
wandb: wandb sync /home/alexdoro/repositories/protein-embedding-classifier/wandb/offline-run-20260306_095434-dobz96le
wandb: Find logs at: ./wandb/offline-run-20260306_095434-dobz96le/logs
2026-03-06 09:54:34,442 - Pipeline - INFO - Starting classifier sweep model_type=SVM config_path=config/model_sweep/sweep_config_svm.yaml
wandb: Tracking run with wandb version 0.25.0
wandb: W&B syncing is set to `offline` in this directory. Run `wandb online` or set WANDB_MODE=online to enable cloud syncing.
wandb: Run data is saved locally in /home/alexdoro/repositories/protein-embedding-classifier/wandb/offline-run-20260306_095434-09amy0ml
2026-03-06 09:54:34,597 - TrainingService - INFO - Normalization mode: none
2026-03-06 09:54:34,598 - TrainingService - INFO - Training model_type=SVM embedding=Ankh3-Large train_shape=(1933, 1536) val_shape=(500, 1536)
2026-03-06 09:54:37,183 - TrainingService - INFO - Trained model_type=SVM embedding=Ankh3-Large f1_score=0.554264
wandb: 
wandb: Run history:
wandb:  test_accuracy ▁
wandb:        test_f1 ▁
wandb:        test_fn ▁
wandb:        test_fp ▁
wandb:    test_pr_auc ▁
wandb: test_precision ▁
wandb:    test_recall ▁
wandb:   test_roc_auc ▁
wandb:        test_tn ▁
wandb:        test_tp ▁
wandb:            +11 ...
wandb: 
wandb: Run summary:
wandb: embedding_name Ankh3-Large
wandb:     model_type SVM
wandb:  test_accuracy 0.7299
wandb:        test_f1 0.70429
wandb:        test_fn 71
wandb:        test_fp 60
wandb:    test_pr_auc 0.73857
wandb: test_precision 0.72222
wandb:    test_recall 0.68722
wandb:   test_roc_auc 0.75567
wandb:            +14 ...
wandb: 
wandb: You can sync this run to the cloud by running:
wandb: wandb sync /home/alexdoro/repositories/protein-embedding-classifier/wandb/offline-run-20260306_095434-09amy0ml
wandb: Find logs at: ./wandb/offline-run-20260306_095434-09amy0ml/logs
wandb: Tracking run with wandb version 0.25.0
wandb: W&B syncing is set to `offline` in this directory. Run `wandb online` or set WANDB_MODE=online to enable cloud syncing.
wandb: Run data is saved locally in /home/alexdoro/repositories/protein-embedding-classifier/wandb/offline-run-20260306_095437-ww5iovn3
2026-03-06 09:54:37,341 - TrainingService - INFO - Normalization mode: none
2026-03-06 09:54:37,341 - TrainingService - INFO - Training model_type=SVM embedding=ESM3c train_shape=(1933, 1152) val_shape=(500, 1152)
2026-03-06 09:54:43,283 - TrainingService - INFO - Trained model_type=SVM embedding=ESM3c f1_score=0.525424
wandb: 
wandb: Run history:
wandb:  test_accuracy ▁
wandb:        test_f1 ▁
wandb:        test_fn ▁
wandb:        test_fp ▁
wandb:    test_pr_auc ▁
wandb: test_precision ▁
wandb:    test_recall ▁
wandb:   test_roc_auc ▁
wandb:        test_tn ▁
wandb:        test_tp ▁
wandb:            +11 ...
wandb: 
wandb: Run summary:
wandb: embedding_name ESM3c
wandb:     model_type SVM
wandb:  test_accuracy 0.62474
wandb:        test_f1 0.60088
wandb:        test_fn 90
wandb:        test_fp 92
wandb:    test_pr_auc 0.65062
wandb: test_precision 0.59825
wandb:    test_recall 0.60352
wandb:   test_roc_auc 0.67356
wandb:            +14 ...
wandb: 
wandb: You can sync this run to the cloud by running:
wandb: wandb sync /home/alexdoro/repositories/protein-embedding-classifier/wandb/offline-run-20260306_095437-ww5iovn3
wandb: Find logs at: ./wandb/offline-run-20260306_095437-ww5iovn3/logs
wandb: Tracking run with wandb version 0.25.0
wandb: W&B syncing is set to `offline` in this directory. Run `wandb online` or set WANDB_MODE=online to enable cloud syncing.
wandb: Run data is saved locally in /home/alexdoro/repositories/protein-embedding-classifier/wandb/offline-run-20260306_095443-89cdst30
2026-03-06 09:54:43,446 - TrainingService - INFO - Normalization mode: none
2026-03-06 09:54:43,447 - TrainingService - INFO - Training model_type=SVM embedding=GeOKG train_shape=(1933, 3000) val_shape=(500, 3000)
2026-03-06 09:54:54,110 - TrainingService - INFO - Trained model_type=SVM embedding=GeOKG f1_score=0.531008
wandb: 
wandb: Run history:
wandb:  test_accuracy ▁
wandb:        test_f1 ▁
wandb:        test_fn ▁
wandb:        test_fp ▁
wandb:    test_pr_auc ▁
wandb: test_precision ▁
wandb:    test_recall ▁
wandb:   test_roc_auc ▁
wandb:        test_tn ▁
wandb:        test_tp ▁
wandb:            +11 ...
wandb: 
wandb: Run summary:
wandb: embedding_name GeOKG
wandb:     model_type SVM
wandb:  test_accuracy 0.64948
wandb:        test_f1 0.6473
wandb:        test_fn 71
wandb:        test_fp 99
wandb:    test_pr_auc 0.61673
wandb: test_precision 0.61176
wandb:    test_recall 0.68722
wandb:   test_roc_auc 0.66823
wandb:            +14 ...
wandb: 
wandb: You can sync this run to the cloud by running:
wandb: wandb sync /home/alexdoro/repositories/protein-embedding-classifier/wandb/offline-run-20260306_095443-89cdst30
wandb: Find logs at: ./wandb/offline-run-20260306_095443-89cdst30/logs
wandb: Tracking run with wandb version 0.25.0
wandb: W&B syncing is set to `offline` in this directory. Run `wandb online` or set WANDB_MODE=online to enable cloud syncing.
wandb: Run data is saved locally in /home/alexdoro/repositories/protein-embedding-classifier/wandb/offline-run-20260306_095454-p4dmncc2
2026-03-06 09:54:54,260 - TrainingService - INFO - Normalization mode: none
2026-03-06 09:54:54,261 - TrainingService - INFO - Training model_type=SVM embedding=Prost-T5 train_shape=(1933, 1024) val_shape=(500, 1024)
2026-03-06 09:54:56,512 - TrainingService - INFO - Trained model_type=SVM embedding=Prost-T5 f1_score=0.579655
wandb: 
wandb: Run history:
wandb:  test_accuracy ▁
wandb:        test_f1 ▁
wandb:        test_fn ▁
wandb:        test_fp ▁
wandb:    test_pr_auc ▁
wandb: test_precision ▁
wandb:    test_recall ▁
wandb:   test_roc_auc ▁
wandb:        test_tn ▁
wandb:        test_tp ▁
wandb:            +11 ...
wandb: 
wandb: Run summary:
wandb: embedding_name Prost-T5
wandb:     model_type SVM
wandb:  test_accuracy 0.6701
wandb:        test_f1 0.64758
wandb:        test_fn 80
wandb:        test_fp 80
wandb:    test_pr_auc 0.69035
wandb: test_precision 0.64758
wandb:    test_recall 0.64758
wandb:   test_roc_auc 0.71812
wandb:            +14 ...
wandb: 
wandb: You can sync this run to the cloud by running:
wandb: wandb sync /home/alexdoro/repositories/protein-embedding-classifier/wandb/offline-run-20260306_095454-p4dmncc2
wandb: Find logs at: ./wandb/offline-run-20260306_095454-p4dmncc2/logs
2026-03-06 09:54:56,516 - SweepService - INFO - Sweep completed model_type=SVM best_embedding=Prost-T5 f1_score=0.579655
2026-03-06 09:54:56,516 - Pipeline - INFO - Finished classifier sweep model_type=SVM best_embedding=Prost-T5 validation_f1=0.579655
2026-03-06 09:54:56,518 - TrainingService - INFO - Normalization mode: none
2026-03-06 09:54:56,519 - TrainingService - INFO - Training model_type=SVM embedding=Ankh3-Large train_shape=(2433, 1536) val_shape=(500, 1536)
2026-03-06 09:55:01,639 - TrainingService - INFO - Trained model_type=SVM embedding=Ankh3-Large f1_score=0.836735
wandb: Tracking run with wandb version 0.25.0
wandb: W&B syncing is set to `offline` in this directory. Run `wandb online` or set WANDB_MODE=online to enable cloud syncing.
wandb: Run data is saved locally in /home/alexdoro/repositories/protein-embedding-classifier/wandb/offline-run-20260306_095501-4w6s61ye
wandb: 
wandb: Run history:
wandb:  test_accuracy ▁
wandb:        test_f1 ▁
wandb:        test_fn ▁
wandb:        test_fp ▁
wandb:    test_pr_auc ▁
wandb: test_precision ▁
wandb:    test_recall ▁
wandb:   test_roc_auc ▁
wandb:        test_tn ▁
wandb:        test_tp ▁
wandb: 
wandb: Run summary:
wandb:  test_accuracy 0.70722
wandb:        test_f1 0.68018
wandb:        test_fn 76
wandb:        test_fp 66
wandb:    test_pr_auc 0.73091
wandb: test_precision 0.69585
wandb:    test_recall 0.6652
wandb:   test_roc_auc 0.74534
wandb:        test_tn 192
wandb:        test_tp 151
wandb: 
wandb: You can sync this run to the cloud by running:
wandb: wandb sync /home/alexdoro/repositories/protein-embedding-classifier/wandb/offline-run-20260306_095501-4w6s61ye
wandb: Find logs at: ./wandb/offline-run-20260306_095501-4w6s61ye/logs
2026-03-06 09:55:01,777 - TrainingService - INFO - Normalization mode: none
2026-03-06 09:55:01,778 - TrainingService - INFO - Training model_type=SVM embedding=ESM3c train_shape=(2433, 1152) val_shape=(500, 1152)
2026-03-06 09:55:30,891 - TrainingService - INFO - Trained model_type=SVM embedding=ESM3c f1_score=1.000000
wandb: Tracking run with wandb version 0.25.0
wandb: W&B syncing is set to `offline` in this directory. Run `wandb online` or set WANDB_MODE=online to enable cloud syncing.
wandb: Run data is saved locally in /home/alexdoro/repositories/protein-embedding-classifier/wandb/offline-run-20260306_095530-asspwlcy
wandb: 
wandb: Run history:
wandb:  test_accuracy ▁
wandb:        test_f1 ▁
wandb:        test_fn ▁
wandb:        test_fp ▁
wandb:    test_pr_auc ▁
wandb: test_precision ▁
wandb:    test_recall ▁
wandb:   test_roc_auc ▁
wandb:        test_tn ▁
wandb:        test_tp ▁
wandb: 
wandb: Run summary:
wandb:  test_accuracy 0.63093
wandb:        test_f1 0.61339
wandb:        test_fn 85
wandb:        test_fp 94
wandb:    test_pr_auc 0.63689
wandb: test_precision 0.60169
wandb:    test_recall 0.62555
wandb:   test_roc_auc 0.65247
wandb:        test_tn 164
wandb:        test_tp 142
wandb: 
wandb: You can sync this run to the cloud by running:
wandb: wandb sync /home/alexdoro/repositories/protein-embedding-classifier/wandb/offline-run-20260306_095530-asspwlcy
wandb: Find logs at: ./wandb/offline-run-20260306_095530-asspwlcy/logs
2026-03-06 09:55:31,029 - TrainingService - INFO - Normalization mode: none
2026-03-06 09:55:31,030 - TrainingService - INFO - Training model_type=SVM embedding=GeOKG train_shape=(2433, 3000) val_shape=(500, 3000)
2026-03-06 09:55:53,210 - TrainingService - INFO - Trained model_type=SVM embedding=GeOKG f1_score=0.994012
wandb: Tracking run with wandb version 0.25.0
wandb: W&B syncing is set to `offline` in this directory. Run `wandb online` or set WANDB_MODE=online to enable cloud syncing.
wandb: Run data is saved locally in /home/alexdoro/repositories/protein-embedding-classifier/wandb/offline-run-20260306_095553-svjw3zxr
wandb: 
wandb: Run history:
wandb:  test_accuracy ▁
wandb:        test_f1 ▁
wandb:        test_fn ▁
wandb:        test_fp ▁
wandb:    test_pr_auc ▁
wandb: test_precision ▁
wandb:    test_recall ▁
wandb:   test_roc_auc ▁
wandb:        test_tn ▁
wandb:        test_tp ▁
wandb: 
wandb: Run summary:
wandb:  test_accuracy 0.61649
wandb:        test_f1 0.6157
wandb:        test_fn 78
wandb:        test_fp 108
wandb:    test_pr_auc 0.61562
wandb: test_precision 0.57977
wandb:    test_recall 0.65639
wandb:   test_roc_auc 0.63903
wandb:        test_tn 150
wandb:        test_tp 149
wandb: 
wandb: You can sync this run to the cloud by running:
wandb: wandb sync /home/alexdoro/repositories/protein-embedding-classifier/wandb/offline-run-20260306_095553-svjw3zxr
wandb: Find logs at: ./wandb/offline-run-20260306_095553-svjw3zxr/logs
2026-03-06 09:55:53,367 - TrainingService - INFO - Normalization mode: none
2026-03-06 09:55:53,368 - TrainingService - INFO - Training model_type=SVM embedding=Prost-T5 train_shape=(2433, 1024) val_shape=(500, 1024)
2026-03-06 09:55:56,910 - TrainingService - INFO - Trained model_type=SVM embedding=Prost-T5 f1_score=0.831683
wandb: Tracking run with wandb version 0.25.0
wandb: W&B syncing is set to `offline` in this directory. Run `wandb online` or set WANDB_MODE=online to enable cloud syncing.
wandb: Run data is saved locally in /home/alexdoro/repositories/protein-embedding-classifier/wandb/offline-run-20260306_095556-vy40ixaa
wandb: 
wandb: Run history:
wandb:  test_accuracy ▁
wandb:        test_f1 ▁
wandb:        test_fn ▁
wandb:        test_fp ▁
wandb:    test_pr_auc ▁
wandb: test_precision ▁
wandb:    test_recall ▁
wandb:   test_roc_auc ▁
wandb:        test_tn ▁
wandb:        test_tp ▁
wandb: 
wandb: Run summary:
wandb:  test_accuracy 0.68041
wandb:        test_f1 0.65632
wandb:        test_fn 79
wandb:        test_fp 76
wandb:    test_pr_auc 0.70953
wandb: test_precision 0.66071
wandb:    test_recall 0.65198
wandb:   test_roc_auc 0.71597
wandb:        test_tn 182
wandb:        test_tp 148
wandb: 
wandb: You can sync this run to the cloud by running:
wandb: wandb sync /home/alexdoro/repositories/protein-embedding-classifier/wandb/offline-run-20260306_095556-vy40ixaa
wandb: Find logs at: ./wandb/offline-run-20260306_095556-vy40ixaa/logs
2026-03-06 09:55:57,045 - Pipeline - INFO - Starting classifier sweep model_type=RF config_path=config/model_sweep/sweep_config_rf.yaml
wandb: Tracking run with wandb version 0.25.0
wandb: W&B syncing is set to `offline` in this directory. Run `wandb online` or set WANDB_MODE=online to enable cloud syncing.
wandb: Run data is saved locally in /home/alexdoro/repositories/protein-embedding-classifier/wandb/offline-run-20260306_095557-kpeao99o
2026-03-06 09:55:57,216 - TrainingService - INFO - Normalization mode: none
2026-03-06 09:55:57,216 - TrainingService - INFO - Training model_type=RF embedding=Ankh3-Large train_shape=(1933, 1536) val_shape=(500, 1536)
2026-03-06 09:57:27,403 - TrainingService - INFO - Trained model_type=RF embedding=Ankh3-Large f1_score=0.543524
wandb: 
wandb: Run history:
wandb:  test_accuracy ▁
wandb:        test_f1 ▁
wandb:        test_fn ▁
wandb:        test_fp ▁
wandb:    test_pr_auc ▁
wandb: test_precision ▁
wandb:    test_recall ▁
wandb:   test_roc_auc ▁
wandb:        test_tn ▁
wandb:        test_tp ▁
wandb:            +11 ...
wandb: 
wandb: Run summary:
wandb: embedding_name Ankh3-Large
wandb:     model_type RF
wandb:  test_accuracy 0.69485
wandb:        test_f1 0.66364
wandb:        test_fn 81
wandb:        test_fp 67
wandb:    test_pr_auc 0.74241
wandb: test_precision 0.68545
wandb:    test_recall 0.64317
wandb:   test_roc_auc 0.77061
wandb:            +14 ...
wandb: 
wandb: You can sync this run to the cloud by running:
wandb: wandb sync /home/alexdoro/repositories/protein-embedding-classifier/wandb/offline-run-20260306_095557-kpeao99o
wandb: Find logs at: ./wandb/offline-run-20260306_095557-kpeao99o/logs
wandb: Tracking run with wandb version 0.25.0
wandb: W&B syncing is set to `offline` in this directory. Run `wandb online` or set WANDB_MODE=online to enable cloud syncing.
wandb: Run data is saved locally in /home/alexdoro/repositories/protein-embedding-classifier/wandb/offline-run-20260306_095727-730gblgk
2026-03-06 09:57:27,574 - TrainingService - INFO - Normalization mode: none
2026-03-06 09:57:27,575 - TrainingService - INFO - Training model_type=RF embedding=ESM3c train_shape=(1933, 1152) val_shape=(500, 1152)
2026-03-06 09:58:37,543 - TrainingService - INFO - Trained model_type=RF embedding=ESM3c f1_score=0.575342
wandb: 
wandb: Run history:
wandb:  test_accuracy ▁
wandb:        test_f1 ▁
wandb:        test_fn ▁
wandb:        test_fp ▁
wandb:    test_pr_auc ▁
wandb: test_precision ▁
wandb:    test_recall ▁
wandb:   test_roc_auc ▁
wandb:        test_tn ▁
wandb:        test_tp ▁
wandb:            +11 ...
wandb: 
wandb: Run summary:
wandb: embedding_name ESM3c
wandb:     model_type RF
wandb:  test_accuracy 0.69691
wandb:        test_f1 0.67834
wandb:        test_fn 72
wandb:        test_fp 75
wandb:    test_pr_auc 0.74632
wandb: test_precision 0.67391
wandb:    test_recall 0.68282
wandb:   test_roc_auc 0.7612
wandb:            +14 ...
wandb: 
wandb: You can sync this run to the cloud by running:
wandb: wandb sync /home/alexdoro/repositories/protein-embedding-classifier/wandb/offline-run-20260306_095727-730gblgk
wandb: Find logs at: ./wandb/offline-run-20260306_095727-730gblgk/logs
wandb: Tracking run with wandb version 0.25.0
wandb: W&B syncing is set to `offline` in this directory. Run `wandb online` or set WANDB_MODE=online to enable cloud syncing.
wandb: Run data is saved locally in /home/alexdoro/repositories/protein-embedding-classifier/wandb/offline-run-20260306_095837-7tnc24mu
2026-03-06 09:58:37,711 - TrainingService - INFO - Normalization mode: none
2026-03-06 09:58:37,712 - TrainingService - INFO - Training model_type=RF embedding=GeOKG train_shape=(1933, 3000) val_shape=(500, 3000)
2026-03-06 10:01:21,491 - TrainingService - INFO - Trained model_type=RF embedding=GeOKG f1_score=0.614786
wandb: 
wandb: Run history:
wandb:  test_accuracy ▁
wandb:        test_f1 ▁
wandb:        test_fn ▁
wandb:        test_fp ▁
wandb:    test_pr_auc ▁
wandb: test_precision ▁
wandb:    test_recall ▁
wandb:   test_roc_auc ▁
wandb:        test_tn ▁
wandb:        test_tp ▁
wandb:            +11 ...
wandb: 
wandb: Run summary:
wandb: embedding_name GeOKG
wandb:     model_type RF
wandb:  test_accuracy 0.76495
wandb:        test_f1 0.7489
wandb:        test_fn 57
wandb:        test_fp 57
wandb:    test_pr_auc 0.79121
wandb: test_precision 0.7489
wandb:    test_recall 0.7489
wandb:   test_roc_auc 0.81859
wandb:            +14 ...
wandb: 
wandb: You can sync this run to the cloud by running:
wandb: wandb sync /home/alexdoro/repositories/protein-embedding-classifier/wandb/offline-run-20260306_095837-7tnc24mu
wandb: Find logs at: ./wandb/offline-run-20260306_095837-7tnc24mu/logs
wandb: Tracking run with wandb version 0.25.0
wandb: W&B syncing is set to `offline` in this directory. Run `wandb online` or set WANDB_MODE=online to enable cloud syncing.
wandb: Run data is saved locally in /home/alexdoro/repositories/protein-embedding-classifier/wandb/offline-run-20260306_100121-18q5ytol
2026-03-06 10:01:21,658 - TrainingService - INFO - Normalization mode: none
2026-03-06 10:01:21,659 - TrainingService - INFO - Training model_type=RF embedding=Prost-T5 train_shape=(1933, 1024) val_shape=(500, 1024)
2026-03-06 10:02:26,002 - TrainingService - INFO - Trained model_type=RF embedding=Prost-T5 f1_score=0.532495
wandb: 
wandb: Run history:
wandb:  test_accuracy ▁
wandb:        test_f1 ▁
wandb:        test_fn ▁
wandb:        test_fp ▁
wandb:    test_pr_auc ▁
wandb: test_precision ▁
wandb:    test_recall ▁
wandb:   test_roc_auc ▁
wandb:        test_tn ▁
wandb:        test_tp ▁
wandb:            +11 ...
wandb: 
wandb: Run summary:
wandb: embedding_name Prost-T5
wandb:     model_type RF
wandb:  test_accuracy 0.73402
wandb:        test_f1 0.71141
wandb:        test_fn 68
wandb:        test_fp 61
wandb:    test_pr_auc 0.77169
wandb: test_precision 0.72273
wandb:    test_recall 0.70044
wandb:   test_roc_auc 0.79807
wandb:            +14 ...
wandb: 
wandb: You can sync this run to the cloud by running:
wandb: wandb sync /home/alexdoro/repositories/protein-embedding-classifier/wandb/offline-run-20260306_100121-18q5ytol
wandb: Find logs at: ./wandb/offline-run-20260306_100121-18q5ytol/logs
2026-03-06 10:02:26,006 - SweepService - INFO - Sweep completed model_type=RF best_embedding=GeOKG f1_score=0.614786
2026-03-06 10:02:26,006 - Pipeline - INFO - Finished classifier sweep model_type=RF best_embedding=GeOKG validation_f1=0.614786
2026-03-06 10:02:26,009 - TrainingService - INFO - Normalization mode: none
2026-03-06 10:02:26,010 - TrainingService - INFO - Training model_type=RF embedding=Ankh3-Large train_shape=(2433, 1536) val_shape=(500, 1536)
2026-03-06 10:04:32,811 - TrainingService - INFO - Trained model_type=RF embedding=Ankh3-Large f1_score=0.997996
wandb: Tracking run with wandb version 0.25.0
wandb: W&B syncing is set to `offline` in this directory. Run `wandb online` or set WANDB_MODE=online to enable cloud syncing.
wandb: Run data is saved locally in /home/alexdoro/repositories/protein-embedding-classifier/wandb/offline-run-20260306_100432-vtzzxpne
wandb: 
wandb: Run history:
wandb:  test_accuracy ▁
wandb:        test_f1 ▁
wandb:        test_fn ▁
wandb:        test_fp ▁
wandb:    test_pr_auc ▁
wandb: test_precision ▁
wandb:    test_recall ▁
wandb:   test_roc_auc ▁
wandb:        test_tn ▁
wandb:        test_tp ▁
wandb: 
wandb: Run summary:
wandb:  test_accuracy 0.73196
wandb:        test_f1 0.70982
wandb:        test_fn 68
wandb:        test_fp 62
wandb:    test_pr_auc 0.76802
wandb: test_precision 0.71946
wandb:    test_recall 0.70044
wandb:   test_roc_auc 0.78365
wandb:        test_tn 196
wandb:        test_tp 159
wandb: 
wandb: You can sync this run to the cloud by running:
wandb: wandb sync /home/alexdoro/repositories/protein-embedding-classifier/wandb/offline-run-20260306_100432-vtzzxpne
wandb: Find logs at: ./wandb/offline-run-20260306_100432-vtzzxpne/logs
2026-03-06 10:04:32,948 - TrainingService - INFO - Normalization mode: none
2026-03-06 10:04:32,949 - TrainingService - INFO - Training model_type=RF embedding=ESM3c train_shape=(2433, 1152) val_shape=(500, 1152)
2026-03-06 10:06:10,482 - TrainingService - INFO - Trained model_type=RF embedding=ESM3c f1_score=1.000000
wandb: Tracking run with wandb version 0.25.0
wandb: W&B syncing is set to `offline` in this directory. Run `wandb online` or set WANDB_MODE=online to enable cloud syncing.
wandb: Run data is saved locally in /home/alexdoro/repositories/protein-embedding-classifier/wandb/offline-run-20260306_100610-zfgs3qon
wandb: 
wandb: Run history:
wandb:  test_accuracy ▁
wandb:        test_f1 ▁
wandb:        test_fn ▁
wandb:        test_fp ▁
wandb:    test_pr_auc ▁
wandb: test_precision ▁
wandb:    test_recall ▁
wandb:   test_roc_auc ▁
wandb:        test_tn ▁
wandb:        test_tp ▁
wandb: 
wandb: Run summary:
wandb:  test_accuracy 0.6701
wandb:        test_f1 0.65517
wandb:        test_fn 75
wandb:        test_fp 85
wandb:    test_pr_auc 0.7312
wandb: test_precision 0.64135
wandb:    test_recall 0.6696
wandb:   test_roc_auc 0.74978
wandb:        test_tn 173
wandb:        test_tp 152
wandb: 
wandb: You can sync this run to the cloud by running:
wandb: wandb sync /home/alexdoro/repositories/protein-embedding-classifier/wandb/offline-run-20260306_100610-zfgs3qon
wandb: Find logs at: ./wandb/offline-run-20260306_100610-zfgs3qon/logs
2026-03-06 10:06:10,620 - TrainingService - INFO - Normalization mode: none
2026-03-06 10:06:10,621 - TrainingService - INFO - Training model_type=RF embedding=GeOKG train_shape=(2433, 3000) val_shape=(500, 3000)
2026-03-06 10:10:02,807 - TrainingService - INFO - Trained model_type=RF embedding=GeOKG f1_score=0.994036
wandb: Tracking run with wandb version 0.25.0
wandb: W&B syncing is set to `offline` in this directory. Run `wandb online` or set WANDB_MODE=online to enable cloud syncing.
wandb: Run data is saved locally in /home/alexdoro/repositories/protein-embedding-classifier/wandb/offline-run-20260306_101002-d2bdmuns
wandb: 
wandb: Run history:
wandb:  test_accuracy ▁
wandb:        test_f1 ▁
wandb:        test_fn ▁
wandb:        test_fp ▁
wandb:    test_pr_auc ▁
wandb: test_precision ▁
wandb:    test_recall ▁
wandb:   test_roc_auc ▁
wandb:        test_tn ▁
wandb:        test_tp ▁
wandb: 
wandb: Run summary:
wandb:  test_accuracy 0.73814
wandb:        test_f1 0.71202
wandb:        test_fn 70
wandb:        test_fp 57
wandb:    test_pr_auc 0.79189
wandb: test_precision 0.73364
wandb:    test_recall 0.69163
wandb:   test_roc_auc 0.82018
wandb:        test_tn 201
wandb:        test_tp 157
wandb: 
wandb: You can sync this run to the cloud by running:
wandb: wandb sync /home/alexdoro/repositories/protein-embedding-classifier/wandb/offline-run-20260306_101002-d2bdmuns
wandb: Find logs at: ./wandb/offline-run-20260306_101002-d2bdmuns/logs
2026-03-06 10:10:02,942 - TrainingService - INFO - Normalization mode: none
2026-03-06 10:10:02,942 - TrainingService - INFO - Training model_type=RF embedding=Prost-T5 train_shape=(2433, 1024) val_shape=(500, 1024)
2026-03-06 10:11:31,239 - TrainingService - INFO - Trained model_type=RF embedding=Prost-T5 f1_score=0.991935
wandb: Tracking run with wandb version 0.25.0
wandb: W&B syncing is set to `offline` in this directory. Run `wandb online` or set WANDB_MODE=online to enable cloud syncing.
wandb: Run data is saved locally in /home/alexdoro/repositories/protein-embedding-classifier/wandb/offline-run-20260306_101131-bieaveay
wandb: 
wandb: Run history:
wandb:  test_accuracy ▁
wandb:        test_f1 ▁
wandb:        test_fn ▁
wandb:        test_fp ▁
wandb:    test_pr_auc ▁
wandb: test_precision ▁
wandb:    test_recall ▁
wandb:   test_roc_auc ▁
wandb:        test_tn ▁
wandb:        test_tp ▁
wandb: 
wandb: Run summary:
wandb:  test_accuracy 0.71546
wandb:        test_f1 0.68919
wandb:        test_fn 74
wandb:        test_fp 64
wandb:    test_pr_auc 0.77585
wandb: test_precision 0.70507
wandb:    test_recall 0.67401
wandb:   test_roc_auc 0.79012
wandb:        test_tn 194
wandb:        test_tp 153
wandb: 
wandb: You can sync this run to the cloud by running:
wandb: wandb sync /home/alexdoro/repositories/protein-embedding-classifier/wandb/offline-run-20260306_101131-bieaveay
wandb: Find logs at: ./wandb/offline-run-20260306_101131-bieaveay/logs
2026-03-06 10:11:31,375 - Pipeline - INFO - Starting classifier sweep model_type=KNN-2 config_path=config/model_sweep/sweep_config_knn.yaml
wandb: Tracking run with wandb version 0.25.0
wandb: W&B syncing is set to `offline` in this directory. Run `wandb online` or set WANDB_MODE=online to enable cloud syncing.
wandb: Run data is saved locally in /home/alexdoro/repositories/protein-embedding-classifier/wandb/offline-run-20260306_101131-pa285h4c
2026-03-06 10:11:31,530 - TrainingService - INFO - Normalization mode: none
2026-03-06 10:11:31,531 - TrainingService - INFO - Training model_type=KNN-2 embedding=Ankh3-Large train_shape=(1933, 1536) val_shape=(500, 1536)
2026-03-06 10:11:31,783 - TrainingService - INFO - Trained model_type=KNN-2 embedding=Ankh3-Large f1_score=0.509978
wandb: 
wandb: Run history:
wandb:  test_accuracy ▁
wandb:        test_f1 ▁
wandb:        test_fn ▁
wandb:        test_fp ▁
wandb:    test_pr_auc ▁
wandb: test_precision ▁
wandb:    test_recall ▁
wandb:   test_roc_auc ▁
wandb:        test_tn ▁
wandb:        test_tp ▁
wandb:            +11 ...
wandb: 
wandb: Run summary:
wandb: embedding_name Ankh3-Large
wandb:     model_type KNN-2
wandb:  test_accuracy 0.69897
wandb:        test_f1 0.65403
wandb:        test_fn 89
wandb:        test_fp 57
wandb:    test_pr_auc 0.70552
wandb: test_precision 0.70769
wandb:    test_recall 0.60793
wandb:   test_roc_auc 0.74548
wandb:            +14 ...
wandb: 
wandb: You can sync this run to the cloud by running:
wandb: wandb sync /home/alexdoro/repositories/protein-embedding-classifier/wandb/offline-run-20260306_101131-pa285h4c
wandb: Find logs at: ./wandb/offline-run-20260306_101131-pa285h4c/logs
wandb: Tracking run with wandb version 0.25.0
wandb: W&B syncing is set to `offline` in this directory. Run `wandb online` or set WANDB_MODE=online to enable cloud syncing.
wandb: Run data is saved locally in /home/alexdoro/repositories/protein-embedding-classifier/wandb/offline-run-20260306_101131-my8e1dxz
2026-03-06 10:11:31,941 - TrainingService - INFO - Normalization mode: none
2026-03-06 10:11:31,941 - TrainingService - INFO - Training model_type=KNN-2 embedding=ESM3c train_shape=(1933, 1152) val_shape=(500, 1152)
2026-03-06 10:11:32,120 - TrainingService - INFO - Trained model_type=KNN-2 embedding=ESM3c f1_score=0.434343
wandb: 
wandb: Run history:
wandb:  test_accuracy ▁
wandb:        test_f1 ▁
wandb:        test_fn ▁
wandb:        test_fp ▁
wandb:    test_pr_auc ▁
wandb: test_precision ▁
wandb:    test_recall ▁
wandb:   test_roc_auc ▁
wandb:        test_tn ▁
wandb:        test_tp ▁
wandb:            +11 ...
wandb: 
wandb: Run summary:
wandb: embedding_name ESM3c
wandb:     model_type KNN-2
wandb:  test_accuracy 0.63299
wandb:        test_f1 0.56585
wandb:        test_fn 111
wandb:        test_fp 67
wandb:    test_pr_auc 0.64106
wandb: test_precision 0.63388
wandb:    test_recall 0.51101
wandb:   test_roc_auc 0.68225
wandb:            +14 ...
wandb: 
wandb: You can sync this run to the cloud by running:
wandb: wandb sync /home/alexdoro/repositories/protein-embedding-classifier/wandb/offline-run-20260306_101131-my8e1dxz
wandb: Find logs at: ./wandb/offline-run-20260306_101131-my8e1dxz/logs
wandb: Tracking run with wandb version 0.25.0
wandb: W&B syncing is set to `offline` in this directory. Run `wandb online` or set WANDB_MODE=online to enable cloud syncing.
wandb: Run data is saved locally in /home/alexdoro/repositories/protein-embedding-classifier/wandb/offline-run-20260306_101132-ot8qhxdf
2026-03-06 10:11:32,282 - TrainingService - INFO - Normalization mode: none
2026-03-06 10:11:32,283 - TrainingService - INFO - Training model_type=KNN-2 embedding=GeOKG train_shape=(1933, 3000) val_shape=(500, 3000)
2026-03-06 10:11:32,725 - TrainingService - INFO - Trained model_type=KNN-2 embedding=GeOKG f1_score=0.567627
wandb: 
wandb: Run history:
wandb:  test_accuracy ▁
wandb:        test_f1 ▁
wandb:        test_fn ▁
wandb:        test_fp ▁
wandb:    test_pr_auc ▁
wandb: test_precision ▁
wandb:    test_recall ▁
wandb:   test_roc_auc ▁
wandb:        test_tn ▁
wandb:        test_tp ▁
wandb:            +11 ...
wandb: 
wandb: Run summary:
wandb: embedding_name GeOKG
wandb:     model_type KNN-2
wandb:  test_accuracy 0.70928
wandb:        test_f1 0.63753
wandb:        test_fn 103
wandb:        test_fp 38
wandb:    test_pr_auc 0.73779
wandb: test_precision 0.76543
wandb:    test_recall 0.54626
wandb:   test_roc_auc 0.77094
wandb:            +14 ...
wandb: 
wandb: You can sync this run to the cloud by running:
wandb: wandb sync /home/alexdoro/repositories/protein-embedding-classifier/wandb/offline-run-20260306_101132-ot8qhxdf
wandb: Find logs at: ./wandb/offline-run-20260306_101132-ot8qhxdf/logs
wandb: Tracking run with wandb version 0.25.0
wandb: W&B syncing is set to `offline` in this directory. Run `wandb online` or set WANDB_MODE=online to enable cloud syncing.
wandb: Run data is saved locally in /home/alexdoro/repositories/protein-embedding-classifier/wandb/offline-run-20260306_101132-glagpxxd
2026-03-06 10:11:32,891 - TrainingService - INFO - Normalization mode: none
2026-03-06 10:11:32,892 - TrainingService - INFO - Training model_type=KNN-2 embedding=Prost-T5 train_shape=(1933, 1024) val_shape=(500, 1024)
2026-03-06 10:11:33,050 - TrainingService - INFO - Trained model_type=KNN-2 embedding=Prost-T5 f1_score=0.458797
wandb: 
wandb: Run history:
wandb:  test_accuracy ▁
wandb:        test_f1 ▁
wandb:        test_fn ▁
wandb:        test_fp ▁
wandb:    test_pr_auc ▁
wandb: test_precision ▁
wandb:    test_recall ▁
wandb:   test_roc_auc ▁
wandb:        test_tn ▁
wandb:        test_tp ▁
wandb:            +11 ...
wandb: 
wandb: Run summary:
wandb: embedding_name Prost-T5
wandb:     model_type KNN-2
wandb:  test_accuracy 0.70103
wandb:        test_f1 0.66357
wandb:        test_fn 84
wandb:        test_fp 61
wandb:    test_pr_auc 0.69734
wandb: test_precision 0.70098
wandb:    test_recall 0.62996
wandb:   test_roc_auc 0.74623
wandb:            +14 ...
wandb: 
wandb: You can sync this run to the cloud by running:
wandb: wandb sync /home/alexdoro/repositories/protein-embedding-classifier/wandb/offline-run-20260306_101132-glagpxxd
wandb: Find logs at: ./wandb/offline-run-20260306_101132-glagpxxd/logs
2026-03-06 10:11:33,053 - SweepService - INFO - Sweep completed model_type=KNN-2 best_embedding=GeOKG f1_score=0.567627
2026-03-06 10:11:33,053 - Pipeline - INFO - Finished classifier sweep model_type=KNN-2 best_embedding=GeOKG validation_f1=0.567627
2026-03-06 10:11:33,055 - TrainingService - INFO - Normalization mode: none
2026-03-06 10:11:33,055 - TrainingService - INFO - Training model_type=KNN-2 embedding=Ankh3-Large train_shape=(2433, 1536) val_shape=(500, 1536)
2026-03-06 10:11:33,289 - TrainingService - INFO - Trained model_type=KNN-2 embedding=Ankh3-Large f1_score=1.000000
wandb: Tracking run with wandb version 0.25.0
wandb: W&B syncing is set to `offline` in this directory. Run `wandb online` or set WANDB_MODE=online to enable cloud syncing.
wandb: Run data is saved locally in /home/alexdoro/repositories/protein-embedding-classifier/wandb/offline-run-20260306_101133-ryhjerh4
wandb: 
wandb: Run history:
wandb:  test_accuracy ▁
wandb:        test_f1 ▁
wandb:        test_fn ▁
wandb:        test_fp ▁
wandb:    test_pr_auc ▁
wandb: test_precision ▁
wandb:    test_recall ▁
wandb:   test_roc_auc ▁
wandb:        test_tn ▁
wandb:        test_tp ▁
wandb: 
wandb: Run summary:
wandb:  test_accuracy 0.69897
wandb:        test_f1 0.64904
wandb:        test_fn 92
wandb:        test_fp 54
wandb:    test_pr_auc 0.70949
wandb: test_precision 0.71429
wandb:    test_recall 0.59471
wandb:   test_roc_auc 0.75106
wandb:        test_tn 204
wandb:        test_tp 135
wandb: 
wandb: You can sync this run to the cloud by running:
wandb: wandb sync /home/alexdoro/repositories/protein-embedding-classifier/wandb/offline-run-20260306_101133-ryhjerh4
wandb: Find logs at: ./wandb/offline-run-20260306_101133-ryhjerh4/logs
2026-03-06 10:11:33,428 - TrainingService - INFO - Normalization mode: none
2026-03-06 10:11:33,428 - TrainingService - INFO - Training model_type=KNN-2 embedding=ESM3c train_shape=(2433, 1152) val_shape=(500, 1152)
2026-03-06 10:11:33,605 - TrainingService - INFO - Trained model_type=KNN-2 embedding=ESM3c f1_score=1.000000
wandb: Tracking run with wandb version 0.25.0
wandb: W&B syncing is set to `offline` in this directory. Run `wandb online` or set WANDB_MODE=online to enable cloud syncing.
wandb: Run data is saved locally in /home/alexdoro/repositories/protein-embedding-classifier/wandb/offline-run-20260306_101133-x8gkxsb7
wandb: 
wandb: Run history:
wandb:  test_accuracy ▁
wandb:        test_f1 ▁
wandb:        test_fn ▁
wandb:        test_fp ▁
wandb:    test_pr_auc ▁
wandb: test_precision ▁
wandb:    test_recall ▁
wandb:   test_roc_auc ▁
wandb:        test_tn ▁
wandb:        test_tp ▁
wandb: 
wandb: Run summary:
wandb:  test_accuracy 0.63711
wandb:        test_f1 0.56863
wandb:        test_fn 111
wandb:        test_fp 65
wandb:    test_pr_auc 0.64079
wandb: test_precision 0.64088
wandb:    test_recall 0.51101
wandb:   test_roc_auc 0.67882
wandb:        test_tn 193
wandb:        test_tp 116
wandb: 
wandb: You can sync this run to the cloud by running:
wandb: wandb sync /home/alexdoro/repositories/protein-embedding-classifier/wandb/offline-run-20260306_101133-x8gkxsb7
wandb: Find logs at: ./wandb/offline-run-20260306_101133-x8gkxsb7/logs
2026-03-06 10:11:33,744 - TrainingService - INFO - Normalization mode: none
2026-03-06 10:11:33,745 - TrainingService - INFO - Training model_type=KNN-2 embedding=GeOKG train_shape=(2433, 3000) val_shape=(500, 3000)
2026-03-06 10:11:34,188 - TrainingService - INFO - Trained model_type=KNN-2 embedding=GeOKG f1_score=0.994036
wandb: Tracking run with wandb version 0.25.0
wandb: W&B syncing is set to `offline` in this directory. Run `wandb online` or set WANDB_MODE=online to enable cloud syncing.
wandb: Run data is saved locally in /home/alexdoro/repositories/protein-embedding-classifier/wandb/offline-run-20260306_101134-dui901wf
wandb: 
wandb: Run history:
wandb:  test_accuracy ▁
wandb:        test_f1 ▁
wandb:        test_fn ▁
wandb:        test_fp ▁
wandb:    test_pr_auc ▁
wandb: test_precision ▁
wandb:    test_recall ▁
wandb:   test_roc_auc ▁
wandb:        test_tn ▁
wandb:        test_tp ▁
wandb: 
wandb: Run summary:
wandb:  test_accuracy 0.69897
wandb:        test_f1 0.61579
wandb:        test_fn 110
wandb:        test_fp 36
wandb:    test_pr_auc 0.74625
wandb: test_precision 0.76471
wandb:    test_recall 0.51542
wandb:   test_roc_auc 0.77246
wandb:        test_tn 222
wandb:        test_tp 117
wandb: 
wandb: You can sync this run to the cloud by running:
wandb: wandb sync /home/alexdoro/repositories/protein-embedding-classifier/wandb/offline-run-20260306_101134-dui901wf
wandb: Find logs at: ./wandb/offline-run-20260306_101134-dui901wf/logs
2026-03-06 10:11:34,336 - TrainingService - INFO - Normalization mode: none
2026-03-06 10:11:34,337 - TrainingService - INFO - Training model_type=KNN-2 embedding=Prost-T5 train_shape=(2433, 1024) val_shape=(500, 1024)
2026-03-06 10:11:34,500 - TrainingService - INFO - Trained model_type=KNN-2 embedding=Prost-T5 f1_score=1.000000
wandb: Tracking run with wandb version 0.25.0
wandb: W&B syncing is set to `offline` in this directory. Run `wandb online` or set WANDB_MODE=online to enable cloud syncing.
wandb: Run data is saved locally in /home/alexdoro/repositories/protein-embedding-classifier/wandb/offline-run-20260306_101134-2jdti3gs
wandb: 
wandb: Run history:
wandb:  test_accuracy ▁
wandb:        test_f1 ▁
wandb:        test_fn ▁
wandb:        test_fp ▁
wandb:    test_pr_auc ▁
wandb: test_precision ▁
wandb:    test_recall ▁
wandb:   test_roc_auc ▁
wandb:        test_tn ▁
wandb:        test_tp ▁
wandb: 
wandb: Run summary:
wandb:  test_accuracy 0.7134
wandb:        test_f1 0.68192
wandb:        test_fn 78
wandb:        test_fp 61
wandb:    test_pr_auc 0.70027
wandb: test_precision 0.70952
wandb:    test_recall 0.65639
wandb:   test_roc_auc 0.75088
wandb:        test_tn 197
wandb:        test_tp 149
wandb: 
wandb: You can sync this run to the cloud by running:
wandb: wandb sync /home/alexdoro/repositories/protein-embedding-classifier/wandb/offline-run-20260306_101134-2jdti3gs
wandb: Find logs at: ./wandb/offline-run-20260306_101134-2jdti3gs/logs
2026-03-06 10:11:34,632 - Pipeline - INFO - Starting classifier sweep model_type=XGB config_path=config/model_sweep/sweep_config_xgb.yaml
wandb: Tracking run with wandb version 0.25.0
wandb: W&B syncing is set to `offline` in this directory. Run `wandb online` or set WANDB_MODE=online to enable cloud syncing.
wandb: Run data is saved locally in /home/alexdoro/repositories/protein-embedding-classifier/wandb/offline-run-20260306_101134-lq94x7dk
2026-03-06 10:11:34,789 - TrainingService - INFO - Normalization mode: none
2026-03-06 10:11:34,790 - TrainingService - INFO - Training model_type=XGB embedding=Ankh3-Large train_shape=(1933, 1536) val_shape=(500, 1536)
2026-03-06 10:11:37,766 - TrainingService - INFO - Trained model_type=XGB embedding=Ankh3-Large f1_score=0.555324
wandb: 
wandb: Run history:
wandb:  test_accuracy ▁
wandb:        test_f1 ▁
wandb:        test_fn ▁
wandb:        test_fp ▁
wandb:    test_pr_auc ▁
wandb: test_precision ▁
wandb:    test_recall ▁
wandb:   test_roc_auc ▁
wandb:        test_tn ▁
wandb:        test_tp ▁
wandb:            +11 ...
wandb: 
wandb: Run summary:
wandb: embedding_name Ankh3-Large
wandb:     model_type XGB
wandb:  test_accuracy 0.72371
wandb:        test_f1 0.69545
wandb:        test_fn 74
wandb:        test_fp 60
wandb:    test_pr_auc 0.73714
wandb: test_precision 0.71831
wandb:    test_recall 0.67401
wandb:   test_roc_auc 0.77124
wandb:            +14 ...
wandb: 
wandb: You can sync this run to the cloud by running:
wandb: wandb sync /home/alexdoro/repositories/protein-embedding-classifier/wandb/offline-run-20260306_101134-lq94x7dk
wandb: Find logs at: ./wandb/offline-run-20260306_101134-lq94x7dk/logs
wandb: Tracking run with wandb version 0.25.0
wandb: W&B syncing is set to `offline` in this directory. Run `wandb online` or set WANDB_MODE=online to enable cloud syncing.
wandb: Run data is saved locally in /home/alexdoro/repositories/protein-embedding-classifier/wandb/offline-run-20260306_101137-1qpc8xw2
2026-03-06 10:11:37,931 - TrainingService - INFO - Normalization mode: none
2026-03-06 10:11:37,932 - TrainingService - INFO - Training model_type=XGB embedding=ESM3c train_shape=(1933, 1152) val_shape=(500, 1152)
2026-03-06 10:11:39,964 - TrainingService - INFO - Trained model_type=XGB embedding=ESM3c f1_score=0.560000
wandb: 
wandb: Run history:
wandb:  test_accuracy ▁
wandb:        test_f1 ▁
wandb:        test_fn ▁
wandb:        test_fp ▁
wandb:    test_pr_auc ▁
wandb: test_precision ▁
wandb:    test_recall ▁
wandb:   test_roc_auc ▁
wandb:        test_tn ▁
wandb:        test_tp ▁
wandb:            +11 ...
wandb: 
wandb: Run summary:
wandb: embedding_name ESM3c
wandb:     model_type XGB
wandb:  test_accuracy 0.69278
wandb:        test_f1 0.66667
wandb:        test_fn 78
wandb:        test_fp 71
wandb:    test_pr_auc 0.73054
wandb: test_precision 0.67727
wandb:    test_recall 0.65639
wandb:   test_roc_auc 0.76839
wandb:            +14 ...
wandb: 
wandb: You can sync this run to the cloud by running:
wandb: wandb sync /home/alexdoro/repositories/protein-embedding-classifier/wandb/offline-run-20260306_101137-1qpc8xw2
wandb: Find logs at: ./wandb/offline-run-20260306_101137-1qpc8xw2/logs
wandb: Tracking run with wandb version 0.25.0
wandb: W&B syncing is set to `offline` in this directory. Run `wandb online` or set WANDB_MODE=online to enable cloud syncing.
wandb: Run data is saved locally in /home/alexdoro/repositories/protein-embedding-classifier/wandb/offline-run-20260306_101139-2nj0yzrb
2026-03-06 10:11:40,142 - TrainingService - INFO - Normalization mode: none
2026-03-06 10:11:40,144 - TrainingService - INFO - Training model_type=XGB embedding=GeOKG train_shape=(1933, 3000) val_shape=(500, 3000)
2026-03-06 10:11:47,456 - TrainingService - INFO - Trained model_type=XGB embedding=GeOKG f1_score=0.586614
wandb: 
wandb: Run history:
wandb:  test_accuracy ▁
wandb:        test_f1 ▁
wandb:        test_fn ▁
wandb:        test_fp ▁
wandb:    test_pr_auc ▁
wandb: test_precision ▁
wandb:    test_recall ▁
wandb:   test_roc_auc ▁
wandb:        test_tn ▁
wandb:        test_tp ▁
wandb:            +11 ...
wandb: 
wandb: Run summary:
wandb: embedding_name GeOKG
wandb:     model_type XGB
wandb:  test_accuracy 0.74433
wandb:        test_f1 0.71946
wandb:        test_fn 68
wandb:        test_fp 56
wandb:    test_pr_auc 0.801
wandb: test_precision 0.73953
wandb:    test_recall 0.70044
wandb:   test_roc_auc 0.81343
wandb:            +14 ...
wandb: 
wandb: You can sync this run to the cloud by running:
wandb: wandb sync /home/alexdoro/repositories/protein-embedding-classifier/wandb/offline-run-20260306_101139-2nj0yzrb
wandb: Find logs at: ./wandb/offline-run-20260306_101139-2nj0yzrb/logs
wandb: Tracking run with wandb version 0.25.0
wandb: W&B syncing is set to `offline` in this directory. Run `wandb online` or set WANDB_MODE=online to enable cloud syncing.
wandb: Run data is saved locally in /home/alexdoro/repositories/protein-embedding-classifier/wandb/offline-run-20260306_101147-xd5vy9q9
2026-03-06 10:11:47,628 - TrainingService - INFO - Normalization mode: none
2026-03-06 10:11:47,629 - TrainingService - INFO - Training model_type=XGB embedding=Prost-T5 train_shape=(1933, 1024) val_shape=(500, 1024)
2026-03-06 10:11:49,489 - TrainingService - INFO - Trained model_type=XGB embedding=Prost-T5 f1_score=0.569072
wandb: 
wandb: Run history:
wandb:  test_accuracy ▁
wandb:        test_f1 ▁
wandb:        test_fn ▁
wandb:        test_fp ▁
wandb:    test_pr_auc ▁
wandb: test_precision ▁
wandb:    test_recall ▁
wandb:   test_roc_auc ▁
wandb:        test_tn ▁
wandb:        test_tp ▁
wandb:            +11 ...
wandb: 
wandb: Run summary:
wandb: embedding_name Prost-T5
wandb:     model_type XGB
wandb:  test_accuracy 0.71753
wandb:        test_f1 0.68934
wandb:        test_fn 75
wandb:        test_fp 62
wandb:    test_pr_auc 0.73089
wandb: test_precision 0.71028
wandb:    test_recall 0.6696
wandb:   test_roc_auc 0.77436
wandb:            +14 ...
wandb: 
wandb: You can sync this run to the cloud by running:
wandb: wandb sync /home/alexdoro/repositories/protein-embedding-classifier/wandb/offline-run-20260306_101147-xd5vy9q9
wandb: Find logs at: ./wandb/offline-run-20260306_101147-xd5vy9q9/logs
2026-03-06 10:11:49,494 - SweepService - INFO - Sweep completed model_type=XGB best_embedding=GeOKG f1_score=0.586614
2026-03-06 10:11:49,494 - Pipeline - INFO - Finished classifier sweep model_type=XGB best_embedding=GeOKG validation_f1=0.586614
2026-03-06 10:11:49,496 - TrainingService - INFO - Normalization mode: none
2026-03-06 10:11:49,497 - TrainingService - INFO - Training model_type=XGB embedding=Ankh3-Large train_shape=(2433, 1536) val_shape=(500, 1536)
2026-03-06 10:11:52,638 - TrainingService - INFO - Trained model_type=XGB embedding=Ankh3-Large f1_score=1.000000
wandb: Tracking run with wandb version 0.25.0
wandb: W&B syncing is set to `offline` in this directory. Run `wandb online` or set WANDB_MODE=online to enable cloud syncing.
wandb: Run data is saved locally in /home/alexdoro/repositories/protein-embedding-classifier/wandb/offline-run-20260306_101152-ergmmfpf
wandb: 
wandb: Run history:
wandb:  test_accuracy ▁
wandb:        test_f1 ▁
wandb:        test_fn ▁
wandb:        test_fp ▁
wandb:    test_pr_auc ▁
wandb: test_precision ▁
wandb:    test_recall ▁
wandb:   test_roc_auc ▁
wandb:        test_tn ▁
wandb:        test_tp ▁
wandb: 
wandb: Run summary:
wandb:  test_accuracy 0.70103
wandb:        test_f1 0.6712
wandb:        test_fn 79
wandb:        test_fp 66
wandb:    test_pr_auc 0.74108
wandb: test_precision 0.69159
wandb:    test_recall 0.65198
wandb:   test_roc_auc 0.76101
wandb:        test_tn 192
wandb:        test_tp 148
wandb: 
wandb: You can sync this run to the cloud by running:
wandb: wandb sync /home/alexdoro/repositories/protein-embedding-classifier/wandb/offline-run-20260306_101152-ergmmfpf
wandb: Find logs at: ./wandb/offline-run-20260306_101152-ergmmfpf/logs
2026-03-06 10:11:52,774 - TrainingService - INFO - Normalization mode: none
2026-03-06 10:11:52,775 - TrainingService - INFO - Training model_type=XGB embedding=ESM3c train_shape=(2433, 1152) val_shape=(500, 1152)
2026-03-06 10:11:55,094 - TrainingService - INFO - Trained model_type=XGB embedding=ESM3c f1_score=1.000000
wandb: Tracking run with wandb version 0.25.0
wandb: W&B syncing is set to `offline` in this directory. Run `wandb online` or set WANDB_MODE=online to enable cloud syncing.
wandb: Run data is saved locally in /home/alexdoro/repositories/protein-embedding-classifier/wandb/offline-run-20260306_101155-yx8ufnum
wandb: 
wandb: Run history:
wandb:  test_accuracy ▁
wandb:        test_f1 ▁
wandb:        test_fn ▁
wandb:        test_fp ▁
wandb:    test_pr_auc ▁
wandb: test_precision ▁
wandb:    test_recall ▁
wandb:   test_roc_auc ▁
wandb:        test_tn ▁
wandb:        test_tp ▁
wandb: 
wandb: Run summary:
wandb:  test_accuracy 0.66598
wandb:        test_f1 0.63514
wandb:        test_fn 86
wandb:        test_fp 76
wandb:    test_pr_auc 0.72392
wandb: test_precision 0.64977
wandb:    test_recall 0.62115
wandb:   test_roc_auc 0.7366
wandb:        test_tn 182
wandb:        test_tp 141
wandb: 
wandb: You can sync this run to the cloud by running:
wandb: wandb sync /home/alexdoro/repositories/protein-embedding-classifier/wandb/offline-run-20260306_101155-yx8ufnum
wandb: Find logs at: ./wandb/offline-run-20260306_101155-yx8ufnum/logs
2026-03-06 10:11:55,233 - TrainingService - INFO - Normalization mode: none
2026-03-06 10:11:55,234 - TrainingService - INFO - Training model_type=XGB embedding=GeOKG train_shape=(2433, 3000) val_shape=(500, 3000)
2026-03-06 10:12:04,542 - TrainingService - INFO - Trained model_type=XGB embedding=GeOKG f1_score=0.994012
wandb: Tracking run with wandb version 0.25.0
wandb: W&B syncing is set to `offline` in this directory. Run `wandb online` or set WANDB_MODE=online to enable cloud syncing.
wandb: Run data is saved locally in /home/alexdoro/repositories/protein-embedding-classifier/wandb/offline-run-20260306_101204-ij0ggrj9
wandb: 
wandb: Run history:
wandb:  test_accuracy ▁
wandb:        test_f1 ▁
wandb:        test_fn ▁
wandb:        test_fp ▁
wandb:    test_pr_auc ▁
wandb: test_precision ▁
wandb:    test_recall ▁
wandb:   test_roc_auc ▁
wandb:        test_tn ▁
wandb:        test_tp ▁
wandb: 
wandb: Run summary:
wandb:  test_accuracy 0.74227
wandb:        test_f1 0.70998
wandb:        test_fn 74
wandb:        test_fp 51
wandb:    test_pr_auc 0.79448
wandb: test_precision 0.75
wandb:    test_recall 0.67401
wandb:   test_roc_auc 0.80271
wandb:        test_tn 207
wandb:        test_tp 153
wandb: 
wandb: You can sync this run to the cloud by running:
wandb: wandb sync /home/alexdoro/repositories/protein-embedding-classifier/wandb/offline-run-20260306_101204-ij0ggrj9
wandb: Find logs at: ./wandb/offline-run-20260306_101204-ij0ggrj9/logs
2026-03-06 10:12:04,680 - TrainingService - INFO - Normalization mode: none
2026-03-06 10:12:04,705 - TrainingService - INFO - Training model_type=XGB embedding=Prost-T5 train_shape=(2433, 1024) val_shape=(500, 1024)
2026-03-06 10:12:06,803 - TrainingService - INFO - Trained model_type=XGB embedding=Prost-T5 f1_score=1.000000
wandb: Tracking run with wandb version 0.25.0
wandb: W&B syncing is set to `offline` in this directory. Run `wandb online` or set WANDB_MODE=online to enable cloud syncing.
wandb: Run data is saved locally in /home/alexdoro/repositories/protein-embedding-classifier/wandb/offline-run-20260306_101206-dkld8b2d
wandb: 
wandb: Run history:
wandb:  test_accuracy ▁
wandb:        test_f1 ▁
wandb:        test_fn ▁
wandb:        test_fp ▁
wandb:    test_pr_auc ▁
wandb: test_precision ▁
wandb:    test_recall ▁
wandb:   test_roc_auc ▁
wandb:        test_tn ▁
wandb:        test_tp ▁
wandb: 
wandb: Run summary:
wandb:  test_accuracy 0.71134
wandb:        test_f1 0.68468
wandb:        test_fn 75
wandb:        test_fp 65
wandb:    test_pr_auc 0.77272
wandb: test_precision 0.70046
wandb:    test_recall 0.6696
wandb:   test_roc_auc 0.78371
wandb:        test_tn 193
wandb:        test_tp 152
wandb: 
wandb: You can sync this run to the cloud by running:
wandb: wandb sync /home/alexdoro/repositories/protein-embedding-classifier/wandb/offline-run-20260306_101206-dkld8b2d
wandb: Find logs at: ./wandb/offline-run-20260306_101206-dkld8b2d/logs
2026-03-06 10:12:06,936 - Pipeline - INFO - Starting classifier sweep model_type=MLP config_path=config/model_sweep/sweep_config_mlp.yaml
wandb: Tracking run with wandb version 0.25.0
wandb: W&B syncing is set to `offline` in this directory. Run `wandb online` or set WANDB_MODE=online to enable cloud syncing.
wandb: Run data is saved locally in /home/alexdoro/repositories/protein-embedding-classifier/wandb/offline-run-20260306_101206-7x8iyw27
2026-03-06 10:12:07,107 - TrainingService - INFO - Normalization mode: none
2026-03-06 10:12:07,108 - TrainingService - INFO - Training model_type=MLP embedding=Ankh3-Large train_shape=(1933, 1536) val_shape=(500, 1536)
2026-03-06 10:12:08,487 - TorchTrainingWrapper - INFO - epoch=1 train_loss=0.647712 val_loss=0.690165
2026-03-06 10:12:08,519 - TorchTrainingWrapper - INFO - epoch=2 train_loss=0.601124 val_loss=0.706158
2026-03-06 10:12:08,549 - TorchTrainingWrapper - INFO - epoch=3 train_loss=0.569133 val_loss=0.732863
2026-03-06 10:12:08,580 - TorchTrainingWrapper - INFO - epoch=4 train_loss=0.543789 val_loss=0.722199
2026-03-06 10:12:08,611 - TorchTrainingWrapper - INFO - epoch=5 train_loss=0.537017 val_loss=0.738984
2026-03-06 10:12:08,641 - TorchTrainingWrapper - INFO - epoch=6 train_loss=0.531227 val_loss=0.759154
2026-03-06 10:12:08,672 - TorchTrainingWrapper - INFO - epoch=7 train_loss=0.511701 val_loss=0.735503
2026-03-06 10:12:08,703 - TorchTrainingWrapper - INFO - epoch=8 train_loss=0.505453 val_loss=0.745353
2026-03-06 10:12:08,733 - TorchTrainingWrapper - INFO - epoch=9 train_loss=0.512642 val_loss=0.728734
2026-03-06 10:12:08,763 - TorchTrainingWrapper - INFO - epoch=10 train_loss=0.511225 val_loss=0.756732
2026-03-06 10:12:08,794 - TorchTrainingWrapper - INFO - epoch=11 train_loss=0.496075 val_loss=0.755510
2026-03-06 10:12:08,794 - TorchTrainingWrapper - INFO - Early stopping triggered at epoch=11
2026-03-06 10:12:08,805 - TrainingService - INFO - Trained model_type=MLP embedding=Ankh3-Large f1_score=0.130909
wandb: 
wandb: Run history:
wandb:  test_accuracy ▁
wandb:        test_f1 ▁
wandb:        test_fn ▁
wandb:        test_fp ▁
wandb:    test_pr_auc ▁
wandb: test_precision ▁
wandb:    test_recall ▁
wandb:   test_roc_auc ▁
wandb:        test_tn ▁
wandb:        test_tp ▁
wandb:            +11 ...
wandb: 
wandb: Run summary:
wandb: embedding_name Ankh3-Large
wandb:     model_type MLP
wandb:  test_accuracy 0.57113
wandb:        test_f1 0.1811
wandb:        test_fn 204
wandb:        test_fp 4
wandb:    test_pr_auc 0.69286
wandb: test_precision 0.85185
wandb:    test_recall 0.10132
wandb:   test_roc_auc 0.73914
wandb:            +14 ...
wandb: 
wandb: You can sync this run to the cloud by running:
wandb: wandb sync /home/alexdoro/repositories/protein-embedding-classifier/wandb/offline-run-20260306_101206-7x8iyw27
wandb: Find logs at: ./wandb/offline-run-20260306_101206-7x8iyw27/logs
wandb: Tracking run with wandb version 0.25.0
wandb: W&B syncing is set to `offline` in this directory. Run `wandb online` or set WANDB_MODE=online to enable cloud syncing.
wandb: Run data is saved locally in /home/alexdoro/repositories/protein-embedding-classifier/wandb/offline-run-20260306_101208-gkefw6cl
2026-03-06 10:12:08,977 - TrainingService - INFO - Normalization mode: none
2026-03-06 10:12:08,977 - TrainingService - INFO - Training model_type=MLP embedding=ESM3c train_shape=(1933, 1152) val_shape=(500, 1152)
2026-03-06 10:12:09,012 - TorchTrainingWrapper - INFO - epoch=1 train_loss=0.657628 val_loss=0.718210
2026-03-06 10:12:09,043 - TorchTrainingWrapper - INFO - epoch=2 train_loss=0.610943 val_loss=0.695457
2026-03-06 10:12:09,073 - TorchTrainingWrapper - INFO - epoch=3 train_loss=0.602444 val_loss=0.699997
2026-03-06 10:12:09,103 - TorchTrainingWrapper - INFO - epoch=4 train_loss=0.585930 val_loss=0.710928
2026-03-06 10:12:09,134 - TorchTrainingWrapper - INFO - epoch=5 train_loss=0.573331 val_loss=0.722126
2026-03-06 10:12:09,164 - TorchTrainingWrapper - INFO - epoch=6 train_loss=0.577422 val_loss=0.715399
2026-03-06 10:12:09,194 - TorchTrainingWrapper - INFO - epoch=7 train_loss=0.557333 val_loss=0.732729
2026-03-06 10:12:09,224 - TorchTrainingWrapper - INFO - epoch=8 train_loss=0.559419 val_loss=0.733939
2026-03-06 10:12:09,254 - TorchTrainingWrapper - INFO - epoch=9 train_loss=0.549740 val_loss=0.737660
2026-03-06 10:12:09,284 - TorchTrainingWrapper - INFO - epoch=10 train_loss=0.541846 val_loss=0.721988
2026-03-06 10:12:09,315 - TorchTrainingWrapper - INFO - epoch=11 train_loss=0.530022 val_loss=0.732669
2026-03-06 10:12:09,345 - TorchTrainingWrapper - INFO - epoch=12 train_loss=0.525726 val_loss=0.738092
2026-03-06 10:12:09,345 - TorchTrainingWrapper - INFO - Early stopping triggered at epoch=12
2026-03-06 10:12:09,355 - TrainingService - INFO - Trained model_type=MLP embedding=ESM3c f1_score=0.555781
wandb: 
wandb: Run history:
wandb:  test_accuracy ▁
wandb:        test_f1 ▁
wandb:        test_fn ▁
wandb:        test_fp ▁
wandb:    test_pr_auc ▁
wandb: test_precision ▁
wandb:    test_recall ▁
wandb:   test_roc_auc ▁
wandb:        test_tn ▁
wandb:        test_tp ▁
wandb:            +11 ...
wandb: 
wandb: Run summary:
wandb: embedding_name ESM3c
wandb:     model_type MLP
wandb:  test_accuracy 0.66392
wandb:        test_f1 0.67594
wandb:        test_fn 57
wandb:        test_fp 106
wandb:    test_pr_auc 0.69059
wandb: test_precision 0.61594
wandb:    test_recall 0.7489
wandb:   test_roc_auc 0.73795
wandb:            +14 ...
wandb: 
wandb: You can sync this run to the cloud by running:
wandb: wandb sync /home/alexdoro/repositories/protein-embedding-classifier/wandb/offline-run-20260306_101208-gkefw6cl
wandb: Find logs at: ./wandb/offline-run-20260306_101208-gkefw6cl/logs
wandb: Tracking run with wandb version 0.25.0
wandb: W&B syncing is set to `offline` in this directory. Run `wandb online` or set WANDB_MODE=online to enable cloud syncing.
wandb: Run data is saved locally in /home/alexdoro/repositories/protein-embedding-classifier/wandb/offline-run-20260306_101209-tblsgr2x
2026-03-06 10:12:09,517 - TrainingService - INFO - Normalization mode: none
2026-03-06 10:12:09,518 - TrainingService - INFO - Training model_type=MLP embedding=GeOKG train_shape=(1933, 3000) val_shape=(500, 3000)
2026-03-06 10:12:09,564 - TorchTrainingWrapper - INFO - epoch=1 train_loss=0.615101 val_loss=0.771234
2026-03-06 10:12:09,598 - TorchTrainingWrapper - INFO - epoch=2 train_loss=0.572299 val_loss=0.734410
2026-03-06 10:12:09,632 - TorchTrainingWrapper - INFO - epoch=3 train_loss=0.553249 val_loss=0.726745
2026-03-06 10:12:09,666 - TorchTrainingWrapper - INFO - epoch=4 train_loss=0.537561 val_loss=0.759003
2026-03-06 10:12:09,699 - TorchTrainingWrapper - INFO - epoch=5 train_loss=0.528909 val_loss=0.717254
2026-03-06 10:12:09,733 - TorchTrainingWrapper - INFO - epoch=6 train_loss=0.525261 val_loss=0.695005
2026-03-06 10:12:09,767 - TorchTrainingWrapper - INFO - epoch=7 train_loss=0.527321 val_loss=0.723954
2026-03-06 10:12:09,800 - TorchTrainingWrapper - INFO - epoch=8 train_loss=0.495799 val_loss=0.725044
2026-03-06 10:12:09,834 - TorchTrainingWrapper - INFO - epoch=9 train_loss=0.503004 val_loss=0.730914
2026-03-06 10:12:09,867 - TorchTrainingWrapper - INFO - epoch=10 train_loss=0.498702 val_loss=0.694357
2026-03-06 10:12:09,901 - TorchTrainingWrapper - INFO - epoch=11 train_loss=0.495457 val_loss=0.695390
2026-03-06 10:12:09,935 - TorchTrainingWrapper - INFO - epoch=12 train_loss=0.482159 val_loss=0.713549
2026-03-06 10:12:09,968 - TorchTrainingWrapper - INFO - epoch=13 train_loss=0.473185 val_loss=0.707463
2026-03-06 10:12:10,001 - TorchTrainingWrapper - INFO - epoch=14 train_loss=0.482547 val_loss=0.728447
2026-03-06 10:12:10,035 - TorchTrainingWrapper - INFO - epoch=15 train_loss=0.464572 val_loss=0.739503
2026-03-06 10:12:10,068 - TorchTrainingWrapper - INFO - epoch=16 train_loss=0.474045 val_loss=0.717063
2026-03-06 10:12:10,102 - TorchTrainingWrapper - INFO - epoch=17 train_loss=0.465766 val_loss=0.736380
2026-03-06 10:12:10,135 - TorchTrainingWrapper - INFO - epoch=18 train_loss=0.458394 val_loss=0.743214
2026-03-06 10:12:10,168 - TorchTrainingWrapper - INFO - epoch=19 train_loss=0.452784 val_loss=0.712498
2026-03-06 10:12:10,202 - TorchTrainingWrapper - INFO - epoch=20 train_loss=0.466374 val_loss=0.721334
2026-03-06 10:12:10,202 - TorchTrainingWrapper - INFO - Early stopping triggered at epoch=20
2026-03-06 10:12:10,213 - TrainingService - INFO - Trained model_type=MLP embedding=GeOKG f1_score=0.566372
wandb: 
wandb: Run history:
wandb:  test_accuracy ▁
wandb:        test_f1 ▁
wandb:        test_fn ▁
wandb:        test_fp ▁
wandb:    test_pr_auc ▁
wandb: test_precision ▁
wandb:    test_recall ▁
wandb:   test_roc_auc ▁
wandb:        test_tn ▁
wandb:        test_tp ▁
wandb:            +11 ...
wandb: 
wandb: Run summary:
wandb: embedding_name GeOKG
wandb:     model_type MLP
wandb:  test_accuracy 0.73402
wandb:        test_f1 0.67176
wandb:        test_fn 95
wandb:        test_fp 34
wandb:    test_pr_auc 0.76681
wandb: test_precision 0.79518
wandb:    test_recall 0.5815
wandb:   test_roc_auc 0.78044
wandb:            +14 ...
wandb: 
wandb: You can sync this run to the cloud by running:
wandb: wandb sync /home/alexdoro/repositories/protein-embedding-classifier/wandb/offline-run-20260306_101209-tblsgr2x
wandb: Find logs at: ./wandb/offline-run-20260306_101209-tblsgr2x/logs
wandb: Tracking run with wandb version 0.25.0
wandb: W&B syncing is set to `offline` in this directory. Run `wandb online` or set WANDB_MODE=online to enable cloud syncing.
wandb: Run data is saved locally in /home/alexdoro/repositories/protein-embedding-classifier/wandb/offline-run-20260306_101210-yg2sbauh
2026-03-06 10:12:10,371 - TrainingService - INFO - Normalization mode: none
2026-03-06 10:12:10,371 - TrainingService - INFO - Training model_type=MLP embedding=Prost-T5 train_shape=(1933, 1024) val_shape=(500, 1024)
2026-03-06 10:12:10,409 - TorchTrainingWrapper - INFO - epoch=1 train_loss=0.658016 val_loss=0.676709
2026-03-06 10:12:10,439 - TorchTrainingWrapper - INFO - epoch=2 train_loss=0.607435 val_loss=0.705467
2026-03-06 10:12:10,468 - TorchTrainingWrapper - INFO - epoch=3 train_loss=0.590067 val_loss=0.735377
2026-03-06 10:12:10,497 - TorchTrainingWrapper - INFO - epoch=4 train_loss=0.576860 val_loss=0.748945
2026-03-06 10:12:10,526 - TorchTrainingWrapper - INFO - epoch=5 train_loss=0.561417 val_loss=0.728688
2026-03-06 10:12:10,555 - TorchTrainingWrapper - INFO - epoch=6 train_loss=0.551779 val_loss=0.725689
2026-03-06 10:12:10,584 - TorchTrainingWrapper - INFO - epoch=7 train_loss=0.552521 val_loss=0.752410
2026-03-06 10:12:10,613 - TorchTrainingWrapper - INFO - epoch=8 train_loss=0.538091 val_loss=0.737996
2026-03-06 10:12:10,642 - TorchTrainingWrapper - INFO - epoch=9 train_loss=0.541744 val_loss=0.754632
2026-03-06 10:12:10,672 - TorchTrainingWrapper - INFO - epoch=10 train_loss=0.525390 val_loss=0.735124
2026-03-06 10:12:10,703 - TorchTrainingWrapper - INFO - epoch=11 train_loss=0.528469 val_loss=0.743076
2026-03-06 10:12:10,703 - TorchTrainingWrapper - INFO - Early stopping triggered at epoch=11
2026-03-06 10:12:10,713 - TrainingService - INFO - Trained model_type=MLP embedding=Prost-T5 f1_score=0.572534
wandb: 
wandb: Run history:
wandb:  test_accuracy ▁
wandb:        test_f1 ▁
wandb:        test_fn ▁
wandb:        test_fp ▁
wandb:    test_pr_auc ▁
wandb: test_precision ▁
wandb:    test_recall ▁
wandb:   test_roc_auc ▁
wandb:        test_tn ▁
wandb:        test_tp ▁
wandb:            +11 ...
wandb: 
wandb: Run summary:
wandb: embedding_name Prost-T5
wandb:     model_type MLP
wandb:  test_accuracy 0.67216
wandb:        test_f1 0.68639
wandb:        test_fn 53
wandb:        test_fp 106
wandb:    test_pr_auc 0.6636
wandb: test_precision 0.62143
wandb:    test_recall 0.76652
wandb:   test_roc_auc 0.72768
wandb:            +14 ...
wandb: 
wandb: You can sync this run to the cloud by running:
wandb: wandb sync /home/alexdoro/repositories/protein-embedding-classifier/wandb/offline-run-20260306_101210-yg2sbauh
wandb: Find logs at: ./wandb/offline-run-20260306_101210-yg2sbauh/logs
2026-03-06 10:12:10,717 - SweepService - INFO - Sweep completed model_type=MLP best_embedding=Prost-T5 f1_score=0.572534
2026-03-06 10:12:10,717 - Pipeline - INFO - Finished classifier sweep model_type=MLP best_embedding=Prost-T5 validation_f1=0.572534
2026-03-06 10:12:10,719 - TrainingService - INFO - Normalization mode: none
2026-03-06 10:12:10,720 - TrainingService - INFO - Training model_type=MLP embedding=Ankh3-Large train_shape=(2433, 1536) val_shape=(500, 1536)
2026-03-06 10:12:10,763 - TorchTrainingWrapper - INFO - epoch=1 train_loss=0.658392 val_loss=0.668646
2026-03-06 10:12:10,801 - TorchTrainingWrapper - INFO - epoch=2 train_loss=0.607794 val_loss=0.617036
2026-03-06 10:12:10,839 - TorchTrainingWrapper - INFO - epoch=3 train_loss=0.591874 val_loss=0.589258
2026-03-06 10:12:10,876 - TorchTrainingWrapper - INFO - epoch=4 train_loss=0.564400 val_loss=0.579508
2026-03-06 10:12:10,913 - TorchTrainingWrapper - INFO - epoch=5 train_loss=0.565991 val_loss=0.574639
2026-03-06 10:12:10,950 - TorchTrainingWrapper - INFO - epoch=6 train_loss=0.555602 val_loss=0.615231
2026-03-06 10:12:10,987 - TorchTrainingWrapper - INFO - epoch=7 train_loss=0.552919 val_loss=0.618779
2026-03-06 10:12:11,023 - TorchTrainingWrapper - INFO - epoch=8 train_loss=0.541006 val_loss=0.554301
2026-03-06 10:12:11,060 - TorchTrainingWrapper - INFO - epoch=9 train_loss=0.531992 val_loss=0.540515
2026-03-06 10:12:11,097 - TorchTrainingWrapper - INFO - epoch=10 train_loss=0.531455 val_loss=0.545075
2026-03-06 10:12:11,134 - TorchTrainingWrapper - INFO - epoch=11 train_loss=0.517651 val_loss=0.549027
2026-03-06 10:12:11,171 - TorchTrainingWrapper - INFO - epoch=12 train_loss=0.518948 val_loss=0.559942
2026-03-06 10:12:11,207 - TorchTrainingWrapper - INFO - epoch=13 train_loss=0.511140 val_loss=0.517223
2026-03-06 10:12:11,246 - TorchTrainingWrapper - INFO - epoch=14 train_loss=0.508548 val_loss=0.531438
2026-03-06 10:12:11,283 - TorchTrainingWrapper - INFO - epoch=15 train_loss=0.506361 val_loss=0.537474
2026-03-06 10:12:11,321 - TorchTrainingWrapper - INFO - epoch=16 train_loss=0.505587 val_loss=0.499869
2026-03-06 10:12:11,358 - TorchTrainingWrapper - INFO - epoch=17 train_loss=0.488031 val_loss=0.503061
2026-03-06 10:12:11,396 - TorchTrainingWrapper - INFO - epoch=18 train_loss=0.494126 val_loss=0.495430
2026-03-06 10:12:11,434 - TorchTrainingWrapper - INFO - epoch=19 train_loss=0.502124 val_loss=0.557847
2026-03-06 10:12:11,471 - TorchTrainingWrapper - INFO - epoch=20 train_loss=0.499285 val_loss=0.541842
2026-03-06 10:12:11,509 - TorchTrainingWrapper - INFO - epoch=21 train_loss=0.483135 val_loss=0.491504
2026-03-06 10:12:11,546 - TorchTrainingWrapper - INFO - epoch=22 train_loss=0.481708 val_loss=0.509324
2026-03-06 10:12:11,584 - TorchTrainingWrapper - INFO - epoch=23 train_loss=0.479471 val_loss=0.507430
2026-03-06 10:12:11,621 - TorchTrainingWrapper - INFO - epoch=24 train_loss=0.472795 val_loss=0.504950
2026-03-06 10:12:11,659 - TorchTrainingWrapper - INFO - epoch=25 train_loss=0.478577 val_loss=0.503088
2026-03-06 10:12:11,696 - TorchTrainingWrapper - INFO - epoch=26 train_loss=0.472634 val_loss=0.479319
2026-03-06 10:12:11,734 - TorchTrainingWrapper - INFO - epoch=27 train_loss=0.474118 val_loss=0.470549
2026-03-06 10:12:11,772 - TorchTrainingWrapper - INFO - epoch=28 train_loss=0.473125 val_loss=0.461724
2026-03-06 10:12:11,810 - TorchTrainingWrapper - INFO - epoch=29 train_loss=0.455471 val_loss=0.460544
2026-03-06 10:12:11,847 - TorchTrainingWrapper - INFO - epoch=30 train_loss=0.461876 val_loss=0.465718
2026-03-06 10:12:11,885 - TorchTrainingWrapper - INFO - epoch=31 train_loss=0.469547 val_loss=0.470102
2026-03-06 10:12:11,922 - TorchTrainingWrapper - INFO - epoch=32 train_loss=0.466696 val_loss=0.452198
2026-03-06 10:12:11,960 - TorchTrainingWrapper - INFO - epoch=33 train_loss=0.461354 val_loss=0.451356
2026-03-06 10:12:11,998 - TorchTrainingWrapper - INFO - epoch=34 train_loss=0.460195 val_loss=0.448843
2026-03-06 10:12:12,036 - TorchTrainingWrapper - INFO - epoch=35 train_loss=0.450706 val_loss=0.444636
2026-03-06 10:12:12,073 - TorchTrainingWrapper - INFO - epoch=36 train_loss=0.456871 val_loss=0.450896
2026-03-06 10:12:12,111 - TorchTrainingWrapper - INFO - epoch=37 train_loss=0.449072 val_loss=0.442815
2026-03-06 10:12:12,148 - TorchTrainingWrapper - INFO - epoch=38 train_loss=0.449927 val_loss=0.471952
2026-03-06 10:12:12,186 - TorchTrainingWrapper - INFO - epoch=39 train_loss=0.441040 val_loss=0.448600
2026-03-06 10:12:12,223 - TorchTrainingWrapper - INFO - epoch=40 train_loss=0.449356 val_loss=0.443283
2026-03-06 10:12:12,261 - TorchTrainingWrapper - INFO - epoch=41 train_loss=0.445496 val_loss=0.455873
2026-03-06 10:12:12,298 - TorchTrainingWrapper - INFO - epoch=42 train_loss=0.445059 val_loss=0.445552
2026-03-06 10:12:12,335 - TorchTrainingWrapper - INFO - epoch=43 train_loss=0.439531 val_loss=0.450067
2026-03-06 10:12:12,372 - TorchTrainingWrapper - INFO - epoch=44 train_loss=0.444469 val_loss=0.459780
2026-03-06 10:12:12,410 - TorchTrainingWrapper - INFO - epoch=45 train_loss=0.434138 val_loss=0.461929
2026-03-06 10:12:12,446 - TorchTrainingWrapper - INFO - epoch=46 train_loss=0.443871 val_loss=0.455410
2026-03-06 10:12:12,483 - TorchTrainingWrapper - INFO - epoch=47 train_loss=0.441402 val_loss=0.470120
2026-03-06 10:12:12,483 - TorchTrainingWrapper - INFO - Early stopping triggered at epoch=47
2026-03-06 10:12:12,493 - TrainingService - INFO - Trained model_type=MLP embedding=Ankh3-Large f1_score=0.868852
wandb: Tracking run with wandb version 0.25.0
wandb: W&B syncing is set to `offline` in this directory. Run `wandb online` or set WANDB_MODE=online to enable cloud syncing.
wandb: Run data is saved locally in /home/alexdoro/repositories/protein-embedding-classifier/wandb/offline-run-20260306_101212-82hpgich
wandb: 
wandb: Run history:
wandb:  test_accuracy ▁
wandb:        test_f1 ▁
wandb:        test_fn ▁
wandb:        test_fp ▁
wandb:    test_pr_auc ▁
wandb: test_precision ▁
wandb:    test_recall ▁
wandb:   test_roc_auc ▁
wandb:        test_tn ▁
wandb:        test_tp ▁
wandb: 
wandb: Run summary:
wandb:  test_accuracy 0.70309
wandb:        test_f1 0.68421
wandb:        test_fn 71
wandb:        test_fp 73
wandb:    test_pr_auc 0.71367
wandb: test_precision 0.68122
wandb:    test_recall 0.68722
wandb:   test_roc_auc 0.75959
wandb:        test_tn 185
wandb:        test_tp 156
wandb: 
wandb: You can sync this run to the cloud by running:
wandb: wandb sync /home/alexdoro/repositories/protein-embedding-classifier/wandb/offline-run-20260306_101212-82hpgich
wandb: Find logs at: ./wandb/offline-run-20260306_101212-82hpgich/logs
2026-03-06 10:12:12,629 - TrainingService - INFO - Normalization mode: none
2026-03-06 10:12:12,630 - TrainingService - INFO - Training model_type=MLP embedding=ESM3c train_shape=(2433, 1152) val_shape=(500, 1152)
2026-03-06 10:12:12,674 - TorchTrainingWrapper - INFO - epoch=1 train_loss=0.667373 val_loss=0.668228
2026-03-06 10:12:12,713 - TorchTrainingWrapper - INFO - epoch=2 train_loss=0.628373 val_loss=0.620967
2026-03-06 10:12:12,752 - TorchTrainingWrapper - INFO - epoch=3 train_loss=0.609061 val_loss=0.613139
2026-03-06 10:12:12,791 - TorchTrainingWrapper - INFO - epoch=4 train_loss=0.601292 val_loss=0.583609
2026-03-06 10:12:12,830 - TorchTrainingWrapper - INFO - epoch=5 train_loss=0.588748 val_loss=0.601734
2026-03-06 10:12:12,871 - TorchTrainingWrapper - INFO - epoch=6 train_loss=0.584529 val_loss=0.556026
2026-03-06 10:12:12,911 - TorchTrainingWrapper - INFO - epoch=7 train_loss=0.579156 val_loss=0.559173
2026-03-06 10:12:12,949 - TorchTrainingWrapper - INFO - epoch=8 train_loss=0.570326 val_loss=0.558810
2026-03-06 10:12:12,988 - TorchTrainingWrapper - INFO - epoch=9 train_loss=0.564520 val_loss=0.539226
2026-03-06 10:12:13,027 - TorchTrainingWrapper - INFO - epoch=10 train_loss=0.551791 val_loss=0.526826
2026-03-06 10:12:13,066 - TorchTrainingWrapper - INFO - epoch=11 train_loss=0.547097 val_loss=0.520743
2026-03-06 10:12:13,105 - TorchTrainingWrapper - INFO - epoch=12 train_loss=0.541022 val_loss=0.518713
2026-03-06 10:12:13,145 - TorchTrainingWrapper - INFO - epoch=13 train_loss=0.544262 val_loss=0.514764
2026-03-06 10:12:13,184 - TorchTrainingWrapper - INFO - epoch=14 train_loss=0.523327 val_loss=0.509005
2026-03-06 10:12:13,221 - TorchTrainingWrapper - INFO - epoch=15 train_loss=0.533383 val_loss=0.509053
2026-03-06 10:12:13,258 - TorchTrainingWrapper - INFO - epoch=16 train_loss=0.524177 val_loss=0.498032
2026-03-06 10:12:13,295 - TorchTrainingWrapper - INFO - epoch=17 train_loss=0.517129 val_loss=0.499266
2026-03-06 10:12:13,332 - TorchTrainingWrapper - INFO - epoch=18 train_loss=0.516984 val_loss=0.490150
2026-03-06 10:12:13,369 - TorchTrainingWrapper - INFO - epoch=19 train_loss=0.506797 val_loss=0.487697
2026-03-06 10:12:13,406 - TorchTrainingWrapper - INFO - epoch=20 train_loss=0.517246 val_loss=0.501212
2026-03-06 10:12:13,443 - TorchTrainingWrapper - INFO - epoch=21 train_loss=0.506656 val_loss=0.496619
2026-03-06 10:12:13,481 - TorchTrainingWrapper - INFO - epoch=22 train_loss=0.497718 val_loss=0.489682
2026-03-06 10:12:13,518 - TorchTrainingWrapper - INFO - epoch=23 train_loss=0.510612 val_loss=0.499375
2026-03-06 10:12:13,555 - TorchTrainingWrapper - INFO - epoch=24 train_loss=0.508143 val_loss=0.490974
2026-03-06 10:12:13,591 - TorchTrainingWrapper - INFO - epoch=25 train_loss=0.504790 val_loss=0.481854
2026-03-06 10:12:13,628 - TorchTrainingWrapper - INFO - epoch=26 train_loss=0.490701 val_loss=0.476417
2026-03-06 10:12:13,666 - TorchTrainingWrapper - INFO - epoch=27 train_loss=0.496141 val_loss=0.474202
2026-03-06 10:12:13,703 - TorchTrainingWrapper - INFO - epoch=28 train_loss=0.489419 val_loss=0.463863
2026-03-06 10:12:13,740 - TorchTrainingWrapper - INFO - epoch=29 train_loss=0.479951 val_loss=0.470441
2026-03-06 10:12:13,777 - TorchTrainingWrapper - INFO - epoch=30 train_loss=0.477460 val_loss=0.461864
2026-03-06 10:12:13,814 - TorchTrainingWrapper - INFO - epoch=31 train_loss=0.480517 val_loss=0.467208
2026-03-06 10:12:13,851 - TorchTrainingWrapper - INFO - epoch=32 train_loss=0.481071 val_loss=0.458330
2026-03-06 10:12:13,888 - TorchTrainingWrapper - INFO - epoch=33 train_loss=0.481429 val_loss=0.451034
2026-03-06 10:12:13,925 - TorchTrainingWrapper - INFO - epoch=34 train_loss=0.475914 val_loss=0.458593
2026-03-06 10:12:13,962 - TorchTrainingWrapper - INFO - epoch=35 train_loss=0.479752 val_loss=0.442446
2026-03-06 10:12:13,999 - TorchTrainingWrapper - INFO - epoch=36 train_loss=0.470760 val_loss=0.454882
2026-03-06 10:12:14,036 - TorchTrainingWrapper - INFO - epoch=37 train_loss=0.467723 val_loss=0.447449
2026-03-06 10:12:14,072 - TorchTrainingWrapper - INFO - epoch=38 train_loss=0.470250 val_loss=0.455472
2026-03-06 10:12:14,109 - TorchTrainingWrapper - INFO - epoch=39 train_loss=0.464473 val_loss=0.446327
2026-03-06 10:12:14,146 - TorchTrainingWrapper - INFO - epoch=40 train_loss=0.458221 val_loss=0.437632
2026-03-06 10:12:14,183 - TorchTrainingWrapper - INFO - epoch=41 train_loss=0.461790 val_loss=0.438411
2026-03-06 10:12:14,219 - TorchTrainingWrapper - INFO - epoch=42 train_loss=0.451960 val_loss=0.440845
2026-03-06 10:12:14,256 - TorchTrainingWrapper - INFO - epoch=43 train_loss=0.457066 val_loss=0.435775
2026-03-06 10:12:14,293 - TorchTrainingWrapper - INFO - epoch=44 train_loss=0.457400 val_loss=0.435250
2026-03-06 10:12:14,330 - TorchTrainingWrapper - INFO - epoch=45 train_loss=0.451070 val_loss=0.435048
2026-03-06 10:12:14,367 - TorchTrainingWrapper - INFO - epoch=46 train_loss=0.457892 val_loss=0.423805
2026-03-06 10:12:14,405 - TorchTrainingWrapper - INFO - epoch=47 train_loss=0.452525 val_loss=0.424997
2026-03-06 10:12:14,441 - TorchTrainingWrapper - INFO - epoch=48 train_loss=0.446728 val_loss=0.433151
2026-03-06 10:12:14,478 - TorchTrainingWrapper - INFO - epoch=49 train_loss=0.450232 val_loss=0.431860
2026-03-06 10:12:14,515 - TorchTrainingWrapper - INFO - epoch=50 train_loss=0.438845 val_loss=0.414128
2026-03-06 10:12:14,552 - TorchTrainingWrapper - INFO - epoch=51 train_loss=0.457711 val_loss=0.446176
2026-03-06 10:12:14,588 - TorchTrainingWrapper - INFO - epoch=52 train_loss=0.444135 val_loss=0.431316
2026-03-06 10:12:14,625 - TorchTrainingWrapper - INFO - epoch=53 train_loss=0.444966 val_loss=0.435349
2026-03-06 10:12:14,662 - TorchTrainingWrapper - INFO - epoch=54 train_loss=0.461344 val_loss=0.419737
2026-03-06 10:12:14,698 - TorchTrainingWrapper - INFO - epoch=55 train_loss=0.445031 val_loss=0.431676
2026-03-06 10:12:14,735 - TorchTrainingWrapper - INFO - epoch=56 train_loss=0.445905 val_loss=0.428028
2026-03-06 10:12:14,772 - TorchTrainingWrapper - INFO - epoch=57 train_loss=0.447009 val_loss=0.431749
2026-03-06 10:12:14,809 - TorchTrainingWrapper - INFO - epoch=58 train_loss=0.438931 val_loss=0.418371
2026-03-06 10:12:14,845 - TorchTrainingWrapper - INFO - epoch=59 train_loss=0.436628 val_loss=0.407427
2026-03-06 10:12:14,882 - TorchTrainingWrapper - INFO - epoch=60 train_loss=0.453501 val_loss=0.414264
2026-03-06 10:12:14,919 - TorchTrainingWrapper - INFO - epoch=61 train_loss=0.445734 val_loss=0.409256
2026-03-06 10:12:14,956 - TorchTrainingWrapper - INFO - epoch=62 train_loss=0.439614 val_loss=0.409969
2026-03-06 10:12:14,993 - TorchTrainingWrapper - INFO - epoch=63 train_loss=0.435020 val_loss=0.409499
2026-03-06 10:12:15,029 - TorchTrainingWrapper - INFO - epoch=64 train_loss=0.434473 val_loss=0.413636
2026-03-06 10:12:15,066 - TorchTrainingWrapper - INFO - epoch=65 train_loss=0.442571 val_loss=0.417284
2026-03-06 10:12:15,103 - TorchTrainingWrapper - INFO - epoch=66 train_loss=0.435581 val_loss=0.406919
2026-03-06 10:12:15,140 - TorchTrainingWrapper - INFO - epoch=67 train_loss=0.431734 val_loss=0.397608
2026-03-06 10:12:15,177 - TorchTrainingWrapper - INFO - epoch=68 train_loss=0.434362 val_loss=0.412200
2026-03-06 10:12:15,213 - TorchTrainingWrapper - INFO - epoch=69 train_loss=0.432292 val_loss=0.411499
2026-03-06 10:12:15,250 - TorchTrainingWrapper - INFO - epoch=70 train_loss=0.432730 val_loss=0.401331
2026-03-06 10:12:15,287 - TorchTrainingWrapper - INFO - epoch=71 train_loss=0.436331 val_loss=0.416033
2026-03-06 10:12:15,324 - TorchTrainingWrapper - INFO - epoch=72 train_loss=0.429330 val_loss=0.400219
2026-03-06 10:12:15,360 - TorchTrainingWrapper - INFO - epoch=73 train_loss=0.427340 val_loss=0.410492
2026-03-06 10:12:15,397 - TorchTrainingWrapper - INFO - epoch=74 train_loss=0.427044 val_loss=0.400655
2026-03-06 10:12:15,433 - TorchTrainingWrapper - INFO - epoch=75 train_loss=0.427950 val_loss=0.399106
2026-03-06 10:12:15,470 - TorchTrainingWrapper - INFO - epoch=76 train_loss=0.427870 val_loss=0.416765
2026-03-06 10:12:15,507 - TorchTrainingWrapper - INFO - epoch=77 train_loss=0.419398 val_loss=0.404635
2026-03-06 10:12:15,507 - TorchTrainingWrapper - INFO - Early stopping triggered at epoch=77
2026-03-06 10:12:15,516 - TrainingService - INFO - Trained model_type=MLP embedding=ESM3c f1_score=0.916996
wandb: Tracking run with wandb version 0.25.0
wandb: W&B syncing is set to `offline` in this directory. Run `wandb online` or set WANDB_MODE=online to enable cloud syncing.
wandb: Run data is saved locally in /home/alexdoro/repositories/protein-embedding-classifier/wandb/offline-run-20260306_101215-btbyfuf2
wandb: 
wandb: Run history:
wandb:  test_accuracy ▁
wandb:        test_f1 ▁
wandb:        test_fn ▁
wandb:        test_fp ▁
wandb:    test_pr_auc ▁
wandb: test_precision ▁
wandb:    test_recall ▁
wandb:   test_roc_auc ▁
wandb:        test_tn ▁
wandb:        test_tp ▁
wandb: 
wandb: Run summary:
wandb:  test_accuracy 0.71546
wandb:        test_f1 0.70763
wandb:        test_fn 60
wandb:        test_fp 78
wandb:    test_pr_auc 0.7188
wandb: test_precision 0.68163
wandb:    test_recall 0.73568
wandb:   test_roc_auc 0.76263
wandb:        test_tn 180
wandb:        test_tp 167
wandb: 
wandb: You can sync this run to the cloud by running:
wandb: wandb sync /home/alexdoro/repositories/protein-embedding-classifier/wandb/offline-run-20260306_101215-btbyfuf2
wandb: Find logs at: ./wandb/offline-run-20260306_101215-btbyfuf2/logs
2026-03-06 10:12:15,654 - TrainingService - INFO - Normalization mode: none
2026-03-06 10:12:15,655 - TrainingService - INFO - Training model_type=MLP embedding=GeOKG train_shape=(2433, 3000) val_shape=(500, 3000)
2026-03-06 10:12:15,706 - TorchTrainingWrapper - INFO - epoch=1 train_loss=0.633166 val_loss=0.664310
2026-03-06 10:12:15,748 - TorchTrainingWrapper - INFO - epoch=2 train_loss=0.593731 val_loss=0.642422
2026-03-06 10:12:15,788 - TorchTrainingWrapper - INFO - epoch=3 train_loss=0.570593 val_loss=0.579972
2026-03-06 10:12:15,829 - TorchTrainingWrapper - INFO - epoch=4 train_loss=0.566994 val_loss=0.586961
2026-03-06 10:12:15,869 - TorchTrainingWrapper - INFO - epoch=5 train_loss=0.558528 val_loss=0.586638
2026-03-06 10:12:15,910 - TorchTrainingWrapper - INFO - epoch=6 train_loss=0.532014 val_loss=0.549369
2026-03-06 10:12:15,950 - TorchTrainingWrapper - INFO - epoch=7 train_loss=0.521608 val_loss=0.560011
2026-03-06 10:12:15,991 - TorchTrainingWrapper - INFO - epoch=8 train_loss=0.519629 val_loss=0.544840
2026-03-06 10:12:16,032 - TorchTrainingWrapper - INFO - epoch=9 train_loss=0.512248 val_loss=0.525487
2026-03-06 10:12:16,074 - TorchTrainingWrapper - INFO - epoch=10 train_loss=0.517432 val_loss=0.528528
2026-03-06 10:12:16,115 - TorchTrainingWrapper - INFO - epoch=11 train_loss=0.509165 val_loss=0.562221
2026-03-06 10:12:16,156 - TorchTrainingWrapper - INFO - epoch=12 train_loss=0.501213 val_loss=0.511094
2026-03-06 10:12:16,197 - TorchTrainingWrapper - INFO - epoch=13 train_loss=0.502572 val_loss=0.504280
2026-03-06 10:12:16,239 - TorchTrainingWrapper - INFO - epoch=14 train_loss=0.495125 val_loss=0.508138
2026-03-06 10:12:16,279 - TorchTrainingWrapper - INFO - epoch=15 train_loss=0.481142 val_loss=0.502368
2026-03-06 10:12:16,320 - TorchTrainingWrapper - INFO - epoch=16 train_loss=0.477128 val_loss=0.521628
2026-03-06 10:12:16,361 - TorchTrainingWrapper - INFO - epoch=17 train_loss=0.478910 val_loss=0.492738
2026-03-06 10:12:16,402 - TorchTrainingWrapper - INFO - epoch=18 train_loss=0.475870 val_loss=0.503911
2026-03-06 10:12:16,443 - TorchTrainingWrapper - INFO - epoch=19 train_loss=0.464108 val_loss=0.488736
2026-03-06 10:12:16,484 - TorchTrainingWrapper - INFO - epoch=20 train_loss=0.468937 val_loss=0.492380
2026-03-06 10:12:16,525 - TorchTrainingWrapper - INFO - epoch=21 train_loss=0.468276 val_loss=0.468374
2026-03-06 10:12:16,566 - TorchTrainingWrapper - INFO - epoch=22 train_loss=0.459884 val_loss=0.474067
2026-03-06 10:12:16,606 - TorchTrainingWrapper - INFO - epoch=23 train_loss=0.466080 val_loss=0.622800
2026-03-06 10:12:16,646 - TorchTrainingWrapper - INFO - epoch=24 train_loss=0.474233 val_loss=0.534546
2026-03-06 10:12:16,687 - TorchTrainingWrapper - INFO - epoch=25 train_loss=0.458264 val_loss=0.467894
2026-03-06 10:12:16,728 - TorchTrainingWrapper - INFO - epoch=26 train_loss=0.460995 val_loss=0.464184
2026-03-06 10:12:16,769 - TorchTrainingWrapper - INFO - epoch=27 train_loss=0.449709 val_loss=0.460124
2026-03-06 10:12:16,810 - TorchTrainingWrapper - INFO - epoch=28 train_loss=0.452571 val_loss=0.478112
2026-03-06 10:12:16,851 - TorchTrainingWrapper - INFO - epoch=29 train_loss=0.440593 val_loss=0.484533
2026-03-06 10:12:16,891 - TorchTrainingWrapper - INFO - epoch=30 train_loss=0.439681 val_loss=0.468927
2026-03-06 10:12:16,932 - TorchTrainingWrapper - INFO - epoch=31 train_loss=0.443920 val_loss=0.440485
2026-03-06 10:12:16,973 - TorchTrainingWrapper - INFO - epoch=32 train_loss=0.440473 val_loss=0.478245
2026-03-06 10:12:17,013 - TorchTrainingWrapper - INFO - epoch=33 train_loss=0.440833 val_loss=0.442541
2026-03-06 10:12:17,054 - TorchTrainingWrapper - INFO - epoch=34 train_loss=0.438179 val_loss=0.464140
2026-03-06 10:12:17,094 - TorchTrainingWrapper - INFO - epoch=35 train_loss=0.440338 val_loss=0.475181
2026-03-06 10:12:17,135 - TorchTrainingWrapper - INFO - epoch=36 train_loss=0.434678 val_loss=0.447959
2026-03-06 10:12:17,175 - TorchTrainingWrapper - INFO - epoch=37 train_loss=0.437828 val_loss=0.445891
2026-03-06 10:12:17,216 - TorchTrainingWrapper - INFO - epoch=38 train_loss=0.434003 val_loss=0.440222
2026-03-06 10:12:17,257 - TorchTrainingWrapper - INFO - epoch=39 train_loss=0.426540 val_loss=0.459884
2026-03-06 10:12:17,298 - TorchTrainingWrapper - INFO - epoch=40 train_loss=0.433824 val_loss=0.425955
2026-03-06 10:12:17,340 - TorchTrainingWrapper - INFO - epoch=41 train_loss=0.421755 val_loss=0.432235
2026-03-06 10:12:17,380 - TorchTrainingWrapper - INFO - epoch=42 train_loss=0.424431 val_loss=0.428981
2026-03-06 10:12:17,421 - TorchTrainingWrapper - INFO - epoch=43 train_loss=0.429661 val_loss=0.440514
2026-03-06 10:12:17,461 - TorchTrainingWrapper - INFO - epoch=44 train_loss=0.425664 val_loss=0.444347
2026-03-06 10:12:17,502 - TorchTrainingWrapper - INFO - epoch=45 train_loss=0.422496 val_loss=0.437671
2026-03-06 10:12:17,542 - TorchTrainingWrapper - INFO - epoch=46 train_loss=0.420065 val_loss=0.442406
2026-03-06 10:12:17,583 - TorchTrainingWrapper - INFO - epoch=47 train_loss=0.418277 val_loss=0.437005
2026-03-06 10:12:17,623 - TorchTrainingWrapper - INFO - epoch=48 train_loss=0.413300 val_loss=0.450799
2026-03-06 10:12:17,664 - TorchTrainingWrapper - INFO - epoch=49 train_loss=0.424348 val_loss=0.483685
2026-03-06 10:12:17,704 - TorchTrainingWrapper - INFO - epoch=50 train_loss=0.434773 val_loss=0.441126
2026-03-06 10:12:17,704 - TorchTrainingWrapper - INFO - Early stopping triggered at epoch=50
2026-03-06 10:12:17,715 - TrainingService - INFO - Trained model_type=MLP embedding=GeOKG f1_score=0.888438
wandb: Tracking run with wandb version 0.25.0
wandb: W&B syncing is set to `offline` in this directory. Run `wandb online` or set WANDB_MODE=online to enable cloud syncing.
wandb: Run data is saved locally in /home/alexdoro/repositories/protein-embedding-classifier/wandb/offline-run-20260306_101217-33x4uecq
wandb: 
wandb: Run history:
wandb:  test_accuracy ▁
wandb:        test_f1 ▁
wandb:        test_fn ▁
wandb:        test_fp ▁
wandb:    test_pr_auc ▁
wandb: test_precision ▁
wandb:    test_recall ▁
wandb:   test_roc_auc ▁
wandb:        test_tn ▁
wandb:        test_tp ▁
wandb: 
wandb: Run summary:
wandb:  test_accuracy 0.73196
wandb:        test_f1 0.69626
wandb:        test_fn 78
wandb:        test_fp 52
wandb:    test_pr_auc 0.73538
wandb: test_precision 0.74129
wandb:    test_recall 0.65639
wandb:   test_roc_auc 0.7809
wandb:        test_tn 206
wandb:        test_tp 149
wandb: 
wandb: You can sync this run to the cloud by running:
wandb: wandb sync /home/alexdoro/repositories/protein-embedding-classifier/wandb/offline-run-20260306_101217-33x4uecq
wandb: Find logs at: ./wandb/offline-run-20260306_101217-33x4uecq/logs
2026-03-06 10:12:17,854 - TrainingService - INFO - Normalization mode: none
2026-03-06 10:12:17,854 - TrainingService - INFO - Training model_type=MLP embedding=Prost-T5 train_shape=(2433, 1024) val_shape=(500, 1024)
2026-03-06 10:12:17,896 - TorchTrainingWrapper - INFO - epoch=1 train_loss=0.655344 val_loss=0.656319
2026-03-06 10:12:17,933 - TorchTrainingWrapper - INFO - epoch=2 train_loss=0.623141 val_loss=0.643852
2026-03-06 10:12:17,970 - TorchTrainingWrapper - INFO - epoch=3 train_loss=0.603620 val_loss=0.627136
2026-03-06 10:12:18,007 - TorchTrainingWrapper - INFO - epoch=4 train_loss=0.596171 val_loss=0.615712
2026-03-06 10:12:18,044 - TorchTrainingWrapper - INFO - epoch=5 train_loss=0.585678 val_loss=0.612254
2026-03-06 10:12:18,080 - TorchTrainingWrapper - INFO - epoch=6 train_loss=0.579289 val_loss=0.587122
2026-03-06 10:12:18,117 - TorchTrainingWrapper - INFO - epoch=7 train_loss=0.560729 val_loss=0.598142
2026-03-06 10:12:18,154 - TorchTrainingWrapper - INFO - epoch=8 train_loss=0.566635 val_loss=0.577836
2026-03-06 10:12:18,191 - TorchTrainingWrapper - INFO - epoch=9 train_loss=0.555149 val_loss=0.567258
2026-03-06 10:12:18,228 - TorchTrainingWrapper - INFO - epoch=10 train_loss=0.547162 val_loss=0.554060
2026-03-06 10:12:18,265 - TorchTrainingWrapper - INFO - epoch=11 train_loss=0.548301 val_loss=0.561799
2026-03-06 10:12:18,301 - TorchTrainingWrapper - INFO - epoch=12 train_loss=0.548495 val_loss=0.559810
2026-03-06 10:12:18,338 - TorchTrainingWrapper - INFO - epoch=13 train_loss=0.534777 val_loss=0.549661
2026-03-06 10:12:18,375 - TorchTrainingWrapper - INFO - epoch=14 train_loss=0.525211 val_loss=0.536935
2026-03-06 10:12:18,412 - TorchTrainingWrapper - INFO - epoch=15 train_loss=0.528974 val_loss=0.535661
2026-03-06 10:12:18,448 - TorchTrainingWrapper - INFO - epoch=16 train_loss=0.528625 val_loss=0.529079
2026-03-06 10:12:18,485 - TorchTrainingWrapper - INFO - epoch=17 train_loss=0.528742 val_loss=0.566787
2026-03-06 10:12:18,522 - TorchTrainingWrapper - INFO - epoch=18 train_loss=0.525803 val_loss=0.548142
2026-03-06 10:12:18,558 - TorchTrainingWrapper - INFO - epoch=19 train_loss=0.515808 val_loss=0.525021
2026-03-06 10:12:18,595 - TorchTrainingWrapper - INFO - epoch=20 train_loss=0.506829 val_loss=0.530126
2026-03-06 10:12:18,631 - TorchTrainingWrapper - INFO - epoch=21 train_loss=0.503752 val_loss=0.518725
2026-03-06 10:12:18,668 - TorchTrainingWrapper - INFO - epoch=22 train_loss=0.503858 val_loss=0.531248
2026-03-06 10:12:18,704 - TorchTrainingWrapper - INFO - epoch=23 train_loss=0.492090 val_loss=0.527373
2026-03-06 10:12:18,740 - TorchTrainingWrapper - INFO - epoch=24 train_loss=0.501260 val_loss=0.520242
2026-03-06 10:12:18,777 - TorchTrainingWrapper - INFO - epoch=25 train_loss=0.504481 val_loss=0.511340
2026-03-06 10:12:18,813 - TorchTrainingWrapper - INFO - epoch=26 train_loss=0.488395 val_loss=0.531743
2026-03-06 10:12:18,850 - TorchTrainingWrapper - INFO - epoch=27 train_loss=0.493451 val_loss=0.492678
2026-03-06 10:12:18,886 - TorchTrainingWrapper - INFO - epoch=28 train_loss=0.497880 val_loss=0.497669
2026-03-06 10:12:18,923 - TorchTrainingWrapper - INFO - epoch=29 train_loss=0.495390 val_loss=0.539076
2026-03-06 10:12:18,959 - TorchTrainingWrapper - INFO - epoch=30 train_loss=0.487736 val_loss=0.495846
2026-03-06 10:12:18,995 - TorchTrainingWrapper - INFO - epoch=31 train_loss=0.479379 val_loss=0.500957
2026-03-06 10:12:19,032 - TorchTrainingWrapper - INFO - epoch=32 train_loss=0.484390 val_loss=0.535255
2026-03-06 10:12:19,068 - TorchTrainingWrapper - INFO - epoch=33 train_loss=0.486632 val_loss=0.510965
2026-03-06 10:12:19,104 - TorchTrainingWrapper - INFO - epoch=34 train_loss=0.478077 val_loss=0.498401
2026-03-06 10:12:19,141 - TorchTrainingWrapper - INFO - epoch=35 train_loss=0.481966 val_loss=0.499350
2026-03-06 10:12:19,177 - TorchTrainingWrapper - INFO - epoch=36 train_loss=0.474844 val_loss=0.518360
2026-03-06 10:12:19,213 - TorchTrainingWrapper - INFO - epoch=37 train_loss=0.479434 val_loss=0.493769
2026-03-06 10:12:19,214 - TorchTrainingWrapper - INFO - Early stopping triggered at epoch=37
2026-03-06 10:12:19,223 - TrainingService - INFO - Trained model_type=MLP embedding=Prost-T5 f1_score=0.818548
wandb: Tracking run with wandb version 0.25.0
wandb: W&B syncing is set to `offline` in this directory. Run `wandb online` or set WANDB_MODE=online to enable cloud syncing.
wandb: Run data is saved locally in /home/alexdoro/repositories/protein-embedding-classifier/wandb/offline-run-20260306_101219-vm52pe6h
wandb: 
wandb: Run history:
wandb:  test_accuracy ▁
wandb:        test_f1 ▁
wandb:        test_fn ▁
wandb:        test_fp ▁
wandb:    test_pr_auc ▁
wandb: test_precision ▁
wandb:    test_recall ▁
wandb:   test_roc_auc ▁
wandb:        test_tn ▁
wandb:        test_tp ▁
wandb: 
wandb: Run summary:
wandb:  test_accuracy 0.69072
wandb:        test_f1 0.67105
wandb:        test_fn 74
wandb:        test_fp 76
wandb:    test_pr_auc 0.70708
wandb: test_precision 0.66812
wandb:    test_recall 0.67401
wandb:   test_roc_auc 0.74647
wandb:        test_tn 182
wandb:        test_tp 153
wandb: 
wandb: You can sync this run to the cloud by running:
wandb: wandb sync /home/alexdoro/repositories/protein-embedding-classifier/wandb/offline-run-20260306_101219-vm52pe6h
wandb: Find logs at: ./wandb/offline-run-20260306_101219-vm52pe6h/logs
2026-03-06 10:12:19,357 - Pipeline - INFO - Saved per-classifier sweep results artifact: /home/alexdoro/pec_data/results/global_benchmark/executions/run_seed_42/sweep/sweep_20260306_085412/reports/best_config_by_classifier.yaml
2026-03-06 10:12:19,358 - Pipeline - INFO - Saved full sweep results CSV artifact: /home/alexdoro/pec_data/results/global_benchmark/executions/run_seed_42/sweep/sweep_20260306_085412/reports/sweep_results_full.csv
2026-03-06 10:12:19,359 - Pipeline - INFO - Saved per-classifier sweep CSV artifact: /home/alexdoro/pec_data/results/global_benchmark/executions/run_seed_42/sweep/sweep_20260306_085412/reports/best_per_classifier.csv
2026-03-06 10:12:19,359 - Pipeline - INFO - Saved best classifier per embedding CSV artifact: /home/alexdoro/pec_data/results/global_benchmark/executions/run_seed_42/sweep/sweep_20260306_085412/reports/best_classifier_per_embedding.csv
2026-03-06 10:12:19,359 - Pipeline - INFO - Validation summary table (F1):
Embedding | KNN-2 | LR | MLP | RF | SVM | XGB
-----------------------------------------------------
Ankh3-Large | 0.5100 | 0.5447 | 0.1309 | 0.5435 | 0.5543 | 0.5553
ESM3c | 0.4343 | 0.4934 | 0.5558 | 0.5753 | 0.5254 | 0.5600
GeOKG | 0.5676 | 0.5382 | 0.5664 | 0.6148 | 0.5310 | 0.5866
Prost-T5 | 0.4588 | 0.5455 | 0.5725 | 0.5325 | 0.5797 | 0.5691
2026-03-06 10:12:20,330 - Pipeline - INFO - Saved test predictions CSV artifact: /home/alexdoro/pec_data/results/global_benchmark/executions/run_seed_42/sweep/sweep_20260306_085412/predictions/predictions_seed_42.csv
2026-03-06 10:12:20,343 - ProteinLoader - INFO - Connecting with db
2026-03-06 10:12:20,357 - ProteinLoader - INFO - 3143 proteins found
2026-03-06 10:12:20,357 - LabelLoader - INFO - Loading labels from file
2026-03-06 10:12:20,419 - LabelLoader - INFO - Total labels assigned: 3143
2026-03-06 10:12:20,420 - LabelLoader - INFO - Missing proteins count: 3
2026-03-06 10:12:20,420 - IndependentValidationTrainTestSplit - INFO - Applying independent validation/train_test strategy
2026-03-06 10:12:20,420 - IndependentValidationTrainTestSplit - INFO - Dataset size: 3143
2026-03-06 10:12:20,435 - IndependentValidationTrainTestSplit - INFO - Validation split (csv): size=500 (15.91% of dataset)
2026-03-06 10:12:20,447 - IndependentValidationTrainTestSplit - INFO - Split Summary:
- Train size: 1933
- Validation size: 500
- Test size: 485
- Zero-shot size: 225
2026-03-06 10:12:20,447 - IndependentValidationTrainTestSplit - INFO - Train class distribution: {'NMF': 982, 'MF': 951}
2026-03-06 10:12:20,447 - IndependentValidationTrainTestSplit - INFO - Validation class distribution: {'MF': 250, 'NMF': 250}
2026-03-06 10:12:20,447 - IndependentValidationTrainTestSplit - INFO - Test class distribution: {'NMF': 227, 'MF': 258}
2026-03-06 10:12:20,447 - IndependentValidationTrainTestSplit - INFO - Zero-shot class distribution: {'MF': 114, 'NMF': 111}
2026-03-06 10:12:20,447 - IndependentValidationTrainTestSplit - INFO - Zero-shot organism distribution: {'Candida albicans (strain SC5314 / ATCC MYA-2876) (Yeast).': 26, 'Danio rerio (Zebrafish) (Brachydanio rerio).': 2, 'Sulfurisphaera tokodaii (strain DSM 16993 / JCM 10545 / NBRC 100140 / 7) (Sulfolobus tokodaii).': 2, 'Schistosoma mansoni (Blood fluke).': 2, 'Drosophila melanogaster (Fruit fly).': 46, 'Rattus norvegicus (Rat).': 33, 'Pyrococcus horikoshii (strain ATCC 700860 / DSM 12428 / JCM 9974 / NBRC 100139 / OT-3).': 2, 'Mycobacterium tuberculosis (strain ATCC 25618 / H37Rv).': 24, 'Equus caballus (Horse).': 2, 'Oryctolagus cuniculus (Rabbit).': 6, 'Bos taurus (Bovine).': 10, 'Dictyostelium discoideum (Social amoeba).': 2, 'Salmonella typhimurium (strain LT2 / SGSC1412 / ATCC 700720).': 2, 'Xenopus laevis (African clawed frog).': 2, 'Bacillus subtilis (strain 168).': 2, 'Hordeum vulgare (Barley).': 2, 'Caenorhabditis elegans.': 16, 'Trypanosoma brucei brucei (strain 927/4 GUTat10.1).': 2, 'Leishmania mexicana.': 2, 'Spinacia oleracea (Spinach).': 2, 'Methanocaldococcus jannaschii (strain ATCC 43067 / DSM 2661 / JAL-1 / JCM 10045 / NBRC 100440) (Methanococcus jannaschii).': 2, 'Thermococcus kodakarensis (strain ATCC BAA-918 / JCM 12380 / KOD1) (Pyrococcus kodakaraensis (strain KOD1)).': 4, 'Legionella pneumophila subsp. pneumophila (strain Philadelphia 1 / ATCC 33152 / DSM 7513).': 2, 'Candida glabrata (strain ATCC 2001 / BCRC 20586 / JCM 3761 / NBRC 0622 / NRRL Y-65 / CBS 138) (Yeast) (Nakaseomyces glabratus).': 4, 'Pisum sativum (Garden pea) (Lathyrus oleraceus).': 2, 'Onchocerca volvulus.': 2, 'Pyrococcus furiosus (strain ATCC 43587 / DSM 3638 / JCM 8422 / Vc1).': 2, 'Komagataella phaffii (strain GS115 / ATCC 20864) (Yeast) (Pichia pastoris).': 2, 'Saccharolobus solfataricus (strain ATCC 35092 / DSM 1617 / JCM 11322 / P2) (Sulfolobus solfataricus).': 4, 'Streptomyces coelicolor (strain ATCC BAA-471 / A3(2) / M145).': 2, 'Capra hircus (Goat).': 2, 'Schizosaccharomyces pombe (strain 972 / ATCC 24843) (Fission yeast).': 2, 'Cavia porcellus (Guinea pig).': 2, 'Chlamydomonas reinhardtii (Chlamydomonas smithii).': 2, 'Picrophilus torridus (strain ATCC 700027 / DSM 9790 / JCM 10055 / NBRC 100828 / KAW 2/3).': 2, 'Oryza sativa subsp. japonica (Rice).': 2}
2026-03-06 10:12:20,447 - IndependentValidationTrainTestSplit - INFO - Zero-shot verified as isolated holdout.
2026-03-06 10:12:20,448 - DatasetBuilder - INFO - DatasetBuilder produced bundle with 1933 train, 500 val, 485 test, 225 zero-shot
2026-03-06 10:12:20,448 - SequenceEmbeddingLoader - INFO - Loading sequence embeddings for 3 model(s)
2026-03-06 10:12:20,844 - SequenceEmbeddingLoader - INFO - Loaded sequence model=ESM3c accessions=3143 layers=[0]
2026-03-06 10:12:21,336 - SequenceEmbeddingLoader - INFO - Loaded sequence model=Ankh3-Large accessions=3143 layers=[0]
2026-03-06 10:12:21,670 - SequenceEmbeddingLoader - INFO - Loaded sequence model=Prost-T5 accessions=3143 layers=[0]
2026-03-06 10:12:21,671 - LayerAggregationStrategy - INFO - Aggregation mode=none produced 3 model view(s)
2026-03-06 10:12:22,384 - GOEmbeddingLoader - INFO - Loaded GO embeddings from /home/alexdoro/DATASETS/mf_proteins/mfp_balanced/bp_protein_embeddings_20260302_171152.csv (ontology=BP) matched=2764
2026-03-06 10:12:23,041 - GOEmbeddingLoader - INFO - Loaded GO embeddings from /home/alexdoro/DATASETS/mf_proteins/mfp_balanced/mf_protein_embeddings_20260302_171152.csv (ontology=MF) matched=2525
2026-03-06 10:12:23,788 - GOEmbeddingLoader - INFO - Loaded GO embeddings from /home/alexdoro/DATASETS/mf_proteins/mfp_balanced/cc_protein_embeddings_20260302_171152.csv (ontology=CC) matched=2873
2026-03-06 10:12:23,797 - GOEmbeddingLoader - INFO - Concatenated GO embeddings: total_dim=3000 ontologies=['BP', 'MF', 'CC']
2026-03-06 10:12:23,798 - EmbeddingService - INFO - Loaded embedding views: ['Ankh3-Large', 'ESM3c', 'GeOKG', 'Prost-T5']
2026-03-06 10:12:23,806 - EmbeddingBundle - INFO - Missing embeddings artifact written model=GeOKG path=artifacts/missing_gope.txt count=0
2026-03-06 10:12:24,008 - Pipeline - INFO - Ensemble summary table (model -> validation_f1 -> weight):
model             validation_f1  weight
----------------  -------------  ------
XGB::Ankh3-Large         1.0000  0.2500
RF::ESM3c                1.0000  0.2500
RF::GeOKG                0.9940  0.2500
SVM::Prost-T5            0.8300  0.2500
2026-03-06 10:12:24,009 - Pipeline - INFO - Saved ensemble artifact: /home/alexdoro/pec_data/results/global_benchmark/executions/run_seed_42/sweep/sweep_20260306_085412/models/ensemble_model.pkl
2026-03-06 10:12:24,009 - Pipeline - INFO - Saved ensemble metadata: /home/alexdoro/pec_data/results/global_benchmark/executions/run_seed_42/sweep/sweep_20260306_085412/models/ensemble_model.metadata.json
2026-03-06 10:12:24,009 - Pipeline - INFO - Ensemble step completed mode=global_soft models=4 test_samples=485
2026-03-06 10:12:24,026 - ProteinLoader - INFO - Connecting with db
2026-03-06 10:12:24,040 - ProteinLoader - INFO - 3143 proteins found
2026-03-06 10:12:24,040 - LabelLoader - INFO - Loading labels from file
2026-03-06 10:12:24,099 - LabelLoader - INFO - Total labels assigned: 3143
2026-03-06 10:12:24,099 - LabelLoader - INFO - Missing proteins count: 3
2026-03-06 10:12:24,100 - IndependentValidationTrainTestSplit - INFO - Applying independent validation/train_test strategy
2026-03-06 10:12:24,100 - IndependentValidationTrainTestSplit - INFO - Dataset size: 3143
2026-03-06 10:12:24,112 - IndependentValidationTrainTestSplit - INFO - Validation split (csv): size=500 (15.91% of dataset)
2026-03-06 10:12:24,123 - IndependentValidationTrainTestSplit - INFO - Split Summary:
- Train size: 1933
- Validation size: 500
- Test size: 485
- Zero-shot size: 225
2026-03-06 10:12:24,124 - IndependentValidationTrainTestSplit - INFO - Train class distribution: {'NMF': 982, 'MF': 951}
2026-03-06 10:12:24,124 - IndependentValidationTrainTestSplit - INFO - Validation class distribution: {'MF': 250, 'NMF': 250}
2026-03-06 10:12:24,124 - IndependentValidationTrainTestSplit - INFO - Test class distribution: {'NMF': 227, 'MF': 258}
2026-03-06 10:12:24,124 - IndependentValidationTrainTestSplit - INFO - Zero-shot class distribution: {'MF': 114, 'NMF': 111}
2026-03-06 10:12:24,124 - IndependentValidationTrainTestSplit - INFO - Zero-shot organism distribution: {'Candida albicans (strain SC5314 / ATCC MYA-2876) (Yeast).': 26, 'Danio rerio (Zebrafish) (Brachydanio rerio).': 2, 'Sulfurisphaera tokodaii (strain DSM 16993 / JCM 10545 / NBRC 100140 / 7) (Sulfolobus tokodaii).': 2, 'Schistosoma mansoni (Blood fluke).': 2, 'Drosophila melanogaster (Fruit fly).': 46, 'Rattus norvegicus (Rat).': 33, 'Pyrococcus horikoshii (strain ATCC 700860 / DSM 12428 / JCM 9974 / NBRC 100139 / OT-3).': 2, 'Mycobacterium tuberculosis (strain ATCC 25618 / H37Rv).': 24, 'Equus caballus (Horse).': 2, 'Oryctolagus cuniculus (Rabbit).': 6, 'Bos taurus (Bovine).': 10, 'Dictyostelium discoideum (Social amoeba).': 2, 'Salmonella typhimurium (strain LT2 / SGSC1412 / ATCC 700720).': 2, 'Xenopus laevis (African clawed frog).': 2, 'Bacillus subtilis (strain 168).': 2, 'Hordeum vulgare (Barley).': 2, 'Caenorhabditis elegans.': 16, 'Trypanosoma brucei brucei (strain 927/4 GUTat10.1).': 2, 'Leishmania mexicana.': 2, 'Spinacia oleracea (Spinach).': 2, 'Methanocaldococcus jannaschii (strain ATCC 43067 / DSM 2661 / JAL-1 / JCM 10045 / NBRC 100440) (Methanococcus jannaschii).': 2, 'Thermococcus kodakarensis (strain ATCC BAA-918 / JCM 12380 / KOD1) (Pyrococcus kodakaraensis (strain KOD1)).': 4, 'Legionella pneumophila subsp. pneumophila (strain Philadelphia 1 / ATCC 33152 / DSM 7513).': 2, 'Candida glabrata (strain ATCC 2001 / BCRC 20586 / JCM 3761 / NBRC 0622 / NRRL Y-65 / CBS 138) (Yeast) (Nakaseomyces glabratus).': 4, 'Pisum sativum (Garden pea) (Lathyrus oleraceus).': 2, 'Onchocerca volvulus.': 2, 'Pyrococcus furiosus (strain ATCC 43587 / DSM 3638 / JCM 8422 / Vc1).': 2, 'Komagataella phaffii (strain GS115 / ATCC 20864) (Yeast) (Pichia pastoris).': 2, 'Saccharolobus solfataricus (strain ATCC 35092 / DSM 1617 / JCM 11322 / P2) (Sulfolobus solfataricus).': 4, 'Streptomyces coelicolor (strain ATCC BAA-471 / A3(2) / M145).': 2, 'Capra hircus (Goat).': 2, 'Schizosaccharomyces pombe (strain 972 / ATCC 24843) (Fission yeast).': 2, 'Cavia porcellus (Guinea pig).': 2, 'Chlamydomonas reinhardtii (Chlamydomonas smithii).': 2, 'Picrophilus torridus (strain ATCC 700027 / DSM 9790 / JCM 10055 / NBRC 100828 / KAW 2/3).': 2, 'Oryza sativa subsp. japonica (Rice).': 2}
2026-03-06 10:12:24,124 - IndependentValidationTrainTestSplit - INFO - Zero-shot verified as isolated holdout.
2026-03-06 10:12:24,124 - DatasetBuilder - INFO - DatasetBuilder produced bundle with 1933 train, 500 val, 485 test, 225 zero-shot
2026-03-06 10:12:24,125 - SequenceEmbeddingLoader - INFO - Loading sequence embeddings for 3 model(s)
2026-03-06 10:12:24,518 - SequenceEmbeddingLoader - INFO - Loaded sequence model=ESM3c accessions=3143 layers=[0]
2026-03-06 10:12:25,007 - SequenceEmbeddingLoader - INFO - Loaded sequence model=Ankh3-Large accessions=3143 layers=[0]
2026-03-06 10:12:25,334 - SequenceEmbeddingLoader - INFO - Loaded sequence model=Prost-T5 accessions=3143 layers=[0]
2026-03-06 10:12:25,335 - LayerAggregationStrategy - INFO - Aggregation mode=none produced 3 model view(s)
2026-03-06 10:12:26,049 - GOEmbeddingLoader - INFO - Loaded GO embeddings from /home/alexdoro/DATASETS/mf_proteins/mfp_balanced/bp_protein_embeddings_20260302_171152.csv (ontology=BP) matched=2764
2026-03-06 10:12:26,707 - GOEmbeddingLoader - INFO - Loaded GO embeddings from /home/alexdoro/DATASETS/mf_proteins/mfp_balanced/mf_protein_embeddings_20260302_171152.csv (ontology=MF) matched=2525
2026-03-06 10:12:27,449 - GOEmbeddingLoader - INFO - Loaded GO embeddings from /home/alexdoro/DATASETS/mf_proteins/mfp_balanced/cc_protein_embeddings_20260302_171152.csv (ontology=CC) matched=2873
2026-03-06 10:12:27,459 - GOEmbeddingLoader - INFO - Concatenated GO embeddings: total_dim=3000 ontologies=['BP', 'MF', 'CC']
2026-03-06 10:12:27,459 - EmbeddingService - INFO - Loaded embedding views: ['Ankh3-Large', 'ESM3c', 'GeOKG', 'Prost-T5']
2026-03-06 10:12:27,468 - EmbeddingBundle - INFO - Missing embeddings artifact written model=GeOKG path=artifacts/missing_gope.txt count=0
2026-03-06 10:12:27,473 - Pipeline - INFO - Zero-shot verified as isolated holdout.
2026-03-06 10:12:27,666 - Pipeline - INFO - Best single diagnostics seed=42 ablation=default model=XGB::Ankh3-Large n_val=500 class_distribution={'MF': 250, 'NMF': 250} macro_f1=1.0000 micro_f1=1.0000
2026-03-06 10:12:27,666 - Pipeline - INFO - Best single per-class F1 seed=42 ablation=default: {'MF': 1.0, 'NMF': 1.0}
2026-03-06 10:12:27,666 - Pipeline - WARNING - Validation F1 == 1.0 for seed=42 ablation=default model=XGB::Ankh3-Large; possible overfitting
2026-03-06 10:12:27,666 - Pipeline - WARNING - Best single confusion matrix seed=42 ablation=default model=XGB::Ankh3-Large:
[[250, 0], [0, 250]]
2026-03-06 10:12:28,099 - Pipeline - WARNING - Skipping benchmark variant=validation_weighted_soft_voting seed=42 ablation=default due to error: Labels in y_true and y_pred should be of the same type. Got y_true=['MF' 'NMF'] and y_pred=[0 1]. Make sure that the predictions provided by the classifier coincides with the true labels.
2026-03-06 10:12:28,229 - Pipeline - WARNING - Skipping benchmark variant=trainable_weights_soft_voting seed=42 ablation=default due to error: Labels in y_true and y_pred should be of the same type. Got y_true=['MF' 'NMF'] and y_pred=[0 1]. Make sure that the predictions provided by the classifier coincides with the true labels.
2026-03-06 10:12:29,158 - Pipeline - INFO - Benchmark seed=42 ablation=default variant=best_single val_f1=1.0000 test_f1=0.6985 zero_f1=0.6603 gap=0.3015
2026-03-06 10:12:29,158 - Pipeline - INFO - Benchmark seed=42 ablation=default variant=uniform_soft_voting val_f1=1.0000 test_f1=0.7217 zero_f1=0.7377 gap=0.2783
2026-03-06 10:12:29,158 - Pipeline - INFO - Benchmark seed=42 ablation=default variant=majority_global val_f1=1.0000 test_f1=0.7104 zero_f1=0.7546 gap=0.2896
2026-03-06 10:12:29,158 - Pipeline - INFO - Benchmark seed=42 ablation=default variant=majority_by_embedding val_f1=1.0000 test_f1=0.7104 zero_f1=0.7546 gap=0.2896
2026-03-06 10:12:29,158 - Pipeline - INFO - Benchmark seed=42 ablation=default variant=majority_by_classifier val_f1=1.0000 test_f1=0.7064 zero_f1=0.7507 gap=0.2936
2026-03-06 10:12:29,162 - Pipeline - INFO - Benchmark summary table:
Category  Variant                 Val F1  Test F1  Zero F1  ΔTest  ΔZero  Num  Weighting Strategy
--------  ----------------------  ------  -------  -------  -----  -----  ---  ------------------
Single    best_single             1.0000   0.6985   0.6603  0.0000  0.0000    1  n/a               
Ensemble  majority_by_classifier  1.0000   0.7064   0.7507  0.0078  0.0904    4  uniform           
Ensemble  majority_by_embedding   1.0000   0.7104   0.7546  0.0119  0.0943    4  uniform           
Ensemble  majority_global         1.0000   0.7104   0.7546  0.0119  0.0943    4  uniform           
Ensemble  uniform_soft_voting     1.0000   0.7217   0.7377  0.0232  0.0774    4  uniform           
2026-03-06 10:12:29,162 - Pipeline - INFO - Saved benchmark CSV artifact: /home/alexdoro/pec_data/results/global_benchmark/executions/run_seed_42/sweep/sweep_20260306_085412/results/benchmark_summary.csv
2026-03-06 10:12:29,162 - Pipeline - INFO - Saved benchmark JSON artifact: /home/alexdoro/pec_data/results/global_benchmark/executions/run_seed_42/sweep/sweep_20260306_085412/results/benchmark_summary.json
2026-03-06 10:12:29,162 - Pipeline - INFO - Saved benchmark multiseed CSV artifact: /home/alexdoro/pec_data/results/global_benchmark/executions/run_seed_42/sweep/sweep_20260306_085412/results/benchmark_multiseed_summary.csv
2026-03-06 10:12:29,162 - Pipeline - INFO - Saved benchmark multiseed JSON artifact: /home/alexdoro/pec_data/results/global_benchmark/executions/run_seed_42/sweep/sweep_20260306_085412/results/benchmark_multiseed_summary.json
2026-03-06 10:12:29,162 - Pipeline - INFO - Saved benchmark weight analysis artifact: /home/alexdoro/pec_data/results/global_benchmark/executions/run_seed_42/sweep/sweep_20260306_085412/results/benchmark_weights_analysis.json
2026-03-06 10:12:29,162 - Pipeline - INFO - Saved benchmark ablation summary artifact: /home/alexdoro/pec_data/results/global_benchmark/executions/run_seed_42/sweep/sweep_20260306_085412/results/benchmark_ablation_summary.csv
2026-03-06 10:12:29,163 - Pipeline - INFO - Global benchmark execution finished seed=42
2026-03-06 10:12:29,163 - Pipeline - INFO - Global benchmark execution start seed=43 output_root=/home/alexdoro/pec_data/results/global_benchmark/executions/run_seed_43
2026-03-06 10:12:29,163 - Pipeline - INFO - Running mode=sweep
2026-03-06 10:12:29,166 - ProteinLoader - INFO - Connecting with db
2026-03-06 10:12:29,180 - ProteinLoader - INFO - 3143 proteins found
2026-03-06 10:12:29,180 - LabelLoader - INFO - Loading labels from file
2026-03-06 10:12:29,241 - LabelLoader - INFO - Total labels assigned: 3143
2026-03-06 10:12:29,241 - LabelLoader - INFO - Missing proteins count: 3
2026-03-06 10:12:29,241 - IndependentValidationTrainTestSplit - INFO - Applying independent validation/train_test strategy
2026-03-06 10:12:29,241 - IndependentValidationTrainTestSplit - INFO - Dataset size: 3143
2026-03-06 10:12:29,255 - IndependentValidationTrainTestSplit - INFO - Validation split (csv): size=500 (15.91% of dataset)
2026-03-06 10:12:29,266 - IndependentValidationTrainTestSplit - INFO - Split Summary:
- Train size: 1932
- Validation size: 500
- Test size: 486
- Zero-shot size: 225
2026-03-06 10:12:29,266 - IndependentValidationTrainTestSplit - INFO - Train class distribution: {'NMF': 980, 'MF': 952}
2026-03-06 10:12:29,266 - IndependentValidationTrainTestSplit - INFO - Validation class distribution: {'MF': 250, 'NMF': 250}
2026-03-06 10:12:29,267 - IndependentValidationTrainTestSplit - INFO - Test class distribution: {'NMF': 229, 'MF': 257}
2026-03-06 10:12:29,267 - IndependentValidationTrainTestSplit - INFO - Zero-shot class distribution: {'MF': 114, 'NMF': 111}
2026-03-06 10:12:29,267 - IndependentValidationTrainTestSplit - INFO - Zero-shot organism distribution: {'Candida albicans (strain SC5314 / ATCC MYA-2876) (Yeast).': 26, 'Danio rerio (Zebrafish) (Brachydanio rerio).': 2, 'Sulfurisphaera tokodaii (strain DSM 16993 / JCM 10545 / NBRC 100140 / 7) (Sulfolobus tokodaii).': 2, 'Schistosoma mansoni (Blood fluke).': 2, 'Drosophila melanogaster (Fruit fly).': 46, 'Rattus norvegicus (Rat).': 33, 'Pyrococcus horikoshii (strain ATCC 700860 / DSM 12428 / JCM 9974 / NBRC 100139 / OT-3).': 2, 'Mycobacterium tuberculosis (strain ATCC 25618 / H37Rv).': 24, 'Equus caballus (Horse).': 2, 'Oryctolagus cuniculus (Rabbit).': 6, 'Bos taurus (Bovine).': 10, 'Dictyostelium discoideum (Social amoeba).': 2, 'Salmonella typhimurium (strain LT2 / SGSC1412 / ATCC 700720).': 2, 'Xenopus laevis (African clawed frog).': 2, 'Bacillus subtilis (strain 168).': 2, 'Hordeum vulgare (Barley).': 2, 'Caenorhabditis elegans.': 16, 'Trypanosoma brucei brucei (strain 927/4 GUTat10.1).': 2, 'Leishmania mexicana.': 2, 'Spinacia oleracea (Spinach).': 2, 'Methanocaldococcus jannaschii (strain ATCC 43067 / DSM 2661 / JAL-1 / JCM 10045 / NBRC 100440) (Methanococcus jannaschii).': 2, 'Thermococcus kodakarensis (strain ATCC BAA-918 / JCM 12380 / KOD1) (Pyrococcus kodakaraensis (strain KOD1)).': 4, 'Legionella pneumophila subsp. pneumophila (strain Philadelphia 1 / ATCC 33152 / DSM 7513).': 2, 'Candida glabrata (strain ATCC 2001 / BCRC 20586 / JCM 3761 / NBRC 0622 / NRRL Y-65 / CBS 138) (Yeast) (Nakaseomyces glabratus).': 4, 'Pisum sativum (Garden pea) (Lathyrus oleraceus).': 2, 'Onchocerca volvulus.': 2, 'Pyrococcus furiosus (strain ATCC 43587 / DSM 3638 / JCM 8422 / Vc1).': 2, 'Komagataella phaffii (strain GS115 / ATCC 20864) (Yeast) (Pichia pastoris).': 2, 'Saccharolobus solfataricus (strain ATCC 35092 / DSM 1617 / JCM 11322 / P2) (Sulfolobus solfataricus).': 4, 'Streptomyces coelicolor (strain ATCC BAA-471 / A3(2) / M145).': 2, 'Capra hircus (Goat).': 2, 'Schizosaccharomyces pombe (strain 972 / ATCC 24843) (Fission yeast).': 2, 'Cavia porcellus (Guinea pig).': 2, 'Chlamydomonas reinhardtii (Chlamydomonas smithii).': 2, 'Picrophilus torridus (strain ATCC 700027 / DSM 9790 / JCM 10055 / NBRC 100828 / KAW 2/3).': 2, 'Oryza sativa subsp. japonica (Rice).': 2}
2026-03-06 10:12:29,267 - IndependentValidationTrainTestSplit - INFO - Zero-shot verified as isolated holdout.
2026-03-06 10:12:29,267 - DatasetBuilder - INFO - DatasetBuilder produced bundle with 1932 train, 500 val, 486 test, 225 zero-shot
2026-03-06 10:12:29,267 - Pipeline - INFO - Dataset snapshot already exists: /home/alexdoro/pec_data/results/global_benchmark/executions/run_seed_43/dataset/default_dataset.csv
2026-03-06 10:12:29,268 - SequenceEmbeddingLoader - INFO - Loading sequence embeddings for 3 model(s)
2026-03-06 10:12:29,661 - SequenceEmbeddingLoader - INFO - Loaded sequence model=ESM3c accessions=3143 layers=[0]
2026-03-06 10:12:30,152 - SequenceEmbeddingLoader - INFO - Loaded sequence model=Ankh3-Large accessions=3143 layers=[0]
2026-03-06 10:12:30,476 - SequenceEmbeddingLoader - INFO - Loaded sequence model=Prost-T5 accessions=3143 layers=[0]
2026-03-06 10:12:30,478 - LayerAggregationStrategy - INFO - Aggregation mode=none produced 3 model view(s)
2026-03-06 10:12:31,190 - GOEmbeddingLoader - INFO - Loaded GO embeddings from /home/alexdoro/DATASETS/mf_proteins/mfp_balanced/bp_protein_embeddings_20260302_171152.csv (ontology=BP) matched=2764
2026-03-06 10:12:31,856 - GOEmbeddingLoader - INFO - Loaded GO embeddings from /home/alexdoro/DATASETS/mf_proteins/mfp_balanced/mf_protein_embeddings_20260302_171152.csv (ontology=MF) matched=2525
2026-03-06 10:12:32,604 - GOEmbeddingLoader - INFO - Loaded GO embeddings from /home/alexdoro/DATASETS/mf_proteins/mfp_balanced/cc_protein_embeddings_20260302_171152.csv (ontology=CC) matched=2873
2026-03-06 10:12:32,613 - GOEmbeddingLoader - INFO - Concatenated GO embeddings: total_dim=3000 ontologies=['BP', 'MF', 'CC']
2026-03-06 10:12:32,614 - EmbeddingService - INFO - Loaded embedding views: ['Ankh3-Large', 'ESM3c', 'GeOKG', 'Prost-T5']
2026-03-06 10:12:32,622 - EmbeddingBundle - INFO - Missing embeddings artifact written model=GeOKG path=artifacts/missing_gope.txt count=0
2026-03-06 10:12:32,628 - Pipeline - INFO - Sweep mode configured for all classifiers: ['KNN-2', 'LR', 'MLP', 'RF', 'SVM', 'XGB']
2026-03-06 10:12:32,628 - Pipeline - INFO - Starting classifier sweep model_type=LR config_path=config/model_sweep/sweep_config_lr.yaml
wandb: Tracking run with wandb version 0.25.0
wandb: W&B syncing is set to `offline` in this directory. Run `wandb online` or set WANDB_MODE=online to enable cloud syncing.
wandb: Run data is saved locally in /home/alexdoro/repositories/protein-embedding-classifier/wandb/offline-run-20260306_101232-p4jke886
2026-03-06 10:12:32,759 - TrainingService - INFO - Normalization mode: none
2026-03-06 10:12:32,759 - TrainingService - INFO - Training model_type=LR embedding=Ankh3-Large train_shape=(1932, 1536) val_shape=(500, 1536)
2026-03-06 10:12:32,955 - TrainingService - INFO - Trained model_type=LR embedding=Ankh3-Large f1_score=0.552916
wandb: 
wandb: Run history:
wandb:  test_accuracy ▁
wandb:        test_f1 ▁
wandb:        test_fn ▁
wandb:        test_fp ▁
wandb:    test_pr_auc ▁
wandb: test_precision ▁
wandb:    test_recall ▁
wandb:   test_roc_auc ▁
wandb:        test_tn ▁
wandb:        test_tp ▁
wandb:            +11 ...
wandb: 
wandb: Run summary:
wandb: embedding_name Ankh3-Large
wandb:     model_type LR
wandb:  test_accuracy 0.65844
wandb:        test_f1 0.6626
wandb:        test_fn 66
wandb:        test_fp 100
wandb:    test_pr_auc 0.69979
wandb: test_precision 0.61977
wandb:    test_recall 0.71179
wandb:   test_roc_auc 0.73182
wandb:            +14 ...
wandb: 
wandb: You can sync this run to the cloud by running:
wandb: wandb sync /home/alexdoro/repositories/protein-embedding-classifier/wandb/offline-run-20260306_101232-p4jke886
wandb: Find logs at: ./wandb/offline-run-20260306_101232-p4jke886/logs
wandb: Tracking run with wandb version 0.25.0
wandb: W&B syncing is set to `offline` in this directory. Run `wandb online` or set WANDB_MODE=online to enable cloud syncing.
wandb: Run data is saved locally in /home/alexdoro/repositories/protein-embedding-classifier/wandb/offline-run-20260306_101232-e8xnf5xq
2026-03-06 10:12:33,133 - TrainingService - INFO - Normalization mode: none
2026-03-06 10:12:33,133 - TrainingService - INFO - Training model_type=LR embedding=ESM3c train_shape=(1932, 1152) val_shape=(500, 1152)
/home/alexdoro/.cache/pypoetry/virtualenvs/protein-embedding-classifier-l632joPH-py3.11/lib/python3.11/site-packages/sklearn/linear_model/_logistic.py:406: ConvergenceWarning: lbfgs failed to converge after 100 iteration(s) (status=1):
STOP: TOTAL NO. OF ITERATIONS REACHED LIMIT

Increase the number of iterations to improve the convergence (max_iter=100).
You might also want to scale the data as shown in:
    https://scikit-learn.org/stable/modules/preprocessing.html
Please also refer to the documentation for alternative solver options:
    https://scikit-learn.org/stable/modules/linear_model.html#logistic-regression
  n_iter_i = _check_optimize_result(
2026-03-06 10:12:34,667 - TrainingService - INFO - Trained model_type=LR embedding=ESM3c f1_score=0.498925
wandb: 
wandb: Run history:
wandb:  test_accuracy ▁
wandb:        test_f1 ▁
wandb:        test_fn ▁
wandb:        test_fp ▁
wandb:    test_pr_auc ▁
wandb: test_precision ▁
wandb:    test_recall ▁
wandb:   test_roc_auc ▁
wandb:        test_tn ▁
wandb:        test_tp ▁
wandb:            +11 ...
wandb: 
wandb: Run summary:
wandb: embedding_name ESM3c
wandb:     model_type LR
wandb:  test_accuracy 0.65226
wandb:        test_f1 0.63656
wandb:        test_fn 81
wandb:        test_fp 88
wandb:    test_pr_auc 0.69046
wandb: test_precision 0.62712
wandb:    test_recall 0.64629
wandb:   test_roc_auc 0.72153
wandb:            +14 ...
wandb: 
wandb: You can sync this run to the cloud by running:
wandb: wandb sync /home/alexdoro/repositories/protein-embedding-classifier/wandb/offline-run-20260306_101232-e8xnf5xq
wandb: Find logs at: ./wandb/offline-run-20260306_101232-e8xnf5xq/logs
wandb: Tracking run with wandb version 0.25.0
wandb: W&B syncing is set to `offline` in this directory. Run `wandb online` or set WANDB_MODE=online to enable cloud syncing.
wandb: Run data is saved locally in /home/alexdoro/repositories/protein-embedding-classifier/wandb/offline-run-20260306_101234-izwbry8d
2026-03-06 10:12:34,838 - TrainingService - INFO - Normalization mode: none
2026-03-06 10:12:34,839 - TrainingService - INFO - Training model_type=LR embedding=GeOKG train_shape=(1932, 3000) val_shape=(500, 3000)
/home/alexdoro/.cache/pypoetry/virtualenvs/protein-embedding-classifier-l632joPH-py3.11/lib/python3.11/site-packages/sklearn/linear_model/_logistic.py:406: ConvergenceWarning: lbfgs failed to converge after 100 iteration(s) (status=1):
STOP: TOTAL NO. OF ITERATIONS REACHED LIMIT

Increase the number of iterations to improve the convergence (max_iter=100).
You might also want to scale the data as shown in:
    https://scikit-learn.org/stable/modules/preprocessing.html
Please also refer to the documentation for alternative solver options:
    https://scikit-learn.org/stable/modules/linear_model.html#logistic-regression
  n_iter_i = _check_optimize_result(
2026-03-06 10:12:35,802 - TrainingService - INFO - Trained model_type=LR embedding=GeOKG f1_score=0.579048
wandb: 
wandb: Run history:
wandb:  test_accuracy ▁
wandb:        test_f1 ▁
wandb:        test_fn ▁
wandb:        test_fp ▁
wandb:    test_pr_auc ▁
wandb: test_precision ▁
wandb:    test_recall ▁
wandb:   test_roc_auc ▁
wandb:        test_tn ▁
wandb:        test_tp ▁
wandb:            +11 ...
wandb: 
wandb: Run summary:
wandb: embedding_name GeOKG
wandb:     model_type LR
wandb:  test_accuracy 0.73868
wandb:        test_f1 0.72688
wandb:        test_fn 60
wandb:        test_fp 67
wandb:    test_pr_auc 0.74634
wandb: test_precision 0.7161
wandb:    test_recall 0.73799
wandb:   test_roc_auc 0.78079
wandb:            +14 ...
wandb: 
wandb: You can sync this run to the cloud by running:
wandb: wandb sync /home/alexdoro/repositories/protein-embedding-classifier/wandb/offline-run-20260306_101234-izwbry8d
wandb: Find logs at: ./wandb/offline-run-20260306_101234-izwbry8d/logs
wandb: Tracking run with wandb version 0.25.0
wandb: W&B syncing is set to `offline` in this directory. Run `wandb online` or set WANDB_MODE=online to enable cloud syncing.
wandb: Run data is saved locally in /home/alexdoro/repositories/protein-embedding-classifier/wandb/offline-run-20260306_101235-avg39ahl
2026-03-06 10:12:35,980 - TrainingService - INFO - Normalization mode: none
2026-03-06 10:12:35,980 - TrainingService - INFO - Training model_type=LR embedding=Prost-T5 train_shape=(1932, 1024) val_shape=(500, 1024)
2026-03-06 10:12:36,246 - TrainingService - INFO - Trained model_type=LR embedding=Prost-T5 f1_score=0.548857
wandb: 
wandb: Run history:
wandb:  test_accuracy ▁
wandb:        test_f1 ▁
wandb:        test_fn ▁
wandb:        test_fp ▁
wandb:    test_pr_auc ▁
wandb: test_precision ▁
wandb:    test_recall ▁
wandb:   test_roc_auc ▁
wandb:        test_tn ▁
wandb:        test_tp ▁
wandb:            +11 ...
wandb: 
wandb: Run summary:
wandb: embedding_name Prost-T5
wandb:     model_type LR
wandb:  test_accuracy 0.69959
wandb:        test_f1 0.68803
wandb:        test_fn 68
wandb:        test_fp 78
wandb:    test_pr_auc 0.73071
wandb: test_precision 0.67364
wandb:    test_recall 0.70306
wandb:   test_roc_auc 0.76232
wandb:            +14 ...
wandb: 
wandb: You can sync this run to the cloud by running:
wandb: wandb sync /home/alexdoro/repositories/protein-embedding-classifier/wandb/offline-run-20260306_101235-avg39ahl
wandb: Find logs at: ./wandb/offline-run-20260306_101235-avg39ahl/logs
2026-03-06 10:12:36,259 - SweepService - INFO - Sweep completed model_type=LR best_embedding=GeOKG f1_score=0.579048
2026-03-06 10:12:36,259 - Pipeline - INFO - Finished classifier sweep model_type=LR best_embedding=GeOKG validation_f1=0.579048
2026-03-06 10:12:36,262 - TrainingService - INFO - Normalization mode: none
2026-03-06 10:12:36,266 - TrainingService - INFO - Training model_type=LR embedding=Ankh3-Large train_shape=(2432, 1536) val_shape=(500, 1536)
2026-03-06 10:12:36,620 - TrainingService - INFO - Trained model_type=LR embedding=Ankh3-Large f1_score=0.605263
wandb: Tracking run with wandb version 0.25.0
wandb: W&B syncing is set to `offline` in this directory. Run `wandb online` or set WANDB_MODE=online to enable cloud syncing.
wandb: Run data is saved locally in /home/alexdoro/repositories/protein-embedding-classifier/wandb/offline-run-20260306_101236-pdhujyvg
wandb: 
wandb: Run history:
wandb:  test_accuracy ▁
wandb:        test_f1 ▁
wandb:        test_fn ▁
wandb:        test_fp ▁
wandb:    test_pr_auc ▁
wandb: test_precision ▁
wandb:    test_recall ▁
wandb:   test_roc_auc ▁
wandb:        test_tn ▁
wandb:        test_tp ▁
wandb: 
wandb: Run summary:
wandb:  test_accuracy 0.65226
wandb:        test_f1 0.66132
wandb:        test_fn 64
wandb:        test_fp 105
wandb:    test_pr_auc 0.70015
wandb: test_precision 0.61111
wandb:    test_recall 0.72052
wandb:   test_roc_auc 0.73004
wandb:        test_tn 152
wandb:        test_tp 165
wandb: 
wandb: You can sync this run to the cloud by running:
wandb: wandb sync /home/alexdoro/repositories/protein-embedding-classifier/wandb/offline-run-20260306_101236-pdhujyvg
wandb: Find logs at: ./wandb/offline-run-20260306_101236-pdhujyvg/logs
2026-03-06 10:12:36,760 - TrainingService - INFO - Normalization mode: none
2026-03-06 10:12:36,761 - TrainingService - INFO - Training model_type=LR embedding=ESM3c train_shape=(2432, 1152) val_shape=(500, 1152)
/home/alexdoro/.cache/pypoetry/virtualenvs/protein-embedding-classifier-l632joPH-py3.11/lib/python3.11/site-packages/sklearn/linear_model/_logistic.py:406: ConvergenceWarning: lbfgs failed to converge after 100 iteration(s) (status=1):
STOP: TOTAL NO. OF ITERATIONS REACHED LIMIT

Increase the number of iterations to improve the convergence (max_iter=100).
You might also want to scale the data as shown in:
    https://scikit-learn.org/stable/modules/preprocessing.html
Please also refer to the documentation for alternative solver options:
    https://scikit-learn.org/stable/modules/linear_model.html#logistic-regression
  n_iter_i = _check_optimize_result(
2026-03-06 10:12:37,912 - TrainingService - INFO - Trained model_type=LR embedding=ESM3c f1_score=0.786008
wandb: Tracking run with wandb version 0.25.0
wandb: W&B syncing is set to `offline` in this directory. Run `wandb online` or set WANDB_MODE=online to enable cloud syncing.
wandb: Run data is saved locally in /home/alexdoro/repositories/protein-embedding-classifier/wandb/offline-run-20260306_101237-rvcv8fuo
wandb: 
wandb: Run history:
wandb:  test_accuracy ▁
wandb:        test_f1 ▁
wandb:        test_fn ▁
wandb:        test_fp ▁
wandb:    test_pr_auc ▁
wandb: test_precision ▁
wandb:    test_recall ▁
wandb:   test_roc_auc ▁
wandb:        test_tn ▁
wandb:        test_tp ▁
wandb: 
wandb: Run summary:
wandb:  test_accuracy 0.66049
wandb:        test_f1 0.64819
wandb:        test_fn 77
wandb:        test_fp 88
wandb:    test_pr_auc 0.68392
wandb: test_precision 0.63333
wandb:    test_recall 0.66376
wandb:   test_roc_auc 0.71867
wandb:        test_tn 169
wandb:        test_tp 152
wandb: 
wandb: You can sync this run to the cloud by running:
wandb: wandb sync /home/alexdoro/repositories/protein-embedding-classifier/wandb/offline-run-20260306_101237-rvcv8fuo
wandb: Find logs at: ./wandb/offline-run-20260306_101237-rvcv8fuo/logs
2026-03-06 10:12:38,053 - TrainingService - INFO - Normalization mode: none
2026-03-06 10:12:38,054 - TrainingService - INFO - Training model_type=LR embedding=GeOKG train_shape=(2432, 3000) val_shape=(500, 3000)
/home/alexdoro/.cache/pypoetry/virtualenvs/protein-embedding-classifier-l632joPH-py3.11/lib/python3.11/site-packages/sklearn/linear_model/_logistic.py:406: ConvergenceWarning: lbfgs failed to converge after 100 iteration(s) (status=1):
STOP: TOTAL NO. OF ITERATIONS REACHED LIMIT

Increase the number of iterations to improve the convergence (max_iter=100).
You might also want to scale the data as shown in:
    https://scikit-learn.org/stable/modules/preprocessing.html
Please also refer to the documentation for alternative solver options:
    https://scikit-learn.org/stable/modules/linear_model.html#logistic-regression
  n_iter_i = _check_optimize_result(
2026-03-06 10:12:39,173 - TrainingService - INFO - Trained model_type=LR embedding=GeOKG f1_score=0.827723
wandb: Tracking run with wandb version 0.25.0
wandb: W&B syncing is set to `offline` in this directory. Run `wandb online` or set WANDB_MODE=online to enable cloud syncing.
wandb: Run data is saved locally in /home/alexdoro/repositories/protein-embedding-classifier/wandb/offline-run-20260306_101239-ceb9d331
wandb: 
wandb: Run history:
wandb:  test_accuracy ▁
wandb:        test_f1 ▁
wandb:        test_fn ▁
wandb:        test_fp ▁
wandb:    test_pr_auc ▁
wandb: test_precision ▁
wandb:    test_recall ▁
wandb:   test_roc_auc ▁
wandb:        test_tn ▁
wandb:        test_tp ▁
wandb: 
wandb: Run summary:
wandb:  test_accuracy 0.71605
wandb:        test_f1 0.69058
wandb:        test_fn 75
wandb:        test_fp 63
wandb:    test_pr_auc 0.75509
wandb: test_precision 0.70968
wandb:    test_recall 0.67249
wandb:   test_roc_auc 0.76997
wandb:        test_tn 194
wandb:        test_tp 154
wandb: 
wandb: You can sync this run to the cloud by running:
wandb: wandb sync /home/alexdoro/repositories/protein-embedding-classifier/wandb/offline-run-20260306_101239-ceb9d331
wandb: Find logs at: ./wandb/offline-run-20260306_101239-ceb9d331/logs
2026-03-06 10:12:39,318 - TrainingService - INFO - Normalization mode: none
2026-03-06 10:12:39,319 - TrainingService - INFO - Training model_type=LR embedding=Prost-T5 train_shape=(2432, 1024) val_shape=(500, 1024)
2026-03-06 10:12:39,482 - TrainingService - INFO - Trained model_type=LR embedding=Prost-T5 f1_score=0.644351
wandb: Tracking run with wandb version 0.25.0
wandb: W&B syncing is set to `offline` in this directory. Run `wandb online` or set WANDB_MODE=online to enable cloud syncing.
wandb: Run data is saved locally in /home/alexdoro/repositories/protein-embedding-classifier/wandb/offline-run-20260306_101239-yc7b0d4b
wandb: 
wandb: Run history:
wandb:  test_accuracy ▁
wandb:        test_f1 ▁
wandb:        test_fn ▁
wandb:        test_fp ▁
wandb:    test_pr_auc ▁
wandb: test_precision ▁
wandb:    test_recall ▁
wandb:   test_roc_auc ▁
wandb:        test_tn ▁
wandb:        test_tp ▁
wandb: 
wandb: Run summary:
wandb:  test_accuracy 0.67901
wandb:        test_f1 0.66667
wandb:        test_fn 73
wandb:        test_fp 83
wandb:    test_pr_auc 0.72099
wandb: test_precision 0.65272
wandb:    test_recall 0.68122
wandb:   test_roc_auc 0.74946
wandb:        test_tn 174
wandb:        test_tp 156
wandb: 
wandb: You can sync this run to the cloud by running:
wandb: wandb sync /home/alexdoro/repositories/protein-embedding-classifier/wandb/offline-run-20260306_101239-yc7b0d4b
wandb: Find logs at: ./wandb/offline-run-20260306_101239-yc7b0d4b/logs
2026-03-06 10:12:39,624 - Pipeline - INFO - Starting classifier sweep model_type=SVM config_path=config/model_sweep/sweep_config_svm.yaml
wandb: Tracking run with wandb version 0.25.0
wandb: W&B syncing is set to `offline` in this directory. Run `wandb online` or set WANDB_MODE=online to enable cloud syncing.
wandb: Run data is saved locally in /home/alexdoro/repositories/protein-embedding-classifier/wandb/offline-run-20260306_101239-mly1wodh
2026-03-06 10:12:39,787 - TrainingService - INFO - Normalization mode: none
2026-03-06 10:12:39,787 - TrainingService - INFO - Training model_type=SVM embedding=Ankh3-Large train_shape=(1932, 1536) val_shape=(500, 1536)
2026-03-06 10:12:42,240 - TrainingService - INFO - Trained model_type=SVM embedding=Ankh3-Large f1_score=0.541126
wandb: 
wandb: Run history:
wandb:  test_accuracy ▁
wandb:        test_f1 ▁
wandb:        test_fn ▁
wandb:        test_fp ▁
wandb:    test_pr_auc ▁
wandb: test_precision ▁
wandb:    test_recall ▁
wandb:   test_roc_auc ▁
wandb:        test_tn ▁
wandb:        test_tp ▁
wandb:            +11 ...
wandb: 
wandb: Run summary:
wandb: embedding_name Ankh3-Large
wandb:     model_type SVM
wandb:  test_accuracy 0.72222
wandb:        test_f1 0.71338
wandb:        test_fn 61
wandb:        test_fp 74
wandb:    test_pr_auc 0.78301
wandb: test_precision 0.69421
wandb:    test_recall 0.73362
wandb:   test_roc_auc 0.801
wandb:            +14 ...
wandb: 
wandb: You can sync this run to the cloud by running:
wandb: wandb sync /home/alexdoro/repositories/protein-embedding-classifier/wandb/offline-run-20260306_101239-mly1wodh
wandb: Find logs at: ./wandb/offline-run-20260306_101239-mly1wodh/logs
wandb: Tracking run with wandb version 0.25.0
wandb: W&B syncing is set to `offline` in this directory. Run `wandb online` or set WANDB_MODE=online to enable cloud syncing.
wandb: Run data is saved locally in /home/alexdoro/repositories/protein-embedding-classifier/wandb/offline-run-20260306_101242-xd3dm741
2026-03-06 10:12:42,408 - TrainingService - INFO - Normalization mode: none
2026-03-06 10:12:42,409 - TrainingService - INFO - Training model_type=SVM embedding=ESM3c train_shape=(1932, 1152) val_shape=(500, 1152)
2026-03-06 10:12:44,279 - TrainingService - INFO - Trained model_type=SVM embedding=ESM3c f1_score=0.516411
wandb: 
wandb: Run history:
wandb:  test_accuracy ▁
wandb:        test_f1 ▁
wandb:        test_fn ▁
wandb:        test_fp ▁
wandb:    test_pr_auc ▁
wandb: test_precision ▁
wandb:    test_recall ▁
wandb:   test_roc_auc ▁
wandb:        test_tn ▁
wandb:        test_tp ▁
wandb:            +11 ...
wandb: 
wandb: Run summary:
wandb: embedding_name ESM3c
wandb:     model_type SVM
wandb:  test_accuracy 0.69753
wandb:        test_f1 0.68387
wandb:        test_fn 70
wandb:        test_fp 77
wandb:    test_pr_auc 0.75568
wandb: test_precision 0.67373
wandb:    test_recall 0.69432
wandb:   test_roc_auc 0.7777
wandb:            +14 ...
wandb: 
wandb: You can sync this run to the cloud by running:
wandb: wandb sync /home/alexdoro/repositories/protein-embedding-classifier/wandb/offline-run-20260306_101242-xd3dm741
wandb: Find logs at: ./wandb/offline-run-20260306_101242-xd3dm741/logs
wandb: Tracking run with wandb version 0.25.0
wandb: W&B syncing is set to `offline` in this directory. Run `wandb online` or set WANDB_MODE=online to enable cloud syncing.
wandb: Run data is saved locally in /home/alexdoro/repositories/protein-embedding-classifier/wandb/offline-run-20260306_101244-zd6ygt0j
2026-03-06 10:12:44,442 - TrainingService - INFO - Normalization mode: none
2026-03-06 10:12:44,443 - TrainingService - INFO - Training model_type=SVM embedding=GeOKG train_shape=(1932, 3000) val_shape=(500, 3000)
2026-03-06 10:12:53,238 - TrainingService - INFO - Trained model_type=SVM embedding=GeOKG f1_score=0.639576
wandb: 
wandb: Run history:
wandb:  test_accuracy ▁
wandb:        test_f1 ▁
wandb:        test_fn ▁
wandb:        test_fp ▁
wandb:    test_pr_auc ▁
wandb: test_precision ▁
wandb:    test_recall ▁
wandb:   test_roc_auc ▁
wandb:        test_tn ▁
wandb:        test_tp ▁
wandb:            +11 ...
wandb: 
wandb: Run summary:
wandb: embedding_name GeOKG
wandb:     model_type SVM
wandb:  test_accuracy 0.75103
wandb:        test_f1 0.73753
wandb:        test_fn 59
wandb:        test_fp 62
wandb:    test_pr_auc 0.78103
wandb: test_precision 0.73276
wandb:    test_recall 0.74236
wandb:   test_roc_auc 0.80066
wandb:            +14 ...
wandb: 
wandb: You can sync this run to the cloud by running:
wandb: wandb sync /home/alexdoro/repositories/protein-embedding-classifier/wandb/offline-run-20260306_101244-zd6ygt0j
wandb: Find logs at: ./wandb/offline-run-20260306_101244-zd6ygt0j/logs
wandb: Tracking run with wandb version 0.25.0
wandb: W&B syncing is set to `offline` in this directory. Run `wandb online` or set WANDB_MODE=online to enable cloud syncing.
wandb: Run data is saved locally in /home/alexdoro/repositories/protein-embedding-classifier/wandb/offline-run-20260306_101253-ebieuldm
2026-03-06 10:12:53,412 - TrainingService - INFO - Normalization mode: none
2026-03-06 10:12:53,413 - TrainingService - INFO - Training model_type=SVM embedding=Prost-T5 train_shape=(1932, 1024) val_shape=(500, 1024)
2026-03-06 10:12:55,080 - TrainingService - INFO - Trained model_type=SVM embedding=Prost-T5 f1_score=0.567850
wandb: 
wandb: Run history:
wandb:  test_accuracy ▁
wandb:        test_f1 ▁
wandb:        test_fn ▁
wandb:        test_fp ▁
wandb:    test_pr_auc ▁
wandb: test_precision ▁
wandb:    test_recall ▁
wandb:   test_roc_auc ▁
wandb:        test_tn ▁
wandb:        test_tp ▁
wandb:            +11 ...
wandb: 
wandb: Run summary:
wandb: embedding_name Prost-T5
wandb:     model_type SVM
wandb:  test_accuracy 0.71605
wandb:        test_f1 0.70259
wandb:        test_fn 66
wandb:        test_fp 72
wandb:    test_pr_auc 0.7509
wandb: test_precision 0.69362
wandb:    test_recall 0.71179
wandb:   test_roc_auc 0.78276
wandb:            +14 ...
wandb: 
wandb: You can sync this run to the cloud by running:
wandb: wandb sync /home/alexdoro/repositories/protein-embedding-classifier/wandb/offline-run-20260306_101253-ebieuldm
wandb: Find logs at: ./wandb/offline-run-20260306_101253-ebieuldm/logs
2026-03-06 10:12:55,084 - SweepService - INFO - Sweep completed model_type=SVM best_embedding=GeOKG f1_score=0.639576
2026-03-06 10:12:55,084 - Pipeline - INFO - Finished classifier sweep model_type=SVM best_embedding=GeOKG validation_f1=0.639576
2026-03-06 10:12:55,086 - TrainingService - INFO - Normalization mode: none
2026-03-06 10:12:55,087 - TrainingService - INFO - Training model_type=SVM embedding=Ankh3-Large train_shape=(2432, 1536) val_shape=(500, 1536)
2026-03-06 10:12:59,075 - TrainingService - INFO - Trained model_type=SVM embedding=Ankh3-Large f1_score=0.703863
wandb: Tracking run with wandb version 0.25.0
wandb: W&B syncing is set to `offline` in this directory. Run `wandb online` or set WANDB_MODE=online to enable cloud syncing.
wandb: Run data is saved locally in /home/alexdoro/repositories/protein-embedding-classifier/wandb/offline-run-20260306_101259-7h3c9s2m
wandb: 
wandb: Run history:
wandb:  test_accuracy ▁
wandb:        test_f1 ▁
wandb:        test_fn ▁
wandb:        test_fp ▁
wandb:    test_pr_auc ▁
wandb: test_precision ▁
wandb:    test_recall ▁
wandb:   test_roc_auc ▁
wandb:        test_tn ▁
wandb:        test_tp ▁
wandb: 
wandb: Run summary:
wandb:  test_accuracy 0.73251
wandb:        test_f1 0.72574
wandb:        test_fn 57
wandb:        test_fp 73
wandb:    test_pr_auc 0.78043
wandb: test_precision 0.70204
wandb:    test_recall 0.75109
wandb:   test_roc_auc 0.7968
wandb:        test_tn 184
wandb:        test_tp 172
wandb: 
wandb: You can sync this run to the cloud by running:
wandb: wandb sync /home/alexdoro/repositories/protein-embedding-classifier/wandb/offline-run-20260306_101259-7h3c9s2m
wandb: Find logs at: ./wandb/offline-run-20260306_101259-7h3c9s2m/logs
2026-03-06 10:12:59,212 - TrainingService - INFO - Normalization mode: none
2026-03-06 10:12:59,213 - TrainingService - INFO - Training model_type=SVM embedding=ESM3c train_shape=(2432, 1152) val_shape=(500, 1152)
2026-03-06 10:13:02,223 - TrainingService - INFO - Trained model_type=SVM embedding=ESM3c f1_score=0.750000
wandb: Tracking run with wandb version 0.25.0
wandb: W&B syncing is set to `offline` in this directory. Run `wandb online` or set WANDB_MODE=online to enable cloud syncing.
wandb: Run data is saved locally in /home/alexdoro/repositories/protein-embedding-classifier/wandb/offline-run-20260306_101302-w3nq01ka
wandb: 
wandb: Run history:
wandb:  test_accuracy ▁
wandb:        test_f1 ▁
wandb:        test_fn ▁
wandb:        test_fp ▁
wandb:    test_pr_auc ▁
wandb: test_precision ▁
wandb:    test_recall ▁
wandb:   test_roc_auc ▁
wandb:        test_tn ▁
wandb:        test_tp ▁
wandb: 
wandb: Run summary:
wandb:  test_accuracy 0.69753
wandb:        test_f1 0.68387
wandb:        test_fn 70
wandb:        test_fp 77
wandb:    test_pr_auc 0.74827
wandb: test_precision 0.67373
wandb:    test_recall 0.69432
wandb:   test_roc_auc 0.7734
wandb:        test_tn 180
wandb:        test_tp 159
wandb: 
wandb: You can sync this run to the cloud by running:
wandb: wandb sync /home/alexdoro/repositories/protein-embedding-classifier/wandb/offline-run-20260306_101302-w3nq01ka
wandb: Find logs at: ./wandb/offline-run-20260306_101302-w3nq01ka/logs
2026-03-06 10:13:02,364 - TrainingService - INFO - Normalization mode: none
2026-03-06 10:13:02,365 - TrainingService - INFO - Training model_type=SVM embedding=GeOKG train_shape=(2432, 3000) val_shape=(500, 3000)
2026-03-06 10:13:18,920 - TrainingService - INFO - Trained model_type=SVM embedding=GeOKG f1_score=0.909091
wandb: Tracking run with wandb version 0.25.0
wandb: W&B syncing is set to `offline` in this directory. Run `wandb online` or set WANDB_MODE=online to enable cloud syncing.
wandb: Run data is saved locally in /home/alexdoro/repositories/protein-embedding-classifier/wandb/offline-run-20260306_101318-yu79edhv
wandb: 
wandb: Run history:
wandb:  test_accuracy ▁
wandb:        test_f1 ▁
wandb:        test_fn ▁
wandb:        test_fp ▁
wandb:    test_pr_auc ▁
wandb: test_precision ▁
wandb:    test_recall ▁
wandb:   test_roc_auc ▁
wandb:        test_tn ▁
wandb:        test_tp ▁
wandb: 
wandb: Run summary:
wandb:  test_accuracy 0.73251
wandb:        test_f1 0.71239
wandb:        test_fn 68
wandb:        test_fp 62
wandb:    test_pr_auc 0.79014
wandb: test_precision 0.72197
wandb:    test_recall 0.70306
wandb:   test_roc_auc 0.80711
wandb:        test_tn 195
wandb:        test_tp 161
wandb: 
wandb: You can sync this run to the cloud by running:
wandb: wandb sync /home/alexdoro/repositories/protein-embedding-classifier/wandb/offline-run-20260306_101318-yu79edhv
wandb: Find logs at: ./wandb/offline-run-20260306_101318-yu79edhv/logs
2026-03-06 10:13:19,090 - TrainingService - INFO - Normalization mode: none
2026-03-06 10:13:19,091 - TrainingService - INFO - Training model_type=SVM embedding=Prost-T5 train_shape=(2432, 1024) val_shape=(500, 1024)
2026-03-06 10:13:21,791 - TrainingService - INFO - Trained model_type=SVM embedding=Prost-T5 f1_score=0.797495
wandb: Tracking run with wandb version 0.25.0
wandb: W&B syncing is set to `offline` in this directory. Run `wandb online` or set WANDB_MODE=online to enable cloud syncing.
wandb: Run data is saved locally in /home/alexdoro/repositories/protein-embedding-classifier/wandb/offline-run-20260306_101321-saupzpo8
wandb: 
wandb: Run history:
wandb:  test_accuracy ▁
wandb:        test_f1 ▁
wandb:        test_fn ▁
wandb:        test_fp ▁
wandb:    test_pr_auc ▁
wandb: test_precision ▁
wandb:    test_recall ▁
wandb:   test_roc_auc ▁
wandb:        test_tn ▁
wandb:        test_tp ▁
wandb: 
wandb: Run summary:
wandb:  test_accuracy 0.70165
wandb:        test_f1 0.68817
wandb:        test_fn 69
wandb:        test_fp 76
wandb:    test_pr_auc 0.72621
wandb: test_precision 0.67797
wandb:    test_recall 0.69869
wandb:   test_roc_auc 0.76842
wandb:        test_tn 181
wandb:        test_tp 160
wandb: 
wandb: You can sync this run to the cloud by running:
wandb: wandb sync /home/alexdoro/repositories/protein-embedding-classifier/wandb/offline-run-20260306_101321-saupzpo8
wandb: Find logs at: ./wandb/offline-run-20260306_101321-saupzpo8/logs
2026-03-06 10:13:21,927 - Pipeline - INFO - Starting classifier sweep model_type=RF config_path=config/model_sweep/sweep_config_rf.yaml
wandb: Tracking run with wandb version 0.25.0
wandb: W&B syncing is set to `offline` in this directory. Run `wandb online` or set WANDB_MODE=online to enable cloud syncing.
wandb: Run data is saved locally in /home/alexdoro/repositories/protein-embedding-classifier/wandb/offline-run-20260306_101321-mm43a9re
2026-03-06 10:13:22,088 - TrainingService - INFO - Normalization mode: none
2026-03-06 10:13:22,089 - TrainingService - INFO - Training model_type=RF embedding=Ankh3-Large train_shape=(1932, 1536) val_shape=(500, 1536)
2026-03-06 10:13:30,294 - TrainingService - INFO - Trained model_type=RF embedding=Ankh3-Large f1_score=0.546610
wandb: 
wandb: Run history:
wandb:  test_accuracy ▁
wandb:        test_f1 ▁
wandb:        test_fn ▁
wandb:        test_fp ▁
wandb:    test_pr_auc ▁
wandb: test_precision ▁
wandb:    test_recall ▁
wandb:   test_roc_auc ▁
wandb:        test_tn ▁
wandb:        test_tp ▁
wandb:            +11 ...
wandb: 
wandb: Run summary:
wandb: embedding_name Ankh3-Large
wandb:     model_type RF
wandb:  test_accuracy 0.69959
wandb:        test_f1 0.69583
wandb:        test_fn 62
wandb:        test_fp 84
wandb:    test_pr_auc 0.75339
wandb: test_precision 0.66534
wandb:    test_recall 0.72926
wandb:   test_roc_auc 0.78042
wandb:            +14 ...
wandb: 
wandb: You can sync this run to the cloud by running:
wandb: wandb sync /home/alexdoro/repositories/protein-embedding-classifier/wandb/offline-run-20260306_101321-mm43a9re
wandb: Find logs at: ./wandb/offline-run-20260306_101321-mm43a9re/logs
wandb: Tracking run with wandb version 0.25.0
wandb: W&B syncing is set to `offline` in this directory. Run `wandb online` or set WANDB_MODE=online to enable cloud syncing.
wandb: Run data is saved locally in /home/alexdoro/repositories/protein-embedding-classifier/wandb/offline-run-20260306_101330-3ubf41a9
2026-03-06 10:13:30,449 - TrainingService - INFO - Normalization mode: none
2026-03-06 10:13:30,449 - TrainingService - INFO - Training model_type=RF embedding=ESM3c train_shape=(1932, 1152) val_shape=(500, 1152)
2026-03-06 10:13:37,533 - TrainingService - INFO - Trained model_type=RF embedding=ESM3c f1_score=0.557173
wandb: 
wandb: Run history:
wandb:  test_accuracy ▁
wandb:        test_f1 ▁
wandb:        test_fn ▁
wandb:        test_fp ▁
wandb:    test_pr_auc ▁
wandb: test_precision ▁
wandb:    test_recall ▁
wandb:   test_roc_auc ▁
wandb:        test_tn ▁
wandb:        test_tp ▁
wandb:            +11 ...
wandb: 
wandb: Run summary:
wandb: embedding_name ESM3c
wandb:     model_type RF
wandb:  test_accuracy 0.6893
wandb:        test_f1 0.68994
wandb:        test_fn 61
wandb:        test_fp 90
wandb:    test_pr_auc 0.72874
wandb: test_precision 0.65116
wandb:    test_recall 0.73362
wandb:   test_roc_auc 0.77038
wandb:            +14 ...
wandb: 
wandb: You can sync this run to the cloud by running:
wandb: wandb sync /home/alexdoro/repositories/protein-embedding-classifier/wandb/offline-run-20260306_101330-3ubf41a9
wandb: Find logs at: ./wandb/offline-run-20260306_101330-3ubf41a9/logs
wandb: Tracking run with wandb version 0.25.0
wandb: W&B syncing is set to `offline` in this directory. Run `wandb online` or set WANDB_MODE=online to enable cloud syncing.
wandb: Run data is saved locally in /home/alexdoro/repositories/protein-embedding-classifier/wandb/offline-run-20260306_101337-k0qx9ju7
2026-03-06 10:13:37,691 - TrainingService - INFO - Normalization mode: none
2026-03-06 10:13:37,692 - TrainingService - INFO - Training model_type=RF embedding=GeOKG train_shape=(1932, 3000) val_shape=(500, 3000)
2026-03-06 10:13:47,968 - TrainingService - INFO - Trained model_type=RF embedding=GeOKG f1_score=0.592000
wandb: 
wandb: Run history:
wandb:  test_accuracy ▁
wandb:        test_f1 ▁
wandb:        test_fn ▁
wandb:        test_fp ▁
wandb:    test_pr_auc ▁
wandb: test_precision ▁
wandb:    test_recall ▁
wandb:   test_roc_auc ▁
wandb:        test_tn ▁
wandb:        test_tp ▁
wandb:            +11 ...
wandb: 
wandb: Run summary:
wandb: embedding_name GeOKG
wandb:     model_type RF
wandb:  test_accuracy 0.76955
wandb:        test_f1 0.74775
wandb:        test_fn 63
wandb:        test_fp 49
wandb:    test_pr_auc 0.82552
wandb: test_precision 0.77209
wandb:    test_recall 0.72489
wandb:   test_roc_auc 0.83783
wandb:            +14 ...
wandb: 
wandb: You can sync this run to the cloud by running:
wandb: wandb sync /home/alexdoro/repositories/protein-embedding-classifier/wandb/offline-run-20260306_101337-k0qx9ju7
wandb: Find logs at: ./wandb/offline-run-20260306_101337-k0qx9ju7/logs
wandb: Tracking run with wandb version 0.25.0
wandb: W&B syncing is set to `offline` in this directory. Run `wandb online` or set WANDB_MODE=online to enable cloud syncing.
wandb: Run data is saved locally in /home/alexdoro/repositories/protein-embedding-classifier/wandb/offline-run-20260306_101347-irx385de
2026-03-06 10:13:48,128 - TrainingService - INFO - Normalization mode: none
2026-03-06 10:13:48,129 - TrainingService - INFO - Training model_type=RF embedding=Prost-T5 train_shape=(1932, 1024) val_shape=(500, 1024)
2026-03-06 10:13:55,176 - TrainingService - INFO - Trained model_type=RF embedding=Prost-T5 f1_score=0.563895
wandb: 
wandb: Run history:
wandb:  test_accuracy ▁
wandb:        test_f1 ▁
wandb:        test_fn ▁
wandb:        test_fp ▁
wandb:    test_pr_auc ▁
wandb: test_precision ▁
wandb:    test_recall ▁
wandb:   test_roc_auc ▁
wandb:        test_tn ▁
wandb:        test_tp ▁
wandb:            +11 ...
wandb: 
wandb: Run summary:
wandb: embedding_name Prost-T5
wandb:     model_type RF
wandb:  test_accuracy 0.69959
wandb:        test_f1 0.69583
wandb:        test_fn 62
wandb:        test_fp 84
wandb:    test_pr_auc 0.74333
wandb: test_precision 0.66534
wandb:    test_recall 0.72926
wandb:   test_roc_auc 0.77687
wandb:            +14 ...
wandb: 
wandb: You can sync this run to the cloud by running:
wandb: wandb sync /home/alexdoro/repositories/protein-embedding-classifier/wandb/offline-run-20260306_101347-irx385de
wandb: Find logs at: ./wandb/offline-run-20260306_101347-irx385de/logs
2026-03-06 10:13:55,179 - SweepService - INFO - Sweep completed model_type=RF best_embedding=GeOKG f1_score=0.592000
2026-03-06 10:13:55,180 - Pipeline - INFO - Finished classifier sweep model_type=RF best_embedding=GeOKG validation_f1=0.592000
2026-03-06 10:13:55,181 - TrainingService - INFO - Normalization mode: none
2026-03-06 10:13:55,182 - TrainingService - INFO - Training model_type=RF embedding=Ankh3-Large train_shape=(2432, 1536) val_shape=(500, 1536)
2026-03-06 10:14:05,994 - TrainingService - INFO - Trained model_type=RF embedding=Ankh3-Large f1_score=0.995984
wandb: Tracking run with wandb version 0.25.0
wandb: W&B syncing is set to `offline` in this directory. Run `wandb online` or set WANDB_MODE=online to enable cloud syncing.
wandb: Run data is saved locally in /home/alexdoro/repositories/protein-embedding-classifier/wandb/offline-run-20260306_101405-hubj6diq
wandb: 
wandb: Run history:
wandb:  test_accuracy ▁
wandb:        test_f1 ▁
wandb:        test_fn ▁
wandb:        test_fp ▁
wandb:    test_pr_auc ▁
wandb: test_precision ▁
wandb:    test_recall ▁
wandb:   test_roc_auc ▁
wandb:        test_tn ▁
wandb:        test_tp ▁
wandb: 
wandb: Run summary:
wandb:  test_accuracy 0.69547
wandb:        test_f1 0.69672
wandb:        test_fn 59
wandb:        test_fp 89
wandb:    test_pr_auc 0.74179
wandb: test_precision 0.65637
wandb:    test_recall 0.74236
wandb:   test_roc_auc 0.77741
wandb:        test_tn 168
wandb:        test_tp 170
wandb: 
wandb: You can sync this run to the cloud by running:
wandb: wandb sync /home/alexdoro/repositories/protein-embedding-classifier/wandb/offline-run-20260306_101405-hubj6diq
wandb: Find logs at: ./wandb/offline-run-20260306_101405-hubj6diq/logs
2026-03-06 10:14:06,133 - TrainingService - INFO - Normalization mode: none
2026-03-06 10:14:06,134 - TrainingService - INFO - Training model_type=RF embedding=ESM3c train_shape=(2432, 1152) val_shape=(500, 1152)
2026-03-06 10:14:15,468 - TrainingService - INFO - Trained model_type=RF embedding=ESM3c f1_score=0.995984
wandb: Tracking run with wandb version 0.25.0
wandb: W&B syncing is set to `offline` in this directory. Run `wandb online` or set WANDB_MODE=online to enable cloud syncing.
wandb: Run data is saved locally in /home/alexdoro/repositories/protein-embedding-classifier/wandb/offline-run-20260306_101415-dh99o73h
wandb: 
wandb: Run history:
wandb:  test_accuracy ▁
wandb:        test_f1 ▁
wandb:        test_fn ▁
wandb:        test_fp ▁
wandb:    test_pr_auc ▁
wandb: test_precision ▁
wandb:    test_recall ▁
wandb:   test_roc_auc ▁
wandb:        test_tn ▁
wandb:        test_tp ▁
wandb: 
wandb: Run summary:
wandb:  test_accuracy 0.71193
wandb:        test_f1 0.7166
wandb:        test_fn 52
wandb:        test_fp 88
wandb:    test_pr_auc 0.74215
wandb: test_precision 0.66792
wandb:    test_recall 0.77293
wandb:   test_roc_auc 0.77406
wandb:        test_tn 169
wandb:        test_tp 177
wandb: 
wandb: You can sync this run to the cloud by running:
wandb: wandb sync /home/alexdoro/repositories/protein-embedding-classifier/wandb/offline-run-20260306_101415-dh99o73h
wandb: Find logs at: ./wandb/offline-run-20260306_101415-dh99o73h/logs
2026-03-06 10:14:15,607 - TrainingService - INFO - Normalization mode: none
2026-03-06 10:14:15,607 - TrainingService - INFO - Training model_type=RF embedding=GeOKG train_shape=(2432, 3000) val_shape=(500, 3000)
2026-03-06 10:14:29,185 - TrainingService - INFO - Trained model_type=RF embedding=GeOKG f1_score=0.965092
wandb: Tracking run with wandb version 0.25.0
wandb: W&B syncing is set to `offline` in this directory. Run `wandb online` or set WANDB_MODE=online to enable cloud syncing.
wandb: Run data is saved locally in /home/alexdoro/repositories/protein-embedding-classifier/wandb/offline-run-20260306_101429-7xybmke0
wandb: 
wandb: Run history:
wandb:  test_accuracy ▁
wandb:        test_f1 ▁
wandb:        test_fn ▁
wandb:        test_fp ▁
wandb:    test_pr_auc ▁
wandb: test_precision ▁
wandb:    test_recall ▁
wandb:   test_roc_auc ▁
wandb:        test_tn ▁
wandb:        test_tp ▁
wandb: 
wandb: Run summary:
wandb:  test_accuracy 0.75309
wandb:        test_f1 0.72222
wandb:        test_fn 73
wandb:        test_fp 47
wandb:    test_pr_auc 0.82239
wandb: test_precision 0.76847
wandb:    test_recall 0.68122
wandb:   test_roc_auc 0.83644
wandb:        test_tn 210
wandb:        test_tp 156
wandb: 
wandb: You can sync this run to the cloud by running:
wandb: wandb sync /home/alexdoro/repositories/protein-embedding-classifier/wandb/offline-run-20260306_101429-7xybmke0
wandb: Find logs at: ./wandb/offline-run-20260306_101429-7xybmke0/logs
2026-03-06 10:14:29,321 - TrainingService - INFO - Normalization mode: none
2026-03-06 10:14:29,322 - TrainingService - INFO - Training model_type=RF embedding=Prost-T5 train_shape=(2432, 1024) val_shape=(500, 1024)
2026-03-06 10:14:38,593 - TrainingService - INFO - Trained model_type=RF embedding=Prost-T5 f1_score=0.991935
wandb: Tracking run with wandb version 0.25.0
wandb: W&B syncing is set to `offline` in this directory. Run `wandb online` or set WANDB_MODE=online to enable cloud syncing.
wandb: Run data is saved locally in /home/alexdoro/repositories/protein-embedding-classifier/wandb/offline-run-20260306_101438-kcce0169
wandb: 
wandb: Run history:
wandb:  test_accuracy ▁
wandb:        test_f1 ▁
wandb:        test_fn ▁
wandb:        test_fp ▁
wandb:    test_pr_auc ▁
wandb: test_precision ▁
wandb:    test_recall ▁
wandb:   test_roc_auc ▁
wandb:        test_tn ▁
wandb:        test_tp ▁
wandb: 
wandb: Run summary:
wandb:  test_accuracy 0.69959
wandb:        test_f1 0.69583
wandb:        test_fn 62
wandb:        test_fp 84
wandb:    test_pr_auc 0.73412
wandb: test_precision 0.66534
wandb:    test_recall 0.72926
wandb:   test_roc_auc 0.77087
wandb:        test_tn 173
wandb:        test_tp 167
wandb: 
wandb: You can sync this run to the cloud by running:
wandb: wandb sync /home/alexdoro/repositories/protein-embedding-classifier/wandb/offline-run-20260306_101438-kcce0169
wandb: Find logs at: ./wandb/offline-run-20260306_101438-kcce0169/logs
2026-03-06 10:14:38,730 - Pipeline - INFO - Starting classifier sweep model_type=KNN-2 config_path=config/model_sweep/sweep_config_knn.yaml
wandb: Tracking run with wandb version 0.25.0
wandb: W&B syncing is set to `offline` in this directory. Run `wandb online` or set WANDB_MODE=online to enable cloud syncing.
wandb: Run data is saved locally in /home/alexdoro/repositories/protein-embedding-classifier/wandb/offline-run-20260306_101438-4hdpkxmv
2026-03-06 10:14:38,897 - TrainingService - INFO - Normalization mode: none
2026-03-06 10:14:38,898 - TrainingService - INFO - Training model_type=KNN-2 embedding=Ankh3-Large train_shape=(1932, 1536) val_shape=(500, 1536)
2026-03-06 10:14:38,940 - TrainingService - INFO - Trained model_type=KNN-2 embedding=Ankh3-Large f1_score=0.517857
wandb: 
wandb: Run history:
wandb:  test_accuracy ▁
wandb:        test_f1 ▁
wandb:        test_fn ▁
wandb:        test_fp ▁
wandb:    test_pr_auc ▁
wandb: test_precision ▁
wandb:    test_recall ▁
wandb:   test_roc_auc ▁
wandb:        test_tn ▁
wandb:        test_tp ▁
wandb:            +11 ...
wandb: 
wandb: Run summary:
wandb: embedding_name Ankh3-Large
wandb:     model_type KNN-2
wandb:  test_accuracy 0.69753
wandb:        test_f1 0.66667
wandb:        test_fn 82
wandb:        test_fp 65
wandb:    test_pr_auc 0.71491
wandb: test_precision 0.6934
wandb:    test_recall 0.64192
wandb:   test_roc_auc 0.74696
wandb:            +14 ...
wandb: 
wandb: You can sync this run to the cloud by running:
wandb: wandb sync /home/alexdoro/repositories/protein-embedding-classifier/wandb/offline-run-20260306_101438-4hdpkxmv
wandb: Find logs at: ./wandb/offline-run-20260306_101438-4hdpkxmv/logs
wandb: Tracking run with wandb version 0.25.0
wandb: W&B syncing is set to `offline` in this directory. Run `wandb online` or set WANDB_MODE=online to enable cloud syncing.
wandb: Run data is saved locally in /home/alexdoro/repositories/protein-embedding-classifier/wandb/offline-run-20260306_101438-15pugc6i
2026-03-06 10:14:39,099 - TrainingService - INFO - Normalization mode: none
2026-03-06 10:14:39,100 - TrainingService - INFO - Training model_type=KNN-2 embedding=ESM3c train_shape=(1932, 1152) val_shape=(500, 1152)
2026-03-06 10:14:39,132 - TrainingService - INFO - Trained model_type=KNN-2 embedding=ESM3c f1_score=0.426396
wandb: 
wandb: Run history:
wandb:  test_accuracy ▁
wandb:        test_f1 ▁
wandb:        test_fn ▁
wandb:        test_fp ▁
wandb:    test_pr_auc ▁
wandb: test_precision ▁
wandb:    test_recall ▁
wandb:   test_roc_auc ▁
wandb:        test_tn ▁
wandb:        test_tp ▁
wandb:            +11 ...
wandb: 
wandb: Run summary:
wandb: embedding_name ESM3c
wandb:     model_type KNN-2
wandb:  test_accuracy 0.68313
wandb:        test_f1 0.64019
wandb:        test_fn 92
wandb:        test_fp 62
wandb:    test_pr_auc 0.70383
wandb: test_precision 0.68844
wandb:    test_recall 0.59825
wandb:   test_roc_auc 0.75564
wandb:            +14 ...
wandb: 
wandb: You can sync this run to the cloud by running:
wandb: wandb sync /home/alexdoro/repositories/protein-embedding-classifier/wandb/offline-run-20260306_101438-15pugc6i
wandb: Find logs at: ./wandb/offline-run-20260306_101438-15pugc6i/logs
wandb: Tracking run with wandb version 0.25.0
wandb: W&B syncing is set to `offline` in this directory. Run `wandb online` or set WANDB_MODE=online to enable cloud syncing.
wandb: Run data is saved locally in /home/alexdoro/repositories/protein-embedding-classifier/wandb/offline-run-20260306_101439-gli1zez3
2026-03-06 10:14:39,309 - TrainingService - INFO - Normalization mode: none
2026-03-06 10:14:39,310 - TrainingService - INFO - Training model_type=KNN-2 embedding=GeOKG train_shape=(1932, 3000) val_shape=(500, 3000)
2026-03-06 10:14:39,423 - TrainingService - INFO - Trained model_type=KNN-2 embedding=GeOKG f1_score=0.565517
wandb: 
wandb: Run history:
wandb:  test_accuracy ▁
wandb:        test_f1 ▁
wandb:        test_fn ▁
wandb:        test_fp ▁
wandb:    test_pr_auc ▁
wandb: test_precision ▁
wandb:    test_recall ▁
wandb:   test_roc_auc ▁
wandb:        test_tn ▁
wandb:        test_tp ▁
wandb:            +11 ...
wandb: 
wandb: Run summary:
wandb: embedding_name GeOKG
wandb:     model_type KNN-2
wandb:  test_accuracy 0.69753
wandb:        test_f1 0.59946
wandb:        test_fn 119
wandb:        test_fp 28
wandb:    test_pr_auc 0.76673
wandb: test_precision 0.7971
wandb:    test_recall 0.48035
wandb:   test_roc_auc 0.77874
wandb:            +14 ...
wandb: 
wandb: You can sync this run to the cloud by running:
wandb: wandb sync /home/alexdoro/repositories/protein-embedding-classifier/wandb/offline-run-20260306_101439-gli1zez3
wandb: Find logs at: ./wandb/offline-run-20260306_101439-gli1zez3/logs
wandb: Tracking run with wandb version 0.25.0
wandb: W&B syncing is set to `offline` in this directory. Run `wandb online` or set WANDB_MODE=online to enable cloud syncing.
wandb: Run data is saved locally in /home/alexdoro/repositories/protein-embedding-classifier/wandb/offline-run-20260306_101439-hywosjkj
2026-03-06 10:14:39,598 - TrainingService - INFO - Normalization mode: none
2026-03-06 10:14:39,598 - TrainingService - INFO - Training model_type=KNN-2 embedding=Prost-T5 train_shape=(1932, 1024) val_shape=(500, 1024)
2026-03-06 10:14:39,632 - TrainingService - INFO - Trained model_type=KNN-2 embedding=Prost-T5 f1_score=0.505495
wandb: 
wandb: Run history:
wandb:  test_accuracy ▁
wandb:        test_f1 ▁
wandb:        test_fn ▁
wandb:        test_fp ▁
wandb:    test_pr_auc ▁
wandb: test_precision ▁
wandb:    test_recall ▁
wandb:   test_roc_auc ▁
wandb:        test_tn ▁
wandb:        test_tp ▁
wandb:            +11 ...
wandb: 
wandb: Run summary:
wandb: embedding_name Prost-T5
wandb:     model_type KNN-2
wandb:  test_accuracy 0.68519
wandb:        test_f1 0.66225
wandb:        test_fn 79
wandb:        test_fp 74
wandb:    test_pr_auc 0.70438
wandb: test_precision 0.66964
wandb:    test_recall 0.65502
wandb:   test_roc_auc 0.75027
wandb:            +14 ...
wandb: 
wandb: You can sync this run to the cloud by running:
wandb: wandb sync /home/alexdoro/repositories/protein-embedding-classifier/wandb/offline-run-20260306_101439-hywosjkj
wandb: Find logs at: ./wandb/offline-run-20260306_101439-hywosjkj/logs
2026-03-06 10:14:39,636 - SweepService - INFO - Sweep completed model_type=KNN-2 best_embedding=GeOKG f1_score=0.565517
2026-03-06 10:14:39,636 - Pipeline - INFO - Finished classifier sweep model_type=KNN-2 best_embedding=GeOKG validation_f1=0.565517
2026-03-06 10:14:39,637 - TrainingService - INFO - Normalization mode: none
2026-03-06 10:14:39,638 - TrainingService - INFO - Training model_type=KNN-2 embedding=Ankh3-Large train_shape=(2432, 1536) val_shape=(500, 1536)
2026-03-06 10:14:39,690 - TrainingService - INFO - Trained model_type=KNN-2 embedding=Ankh3-Large f1_score=1.000000
wandb: Tracking run with wandb version 0.25.0
wandb: W&B syncing is set to `offline` in this directory. Run `wandb online` or set WANDB_MODE=online to enable cloud syncing.
wandb: Run data is saved locally in /home/alexdoro/repositories/protein-embedding-classifier/wandb/offline-run-20260306_101439-fzwh77zu
wandb: 
wandb: Run history:
wandb:  test_accuracy ▁
wandb:        test_f1 ▁
wandb:        test_fn ▁
wandb:        test_fp ▁
wandb:    test_pr_auc ▁
wandb: test_precision ▁
wandb:    test_recall ▁
wandb:   test_roc_auc ▁
wandb:        test_tn ▁
wandb:        test_tp ▁
wandb: 
wandb: Run summary:
wandb:  test_accuracy 0.69342
wandb:        test_f1 0.66366
wandb:        test_fn 82
wandb:        test_fp 67
wandb:    test_pr_auc 0.71792
wandb: test_precision 0.68692
wandb:    test_recall 0.64192
wandb:   test_roc_auc 0.74342
wandb:        test_tn 190
wandb:        test_tp 147
wandb: 
wandb: You can sync this run to the cloud by running:
wandb: wandb sync /home/alexdoro/repositories/protein-embedding-classifier/wandb/offline-run-20260306_101439-fzwh77zu
wandb: Find logs at: ./wandb/offline-run-20260306_101439-fzwh77zu/logs
2026-03-06 10:14:39,827 - TrainingService - INFO - Normalization mode: none
2026-03-06 10:14:39,827 - TrainingService - INFO - Training model_type=KNN-2 embedding=ESM3c train_shape=(2432, 1152) val_shape=(500, 1152)
2026-03-06 10:14:39,861 - TrainingService - INFO - Trained model_type=KNN-2 embedding=ESM3c f1_score=1.000000
wandb: Tracking run with wandb version 0.25.0
wandb: W&B syncing is set to `offline` in this directory. Run `wandb online` or set WANDB_MODE=online to enable cloud syncing.
wandb: Run data is saved locally in /home/alexdoro/repositories/protein-embedding-classifier/wandb/offline-run-20260306_101439-ba10cmli
wandb: 
wandb: Run history:
wandb:  test_accuracy ▁
wandb:        test_f1 ▁
wandb:        test_fn ▁
wandb:        test_fp ▁
wandb:    test_pr_auc ▁
wandb: test_precision ▁
wandb:    test_recall ▁
wandb:   test_roc_auc ▁
wandb:        test_tn ▁
wandb:        test_tp ▁
wandb: 
wandb: Run summary:
wandb:  test_accuracy 0.66667
wandb:        test_f1 0.61429
wandb:        test_fn 100
wandb:        test_fp 62
wandb:    test_pr_auc 0.7051
wandb: test_precision 0.67539
wandb:    test_recall 0.56332
wandb:   test_roc_auc 0.75461
wandb:        test_tn 195
wandb:        test_tp 129
wandb: 
wandb: You can sync this run to the cloud by running:
wandb: wandb sync /home/alexdoro/repositories/protein-embedding-classifier/wandb/offline-run-20260306_101439-ba10cmli
wandb: Find logs at: ./wandb/offline-run-20260306_101439-ba10cmli/logs
2026-03-06 10:14:39,998 - TrainingService - INFO - Normalization mode: none
2026-03-06 10:14:39,999 - TrainingService - INFO - Training model_type=KNN-2 embedding=GeOKG train_shape=(2432, 3000) val_shape=(500, 3000)
2026-03-06 10:14:40,144 - TrainingService - INFO - Trained model_type=KNN-2 embedding=GeOKG f1_score=0.994036
wandb: Tracking run with wandb version 0.25.0
wandb: W&B syncing is set to `offline` in this directory. Run `wandb online` or set WANDB_MODE=online to enable cloud syncing.
wandb: Run data is saved locally in /home/alexdoro/repositories/protein-embedding-classifier/wandb/offline-run-20260306_101440-23lk7xum
wandb: 
wandb: Run history:
wandb:  test_accuracy ▁
wandb:        test_f1 ▁
wandb:        test_fn ▁
wandb:        test_fp ▁
wandb:    test_pr_auc ▁
wandb: test_precision ▁
wandb:    test_recall ▁
wandb:   test_roc_auc ▁
wandb:        test_tn ▁
wandb:        test_tp ▁
wandb: 
wandb: Run summary:
wandb:  test_accuracy 0.6893
wandb:        test_f1 0.58402
wandb:        test_fn 123
wandb:        test_fp 28
wandb:    test_pr_auc 0.76016
wandb: test_precision 0.79104
wandb:    test_recall 0.46288
wandb:   test_roc_auc 0.76863
wandb:        test_tn 229
wandb:        test_tp 106
wandb: 
wandb: You can sync this run to the cloud by running:
wandb: wandb sync /home/alexdoro/repositories/protein-embedding-classifier/wandb/offline-run-20260306_101440-23lk7xum
wandb: Find logs at: ./wandb/offline-run-20260306_101440-23lk7xum/logs
2026-03-06 10:14:40,299 - TrainingService - INFO - Normalization mode: none
2026-03-06 10:14:40,300 - TrainingService - INFO - Training model_type=KNN-2 embedding=Prost-T5 train_shape=(2432, 1024) val_shape=(500, 1024)
2026-03-06 10:14:40,338 - TrainingService - INFO - Trained model_type=KNN-2 embedding=Prost-T5 f1_score=1.000000
wandb: Tracking run with wandb version 0.25.0
wandb: W&B syncing is set to `offline` in this directory. Run `wandb online` or set WANDB_MODE=online to enable cloud syncing.
wandb: Run data is saved locally in /home/alexdoro/repositories/protein-embedding-classifier/wandb/offline-run-20260306_101440-y5bp0ufw
wandb: 
wandb: Run history:
wandb:  test_accuracy ▁
wandb:        test_f1 ▁
wandb:        test_fn ▁
wandb:        test_fp ▁
wandb:    test_pr_auc ▁
wandb: test_precision ▁
wandb:    test_recall ▁
wandb:   test_roc_auc ▁
wandb:        test_tn ▁
wandb:        test_tp ▁
wandb: 
wandb: Run summary:
wandb:  test_accuracy 0.68724
wandb:        test_f1 0.66071
wandb:        test_fn 81
wandb:        test_fp 71
wandb:    test_pr_auc 0.70622
wandb: test_precision 0.6758
wandb:    test_recall 0.64629
wandb:   test_roc_auc 0.74621
wandb:        test_tn 186
wandb:        test_tp 148
wandb: 
wandb: You can sync this run to the cloud by running:
wandb: wandb sync /home/alexdoro/repositories/protein-embedding-classifier/wandb/offline-run-20260306_101440-y5bp0ufw
wandb: Find logs at: ./wandb/offline-run-20260306_101440-y5bp0ufw/logs
2026-03-06 10:14:40,477 - Pipeline - INFO - Starting classifier sweep model_type=XGB config_path=config/model_sweep/sweep_config_xgb.yaml
wandb: Tracking run with wandb version 0.25.0
wandb: W&B syncing is set to `offline` in this directory. Run `wandb online` or set WANDB_MODE=online to enable cloud syncing.
wandb: Run data is saved locally in /home/alexdoro/repositories/protein-embedding-classifier/wandb/offline-run-20260306_101440-96t3zsg7
2026-03-06 10:14:40,641 - TrainingService - INFO - Normalization mode: none
2026-03-06 10:14:40,642 - TrainingService - INFO - Training model_type=XGB embedding=Ankh3-Large train_shape=(1932, 1536) val_shape=(500, 1536)
2026-03-06 10:14:43,561 - TrainingService - INFO - Trained model_type=XGB embedding=Ankh3-Large f1_score=0.563674
wandb: 
wandb: Run history:
wandb:  test_accuracy ▁
wandb:        test_f1 ▁
wandb:        test_fn ▁
wandb:        test_fp ▁
wandb:    test_pr_auc ▁
wandb: test_precision ▁
wandb:    test_recall ▁
wandb:   test_roc_auc ▁
wandb:        test_tn ▁
wandb:        test_tp ▁
wandb:            +11 ...
wandb: 
wandb: Run summary:
wandb: embedding_name Ankh3-Large
wandb:     model_type XGB
wandb:  test_accuracy 0.70988
wandb:        test_f1 0.69677
wandb:        test_fn 67
wandb:        test_fp 74
wandb:    test_pr_auc 0.74844
wandb: test_precision 0.68644
wandb:    test_recall 0.70742
wandb:   test_roc_auc 0.78423
wandb:            +14 ...
wandb: 
wandb: You can sync this run to the cloud by running:
wandb: wandb sync /home/alexdoro/repositories/protein-embedding-classifier/wandb/offline-run-20260306_101440-96t3zsg7
wandb: Find logs at: ./wandb/offline-run-20260306_101440-96t3zsg7/logs
wandb: Tracking run with wandb version 0.25.0
wandb: W&B syncing is set to `offline` in this directory. Run `wandb online` or set WANDB_MODE=online to enable cloud syncing.
wandb: Run data is saved locally in /home/alexdoro/repositories/protein-embedding-classifier/wandb/offline-run-20260306_101443-rksx40g3
2026-03-06 10:14:43,739 - TrainingService - INFO - Normalization mode: none
2026-03-06 10:14:43,740 - TrainingService - INFO - Training model_type=XGB embedding=ESM3c train_shape=(1932, 1152) val_shape=(500, 1152)
2026-03-06 10:14:45,712 - TrainingService - INFO - Trained model_type=XGB embedding=ESM3c f1_score=0.528689
wandb: 
wandb: Run history:
wandb:  test_accuracy ▁
wandb:        test_f1 ▁
wandb:        test_fn ▁
wandb:        test_fp ▁
wandb:    test_pr_auc ▁
wandb: test_precision ▁
wandb:    test_recall ▁
wandb:   test_roc_auc ▁
wandb:        test_tn ▁
wandb:        test_tp ▁
wandb:            +11 ...
wandb: 
wandb: Run summary:
wandb: embedding_name ESM3c
wandb:     model_type XGB
wandb:  test_accuracy 0.70576
wandb:        test_f1 0.70757
wandb:        test_fn 56
wandb:        test_fp 87
wandb:    test_pr_auc 0.74386
wandb: test_precision 0.66538
wandb:    test_recall 0.75546
wandb:   test_roc_auc 0.78492
wandb:            +14 ...
wandb: 
wandb: You can sync this run to the cloud by running:
wandb: wandb sync /home/alexdoro/repositories/protein-embedding-classifier/wandb/offline-run-20260306_101443-rksx40g3
wandb: Find logs at: ./wandb/offline-run-20260306_101443-rksx40g3/logs
wandb: Tracking run with wandb version 0.25.0
wandb: W&B syncing is set to `offline` in this directory. Run `wandb online` or set WANDB_MODE=online to enable cloud syncing.
wandb: Run data is saved locally in /home/alexdoro/repositories/protein-embedding-classifier/wandb/offline-run-20260306_101445-yq2dohic
2026-03-06 10:14:45,874 - TrainingService - INFO - Normalization mode: none
2026-03-06 10:14:45,875 - TrainingService - INFO - Training model_type=XGB embedding=GeOKG train_shape=(1932, 3000) val_shape=(500, 3000)
2026-03-06 10:14:52,780 - TrainingService - INFO - Trained model_type=XGB embedding=GeOKG f1_score=0.598058
wandb: 
wandb: Run history:
wandb:  test_accuracy ▁
wandb:        test_f1 ▁
wandb:        test_fn ▁
wandb:        test_fp ▁
wandb:    test_pr_auc ▁
wandb: test_precision ▁
wandb:    test_recall ▁
wandb:   test_roc_auc ▁
wandb:        test_tn ▁
wandb:        test_tp ▁
wandb:            +11 ...
wandb: 
wandb: Run summary:
wandb: embedding_name GeOKG
wandb:     model_type XGB
wandb:  test_accuracy 0.76955
wandb:        test_f1 0.75966
wandb:        test_fn 52
wandb:        test_fp 60
wandb:    test_pr_auc 0.82391
wandb: test_precision 0.74684
wandb:    test_recall 0.77293
wandb:   test_roc_auc 0.83929
wandb:            +14 ...
wandb: 
wandb: You can sync this run to the cloud by running:
wandb: wandb sync /home/alexdoro/repositories/protein-embedding-classifier/wandb/offline-run-20260306_101445-yq2dohic
wandb: Find logs at: ./wandb/offline-run-20260306_101445-yq2dohic/logs
wandb: Tracking run with wandb version 0.25.0
wandb: W&B syncing is set to `offline` in this directory. Run `wandb online` or set WANDB_MODE=online to enable cloud syncing.
wandb: Run data is saved locally in /home/alexdoro/repositories/protein-embedding-classifier/wandb/offline-run-20260306_101452-8v9yg7bo
2026-03-06 10:14:52,951 - TrainingService - INFO - Normalization mode: none
2026-03-06 10:14:52,952 - TrainingService - INFO - Training model_type=XGB embedding=Prost-T5 train_shape=(1932, 1024) val_shape=(500, 1024)
2026-03-06 10:14:54,902 - TrainingService - INFO - Trained model_type=XGB embedding=Prost-T5 f1_score=0.563380
wandb: 
wandb: Run history:
wandb:  test_accuracy ▁
wandb:        test_f1 ▁
wandb:        test_fn ▁
wandb:        test_fp ▁
wandb:    test_pr_auc ▁
wandb: test_precision ▁
wandb:    test_recall ▁
wandb:   test_roc_auc ▁
wandb:        test_tn ▁
wandb:        test_tp ▁
wandb:            +11 ...
wandb: 
wandb: Run summary:
wandb: embedding_name Prost-T5
wandb:     model_type XGB
wandb:  test_accuracy 0.70165
wandb:        test_f1 0.69602
wandb:        test_fn 63
wandb:        test_fp 82
wandb:    test_pr_auc 0.7366
wandb: test_precision 0.66935
wandb:    test_recall 0.72489
wandb:   test_roc_auc 0.78346
wandb:            +14 ...
wandb: 
wandb: You can sync this run to the cloud by running:
wandb: wandb sync /home/alexdoro/repositories/protein-embedding-classifier/wandb/offline-run-20260306_101452-8v9yg7bo
wandb: Find logs at: ./wandb/offline-run-20260306_101452-8v9yg7bo/logs
2026-03-06 10:14:54,906 - SweepService - INFO - Sweep completed model_type=XGB best_embedding=GeOKG f1_score=0.598058
2026-03-06 10:14:54,906 - Pipeline - INFO - Finished classifier sweep model_type=XGB best_embedding=GeOKG validation_f1=0.598058
2026-03-06 10:14:54,908 - TrainingService - INFO - Normalization mode: none
2026-03-06 10:14:54,909 - TrainingService - INFO - Training model_type=XGB embedding=Ankh3-Large train_shape=(2432, 1536) val_shape=(500, 1536)
2026-03-06 10:14:58,340 - TrainingService - INFO - Trained model_type=XGB embedding=Ankh3-Large f1_score=1.000000
wandb: Tracking run with wandb version 0.25.0
wandb: W&B syncing is set to `offline` in this directory. Run `wandb online` or set WANDB_MODE=online to enable cloud syncing.
wandb: Run data is saved locally in /home/alexdoro/repositories/protein-embedding-classifier/wandb/offline-run-20260306_101458-2zj2omcz
wandb: 
wandb: Run history:
wandb:  test_accuracy ▁
wandb:        test_f1 ▁
wandb:        test_fn ▁
wandb:        test_fp ▁
wandb:    test_pr_auc ▁
wandb: test_precision ▁
wandb:    test_recall ▁
wandb:   test_roc_auc ▁
wandb:        test_tn ▁
wandb:        test_tp ▁
wandb: 
wandb: Run summary:
wandb:  test_accuracy 0.72016
wandb:        test_f1 0.71429
wandb:        test_fn 59
wandb:        test_fp 77
wandb:    test_pr_auc 0.75066
wandb: test_precision 0.68826
wandb:    test_recall 0.74236
wandb:   test_roc_auc 0.79021
wandb:        test_tn 180
wandb:        test_tp 170
wandb: 
wandb: You can sync this run to the cloud by running:
wandb: wandb sync /home/alexdoro/repositories/protein-embedding-classifier/wandb/offline-run-20260306_101458-2zj2omcz
wandb: Find logs at: ./wandb/offline-run-20260306_101458-2zj2omcz/logs
2026-03-06 10:14:58,476 - TrainingService - INFO - Normalization mode: none
2026-03-06 10:14:58,477 - TrainingService - INFO - Training model_type=XGB embedding=ESM3c train_shape=(2432, 1152) val_shape=(500, 1152)
2026-03-06 10:15:00,735 - TrainingService - INFO - Trained model_type=XGB embedding=ESM3c f1_score=1.000000
wandb: Tracking run with wandb version 0.25.0
wandb: W&B syncing is set to `offline` in this directory. Run `wandb online` or set WANDB_MODE=online to enable cloud syncing.
wandb: Run data is saved locally in /home/alexdoro/repositories/protein-embedding-classifier/wandb/offline-run-20260306_101500-ntxk15bt
wandb: 
wandb: Run history:
wandb:  test_accuracy ▁
wandb:        test_f1 ▁
wandb:        test_fn ▁
wandb:        test_fp ▁
wandb:    test_pr_auc ▁
wandb: test_precision ▁
wandb:    test_recall ▁
wandb:   test_roc_auc ▁
wandb:        test_tn ▁
wandb:        test_tp ▁
wandb: 
wandb: Run summary:
wandb:  test_accuracy 0.68107
wandb:        test_f1 0.67505
wandb:        test_fn 68
wandb:        test_fp 87
wandb:    test_pr_auc 0.71189
wandb: test_precision 0.64919
wandb:    test_recall 0.70306
wandb:   test_roc_auc 0.76045
wandb:        test_tn 170
wandb:        test_tp 161
wandb: 
wandb: You can sync this run to the cloud by running:
wandb: wandb sync /home/alexdoro/repositories/protein-embedding-classifier/wandb/offline-run-20260306_101500-ntxk15bt
wandb: Find logs at: ./wandb/offline-run-20260306_101500-ntxk15bt/logs
2026-03-06 10:15:00,873 - TrainingService - INFO - Normalization mode: none
2026-03-06 10:15:00,874 - TrainingService - INFO - Training model_type=XGB embedding=GeOKG train_shape=(2432, 3000) val_shape=(500, 3000)
2026-03-06 10:15:10,070 - TrainingService - INFO - Trained model_type=XGB embedding=GeOKG f1_score=0.994012
wandb: Tracking run with wandb version 0.25.0
wandb: W&B syncing is set to `offline` in this directory. Run `wandb online` or set WANDB_MODE=online to enable cloud syncing.
wandb: Run data is saved locally in /home/alexdoro/repositories/protein-embedding-classifier/wandb/offline-run-20260306_101510-26rbufhg
wandb: 
wandb: Run history:
wandb:  test_accuracy ▁
wandb:        test_f1 ▁
wandb:        test_fn ▁
wandb:        test_fp ▁
wandb:    test_pr_auc ▁
wandb: test_precision ▁
wandb:    test_recall ▁
wandb:   test_roc_auc ▁
wandb:        test_tn ▁
wandb:        test_tp ▁
wandb: 
wandb: Run summary:
wandb:  test_accuracy 0.72428
wandb:        test_f1 0.70089
wandb:        test_fn 72
wandb:        test_fp 62
wandb:    test_pr_auc 0.79125
wandb: test_precision 0.71689
wandb:    test_recall 0.68559
wandb:   test_roc_auc 0.80788
wandb:        test_tn 195
wandb:        test_tp 157
wandb: 
wandb: You can sync this run to the cloud by running:
wandb: wandb sync /home/alexdoro/repositories/protein-embedding-classifier/wandb/offline-run-20260306_101510-26rbufhg
wandb: Find logs at: ./wandb/offline-run-20260306_101510-26rbufhg/logs
2026-03-06 10:15:10,209 - TrainingService - INFO - Normalization mode: none
2026-03-06 10:15:10,210 - TrainingService - INFO - Training model_type=XGB embedding=Prost-T5 train_shape=(2432, 1024) val_shape=(500, 1024)
2026-03-06 10:15:12,553 - TrainingService - INFO - Trained model_type=XGB embedding=Prost-T5 f1_score=1.000000
wandb: Tracking run with wandb version 0.25.0
wandb: W&B syncing is set to `offline` in this directory. Run `wandb online` or set WANDB_MODE=online to enable cloud syncing.
wandb: Run data is saved locally in /home/alexdoro/repositories/protein-embedding-classifier/wandb/offline-run-20260306_101512-hanitnid
wandb: 
wandb: Run history:
wandb:  test_accuracy ▁
wandb:        test_f1 ▁
wandb:        test_fn ▁
wandb:        test_fp ▁
wandb:    test_pr_auc ▁
wandb: test_precision ▁
wandb:    test_recall ▁
wandb:   test_roc_auc ▁
wandb:        test_tn ▁
wandb:        test_tp ▁
wandb: 
wandb: Run summary:
wandb:  test_accuracy 0.68519
wandb:        test_f1 0.68058
wandb:        test_fn 66
wandb:        test_fp 87
wandb:    test_pr_auc 0.7058
wandb: test_precision 0.652
wandb:    test_recall 0.71179
wandb:   test_roc_auc 0.75252
wandb:        test_tn 170
wandb:        test_tp 163
wandb: 
wandb: You can sync this run to the cloud by running:
wandb: wandb sync /home/alexdoro/repositories/protein-embedding-classifier/wandb/offline-run-20260306_101512-hanitnid
wandb: Find logs at: ./wandb/offline-run-20260306_101512-hanitnid/logs
2026-03-06 10:15:12,687 - Pipeline - INFO - Starting classifier sweep model_type=MLP config_path=config/model_sweep/sweep_config_mlp.yaml
wandb: Tracking run with wandb version 0.25.0
wandb: W&B syncing is set to `offline` in this directory. Run `wandb online` or set WANDB_MODE=online to enable cloud syncing.
wandb: Run data is saved locally in /home/alexdoro/repositories/protein-embedding-classifier/wandb/offline-run-20260306_101512-39qqo8jy
2026-03-06 10:15:12,849 - TrainingService - INFO - Normalization mode: none
2026-03-06 10:15:12,850 - TrainingService - INFO - Training model_type=MLP embedding=Ankh3-Large train_shape=(1932, 1536) val_shape=(500, 1536)
2026-03-06 10:15:12,904 - TorchTrainingWrapper - INFO - epoch=1 train_loss=0.637802 val_loss=0.684719
2026-03-06 10:15:12,936 - TorchTrainingWrapper - INFO - epoch=2 train_loss=0.548452 val_loss=0.698638
2026-03-06 10:15:12,966 - TorchTrainingWrapper - INFO - epoch=3 train_loss=0.510027 val_loss=0.732412
2026-03-06 10:15:12,997 - TorchTrainingWrapper - INFO - epoch=4 train_loss=0.472813 val_loss=0.711429
2026-03-06 10:15:13,027 - TorchTrainingWrapper - INFO - epoch=5 train_loss=0.446787 val_loss=0.709010
2026-03-06 10:15:13,057 - TorchTrainingWrapper - INFO - epoch=6 train_loss=0.429137 val_loss=0.707212
2026-03-06 10:15:13,088 - TorchTrainingWrapper - INFO - epoch=7 train_loss=0.426237 val_loss=0.750479
2026-03-06 10:15:13,119 - TorchTrainingWrapper - INFO - epoch=8 train_loss=0.420324 val_loss=0.716304
2026-03-06 10:15:13,149 - TorchTrainingWrapper - INFO - epoch=9 train_loss=0.405562 val_loss=0.719185
2026-03-06 10:15:13,179 - TorchTrainingWrapper - INFO - epoch=10 train_loss=0.396797 val_loss=0.727797
2026-03-06 10:15:13,210 - TorchTrainingWrapper - INFO - epoch=11 train_loss=0.382723 val_loss=0.717682
2026-03-06 10:15:13,210 - TorchTrainingWrapper - INFO - Early stopping triggered at epoch=11
2026-03-06 10:15:13,220 - TrainingService - INFO - Trained model_type=MLP embedding=Ankh3-Large f1_score=0.636852
wandb: 
wandb: Run history:
wandb:  test_accuracy ▁
wandb:        test_f1 ▁
wandb:        test_fn ▁
wandb:        test_fp ▁
wandb:    test_pr_auc ▁
wandb: test_precision ▁
wandb:    test_recall ▁
wandb:   test_roc_auc ▁
wandb:        test_tn ▁
wandb:        test_tp ▁
wandb:            +11 ...
wandb: 
wandb: Run summary:
wandb: embedding_name Ankh3-Large
wandb:     model_type MLP
wandb:  test_accuracy 0.63992
wandb:        test_f1 0.69244
wandb:        test_fn 32
wandb:        test_fp 143
wandb:    test_pr_auc 0.65479
wandb: test_precision 0.57941
wandb:    test_recall 0.86026
wandb:   test_roc_auc 0.71427
wandb:            +14 ...
wandb: 
wandb: You can sync this run to the cloud by running:
wandb: wandb sync /home/alexdoro/repositories/protein-embedding-classifier/wandb/offline-run-20260306_101512-39qqo8jy
wandb: Find logs at: ./wandb/offline-run-20260306_101512-39qqo8jy/logs
wandb: Tracking run with wandb version 0.25.0
wandb: W&B syncing is set to `offline` in this directory. Run `wandb online` or set WANDB_MODE=online to enable cloud syncing.
wandb: Run data is saved locally in /home/alexdoro/repositories/protein-embedding-classifier/wandb/offline-run-20260306_101513-vl4hm399
2026-03-06 10:15:13,380 - TrainingService - INFO - Normalization mode: none
2026-03-06 10:15:13,381 - TrainingService - INFO - Training model_type=MLP embedding=ESM3c train_shape=(1932, 1152) val_shape=(500, 1152)
2026-03-06 10:15:13,416 - TorchTrainingWrapper - INFO - epoch=1 train_loss=0.641840 val_loss=0.698933
2026-03-06 10:15:13,448 - TorchTrainingWrapper - INFO - epoch=2 train_loss=0.575238 val_loss=0.697831
2026-03-06 10:15:13,479 - TorchTrainingWrapper - INFO - epoch=3 train_loss=0.526603 val_loss=0.704327
2026-03-06 10:15:13,509 - TorchTrainingWrapper - INFO - epoch=4 train_loss=0.502133 val_loss=0.728143
2026-03-06 10:15:13,540 - TorchTrainingWrapper - INFO - epoch=5 train_loss=0.472433 val_loss=0.736747
2026-03-06 10:15:13,570 - TorchTrainingWrapper - INFO - epoch=6 train_loss=0.464593 val_loss=0.761407
2026-03-06 10:15:13,600 - TorchTrainingWrapper - INFO - epoch=7 train_loss=0.435435 val_loss=0.751050
2026-03-06 10:15:13,630 - TorchTrainingWrapper - INFO - epoch=8 train_loss=0.423697 val_loss=0.738179
2026-03-06 10:15:13,661 - TorchTrainingWrapper - INFO - epoch=9 train_loss=0.430591 val_loss=0.742974
2026-03-06 10:15:13,691 - TorchTrainingWrapper - INFO - epoch=10 train_loss=0.421193 val_loss=0.742056
2026-03-06 10:15:13,721 - TorchTrainingWrapper - INFO - epoch=11 train_loss=0.399564 val_loss=0.737797
2026-03-06 10:15:13,751 - TorchTrainingWrapper - INFO - epoch=12 train_loss=0.402341 val_loss=0.731673
2026-03-06 10:15:13,751 - TorchTrainingWrapper - INFO - Early stopping triggered at epoch=12
2026-03-06 10:15:13,761 - TrainingService - INFO - Trained model_type=MLP embedding=ESM3c f1_score=0.545455
wandb: 
wandb: Run history:
wandb:  test_accuracy ▁
wandb:        test_f1 ▁
wandb:        test_fn ▁
wandb:        test_fp ▁
wandb:    test_pr_auc ▁
wandb: test_precision ▁
wandb:    test_recall ▁
wandb:   test_roc_auc ▁
wandb:        test_tn ▁
wandb:        test_tp ▁
wandb:            +11 ...
wandb: 
wandb: Run summary:
wandb: embedding_name ESM3c
wandb:     model_type MLP
wandb:  test_accuracy 0.68107
wandb:        test_f1 0.65784
wandb:        test_fn 80
wandb:        test_fp 75
wandb:    test_pr_auc 0.69014
wandb: test_precision 0.66518
wandb:    test_recall 0.65066
wandb:   test_roc_auc 0.74164
wandb:            +14 ...
wandb: 
wandb: You can sync this run to the cloud by running:
wandb: wandb sync /home/alexdoro/repositories/protein-embedding-classifier/wandb/offline-run-20260306_101513-vl4hm399
wandb: Find logs at: ./wandb/offline-run-20260306_101513-vl4hm399/logs
wandb: Tracking run with wandb version 0.25.0
wandb: W&B syncing is set to `offline` in this directory. Run `wandb online` or set WANDB_MODE=online to enable cloud syncing.
wandb: Run data is saved locally in /home/alexdoro/repositories/protein-embedding-classifier/wandb/offline-run-20260306_101513-a0k52zs0
2026-03-06 10:15:13,923 - TrainingService - INFO - Normalization mode: none
2026-03-06 10:15:13,923 - TrainingService - INFO - Training model_type=MLP embedding=GeOKG train_shape=(1932, 3000) val_shape=(500, 3000)
2026-03-06 10:15:13,963 - TorchTrainingWrapper - INFO - epoch=1 train_loss=0.597020 val_loss=0.707115
2026-03-06 10:15:13,996 - TorchTrainingWrapper - INFO - epoch=2 train_loss=0.519019 val_loss=0.687633
2026-03-06 10:15:14,028 - TorchTrainingWrapper - INFO - epoch=3 train_loss=0.488684 val_loss=0.719304
2026-03-06 10:15:14,059 - TorchTrainingWrapper - INFO - epoch=4 train_loss=0.461905 val_loss=0.701079
2026-03-06 10:15:14,090 - TorchTrainingWrapper - INFO - epoch=5 train_loss=0.443155 val_loss=0.714219
2026-03-06 10:15:14,121 - TorchTrainingWrapper - INFO - epoch=6 train_loss=0.420491 val_loss=0.718188
2026-03-06 10:15:14,152 - TorchTrainingWrapper - INFO - epoch=7 train_loss=0.423529 val_loss=0.760944
2026-03-06 10:15:14,186 - TorchTrainingWrapper - INFO - epoch=8 train_loss=0.421223 val_loss=0.737541
2026-03-06 10:15:14,217 - TorchTrainingWrapper - INFO - epoch=9 train_loss=0.396884 val_loss=0.760279
2026-03-06 10:15:14,248 - TorchTrainingWrapper - INFO - epoch=10 train_loss=0.389172 val_loss=0.708267
2026-03-06 10:15:14,279 - TorchTrainingWrapper - INFO - epoch=11 train_loss=0.393657 val_loss=0.807492
2026-03-06 10:15:14,310 - TorchTrainingWrapper - INFO - epoch=12 train_loss=0.383941 val_loss=0.675565
2026-03-06 10:15:14,341 - TorchTrainingWrapper - INFO - epoch=13 train_loss=0.392506 val_loss=0.762883
2026-03-06 10:15:14,373 - TorchTrainingWrapper - INFO - epoch=14 train_loss=0.381446 val_loss=0.750979
2026-03-06 10:15:14,405 - TorchTrainingWrapper - INFO - epoch=15 train_loss=0.382061 val_loss=0.725215
2026-03-06 10:15:14,437 - TorchTrainingWrapper - INFO - epoch=16 train_loss=0.371893 val_loss=0.724346
2026-03-06 10:15:14,469 - TorchTrainingWrapper - INFO - epoch=17 train_loss=0.381589 val_loss=0.689228
2026-03-06 10:15:14,501 - TorchTrainingWrapper - INFO - epoch=18 train_loss=0.365448 val_loss=0.711188
2026-03-06 10:15:14,533 - TorchTrainingWrapper - INFO - epoch=19 train_loss=0.363964 val_loss=0.695807
2026-03-06 10:15:14,564 - TorchTrainingWrapper - INFO - epoch=20 train_loss=0.355828 val_loss=0.712464
2026-03-06 10:15:14,596 - TorchTrainingWrapper - INFO - epoch=21 train_loss=0.358200 val_loss=0.695277
2026-03-06 10:15:14,628 - TorchTrainingWrapper - INFO - epoch=22 train_loss=0.365306 val_loss=0.724016
2026-03-06 10:15:14,628 - TorchTrainingWrapper - INFO - Early stopping triggered at epoch=22
2026-03-06 10:15:14,639 - TrainingService - INFO - Trained model_type=MLP embedding=GeOKG f1_score=0.608333
wandb: 
wandb: Run history:
wandb:  test_accuracy ▁
wandb:        test_f1 ▁
wandb:        test_fn ▁
wandb:        test_fp ▁
wandb:    test_pr_auc ▁
wandb: test_precision ▁
wandb:    test_recall ▁
wandb:   test_roc_auc ▁
wandb:        test_tn ▁
wandb:        test_tp ▁
wandb:            +11 ...
wandb: 
wandb: Run summary:
wandb: embedding_name GeOKG
wandb:     model_type MLP
wandb:  test_accuracy 0.7284
wandb:        test_f1 0.68116
wandb:        test_fn 88
wandb:        test_fp 44
wandb:    test_pr_auc 0.79423
wandb: test_precision 0.76216
wandb:    test_recall 0.61572
wandb:   test_roc_auc 0.79784
wandb:            +14 ...
wandb: 
wandb: You can sync this run to the cloud by running:
wandb: wandb sync /home/alexdoro/repositories/protein-embedding-classifier/wandb/offline-run-20260306_101513-a0k52zs0
wandb: Find logs at: ./wandb/offline-run-20260306_101513-a0k52zs0/logs
wandb: Tracking run with wandb version 0.25.0
wandb: W&B syncing is set to `offline` in this directory. Run `wandb online` or set WANDB_MODE=online to enable cloud syncing.
wandb: Run data is saved locally in /home/alexdoro/repositories/protein-embedding-classifier/wandb/offline-run-20260306_101514-rpykyd6y
2026-03-06 10:15:15,283 - TrainingService - INFO - Normalization mode: none
2026-03-06 10:15:15,284 - TrainingService - INFO - Training model_type=MLP embedding=Prost-T5 train_shape=(1932, 1024) val_shape=(500, 1024)
2026-03-06 10:15:15,326 - TorchTrainingWrapper - INFO - epoch=1 train_loss=0.627778 val_loss=0.689839
2026-03-06 10:15:15,360 - TorchTrainingWrapper - INFO - epoch=2 train_loss=0.568012 val_loss=0.703538
2026-03-06 10:15:15,391 - TorchTrainingWrapper - INFO - epoch=3 train_loss=0.533291 val_loss=0.723601
2026-03-06 10:15:15,423 - TorchTrainingWrapper - INFO - epoch=4 train_loss=0.502920 val_loss=0.732287
2026-03-06 10:15:15,454 - TorchTrainingWrapper - INFO - epoch=5 train_loss=0.488973 val_loss=0.707246
2026-03-06 10:15:15,486 - TorchTrainingWrapper - INFO - epoch=6 train_loss=0.462051 val_loss=0.717843
2026-03-06 10:15:15,517 - TorchTrainingWrapper - INFO - epoch=7 train_loss=0.454852 val_loss=0.717279
2026-03-06 10:15:15,549 - TorchTrainingWrapper - INFO - epoch=8 train_loss=0.443528 val_loss=0.736457
2026-03-06 10:15:15,578 - TorchTrainingWrapper - INFO - epoch=9 train_loss=0.454514 val_loss=0.728613
2026-03-06 10:15:15,608 - TorchTrainingWrapper - INFO - epoch=10 train_loss=0.422329 val_loss=0.689034
2026-03-06 10:15:15,638 - TorchTrainingWrapper - INFO - epoch=11 train_loss=0.420013 val_loss=0.702845
2026-03-06 10:15:15,667 - TorchTrainingWrapper - INFO - epoch=12 train_loss=0.413658 val_loss=0.724075
2026-03-06 10:15:15,696 - TorchTrainingWrapper - INFO - epoch=13 train_loss=0.411501 val_loss=0.736239
2026-03-06 10:15:15,725 - TorchTrainingWrapper - INFO - epoch=14 train_loss=0.408816 val_loss=0.735169
2026-03-06 10:15:15,754 - TorchTrainingWrapper - INFO - epoch=15 train_loss=0.397253 val_loss=0.725208
2026-03-06 10:15:15,783 - TorchTrainingWrapper - INFO - epoch=16 train_loss=0.388188 val_loss=0.721767
2026-03-06 10:15:15,812 - TorchTrainingWrapper - INFO - epoch=17 train_loss=0.386027 val_loss=0.719786
2026-03-06 10:15:15,841 - TorchTrainingWrapper - INFO - epoch=18 train_loss=0.382901 val_loss=0.732338
2026-03-06 10:15:15,871 - TorchTrainingWrapper - INFO - epoch=19 train_loss=0.381245 val_loss=0.738629
2026-03-06 10:15:15,901 - TorchTrainingWrapper - INFO - epoch=20 train_loss=0.378226 val_loss=0.732088
2026-03-06 10:15:15,901 - TorchTrainingWrapper - INFO - Early stopping triggered at epoch=20
2026-03-06 10:15:15,911 - TrainingService - INFO - Trained model_type=MLP embedding=Prost-T5 f1_score=0.600414
wandb: 
wandb: Run history:
wandb:  test_accuracy ▁
wandb:        test_f1 ▁
wandb:        test_fn ▁
wandb:        test_fp ▁
wandb:    test_pr_auc ▁
wandb: test_precision ▁
wandb:    test_recall ▁
wandb:   test_roc_auc ▁
wandb:        test_tn ▁
wandb:        test_tp ▁
wandb:            +11 ...
wandb: 
wandb: Run summary:
wandb: embedding_name Prost-T5
wandb:     model_type MLP
wandb:  test_accuracy 0.69342
wandb:        test_f1 0.66815
wandb:        test_fn 79
wandb:        test_fp 70
wandb:    test_pr_auc 0.73057
wandb: test_precision 0.68182
wandb:    test_recall 0.65502
wandb:   test_roc_auc 0.76565
wandb:            +14 ...
wandb: 
wandb: You can sync this run to the cloud by running:
wandb: wandb sync /home/alexdoro/repositories/protein-embedding-classifier/wandb/offline-run-20260306_101514-rpykyd6y
wandb: Find logs at: ./wandb/offline-run-20260306_101514-rpykyd6y/logs
2026-03-06 10:15:15,915 - SweepService - INFO - Sweep completed model_type=MLP best_embedding=Ankh3-Large f1_score=0.636852
2026-03-06 10:15:15,915 - Pipeline - INFO - Finished classifier sweep model_type=MLP best_embedding=Ankh3-Large validation_f1=0.636852
2026-03-06 10:15:15,917 - TrainingService - INFO - Normalization mode: none
2026-03-06 10:15:15,917 - TrainingService - INFO - Training model_type=MLP embedding=Ankh3-Large train_shape=(2432, 1536) val_shape=(500, 1536)
2026-03-06 10:15:15,961 - TorchTrainingWrapper - INFO - epoch=1 train_loss=0.648989 val_loss=0.657392
2026-03-06 10:15:15,999 - TorchTrainingWrapper - INFO - epoch=2 train_loss=0.565720 val_loss=0.571600
2026-03-06 10:15:16,036 - TorchTrainingWrapper - INFO - epoch=3 train_loss=0.520788 val_loss=0.509052
2026-03-06 10:15:16,073 - TorchTrainingWrapper - INFO - epoch=4 train_loss=0.485940 val_loss=0.538314
2026-03-06 10:15:16,110 - TorchTrainingWrapper - INFO - epoch=5 train_loss=0.471810 val_loss=0.478797
2026-03-06 10:15:16,148 - TorchTrainingWrapper - INFO - epoch=6 train_loss=0.446693 val_loss=0.437050
2026-03-06 10:15:16,185 - TorchTrainingWrapper - INFO - epoch=7 train_loss=0.424283 val_loss=0.444734
2026-03-06 10:15:16,223 - TorchTrainingWrapper - INFO - epoch=8 train_loss=0.425868 val_loss=0.410571
2026-03-06 10:15:16,260 - TorchTrainingWrapper - INFO - epoch=9 train_loss=0.405467 val_loss=0.422854
2026-03-06 10:15:16,299 - TorchTrainingWrapper - INFO - epoch=10 train_loss=0.393690 val_loss=0.388096
2026-03-06 10:15:16,335 - TorchTrainingWrapper - INFO - epoch=11 train_loss=0.390389 val_loss=0.416108
2026-03-06 10:15:16,371 - TorchTrainingWrapper - INFO - epoch=12 train_loss=0.387655 val_loss=0.394613
2026-03-06 10:15:16,407 - TorchTrainingWrapper - INFO - epoch=13 train_loss=0.387477 val_loss=0.400904
2026-03-06 10:15:16,444 - TorchTrainingWrapper - INFO - epoch=14 train_loss=0.376770 val_loss=0.361117
2026-03-06 10:15:16,480 - TorchTrainingWrapper - INFO - epoch=15 train_loss=0.370266 val_loss=0.356739
2026-03-06 10:15:16,517 - TorchTrainingWrapper - INFO - epoch=16 train_loss=0.372944 val_loss=0.371157
2026-03-06 10:15:16,553 - TorchTrainingWrapper - INFO - epoch=17 train_loss=0.367525 val_loss=0.365998
2026-03-06 10:15:16,589 - TorchTrainingWrapper - INFO - epoch=18 train_loss=0.371147 val_loss=0.365399
2026-03-06 10:15:16,625 - TorchTrainingWrapper - INFO - epoch=19 train_loss=0.363814 val_loss=0.370533
2026-03-06 10:15:16,661 - TorchTrainingWrapper - INFO - epoch=20 train_loss=0.366213 val_loss=0.373022
2026-03-06 10:15:16,697 - TorchTrainingWrapper - INFO - epoch=21 train_loss=0.368378 val_loss=0.362800
2026-03-06 10:15:16,733 - TorchTrainingWrapper - INFO - epoch=22 train_loss=0.360015 val_loss=0.352218
2026-03-06 10:15:16,769 - TorchTrainingWrapper - INFO - epoch=23 train_loss=0.356781 val_loss=0.345767
2026-03-06 10:15:16,805 - TorchTrainingWrapper - INFO - epoch=24 train_loss=0.352135 val_loss=0.355453
2026-03-06 10:15:16,841 - TorchTrainingWrapper - INFO - epoch=25 train_loss=0.350758 val_loss=0.348561
2026-03-06 10:15:16,877 - TorchTrainingWrapper - INFO - epoch=26 train_loss=0.348501 val_loss=0.350702
2026-03-06 10:15:16,914 - TorchTrainingWrapper - INFO - epoch=27 train_loss=0.348822 val_loss=0.354486
2026-03-06 10:15:16,950 - TorchTrainingWrapper - INFO - epoch=28 train_loss=0.351270 val_loss=0.366233
2026-03-06 10:15:16,986 - TorchTrainingWrapper - INFO - epoch=29 train_loss=0.352174 val_loss=0.376214
2026-03-06 10:15:17,024 - TorchTrainingWrapper - INFO - epoch=30 train_loss=0.347901 val_loss=0.354449
2026-03-06 10:15:17,062 - TorchTrainingWrapper - INFO - epoch=31 train_loss=0.346024 val_loss=0.349123
2026-03-06 10:15:17,099 - TorchTrainingWrapper - INFO - epoch=32 train_loss=0.344114 val_loss=0.350679
2026-03-06 10:15:17,137 - TorchTrainingWrapper - INFO - epoch=33 train_loss=0.343813 val_loss=0.349798
2026-03-06 10:15:17,137 - TorchTrainingWrapper - INFO - Early stopping triggered at epoch=33
2026-03-06 10:15:17,147 - TrainingService - INFO - Trained model_type=MLP embedding=Ankh3-Large f1_score=0.972000
wandb: Tracking run with wandb version 0.25.0
wandb: W&B syncing is set to `offline` in this directory. Run `wandb online` or set WANDB_MODE=online to enable cloud syncing.
wandb: Run data is saved locally in /home/alexdoro/repositories/protein-embedding-classifier/wandb/offline-run-20260306_101517-3b0rjmek
wandb: 
wandb: Run history:
wandb:  test_accuracy ▁
wandb:        test_f1 ▁
wandb:        test_fn ▁
wandb:        test_fp ▁
wandb:    test_pr_auc ▁
wandb: test_precision ▁
wandb:    test_recall ▁
wandb:   test_roc_auc ▁
wandb:        test_tn ▁
wandb:        test_tp ▁
wandb: 
wandb: Run summary:
wandb:  test_accuracy 0.68724
wandb:        test_f1 0.66957
wandb:        test_fn 75
wandb:        test_fp 77
wandb:    test_pr_auc 0.73577
wandb: test_precision 0.66667
wandb:    test_recall 0.67249
wandb:   test_roc_auc 0.75955
wandb:        test_tn 180
wandb:        test_tp 154
wandb: 
wandb: You can sync this run to the cloud by running:
wandb: wandb sync /home/alexdoro/repositories/protein-embedding-classifier/wandb/offline-run-20260306_101517-3b0rjmek
wandb: Find logs at: ./wandb/offline-run-20260306_101517-3b0rjmek/logs
2026-03-06 10:15:17,283 - TrainingService - INFO - Normalization mode: none
2026-03-06 10:15:17,284 - TrainingService - INFO - Training model_type=MLP embedding=ESM3c train_shape=(2432, 1152) val_shape=(500, 1152)
2026-03-06 10:15:17,326 - TorchTrainingWrapper - INFO - epoch=1 train_loss=0.671281 val_loss=0.650255
2026-03-06 10:15:17,364 - TorchTrainingWrapper - INFO - epoch=2 train_loss=0.594015 val_loss=0.603030
2026-03-06 10:15:17,401 - TorchTrainingWrapper - INFO - epoch=3 train_loss=0.557262 val_loss=0.548048
2026-03-06 10:15:17,437 - TorchTrainingWrapper - INFO - epoch=4 train_loss=0.525600 val_loss=0.501766
2026-03-06 10:15:17,474 - TorchTrainingWrapper - INFO - epoch=5 train_loss=0.495129 val_loss=0.487374
2026-03-06 10:15:17,510 - TorchTrainingWrapper - INFO - epoch=6 train_loss=0.477347 val_loss=0.464355
2026-03-06 10:15:17,546 - TorchTrainingWrapper - INFO - epoch=7 train_loss=0.453584 val_loss=0.430446
2026-03-06 10:15:17,581 - TorchTrainingWrapper - INFO - epoch=8 train_loss=0.438873 val_loss=0.434336
2026-03-06 10:15:17,617 - TorchTrainingWrapper - INFO - epoch=9 train_loss=0.423289 val_loss=0.423618
2026-03-06 10:15:17,653 - TorchTrainingWrapper - INFO - epoch=10 train_loss=0.421180 val_loss=0.424690
2026-03-06 10:15:17,688 - TorchTrainingWrapper - INFO - epoch=11 train_loss=0.420471 val_loss=0.412569
2026-03-06 10:15:17,724 - TorchTrainingWrapper - INFO - epoch=12 train_loss=0.404722 val_loss=0.415110
2026-03-06 10:15:17,759 - TorchTrainingWrapper - INFO - epoch=13 train_loss=0.391195 val_loss=0.381882
2026-03-06 10:15:17,795 - TorchTrainingWrapper - INFO - epoch=14 train_loss=0.380390 val_loss=0.385558
2026-03-06 10:15:17,831 - TorchTrainingWrapper - INFO - epoch=15 train_loss=0.382059 val_loss=0.381601
2026-03-06 10:15:17,867 - TorchTrainingWrapper - INFO - epoch=16 train_loss=0.383167 val_loss=0.388098
2026-03-06 10:15:17,903 - TorchTrainingWrapper - INFO - epoch=17 train_loss=0.379968 val_loss=0.372167
2026-03-06 10:15:17,940 - TorchTrainingWrapper - INFO - epoch=18 train_loss=0.369673 val_loss=0.379846
2026-03-06 10:15:17,976 - TorchTrainingWrapper - INFO - epoch=19 train_loss=0.377125 val_loss=0.369780
2026-03-06 10:15:18,014 - TorchTrainingWrapper - INFO - epoch=20 train_loss=0.362433 val_loss=0.362474
2026-03-06 10:15:18,051 - TorchTrainingWrapper - INFO - epoch=21 train_loss=0.365199 val_loss=0.360360
2026-03-06 10:15:18,088 - TorchTrainingWrapper - INFO - epoch=22 train_loss=0.355694 val_loss=0.358344
2026-03-06 10:15:18,125 - TorchTrainingWrapper - INFO - epoch=23 train_loss=0.358927 val_loss=0.363734
2026-03-06 10:15:18,162 - TorchTrainingWrapper - INFO - epoch=24 train_loss=0.356168 val_loss=0.364861
2026-03-06 10:15:18,198 - TorchTrainingWrapper - INFO - epoch=25 train_loss=0.357131 val_loss=0.358584
2026-03-06 10:15:18,234 - TorchTrainingWrapper - INFO - epoch=26 train_loss=0.351782 val_loss=0.354392
2026-03-06 10:15:18,272 - TorchTrainingWrapper - INFO - epoch=27 train_loss=0.352155 val_loss=0.359977
2026-03-06 10:15:18,309 - TorchTrainingWrapper - INFO - epoch=28 train_loss=0.359161 val_loss=0.357559
2026-03-06 10:15:18,345 - TorchTrainingWrapper - INFO - epoch=29 train_loss=0.353192 val_loss=0.354282
2026-03-06 10:15:18,383 - TorchTrainingWrapper - INFO - epoch=30 train_loss=0.344704 val_loss=0.348917
2026-03-06 10:15:18,420 - TorchTrainingWrapper - INFO - epoch=31 train_loss=0.345622 val_loss=0.348739
2026-03-06 10:15:18,457 - TorchTrainingWrapper - INFO - epoch=32 train_loss=0.347126 val_loss=0.353674
2026-03-06 10:15:18,494 - TorchTrainingWrapper - INFO - epoch=33 train_loss=0.353724 val_loss=0.354588
2026-03-06 10:15:18,530 - TorchTrainingWrapper - INFO - epoch=34 train_loss=0.346904 val_loss=0.356640
2026-03-06 10:15:18,567 - TorchTrainingWrapper - INFO - epoch=35 train_loss=0.346764 val_loss=0.349982
2026-03-06 10:15:18,604 - TorchTrainingWrapper - INFO - epoch=36 train_loss=0.348806 val_loss=0.350926
2026-03-06 10:15:18,641 - TorchTrainingWrapper - INFO - epoch=37 train_loss=0.348004 val_loss=0.351103
2026-03-06 10:15:18,677 - TorchTrainingWrapper - INFO - epoch=38 train_loss=0.346573 val_loss=0.356414
2026-03-06 10:15:18,714 - TorchTrainingWrapper - INFO - epoch=39 train_loss=0.346014 val_loss=0.348651
2026-03-06 10:15:18,750 - TorchTrainingWrapper - INFO - epoch=40 train_loss=0.340971 val_loss=0.342765
2026-03-06 10:15:18,786 - TorchTrainingWrapper - INFO - epoch=41 train_loss=0.339827 val_loss=0.344061
2026-03-06 10:15:18,821 - TorchTrainingWrapper - INFO - epoch=42 train_loss=0.339219 val_loss=0.342699
2026-03-06 10:15:18,857 - TorchTrainingWrapper - INFO - epoch=43 train_loss=0.344384 val_loss=0.343094
2026-03-06 10:15:18,892 - TorchTrainingWrapper - INFO - epoch=44 train_loss=0.343841 val_loss=0.354788
2026-03-06 10:15:18,928 - TorchTrainingWrapper - INFO - epoch=45 train_loss=0.343113 val_loss=0.347254
2026-03-06 10:15:18,963 - TorchTrainingWrapper - INFO - epoch=46 train_loss=0.341578 val_loss=0.353860
2026-03-06 10:15:18,998 - TorchTrainingWrapper - INFO - epoch=47 train_loss=0.340276 val_loss=0.344333
2026-03-06 10:15:19,034 - TorchTrainingWrapper - INFO - epoch=48 train_loss=0.341914 val_loss=0.341362
2026-03-06 10:15:19,071 - TorchTrainingWrapper - INFO - epoch=49 train_loss=0.344544 val_loss=0.344013
2026-03-06 10:15:19,106 - TorchTrainingWrapper - INFO - epoch=50 train_loss=0.345392 val_loss=0.340502
2026-03-06 10:15:19,142 - TorchTrainingWrapper - INFO - epoch=51 train_loss=0.339417 val_loss=0.340064
2026-03-06 10:15:19,178 - TorchTrainingWrapper - INFO - epoch=52 train_loss=0.342157 val_loss=0.338235
2026-03-06 10:15:19,213 - TorchTrainingWrapper - INFO - epoch=53 train_loss=0.344772 val_loss=0.345533
2026-03-06 10:15:19,249 - TorchTrainingWrapper - INFO - epoch=54 train_loss=0.350006 val_loss=0.344429
2026-03-06 10:15:19,284 - TorchTrainingWrapper - INFO - epoch=55 train_loss=0.342227 val_loss=0.342273
2026-03-06 10:15:19,319 - TorchTrainingWrapper - INFO - epoch=56 train_loss=0.342209 val_loss=0.343677
2026-03-06 10:15:19,355 - TorchTrainingWrapper - INFO - epoch=57 train_loss=0.343924 val_loss=0.348676
2026-03-06 10:15:19,391 - TorchTrainingWrapper - INFO - epoch=58 train_loss=0.343119 val_loss=0.337041
2026-03-06 10:15:19,426 - TorchTrainingWrapper - INFO - epoch=59 train_loss=0.344994 val_loss=0.337456
2026-03-06 10:15:19,462 - TorchTrainingWrapper - INFO - epoch=60 train_loss=0.346237 val_loss=0.343539
2026-03-06 10:15:19,497 - TorchTrainingWrapper - INFO - epoch=61 train_loss=0.345007 val_loss=0.362546
2026-03-06 10:15:19,532 - TorchTrainingWrapper - INFO - epoch=62 train_loss=0.344079 val_loss=0.336281
2026-03-06 10:15:19,569 - TorchTrainingWrapper - INFO - epoch=63 train_loss=0.340806 val_loss=0.337694
2026-03-06 10:15:19,604 - TorchTrainingWrapper - INFO - epoch=64 train_loss=0.341752 val_loss=0.343607
2026-03-06 10:15:19,640 - TorchTrainingWrapper - INFO - epoch=65 train_loss=0.336664 val_loss=0.344940
2026-03-06 10:15:19,676 - TorchTrainingWrapper - INFO - epoch=66 train_loss=0.339844 val_loss=0.337627
2026-03-06 10:15:19,711 - TorchTrainingWrapper - INFO - epoch=67 train_loss=0.336990 val_loss=0.337564
2026-03-06 10:15:19,746 - TorchTrainingWrapper - INFO - epoch=68 train_loss=0.343283 val_loss=0.336891
2026-03-06 10:15:19,781 - TorchTrainingWrapper - INFO - epoch=69 train_loss=0.339782 val_loss=0.342822
2026-03-06 10:15:19,817 - TorchTrainingWrapper - INFO - epoch=70 train_loss=0.340374 val_loss=0.337065
2026-03-06 10:15:19,852 - TorchTrainingWrapper - INFO - epoch=71 train_loss=0.337752 val_loss=0.336673
2026-03-06 10:15:19,887 - TorchTrainingWrapper - INFO - epoch=72 train_loss=0.336655 val_loss=0.335031
2026-03-06 10:15:19,923 - TorchTrainingWrapper - INFO - epoch=73 train_loss=0.333175 val_loss=0.334469
2026-03-06 10:15:19,959 - TorchTrainingWrapper - INFO - epoch=74 train_loss=0.335066 val_loss=0.337683
2026-03-06 10:15:19,994 - TorchTrainingWrapper - INFO - epoch=75 train_loss=0.336118 val_loss=0.337545
2026-03-06 10:15:20,030 - TorchTrainingWrapper - INFO - epoch=76 train_loss=0.337138 val_loss=0.333874
2026-03-06 10:15:20,066 - TorchTrainingWrapper - INFO - epoch=77 train_loss=0.335357 val_loss=0.333534
2026-03-06 10:15:20,102 - TorchTrainingWrapper - INFO - epoch=78 train_loss=0.334103 val_loss=0.342449
2026-03-06 10:15:20,137 - TorchTrainingWrapper - INFO - epoch=79 train_loss=0.337666 val_loss=0.336117
2026-03-06 10:15:20,173 - TorchTrainingWrapper - INFO - epoch=80 train_loss=0.339271 val_loss=0.334951
2026-03-06 10:15:20,208 - TorchTrainingWrapper - INFO - epoch=81 train_loss=0.340558 val_loss=0.343600
2026-03-06 10:15:20,243 - TorchTrainingWrapper - INFO - epoch=82 train_loss=0.340848 val_loss=0.333791
2026-03-06 10:15:20,278 - TorchTrainingWrapper - INFO - epoch=83 train_loss=0.338484 val_loss=0.332955
2026-03-06 10:15:20,314 - TorchTrainingWrapper - INFO - epoch=84 train_loss=0.337054 val_loss=0.336827
2026-03-06 10:15:20,349 - TorchTrainingWrapper - INFO - epoch=85 train_loss=0.335973 val_loss=0.334129
2026-03-06 10:15:20,384 - TorchTrainingWrapper - INFO - epoch=86 train_loss=0.332452 val_loss=0.334584
2026-03-06 10:15:20,420 - TorchTrainingWrapper - INFO - epoch=87 train_loss=0.337929 val_loss=0.338003
2026-03-06 10:15:20,458 - TorchTrainingWrapper - INFO - epoch=88 train_loss=0.337591 val_loss=0.332476
2026-03-06 10:15:20,494 - TorchTrainingWrapper - INFO - epoch=89 train_loss=0.333860 val_loss=0.328675
2026-03-06 10:15:20,530 - TorchTrainingWrapper - INFO - epoch=90 train_loss=0.330356 val_loss=0.329767
2026-03-06 10:15:20,568 - TorchTrainingWrapper - INFO - epoch=91 train_loss=0.333772 val_loss=0.329396
2026-03-06 10:15:20,604 - TorchTrainingWrapper - INFO - epoch=92 train_loss=0.332485 val_loss=0.331602
2026-03-06 10:15:20,639 - TorchTrainingWrapper - INFO - epoch=93 train_loss=0.334612 val_loss=0.336082
2026-03-06 10:15:20,675 - TorchTrainingWrapper - INFO - epoch=94 train_loss=0.342441 val_loss=0.333420
2026-03-06 10:15:20,710 - TorchTrainingWrapper - INFO - epoch=95 train_loss=0.340888 val_loss=0.333061
2026-03-06 10:15:20,745 - TorchTrainingWrapper - INFO - epoch=96 train_loss=0.335578 val_loss=0.332049
2026-03-06 10:15:20,780 - TorchTrainingWrapper - INFO - epoch=97 train_loss=0.334200 val_loss=0.331461
2026-03-06 10:15:20,816 - TorchTrainingWrapper - INFO - epoch=98 train_loss=0.330539 val_loss=0.331474
2026-03-06 10:15:20,851 - TorchTrainingWrapper - INFO - epoch=99 train_loss=0.333230 val_loss=0.332093
2026-03-06 10:15:20,851 - TorchTrainingWrapper - INFO - Early stopping triggered at epoch=99
2026-03-06 10:15:20,861 - TrainingService - INFO - Trained model_type=MLP embedding=ESM3c f1_score=0.985859
wandb: Tracking run with wandb version 0.25.0
wandb: W&B syncing is set to `offline` in this directory. Run `wandb online` or set WANDB_MODE=online to enable cloud syncing.
wandb: Run data is saved locally in /home/alexdoro/repositories/protein-embedding-classifier/wandb/offline-run-20260306_101520-mffta3gv
wandb: 
wandb: Run history:
wandb:  test_accuracy ▁
wandb:        test_f1 ▁
wandb:        test_fn ▁
wandb:        test_fp ▁
wandb:    test_pr_auc ▁
wandb: test_precision ▁
wandb:    test_recall ▁
wandb:   test_roc_auc ▁
wandb:        test_tn ▁
wandb:        test_tp ▁
wandb: 
wandb: Run summary:
wandb:  test_accuracy 0.70782
wandb:        test_f1 0.69915
wandb:        test_fn 64
wandb:        test_fp 78
wandb:    test_pr_auc 0.71329
wandb: test_precision 0.67901
wandb:    test_recall 0.72052
wandb:   test_roc_auc 0.7661
wandb:        test_tn 179
wandb:        test_tp 165
wandb: 
wandb: You can sync this run to the cloud by running:
wandb: wandb sync /home/alexdoro/repositories/protein-embedding-classifier/wandb/offline-run-20260306_101520-mffta3gv
wandb: Find logs at: ./wandb/offline-run-20260306_101520-mffta3gv/logs
2026-03-06 10:15:20,996 - TrainingService - INFO - Normalization mode: none
2026-03-06 10:15:20,996 - TrainingService - INFO - Training model_type=MLP embedding=GeOKG train_shape=(2432, 3000) val_shape=(500, 3000)
2026-03-06 10:15:21,045 - TorchTrainingWrapper - INFO - epoch=1 train_loss=0.633345 val_loss=0.656021
2026-03-06 10:15:21,085 - TorchTrainingWrapper - INFO - epoch=2 train_loss=0.557270 val_loss=0.565489
2026-03-06 10:15:21,124 - TorchTrainingWrapper - INFO - epoch=3 train_loss=0.512734 val_loss=0.521539
2026-03-06 10:15:21,162 - TorchTrainingWrapper - INFO - epoch=4 train_loss=0.482660 val_loss=0.480461
2026-03-06 10:15:21,201 - TorchTrainingWrapper - INFO - epoch=5 train_loss=0.459353 val_loss=0.489898
2026-03-06 10:15:21,239 - TorchTrainingWrapper - INFO - epoch=6 train_loss=0.442142 val_loss=0.494591
2026-03-06 10:15:21,277 - TorchTrainingWrapper - INFO - epoch=7 train_loss=0.421068 val_loss=0.450940
2026-03-06 10:15:21,315 - TorchTrainingWrapper - INFO - epoch=8 train_loss=0.422329 val_loss=0.461845
2026-03-06 10:15:21,353 - TorchTrainingWrapper - INFO - epoch=9 train_loss=0.408691 val_loss=0.410340
2026-03-06 10:15:21,392 - TorchTrainingWrapper - INFO - epoch=10 train_loss=0.391749 val_loss=0.393002
2026-03-06 10:15:21,430 - TorchTrainingWrapper - INFO - epoch=11 train_loss=0.382175 val_loss=0.421058
2026-03-06 10:15:21,469 - TorchTrainingWrapper - INFO - epoch=12 train_loss=0.388281 val_loss=0.395270
2026-03-06 10:15:21,507 - TorchTrainingWrapper - INFO - epoch=13 train_loss=0.385526 val_loss=0.397461
2026-03-06 10:15:21,545 - TorchTrainingWrapper - INFO - epoch=14 train_loss=0.382550 val_loss=0.390384
2026-03-06 10:15:21,584 - TorchTrainingWrapper - INFO - epoch=15 train_loss=0.372220 val_loss=0.368157
2026-03-06 10:15:21,623 - TorchTrainingWrapper - INFO - epoch=16 train_loss=0.369229 val_loss=0.371968
2026-03-06 10:15:21,661 - TorchTrainingWrapper - INFO - epoch=17 train_loss=0.365621 val_loss=0.363205
2026-03-06 10:15:21,700 - TorchTrainingWrapper - INFO - epoch=18 train_loss=0.362008 val_loss=0.397480
2026-03-06 10:15:21,738 - TorchTrainingWrapper - INFO - epoch=19 train_loss=0.363526 val_loss=0.374549
2026-03-06 10:15:21,776 - TorchTrainingWrapper - INFO - epoch=20 train_loss=0.361761 val_loss=0.361223
2026-03-06 10:15:21,814 - TorchTrainingWrapper - INFO - epoch=21 train_loss=0.354414 val_loss=0.352817
2026-03-06 10:15:21,853 - TorchTrainingWrapper - INFO - epoch=22 train_loss=0.360148 val_loss=0.354428
2026-03-06 10:15:21,890 - TorchTrainingWrapper - INFO - epoch=23 train_loss=0.355688 val_loss=0.352063
2026-03-06 10:15:21,929 - TorchTrainingWrapper - INFO - epoch=24 train_loss=0.360729 val_loss=0.397249
2026-03-06 10:15:21,967 - TorchTrainingWrapper - INFO - epoch=25 train_loss=0.359267 val_loss=0.355691
2026-03-06 10:15:22,005 - TorchTrainingWrapper - INFO - epoch=26 train_loss=0.356286 val_loss=0.352089
2026-03-06 10:15:22,043 - TorchTrainingWrapper - INFO - epoch=27 train_loss=0.346901 val_loss=0.351065
2026-03-06 10:15:22,082 - TorchTrainingWrapper - INFO - epoch=28 train_loss=0.362758 val_loss=0.440838
2026-03-06 10:15:22,121 - TorchTrainingWrapper - INFO - epoch=29 train_loss=0.355841 val_loss=0.345800
2026-03-06 10:15:22,159 - TorchTrainingWrapper - INFO - epoch=30 train_loss=0.353696 val_loss=0.403667
2026-03-06 10:15:22,197 - TorchTrainingWrapper - INFO - epoch=31 train_loss=0.358232 val_loss=0.361008
2026-03-06 10:15:22,235 - TorchTrainingWrapper - INFO - epoch=32 train_loss=0.348980 val_loss=0.350577
2026-03-06 10:15:22,273 - TorchTrainingWrapper - INFO - epoch=33 train_loss=0.345089 val_loss=0.349466
2026-03-06 10:15:22,312 - TorchTrainingWrapper - INFO - epoch=34 train_loss=0.347065 val_loss=0.352844
2026-03-06 10:15:22,350 - TorchTrainingWrapper - INFO - epoch=35 train_loss=0.344172 val_loss=0.346762
2026-03-06 10:15:22,388 - TorchTrainingWrapper - INFO - epoch=36 train_loss=0.342259 val_loss=0.363508
2026-03-06 10:15:22,431 - TorchTrainingWrapper - INFO - epoch=37 train_loss=0.344667 val_loss=0.345464
2026-03-06 10:15:22,473 - TorchTrainingWrapper - INFO - epoch=38 train_loss=0.345366 val_loss=0.351709
2026-03-06 10:15:22,512 - TorchTrainingWrapper - INFO - epoch=39 train_loss=0.344838 val_loss=0.346534
2026-03-06 10:15:22,550 - TorchTrainingWrapper - INFO - epoch=40 train_loss=0.341968 val_loss=0.348574
2026-03-06 10:15:22,588 - TorchTrainingWrapper - INFO - epoch=41 train_loss=0.350912 val_loss=0.352523
2026-03-06 10:15:22,626 - TorchTrainingWrapper - INFO - epoch=42 train_loss=0.351376 val_loss=0.351516
2026-03-06 10:15:22,664 - TorchTrainingWrapper - INFO - epoch=43 train_loss=0.350155 val_loss=0.349972
2026-03-06 10:15:22,703 - TorchTrainingWrapper - INFO - epoch=44 train_loss=0.344775 val_loss=0.348033
2026-03-06 10:15:22,741 - TorchTrainingWrapper - INFO - epoch=45 train_loss=0.347829 val_loss=0.348051
2026-03-06 10:15:22,778 - TorchTrainingWrapper - INFO - epoch=46 train_loss=0.347466 val_loss=0.347696
2026-03-06 10:15:22,817 - TorchTrainingWrapper - INFO - epoch=47 train_loss=0.351130 val_loss=0.351923
2026-03-06 10:15:22,817 - TorchTrainingWrapper - INFO - Early stopping triggered at epoch=47
2026-03-06 10:15:22,827 - TrainingService - INFO - Trained model_type=MLP embedding=GeOKG f1_score=0.969574
wandb: Tracking run with wandb version 0.25.0
wandb: W&B syncing is set to `offline` in this directory. Run `wandb online` or set WANDB_MODE=online to enable cloud syncing.
wandb: Run data is saved locally in /home/alexdoro/repositories/protein-embedding-classifier/wandb/offline-run-20260306_101522-3oicuuan
wandb: 
wandb: Run history:
wandb:  test_accuracy ▁
wandb:        test_f1 ▁
wandb:        test_fn ▁
wandb:        test_fp ▁
wandb:    test_pr_auc ▁
wandb: test_precision ▁
wandb:    test_recall ▁
wandb:   test_roc_auc ▁
wandb:        test_tn ▁
wandb:        test_tp ▁
wandb: 
wandb: Run summary:
wandb:  test_accuracy 0.71193
wandb:        test_f1 0.67442
wandb:        test_fn 84
wandb:        test_fp 56
wandb:    test_pr_auc 0.76845
wandb: test_precision 0.72139
wandb:    test_recall 0.63319
wandb:   test_roc_auc 0.78181
wandb:        test_tn 201
wandb:        test_tp 145
wandb: 
wandb: You can sync this run to the cloud by running:
wandb: wandb sync /home/alexdoro/repositories/protein-embedding-classifier/wandb/offline-run-20260306_101522-3oicuuan
wandb: Find logs at: ./wandb/offline-run-20260306_101522-3oicuuan/logs
2026-03-06 10:15:22,964 - TrainingService - INFO - Normalization mode: none
2026-03-06 10:15:22,965 - TrainingService - INFO - Training model_type=MLP embedding=Prost-T5 train_shape=(2432, 1024) val_shape=(500, 1024)
2026-03-06 10:15:23,008 - TorchTrainingWrapper - INFO - epoch=1 train_loss=0.643209 val_loss=0.637759
2026-03-06 10:15:23,045 - TorchTrainingWrapper - INFO - epoch=2 train_loss=0.584907 val_loss=0.600331
2026-03-06 10:15:23,081 - TorchTrainingWrapper - INFO - epoch=3 train_loss=0.547793 val_loss=0.535318
2026-03-06 10:15:23,117 - TorchTrainingWrapper - INFO - epoch=4 train_loss=0.518661 val_loss=0.513203
2026-03-06 10:15:23,154 - TorchTrainingWrapper - INFO - epoch=5 train_loss=0.498948 val_loss=0.484326
2026-03-06 10:15:23,190 - TorchTrainingWrapper - INFO - epoch=6 train_loss=0.480117 val_loss=0.455965
2026-03-06 10:15:23,226 - TorchTrainingWrapper - INFO - epoch=7 train_loss=0.453825 val_loss=0.447894
2026-03-06 10:15:23,261 - TorchTrainingWrapper - INFO - epoch=8 train_loss=0.441650 val_loss=0.448659
2026-03-06 10:15:23,298 - TorchTrainingWrapper - INFO - epoch=9 train_loss=0.436652 val_loss=0.434888
2026-03-06 10:15:23,334 - TorchTrainingWrapper - INFO - epoch=10 train_loss=0.430880 val_loss=0.420410
2026-03-06 10:15:23,370 - TorchTrainingWrapper - INFO - epoch=11 train_loss=0.424615 val_loss=0.421959
2026-03-06 10:15:23,406 - TorchTrainingWrapper - INFO - epoch=12 train_loss=0.420771 val_loss=0.405401
2026-03-06 10:15:23,442 - TorchTrainingWrapper - INFO - epoch=13 train_loss=0.408365 val_loss=0.412041
2026-03-06 10:15:23,477 - TorchTrainingWrapper - INFO - epoch=14 train_loss=0.405733 val_loss=0.419524
2026-03-06 10:15:23,512 - TorchTrainingWrapper - INFO - epoch=15 train_loss=0.403402 val_loss=0.413199
2026-03-06 10:15:23,548 - TorchTrainingWrapper - INFO - epoch=16 train_loss=0.401470 val_loss=0.413087
2026-03-06 10:15:23,584 - TorchTrainingWrapper - INFO - epoch=17 train_loss=0.397472 val_loss=0.393938
2026-03-06 10:15:23,620 - TorchTrainingWrapper - INFO - epoch=18 train_loss=0.394675 val_loss=0.379993
2026-03-06 10:15:23,656 - TorchTrainingWrapper - INFO - epoch=19 train_loss=0.390242 val_loss=0.391758
2026-03-06 10:15:23,692 - TorchTrainingWrapper - INFO - epoch=20 train_loss=0.392041 val_loss=0.398335
2026-03-06 10:15:23,727 - TorchTrainingWrapper - INFO - epoch=21 train_loss=0.394738 val_loss=0.406900
2026-03-06 10:15:23,763 - TorchTrainingWrapper - INFO - epoch=22 train_loss=0.381145 val_loss=0.383141
2026-03-06 10:15:23,798 - TorchTrainingWrapper - INFO - epoch=23 train_loss=0.382921 val_loss=0.376540
2026-03-06 10:15:23,835 - TorchTrainingWrapper - INFO - epoch=24 train_loss=0.384340 val_loss=0.384008
2026-03-06 10:15:23,871 - TorchTrainingWrapper - INFO - epoch=25 train_loss=0.378876 val_loss=0.381102
2026-03-06 10:15:23,907 - TorchTrainingWrapper - INFO - epoch=26 train_loss=0.380431 val_loss=0.372661
2026-03-06 10:15:23,942 - TorchTrainingWrapper - INFO - epoch=27 train_loss=0.381062 val_loss=0.372031
2026-03-06 10:15:23,978 - TorchTrainingWrapper - INFO - epoch=28 train_loss=0.379388 val_loss=0.380551
2026-03-06 10:15:24,015 - TorchTrainingWrapper - INFO - epoch=29 train_loss=0.370681 val_loss=0.374063
2026-03-06 10:15:24,050 - TorchTrainingWrapper - INFO - epoch=30 train_loss=0.369771 val_loss=0.373632
2026-03-06 10:15:24,085 - TorchTrainingWrapper - INFO - epoch=31 train_loss=0.367399 val_loss=0.382081
2026-03-06 10:15:24,122 - TorchTrainingWrapper - INFO - epoch=32 train_loss=0.372706 val_loss=0.375421
2026-03-06 10:15:24,158 - TorchTrainingWrapper - INFO - epoch=33 train_loss=0.374959 val_loss=0.365898
2026-03-06 10:15:24,195 - TorchTrainingWrapper - INFO - epoch=34 train_loss=0.375746 val_loss=0.375125
2026-03-06 10:15:24,230 - TorchTrainingWrapper - INFO - epoch=35 train_loss=0.368450 val_loss=0.383332
2026-03-06 10:15:24,265 - TorchTrainingWrapper - INFO - epoch=36 train_loss=0.370686 val_loss=0.376946
2026-03-06 10:15:24,301 - TorchTrainingWrapper - INFO - epoch=37 train_loss=0.378587 val_loss=0.394150
2026-03-06 10:15:24,336 - TorchTrainingWrapper - INFO - epoch=38 train_loss=0.382597 val_loss=0.381402
2026-03-06 10:15:24,371 - TorchTrainingWrapper - INFO - epoch=39 train_loss=0.371427 val_loss=0.357860
2026-03-06 10:15:24,407 - TorchTrainingWrapper - INFO - epoch=40 train_loss=0.363050 val_loss=0.363754
2026-03-06 10:15:24,442 - TorchTrainingWrapper - INFO - epoch=41 train_loss=0.368264 val_loss=0.360873
2026-03-06 10:15:24,477 - TorchTrainingWrapper - INFO - epoch=42 train_loss=0.359342 val_loss=0.356020
2026-03-06 10:15:24,513 - TorchTrainingWrapper - INFO - epoch=43 train_loss=0.362071 val_loss=0.371686
2026-03-06 10:15:24,548 - TorchTrainingWrapper - INFO - epoch=44 train_loss=0.367722 val_loss=0.365547
2026-03-06 10:15:24,584 - TorchTrainingWrapper - INFO - epoch=45 train_loss=0.361072 val_loss=0.368851
2026-03-06 10:15:24,619 - TorchTrainingWrapper - INFO - epoch=46 train_loss=0.362237 val_loss=0.372166
2026-03-06 10:15:24,656 - TorchTrainingWrapper - INFO - epoch=47 train_loss=0.356936 val_loss=0.378114
2026-03-06 10:15:24,691 - TorchTrainingWrapper - INFO - epoch=48 train_loss=0.360905 val_loss=0.371687
2026-03-06 10:15:24,727 - TorchTrainingWrapper - INFO - epoch=49 train_loss=0.362695 val_loss=0.371218
2026-03-06 10:15:24,762 - TorchTrainingWrapper - INFO - epoch=50 train_loss=0.361773 val_loss=0.353890
2026-03-06 10:15:24,798 - TorchTrainingWrapper - INFO - epoch=51 train_loss=0.354852 val_loss=0.357004
2026-03-06 10:15:24,835 - TorchTrainingWrapper - INFO - epoch=52 train_loss=0.358595 val_loss=0.361911
2026-03-06 10:15:24,871 - TorchTrainingWrapper - INFO - epoch=53 train_loss=0.357565 val_loss=0.380889
2026-03-06 10:15:24,907 - TorchTrainingWrapper - INFO - epoch=54 train_loss=0.360091 val_loss=0.360649
2026-03-06 10:15:24,943 - TorchTrainingWrapper - INFO - epoch=55 train_loss=0.356884 val_loss=0.352386
2026-03-06 10:15:24,979 - TorchTrainingWrapper - INFO - epoch=56 train_loss=0.353190 val_loss=0.355003
2026-03-06 10:15:25,016 - TorchTrainingWrapper - INFO - epoch=57 train_loss=0.354514 val_loss=0.352933
2026-03-06 10:15:25,053 - TorchTrainingWrapper - INFO - epoch=58 train_loss=0.353659 val_loss=0.366537
2026-03-06 10:15:25,089 - TorchTrainingWrapper - INFO - epoch=59 train_loss=0.354585 val_loss=0.357219
2026-03-06 10:15:25,125 - TorchTrainingWrapper - INFO - epoch=60 train_loss=0.355212 val_loss=0.360891
2026-03-06 10:15:25,160 - TorchTrainingWrapper - INFO - epoch=61 train_loss=0.356643 val_loss=0.365282
2026-03-06 10:15:25,198 - TorchTrainingWrapper - INFO - epoch=62 train_loss=0.355032 val_loss=0.378942
2026-03-06 10:15:25,234 - TorchTrainingWrapper - INFO - epoch=63 train_loss=0.362172 val_loss=0.372277
2026-03-06 10:15:25,270 - TorchTrainingWrapper - INFO - epoch=64 train_loss=0.355613 val_loss=0.350443
2026-03-06 10:15:25,309 - TorchTrainingWrapper - INFO - epoch=65 train_loss=0.350459 val_loss=0.355777
2026-03-06 10:15:25,345 - TorchTrainingWrapper - INFO - epoch=66 train_loss=0.356247 val_loss=0.362523
2026-03-06 10:15:25,383 - TorchTrainingWrapper - INFO - epoch=67 train_loss=0.358552 val_loss=0.355558
2026-03-06 10:15:25,422 - TorchTrainingWrapper - INFO - epoch=68 train_loss=0.360025 val_loss=0.367406
2026-03-06 10:15:25,458 - TorchTrainingWrapper - INFO - epoch=69 train_loss=0.360411 val_loss=0.349985
2026-03-06 10:15:25,494 - TorchTrainingWrapper - INFO - epoch=70 train_loss=0.358168 val_loss=0.352588
2026-03-06 10:15:25,530 - TorchTrainingWrapper - INFO - epoch=71 train_loss=0.353620 val_loss=0.357341
2026-03-06 10:15:25,567 - TorchTrainingWrapper - INFO - epoch=72 train_loss=0.350643 val_loss=0.345067
2026-03-06 10:15:25,603 - TorchTrainingWrapper - INFO - epoch=73 train_loss=0.352845 val_loss=0.352375
2026-03-06 10:15:25,639 - TorchTrainingWrapper - INFO - epoch=74 train_loss=0.348577 val_loss=0.357237
2026-03-06 10:15:25,675 - TorchTrainingWrapper - INFO - epoch=75 train_loss=0.349773 val_loss=0.359147
2026-03-06 10:15:25,713 - TorchTrainingWrapper - INFO - epoch=76 train_loss=0.353229 val_loss=0.368326
2026-03-06 10:15:25,749 - TorchTrainingWrapper - INFO - epoch=77 train_loss=0.354182 val_loss=0.357270
2026-03-06 10:15:25,784 - TorchTrainingWrapper - INFO - epoch=78 train_loss=0.348036 val_loss=0.361546
2026-03-06 10:15:25,822 - TorchTrainingWrapper - INFO - epoch=79 train_loss=0.348087 val_loss=0.349021
2026-03-06 10:15:25,858 - TorchTrainingWrapper - INFO - epoch=80 train_loss=0.344951 val_loss=0.351371
2026-03-06 10:15:25,894 - TorchTrainingWrapper - INFO - epoch=81 train_loss=0.345236 val_loss=0.356448
2026-03-06 10:15:25,930 - TorchTrainingWrapper - INFO - epoch=82 train_loss=0.348261 val_loss=0.349270
2026-03-06 10:15:25,930 - TorchTrainingWrapper - INFO - Early stopping triggered at epoch=82
2026-03-06 10:15:25,940 - TrainingService - INFO - Trained model_type=MLP embedding=Prost-T5 f1_score=0.967213
wandb: Tracking run with wandb version 0.25.0
wandb: W&B syncing is set to `offline` in this directory. Run `wandb online` or set WANDB_MODE=online to enable cloud syncing.
wandb: Run data is saved locally in /home/alexdoro/repositories/protein-embedding-classifier/wandb/offline-run-20260306_101525-des8wsez
wandb: 
wandb: Run history:
wandb:  test_accuracy ▁
wandb:        test_f1 ▁
wandb:        test_fn ▁
wandb:        test_fp ▁
wandb:    test_pr_auc ▁
wandb: test_precision ▁
wandb:    test_recall ▁
wandb:   test_roc_auc ▁
wandb:        test_tn ▁
wandb:        test_tp ▁
wandb: 
wandb: Run summary:
wandb:  test_accuracy 0.6893
wandb:        test_f1 0.66813
wandb:        test_fn 77
wandb:        test_fp 74
wandb:    test_pr_auc 0.68599
wandb: test_precision 0.67257
wandb:    test_recall 0.66376
wandb:   test_roc_auc 0.74455
wandb:        test_tn 183
wandb:        test_tp 152
wandb: 
wandb: You can sync this run to the cloud by running:
wandb: wandb sync /home/alexdoro/repositories/protein-embedding-classifier/wandb/offline-run-20260306_101525-des8wsez
wandb: Find logs at: ./wandb/offline-run-20260306_101525-des8wsez/logs
2026-03-06 10:15:26,075 - Pipeline - INFO - Saved per-classifier sweep results artifact: /home/alexdoro/pec_data/results/global_benchmark/executions/run_seed_43/sweep/sweep_20260306_091229/reports/best_config_by_classifier.yaml
2026-03-06 10:15:26,076 - Pipeline - INFO - Saved full sweep results CSV artifact: /home/alexdoro/pec_data/results/global_benchmark/executions/run_seed_43/sweep/sweep_20260306_091229/reports/sweep_results_full.csv
2026-03-06 10:15:26,076 - Pipeline - INFO - Saved per-classifier sweep CSV artifact: /home/alexdoro/pec_data/results/global_benchmark/executions/run_seed_43/sweep/sweep_20260306_091229/reports/best_per_classifier.csv
2026-03-06 10:15:26,077 - Pipeline - INFO - Saved best classifier per embedding CSV artifact: /home/alexdoro/pec_data/results/global_benchmark/executions/run_seed_43/sweep/sweep_20260306_091229/reports/best_classifier_per_embedding.csv
2026-03-06 10:15:26,077 - Pipeline - INFO - Validation summary table (F1):
Embedding | KNN-2 | LR | MLP | RF | SVM | XGB
-----------------------------------------------------
Ankh3-Large | 0.5179 | 0.5529 | 0.6369 | 0.5466 | 0.5411 | 0.5637
ESM3c | 0.4264 | 0.4989 | 0.5455 | 0.5572 | 0.5164 | 0.5287
GeOKG | 0.5655 | 0.5790 | 0.6083 | 0.5920 | 0.6396 | 0.5981
Prost-T5 | 0.5055 | 0.5489 | 0.6004 | 0.5639 | 0.5678 | 0.5634
2026-03-06 10:15:27,073 - Pipeline - INFO - Saved test predictions CSV artifact: /home/alexdoro/pec_data/results/global_benchmark/executions/run_seed_43/sweep/sweep_20260306_091229/predictions/predictions_seed_43.csv
2026-03-06 10:15:27,092 - ProteinLoader - INFO - Connecting with db
2026-03-06 10:15:27,106 - ProteinLoader - INFO - 3143 proteins found
2026-03-06 10:15:27,107 - LabelLoader - INFO - Loading labels from file
2026-03-06 10:15:27,166 - LabelLoader - INFO - Total labels assigned: 3143
2026-03-06 10:15:27,167 - LabelLoader - INFO - Missing proteins count: 3
2026-03-06 10:15:27,167 - IndependentValidationTrainTestSplit - INFO - Applying independent validation/train_test strategy
2026-03-06 10:15:27,167 - IndependentValidationTrainTestSplit - INFO - Dataset size: 3143
2026-03-06 10:15:27,181 - IndependentValidationTrainTestSplit - INFO - Validation split (csv): size=500 (15.91% of dataset)
2026-03-06 10:15:27,193 - IndependentValidationTrainTestSplit - INFO - Split Summary:
- Train size: 1932
- Validation size: 500
- Test size: 486
- Zero-shot size: 225
2026-03-06 10:15:27,193 - IndependentValidationTrainTestSplit - INFO - Train class distribution: {'NMF': 980, 'MF': 952}
2026-03-06 10:15:27,193 - IndependentValidationTrainTestSplit - INFO - Validation class distribution: {'MF': 250, 'NMF': 250}
2026-03-06 10:15:27,193 - IndependentValidationTrainTestSplit - INFO - Test class distribution: {'NMF': 229, 'MF': 257}
2026-03-06 10:15:27,193 - IndependentValidationTrainTestSplit - INFO - Zero-shot class distribution: {'MF': 114, 'NMF': 111}
2026-03-06 10:15:27,193 - IndependentValidationTrainTestSplit - INFO - Zero-shot organism distribution: {'Candida albicans (strain SC5314 / ATCC MYA-2876) (Yeast).': 26, 'Danio rerio (Zebrafish) (Brachydanio rerio).': 2, 'Sulfurisphaera tokodaii (strain DSM 16993 / JCM 10545 / NBRC 100140 / 7) (Sulfolobus tokodaii).': 2, 'Schistosoma mansoni (Blood fluke).': 2, 'Drosophila melanogaster (Fruit fly).': 46, 'Rattus norvegicus (Rat).': 33, 'Pyrococcus horikoshii (strain ATCC 700860 / DSM 12428 / JCM 9974 / NBRC 100139 / OT-3).': 2, 'Mycobacterium tuberculosis (strain ATCC 25618 / H37Rv).': 24, 'Equus caballus (Horse).': 2, 'Oryctolagus cuniculus (Rabbit).': 6, 'Bos taurus (Bovine).': 10, 'Dictyostelium discoideum (Social amoeba).': 2, 'Salmonella typhimurium (strain LT2 / SGSC1412 / ATCC 700720).': 2, 'Xenopus laevis (African clawed frog).': 2, 'Bacillus subtilis (strain 168).': 2, 'Hordeum vulgare (Barley).': 2, 'Caenorhabditis elegans.': 16, 'Trypanosoma brucei brucei (strain 927/4 GUTat10.1).': 2, 'Leishmania mexicana.': 2, 'Spinacia oleracea (Spinach).': 2, 'Methanocaldococcus jannaschii (strain ATCC 43067 / DSM 2661 / JAL-1 / JCM 10045 / NBRC 100440) (Methanococcus jannaschii).': 2, 'Thermococcus kodakarensis (strain ATCC BAA-918 / JCM 12380 / KOD1) (Pyrococcus kodakaraensis (strain KOD1)).': 4, 'Legionella pneumophila subsp. pneumophila (strain Philadelphia 1 / ATCC 33152 / DSM 7513).': 2, 'Candida glabrata (strain ATCC 2001 / BCRC 20586 / JCM 3761 / NBRC 0622 / NRRL Y-65 / CBS 138) (Yeast) (Nakaseomyces glabratus).': 4, 'Pisum sativum (Garden pea) (Lathyrus oleraceus).': 2, 'Onchocerca volvulus.': 2, 'Pyrococcus furiosus (strain ATCC 43587 / DSM 3638 / JCM 8422 / Vc1).': 2, 'Komagataella phaffii (strain GS115 / ATCC 20864) (Yeast) (Pichia pastoris).': 2, 'Saccharolobus solfataricus (strain ATCC 35092 / DSM 1617 / JCM 11322 / P2) (Sulfolobus solfataricus).': 4, 'Streptomyces coelicolor (strain ATCC BAA-471 / A3(2) / M145).': 2, 'Capra hircus (Goat).': 2, 'Schizosaccharomyces pombe (strain 972 / ATCC 24843) (Fission yeast).': 2, 'Cavia porcellus (Guinea pig).': 2, 'Chlamydomonas reinhardtii (Chlamydomonas smithii).': 2, 'Picrophilus torridus (strain ATCC 700027 / DSM 9790 / JCM 10055 / NBRC 100828 / KAW 2/3).': 2, 'Oryza sativa subsp. japonica (Rice).': 2}
2026-03-06 10:15:27,193 - IndependentValidationTrainTestSplit - INFO - Zero-shot verified as isolated holdout.
2026-03-06 10:15:27,193 - DatasetBuilder - INFO - DatasetBuilder produced bundle with 1932 train, 500 val, 486 test, 225 zero-shot
2026-03-06 10:15:27,194 - SequenceEmbeddingLoader - INFO - Loading sequence embeddings for 3 model(s)
2026-03-06 10:15:27,592 - SequenceEmbeddingLoader - INFO - Loaded sequence model=ESM3c accessions=3143 layers=[0]
2026-03-06 10:15:28,082 - SequenceEmbeddingLoader - INFO - Loaded sequence model=Ankh3-Large accessions=3143 layers=[0]
2026-03-06 10:15:28,415 - SequenceEmbeddingLoader - INFO - Loaded sequence model=Prost-T5 accessions=3143 layers=[0]
2026-03-06 10:15:28,417 - LayerAggregationStrategy - INFO - Aggregation mode=none produced 3 model view(s)
2026-03-06 10:15:29,127 - GOEmbeddingLoader - INFO - Loaded GO embeddings from /home/alexdoro/DATASETS/mf_proteins/mfp_balanced/bp_protein_embeddings_20260302_171152.csv (ontology=BP) matched=2764
2026-03-06 10:15:29,796 - GOEmbeddingLoader - INFO - Loaded GO embeddings from /home/alexdoro/DATASETS/mf_proteins/mfp_balanced/mf_protein_embeddings_20260302_171152.csv (ontology=MF) matched=2525
2026-03-06 10:15:30,545 - GOEmbeddingLoader - INFO - Loaded GO embeddings from /home/alexdoro/DATASETS/mf_proteins/mfp_balanced/cc_protein_embeddings_20260302_171152.csv (ontology=CC) matched=2873
2026-03-06 10:15:30,554 - GOEmbeddingLoader - INFO - Concatenated GO embeddings: total_dim=3000 ontologies=['BP', 'MF', 'CC']
2026-03-06 10:15:30,555 - EmbeddingService - INFO - Loaded embedding views: ['Ankh3-Large', 'ESM3c', 'GeOKG', 'Prost-T5']
2026-03-06 10:15:30,564 - EmbeddingBundle - INFO - Missing embeddings artifact written model=GeOKG path=artifacts/missing_gope.txt count=0
2026-03-06 10:15:32,212 - Pipeline - INFO - Ensemble summary table (model -> validation_f1 -> weight):
model             validation_f1  weight
----------------  -------------  ------
MLP::Ankh3-Large         0.9720  0.2500
RF::ESM3c                0.9960  0.2500
SVM::GeOKG               0.9037  0.2500
MLP::Prost-T5            0.9680  0.2500
2026-03-06 10:15:32,213 - Pipeline - INFO - Saved ensemble artifact: /home/alexdoro/pec_data/results/global_benchmark/executions/run_seed_43/sweep/sweep_20260306_091229/models/ensemble_model.pkl
2026-03-06 10:15:32,213 - Pipeline - INFO - Saved ensemble metadata: /home/alexdoro/pec_data/results/global_benchmark/executions/run_seed_43/sweep/sweep_20260306_091229/models/ensemble_model.metadata.json
2026-03-06 10:15:32,213 - Pipeline - INFO - Ensemble step completed mode=global_soft models=4 test_samples=486
2026-03-06 10:15:32,258 - ProteinLoader - INFO - Connecting with db
2026-03-06 10:15:32,271 - ProteinLoader - INFO - 3143 proteins found
2026-03-06 10:15:32,272 - LabelLoader - INFO - Loading labels from file
2026-03-06 10:15:32,331 - LabelLoader - INFO - Total labels assigned: 3143
2026-03-06 10:15:32,331 - LabelLoader - INFO - Missing proteins count: 3
2026-03-06 10:15:32,332 - IndependentValidationTrainTestSplit - INFO - Applying independent validation/train_test strategy
2026-03-06 10:15:32,332 - IndependentValidationTrainTestSplit - INFO - Dataset size: 3143
2026-03-06 10:15:32,346 - IndependentValidationTrainTestSplit - INFO - Validation split (csv): size=500 (15.91% of dataset)
2026-03-06 10:15:32,358 - IndependentValidationTrainTestSplit - INFO - Split Summary:
- Train size: 1932
- Validation size: 500
- Test size: 486
- Zero-shot size: 225
2026-03-06 10:15:32,358 - IndependentValidationTrainTestSplit - INFO - Train class distribution: {'NMF': 980, 'MF': 952}
2026-03-06 10:15:32,358 - IndependentValidationTrainTestSplit - INFO - Validation class distribution: {'MF': 250, 'NMF': 250}
2026-03-06 10:15:32,358 - IndependentValidationTrainTestSplit - INFO - Test class distribution: {'NMF': 229, 'MF': 257}
2026-03-06 10:15:32,358 - IndependentValidationTrainTestSplit - INFO - Zero-shot class distribution: {'MF': 114, 'NMF': 111}
2026-03-06 10:15:32,358 - IndependentValidationTrainTestSplit - INFO - Zero-shot organism distribution: {'Candida albicans (strain SC5314 / ATCC MYA-2876) (Yeast).': 26, 'Danio rerio (Zebrafish) (Brachydanio rerio).': 2, 'Sulfurisphaera tokodaii (strain DSM 16993 / JCM 10545 / NBRC 100140 / 7) (Sulfolobus tokodaii).': 2, 'Schistosoma mansoni (Blood fluke).': 2, 'Drosophila melanogaster (Fruit fly).': 46, 'Rattus norvegicus (Rat).': 33, 'Pyrococcus horikoshii (strain ATCC 700860 / DSM 12428 / JCM 9974 / NBRC 100139 / OT-3).': 2, 'Mycobacterium tuberculosis (strain ATCC 25618 / H37Rv).': 24, 'Equus caballus (Horse).': 2, 'Oryctolagus cuniculus (Rabbit).': 6, 'Bos taurus (Bovine).': 10, 'Dictyostelium discoideum (Social amoeba).': 2, 'Salmonella typhimurium (strain LT2 / SGSC1412 / ATCC 700720).': 2, 'Xenopus laevis (African clawed frog).': 2, 'Bacillus subtilis (strain 168).': 2, 'Hordeum vulgare (Barley).': 2, 'Caenorhabditis elegans.': 16, 'Trypanosoma brucei brucei (strain 927/4 GUTat10.1).': 2, 'Leishmania mexicana.': 2, 'Spinacia oleracea (Spinach).': 2, 'Methanocaldococcus jannaschii (strain ATCC 43067 / DSM 2661 / JAL-1 / JCM 10045 / NBRC 100440) (Methanococcus jannaschii).': 2, 'Thermococcus kodakarensis (strain ATCC BAA-918 / JCM 12380 / KOD1) (Pyrococcus kodakaraensis (strain KOD1)).': 4, 'Legionella pneumophila subsp. pneumophila (strain Philadelphia 1 / ATCC 33152 / DSM 7513).': 2, 'Candida glabrata (strain ATCC 2001 / BCRC 20586 / JCM 3761 / NBRC 0622 / NRRL Y-65 / CBS 138) (Yeast) (Nakaseomyces glabratus).': 4, 'Pisum sativum (Garden pea) (Lathyrus oleraceus).': 2, 'Onchocerca volvulus.': 2, 'Pyrococcus furiosus (strain ATCC 43587 / DSM 3638 / JCM 8422 / Vc1).': 2, 'Komagataella phaffii (strain GS115 / ATCC 20864) (Yeast) (Pichia pastoris).': 2, 'Saccharolobus solfataricus (strain ATCC 35092 / DSM 1617 / JCM 11322 / P2) (Sulfolobus solfataricus).': 4, 'Streptomyces coelicolor (strain ATCC BAA-471 / A3(2) / M145).': 2, 'Capra hircus (Goat).': 2, 'Schizosaccharomyces pombe (strain 972 / ATCC 24843) (Fission yeast).': 2, 'Cavia porcellus (Guinea pig).': 2, 'Chlamydomonas reinhardtii (Chlamydomonas smithii).': 2, 'Picrophilus torridus (strain ATCC 700027 / DSM 9790 / JCM 10055 / NBRC 100828 / KAW 2/3).': 2, 'Oryza sativa subsp. japonica (Rice).': 2}
2026-03-06 10:15:32,358 - IndependentValidationTrainTestSplit - INFO - Zero-shot verified as isolated holdout.
2026-03-06 10:15:32,359 - DatasetBuilder - INFO - DatasetBuilder produced bundle with 1932 train, 500 val, 486 test, 225 zero-shot
2026-03-06 10:15:32,360 - SequenceEmbeddingLoader - INFO - Loading sequence embeddings for 3 model(s)
2026-03-06 10:15:32,756 - SequenceEmbeddingLoader - INFO - Loaded sequence model=ESM3c accessions=3143 layers=[0]
2026-03-06 10:15:33,251 - SequenceEmbeddingLoader - INFO - Loaded sequence model=Ankh3-Large accessions=3143 layers=[0]
2026-03-06 10:15:33,584 - SequenceEmbeddingLoader - INFO - Loaded sequence model=Prost-T5 accessions=3143 layers=[0]
2026-03-06 10:15:33,586 - LayerAggregationStrategy - INFO - Aggregation mode=none produced 3 model view(s)
2026-03-06 10:15:34,315 - GOEmbeddingLoader - INFO - Loaded GO embeddings from /home/alexdoro/DATASETS/mf_proteins/mfp_balanced/bp_protein_embeddings_20260302_171152.csv (ontology=BP) matched=2764
2026-03-06 10:15:34,973 - GOEmbeddingLoader - INFO - Loaded GO embeddings from /home/alexdoro/DATASETS/mf_proteins/mfp_balanced/mf_protein_embeddings_20260302_171152.csv (ontology=MF) matched=2525
2026-03-06 10:15:35,718 - GOEmbeddingLoader - INFO - Loaded GO embeddings from /home/alexdoro/DATASETS/mf_proteins/mfp_balanced/cc_protein_embeddings_20260302_171152.csv (ontology=CC) matched=2873
2026-03-06 10:15:35,727 - GOEmbeddingLoader - INFO - Concatenated GO embeddings: total_dim=3000 ontologies=['BP', 'MF', 'CC']
2026-03-06 10:15:35,728 - EmbeddingService - INFO - Loaded embedding views: ['Ankh3-Large', 'ESM3c', 'GeOKG', 'Prost-T5']
2026-03-06 10:15:35,736 - EmbeddingBundle - INFO - Missing embeddings artifact written model=GeOKG path=artifacts/missing_gope.txt count=0
2026-03-06 10:15:35,742 - Pipeline - INFO - Zero-shot verified as isolated holdout.
2026-03-06 10:15:37,123 - Pipeline - INFO - Best single diagnostics seed=43 ablation=default model=RF::ESM3c n_val=500 class_distribution={'MF': 250, 'NMF': 250} macro_f1=0.9960 micro_f1=0.9960
2026-03-06 10:15:37,123 - Pipeline - INFO - Best single per-class F1 seed=43 ablation=default: {'MF': 0.9960159362549801, 'NMF': 0.9959839357429718}
2026-03-06 10:15:40,694 - Pipeline - WARNING - Skipping benchmark variant=validation_weighted_soft_voting seed=43 ablation=default due to error: Labels in y_true and y_pred should be of the same type. Got y_true=['MF' 'NMF'] and y_pred=[0 1]. Make sure that the predictions provided by the classifier coincides with the true labels.
2026-03-06 10:15:41,801 - Pipeline - WARNING - Skipping benchmark variant=trainable_weights_soft_voting seed=43 ablation=default due to error: Labels in y_true and y_pred should be of the same type. Got y_true=['MF' 'NMF'] and y_pred=[0 1]. Make sure that the predictions provided by the classifier coincides with the true labels.
2026-03-06 10:15:49,184 - Pipeline - INFO - Benchmark seed=43 ablation=default variant=best_single val_f1=0.9960 test_f1=0.7119 zero_f1=0.6887 gap=0.2841
2026-03-06 10:15:49,184 - Pipeline - INFO - Benchmark seed=43 ablation=default variant=uniform_soft_voting val_f1=0.9920 test_f1=0.7524 zero_f1=0.7373 gap=0.2396
2026-03-06 10:15:49,184 - Pipeline - INFO - Benchmark seed=43 ablation=default variant=majority_global val_f1=0.9900 test_f1=0.7456 zero_f1=0.7173 gap=0.2444
2026-03-06 10:15:49,184 - Pipeline - INFO - Benchmark seed=43 ablation=default variant=majority_by_embedding val_f1=0.9900 test_f1=0.7456 zero_f1=0.7173 gap=0.2444
2026-03-06 10:15:49,184 - Pipeline - INFO - Benchmark seed=43 ablation=default variant=majority_by_classifier val_f1=0.9940 test_f1=0.7512 zero_f1=0.7511 gap=0.2428
2026-03-06 10:15:49,188 - Pipeline - INFO - Benchmark summary table:
Category  Variant                 Val F1  Test F1  Zero F1  ΔTest  ΔZero  Num  Weighting Strategy
--------  ----------------------  ------  -------  -------  -----  -----  ---  ------------------
Single    best_single             0.9960   0.7119   0.6887  0.0000  0.0000    1  n/a               
Ensemble  majority_by_classifier  0.9940   0.7512   0.7511  0.0394  0.0623    4  uniform           
Ensemble  majority_by_embedding   0.9900   0.7456   0.7173  0.0337  0.0286    4  uniform           
Ensemble  majority_global         0.9900   0.7456   0.7173  0.0337  0.0286    4  uniform           
Ensemble  uniform_soft_voting     0.9920   0.7524   0.7373  0.0405  0.0485    4  uniform           
2026-03-06 10:15:49,188 - Pipeline - INFO - Saved benchmark CSV artifact: /home/alexdoro/pec_data/results/global_benchmark/executions/run_seed_43/sweep/sweep_20260306_091229/results/benchmark_summary.csv
2026-03-06 10:15:49,189 - Pipeline - INFO - Saved benchmark JSON artifact: /home/alexdoro/pec_data/results/global_benchmark/executions/run_seed_43/sweep/sweep_20260306_091229/results/benchmark_summary.json
2026-03-06 10:15:49,189 - Pipeline - INFO - Saved benchmark multiseed CSV artifact: /home/alexdoro/pec_data/results/global_benchmark/executions/run_seed_43/sweep/sweep_20260306_091229/results/benchmark_multiseed_summary.csv
2026-03-06 10:15:49,189 - Pipeline - INFO - Saved benchmark multiseed JSON artifact: /home/alexdoro/pec_data/results/global_benchmark/executions/run_seed_43/sweep/sweep_20260306_091229/results/benchmark_multiseed_summary.json
2026-03-06 10:15:49,189 - Pipeline - INFO - Saved benchmark weight analysis artifact: /home/alexdoro/pec_data/results/global_benchmark/executions/run_seed_43/sweep/sweep_20260306_091229/results/benchmark_weights_analysis.json
2026-03-06 10:15:49,189 - Pipeline - INFO - Saved benchmark ablation summary artifact: /home/alexdoro/pec_data/results/global_benchmark/executions/run_seed_43/sweep/sweep_20260306_091229/results/benchmark_ablation_summary.csv
2026-03-06 10:15:49,189 - Pipeline - INFO - Global benchmark execution finished seed=43
2026-03-06 10:15:49,261 - Pipeline - INFO - Saved Friedman test artifact: /home/alexdoro/pec_data/results/global_benchmark/statistics/friedman_results.json
2026-03-06 10:15:49,261 - Pipeline - INFO - Saved model ranking artifact: /home/alexdoro/pec_data/results/global_benchmark/statistics/model_rankings.csv
2026-03-06 10:15:49,261 - Pipeline - INFO - Saved Nemenyi post-hoc artifact: /home/alexdoro/pec_data/results/global_benchmark/statistics/nemenyi_results.csv
2026-03-06 10:15:49,261 - Pipeline - INFO - Saved global benchmark model embedding CSV artifact: /home/alexdoro/pec_data/results/global_benchmark/model_embedding_benchmark_2.csv
2026-03-06 10:15:49,261 - Pipeline - INFO - Saved global benchmark ensemble strategy CSV artifact: /home/alexdoro/pec_data/results/global_benchmark/ensemble_strategy_benchmark_2.csv
2026-03-06 10:15:49,261 - Pipeline - INFO - Finished step: global_benchmark
