tp_id,ntp_id
TYB4_HUMAN,C9JM62_HUMAN
TYB4_HUMAN,SEHBP_HUMAN
TYB4_HUMAN,F2Z2Z9_HUMAN
TYB4_HUMAN,TYB4Y_HUMAN
TYB4_HUMAN,TB15B_HUMAN
TYB4_HUMAN,U3KQP0_HUMAN
TYB4_HUMAN,E5RGR5_HUMAN
TYB4_HUMAN,PYDC4_HUMAN
TYB4_HUMAN,H0YF34_HUMAN
TYB4_HUMAN,J3QKN9_HUMAN
TYB4_HUMAN,X6RKQ2_HUMAN
TYB4_HUMAN,PACMP_HUMAN
RN213_HUMAN,MUC4_HUMAN
RN213_HUMAN,A0A075B730_HUMAN
RN213_HUMAN,BLTP1_HUMAN
RN213_HUMAN,HYDIN_HUMAN
RN213_HUMAN,RYR1_HUMAN
RN213_HUMAN,ABCAD_HUMAN
RN213_HUMAN,MUC12_HUMAN
RN213_HUMAN,USH2A_HUMAN
RN213_HUMAN,EPIPL_HUMAN
RN213_HUMAN,MUC2_HUMAN
RN213_HUMAN,UBR4_HUMAN
RN213_HUMAN,RYR2_HUMAN
KMT2A_HUMAN,BSN_HUMAN
KMT2A_HUMAN,A0A7P0TBH8_HUMAN
KMT2A_HUMAN,A0A804HKS3_HUMAN
KMT2A_HUMAN,A0A7P0T8N5_HUMAN
KMT2A_HUMAN,A0A7P0T9A9_HUMAN
KMT2A_HUMAN,A0A0A0MRF6_HUMAN
KMT2A_HUMAN,A0A7P0TAX3_HUMAN
KMT2A_HUMAN,A0A7P0T928_HUMAN
KMT2A_HUMAN,A0A7P0TAD6_HUMAN
KMT2A_HUMAN,TRRAP_HUMAN
KMT2A_HUMAN,ZN469_HUMAN
KMT2A_HUMAN,A0A804HKC0_HUMAN
KMT2A_HUMAN,A0A7P0TBI4_HUMAN
KMT2A_HUMAN,A0A7P0Z4N5_HUMAN
KMT2A_HUMAN,A0A804HJA5_HUMAN
KMT2A_HUMAN,A0A087WTU9_HUMAN
KMT2A_HUMAN,A0A7P0Z4Q5_HUMAN
KMT2A_HUMAN,A0A804HL70_HUMAN
KMT2A_HUMAN,A0A087WV20_HUMAN
KMT2A_HUMAN,DYH7_HUMAN
KMT2A_HUMAN,F2Z2U4_HUMAN
KMT2A_HUMAN,PKHD1_HUMAN
KMT2A_HUMAN,H0Y4W2_HUMAN
KMT2A_HUMAN,FILA_HUMAN
KMT2A_HUMAN,VP13B_HUMAN
KMT2A_HUMAN,ALMS1_HUMAN
KMT2A_HUMAN,LYST_HUMAN
KMT2A_HUMAN,ANK2_HUMAN
KMT2A_HUMAN,HECD4_HUMAN
KMT2A_HUMAN,PRKDC_HUMAN
KMT2A_HUMAN,AKAP9_HUMAN
RBP2_HUMAN,SRCAP_HUMAN
RBP2_HUMAN,A0A0A0MSA0_HUMAN
RBP2_HUMAN,A0A7P0T8F0_HUMAN
RBP2_HUMAN,A0A7P0T9K8_HUMAN
RBP2_HUMAN,A0A804HKW4_HUMAN
RBP2_HUMAN,CELR3_HUMAN
RBP2_HUMAN,A0A8J9C4H3_HUMAN
RBP2_HUMAN,CE350_HUMAN
RBP2_HUMAN,CFA47_HUMAN
RBP2_HUMAN,CPLN1_HUMAN
RBP2_HUMAN,PRUN2_HUMAN
RBP2_HUMAN,H0Y9Y2_HUMAN
RBP2_HUMAN,LAMA2_HUMAN
RBP2_HUMAN,J3QQK4_HUMAN
RBP2_HUMAN,SPEG_HUMAN
RBP2_HUMAN,A0A804HIB7_HUMAN
RBP2_HUMAN,UNC80_HUMAN
RBP2_HUMAN,XIRP2_HUMAN
RBP2_HUMAN,MUC3A_HUMAN
RBP2_HUMAN,KI67_HUMAN
RBP2_HUMAN,LAMA3_HUMAN
RBP2_HUMAN,VP13A_HUMAN
RBP2_HUMAN,A0A7P0TAC5_HUMAN
RBP2_HUMAN,AGRG4_HUMAN
RBP2_HUMAN,Q5T2X4_HUMAN
RBP2_HUMAN,HD_HUMAN
RBP2_HUMAN,GOGB1_HUMAN
RBP2_HUMAN,LAMA1_HUMAN
RBP2_HUMAN,CENPF_HUMAN
RBP2_HUMAN,PCNT_HUMAN
RBP2_HUMAN,FREM2_HUMAN
RBP2_HUMAN,TRIO_HUMAN
RBP2_HUMAN,CO6A3_HUMAN
RBP2_HUMAN,COCA1_HUMAN
RBP2_HUMAN,REV3L_HUMAN
RBP2_HUMAN,CAD23_HUMAN
RBP2_HUMAN,MGAP_HUMAN
RBP2_HUMAN,PCD16_HUMAN
RBP2_HUMAN,EP400_HUMAN
RBP2_HUMAN,EYS_HUMAN
HD_HUMAN,A0A2R8Y7Q1_HUMAN
HD_HUMAN,DMXL2_HUMAN
HD_HUMAN,A0A088AWP5_HUMAN
HD_HUMAN,CELR1_HUMAN
HD_HUMAN,A0A6I8PRU0_HUMAN
HD_HUMAN,H0Y9T6_HUMAN
HD_HUMAN,CHD7_HUMAN
HD_HUMAN,RBP2_HUMAN
HD_HUMAN,BPTF_HUMAN
HD_HUMAN,ATM_HUMAN
HD_HUMAN,KALRN_HUMAN
HD_HUMAN,BD1L1_HUMAN
ASH1L_HUMAN,A0A7P0TA78_HUMAN
ASH1L_HUMAN,A0A7P0TA60_HUMAN
ASH1L_HUMAN,CRBG3_HUMAN
ASH1L_HUMAN,E9PE19_HUMAN
ASH1L_HUMAN,MXRA5_HUMAN
ASH1L_HUMAN,FBN1_HUMAN
ASH1L_HUMAN,A0A8I5KWR6_HUMAN
ASH1L_HUMAN,H7BXZ5_HUMAN
ASH1L_HUMAN,HORN_HUMAN
ASH1L_HUMAN,PDZD2_HUMAN
ASH1L_HUMAN,PRC2C_HUMAN
ASH1L_HUMAN,LRBA_HUMAN
ASH1L_HUMAN,CHD9_HUMAN
ASH1L_HUMAN,TNC18_HUMAN
ASH1L_HUMAN,FBN2_HUMAN
ASH1L_HUMAN,ZZEF1_HUMAN
ASH1L_HUMAN,E7EMZ9_HUMAN
ASH1L_HUMAN,E9PBC6_HUMAN
ASH1L_HUMAN,TACC2_HUMAN
ASH1L_HUMAN,APC_HUMAN
ASH1L_HUMAN,HELZ2_HUMAN
ASH1L_HUMAN,H9KVB4_HUMAN
ASH1L_HUMAN,A0A494C1L5_HUMAN
ASH1L_HUMAN,A0A494BZW2_HUMAN
ASH1L_HUMAN,NF1_HUMAN
ASH1L_HUMAN,CO7A1_HUMAN
ASH1L_HUMAN,MEGF8_HUMAN
ASH1L_HUMAN,PK1L1_HUMAN
ASH1L_HUMAN,DESP_HUMAN
MT1G_HUMAN,A5JUZ3_HUMAN
MT1G_HUMAN,H0YM04_HUMAN
MT1G_HUMAN,A0A8I5QJA3_HUMAN
MT1G_HUMAN,NOP10_HUMAN
MT1G_HUMAN,MT1X_HUMAN
MT1G_HUMAN,A0A087WU07_HUMAN
MT1G_HUMAN,F5H6U5_HUMAN
MT1G_HUMAN,C9JZS5_HUMAN
MT1G_HUMAN,E9PMV7_HUMAN
MT1G_HUMAN,F8W8K9_HUMAN
MT1G_HUMAN,KR231_HUMAN
MT1G_HUMAN,KR202_HUMAN
MT1G_HUMAN,KR197_HUMAN
MT1G_HUMAN,KR198_HUMAN
MT1G_HUMAN,MT1E_HUMAN
MT1G_HUMAN,KRA62_HUMAN
MT1G_HUMAN,KRA81_HUMAN
MT1G_HUMAN,MT1B_HUMAN
MT1G_HUMAN,DFB4A_HUMAN
MT1G_HUMAN,LENEP_HUMAN
MT1G_HUMAN,SIM43_HUMAN
MT1G_HUMAN,MT1H_HUMAN
MT1G_HUMAN,MT1L_HUMAN
MT1G_HUMAN,C9IZZ8_HUMAN
MT1G_HUMAN,QCR9_HUMAN
MT1G_HUMAN,STAT_HUMAN
MT1G_HUMAN,C9JJ13_HUMAN
MT1G_HUMAN,SMIM3_HUMAN
MT1G_HUMAN,Q15952_HUMAN
MT1G_HUMAN,G3V449_HUMAN
MT1G_HUMAN,SERF2_HUMAN
MT1G_HUMAN,CD52_HUMAN
MT1G_HUMAN,MT1A_HUMAN
MT1G_HUMAN,A0A087WVE4_HUMAN
MT1G_HUMAN,G3V3P0_HUMAN
MT1G_HUMAN,SIM30_HUMAN
MT1G_HUMAN,A0A087WWE7_HUMAN
MT1G_HUMAN,D6R9Q4_HUMAN
MT1G_HUMAN,A0A0D9SG25_HUMAN
MT1G_HUMAN,J3KS30_HUMAN
MT1G_HUMAN,H3BRY2_HUMAN
MT1G_HUMAN,J3KNC7_HUMAN
MT1G_HUMAN,MT2_HUMAN
MT1G_HUMAN,B0QY53_HUMAN
MT1G_HUMAN,V9GYG7_HUMAN
MT1G_HUMAN,MT1F_HUMAN
MT1G_HUMAN,RM33_HUMAN
MT1G_HUMAN,HLPDA_HUMAN
MT1G_HUMAN,D106A_HUMAN
MT1G_HUMAN,COX7C_HUMAN
MT1G_HUMAN,PCP4_HUMAN
MT1G_HUMAN,A0A7P0T921_HUMAN
MT1G_HUMAN,COX17_HUMAN
DESP_HUMAN,A0A140VK53_HUMAN
DESP_HUMAN,E7EPN9_HUMAN
DESP_HUMAN,AKP13_HUMAN
DESP_HUMAN,NBEL2_HUMAN
DESP_HUMAN,E7EMW7_HUMAN
DESP_HUMAN,E7ETD6_HUMAN
DESP_HUMAN,E9PDC2_HUMAN
DESP_HUMAN,A0A7I2YQU9_HUMAN
DESP_HUMAN,NIPBL_HUMAN
DESP_HUMAN,SRRM2_HUMAN
DESP_HUMAN,ASH1L_HUMAN
DESP_HUMAN,A0A7I2V4K0_HUMAN
DESP_HUMAN,TEN2_HUMAN
DESP_HUMAN,A0A7I2V4H9_HUMAN
DESP_HUMAN,UBR5_HUMAN
DESP_HUMAN,VWF_HUMAN
DESP_HUMAN,MGA_HUMAN
DESP_HUMAN,UTP20_HUMAN
DESP_HUMAN,ITPR1_HUMAN
DESP_HUMAN,TEN4_HUMAN
DESP_HUMAN,THYG_HUMAN
MT1E_HUMAN,C9J0S9_HUMAN
MT1E_HUMAN,KR213_HUMAN
MT1E_HUMAN,KR196_HUMAN
MT1E_HUMAN,A0A286YFA7_HUMAN
MT1E_HUMAN,J3KT71_HUMAN
MT1E_HUMAN,C9JDC5_HUMAN
MT1E_HUMAN,SHMOS_HUMAN
MT1E_HUMAN,ATP68_HUMAN
MT1E_HUMAN,E2QRP0_HUMAN
MT1E_HUMAN,RPAB4_HUMAN
MT1E_HUMAN,MT1G_HUMAN
MT1E_HUMAN,B8ZZJ0_HUMAN
MT1E_HUMAN,NDUB1_HUMAN
MT1E_HUMAN,ATPMK_HUMAN
ZEP1_HUMAN,BDP1_HUMAN
ZEP1_HUMAN,HECD1_HUMAN
ZEP1_HUMAN,FLNA_HUMAN
ZEP1_HUMAN,TEN3_HUMAN
ZEP1_HUMAN,CO6A5_HUMAN
ZEP1_HUMAN,A0A2R8YH03_HUMAN
ZEP1_HUMAN,TEP1_HUMAN
ZEP1_HUMAN,UBP24_HUMAN
ZEP1_HUMAN,A0A7P0Z448_HUMAN
ZEP1_HUMAN,UNC79_HUMAN
ZEP1_HUMAN,IGS10_HUMAN
ZEP1_HUMAN,Q60FE5_HUMAN
ZEP1_HUMAN,FLNC_HUMAN
ZEP1_HUMAN,A0A590UJS4_HUMAN
ZEP1_HUMAN,ITPR2_HUMAN
ZEP1_HUMAN,ANR11_HUMAN
ZEP1_HUMAN,SETX_HUMAN
ZEP1_HUMAN,ATR_HUMAN
ZEP1_HUMAN,CE295_HUMAN
ZEP1_HUMAN,GCN1_HUMAN
ZEP1_HUMAN,FLNB_HUMAN
ZEP1_HUMAN,ITPR3_HUMAN
ZEP1_HUMAN,CENPE_HUMAN
ZEP1_HUMAN,NSD1_HUMAN
ZEP1_HUMAN,CHD6_HUMAN
ZEP1_HUMAN,ANR17_HUMAN
ZEP1_HUMAN,TEN1_HUMAN
ZEP1_HUMAN,DPOLQ_HUMAN
ZEP1_HUMAN,ABCAC_HUMAN
ZEP1_HUMAN,KMT2B_HUMAN
NSD1_HUMAN,MY18B_HUMAN
NSD1_HUMAN,A0A804HK76_HUMAN
NSD1_HUMAN,CHD8_HUMAN
NSD1_HUMAN,SPTN4_HUMAN
NSD1_HUMAN,A0A0D9SFF3_HUMAN
NSD1_HUMAN,ZFHX2_HUMAN
NSD1_HUMAN,ZEP1_HUMAN
NSD1_HUMAN,SETD2_HUMAN
NSD1_HUMAN,E9PEM5_HUMAN
NSD1_HUMAN,STAB1_HUMAN
NSD1_HUMAN,EPG5_HUMAN
DFB4A_HUMAN,GBG13_HUMAN
DFB4A_HUMAN,E9PP56_HUMAN
DFB4A_HUMAN,H0YCZ6_HUMAN
DFB4A_HUMAN,A0A0A0MRK5_HUMAN
DFB4A_HUMAN,C9JAK9_HUMAN
DFB4A_HUMAN,F5GZF0_HUMAN
DFB4A_HUMAN,E9PQ55_HUMAN
DFB4A_HUMAN,J3QRM2_HUMAN
DFB4A_HUMAN,SERP1_HUMAN
DFB4A_HUMAN,H0YNX7_HUMAN
DFB4A_HUMAN,Q5JXX6_HUMAN
DFB4A_HUMAN,D103A_HUMAN
DFB4A_HUMAN,SIM20_HUMAN
DFB4A_HUMAN,Q5TBN5_HUMAN
DFB4A_HUMAN,RPAB5_HUMAN
DFB4A_HUMAN,ATNG_HUMAN
DFB4A_HUMAN,C9JHC2_HUMAN
DFB4A_HUMAN,C9JZJ1_HUMAN
DFB4A_HUMAN,SVBP_HUMAN
FLNA_HUMAN,TLN1_HUMAN
FLNA_HUMAN,USP9Y_HUMAN
FLNA_HUMAN,PGCA_HUMAN
FLNA_HUMAN,CE192_HUMAN
FLNA_HUMAN,CIC_HUMAN
FLNA_HUMAN,PIEZ1_HUMAN
FLNA_HUMAN,STAB2_HUMAN
FLNA_HUMAN,TLN2_HUMAN
FLNA_HUMAN,MTOR_HUMAN
FLNA_HUMAN,Q17RV3_HUMAN
FLNA_HUMAN,ZFY26_HUMAN
FLNA_HUMAN,LRRK2_HUMAN
FLNA_HUMAN,MYO9A_HUMAN
FLNA_HUMAN,NOTC1_HUMAN
FLNA_HUMAN,JHD2C_HUMAN
FLNA_HUMAN,USP9X_HUMAN
FLNA_HUMAN,CUL9_HUMAN
D103A_HUMAN,CMC4_HUMAN
D103A_HUMAN,D107A_HUMAN
D103A_HUMAN,D6RD56_HUMAN
D103A_HUMAN,E9PS22_HUMAN
D103A_HUMAN,NDUA1_HUMAN
D103A_HUMAN,D131A_HUMAN
D103A_HUMAN,A0A1W2PPA3_HUMAN
D103A_HUMAN,GBG8_HUMAN
D103A_HUMAN,AKAI1_HUMAN
D103A_HUMAN,DEC1_HUMAN
D103A_HUMAN,D6RC68_HUMAN
D103A_HUMAN,E5RJE7_HUMAN
D103A_HUMAN,ATOX1_HUMAN
D103A_HUMAN,A8MYR4_HUMAN
D103A_HUMAN,GBGT2_HUMAN
D103A_HUMAN,GBG10_HUMAN
D103A_HUMAN,F5H3P1_HUMAN
D103A_HUMAN,GBG5_HUMAN
D103A_HUMAN,GBG7_HUMAN
D103A_HUMAN,UQCC5_HUMAN
D103A_HUMAN,C9JEC2_HUMAN
D103A_HUMAN,A0A1W2PNR9_HUMAN
D103A_HUMAN,H3BMI3_HUMAN
D103A_HUMAN,NBDY_HUMAN
D103A_HUMAN,D6RBK7_HUMAN
D103A_HUMAN,E5RG18_HUMAN
D103A_HUMAN,D6RA63_HUMAN
D103A_HUMAN,COX8A_HUMAN
D103A_HUMAN,O15181_HUMAN
D103A_HUMAN,H9KVD0_HUMAN
D103A_HUMAN,SMI45_HUMAN
D103A_HUMAN,H0YCE5_HUMAN
D103A_HUMAN,Q12848_HUMAN
D103A_HUMAN,SEM1_HUMAN
D103A_HUMAN,SC61G_HUMAN
D103A_HUMAN,ATP5I_HUMAN
D103A_HUMAN,RS28_HUMAN
D103A_HUMAN,RL38_HUMAN
D103A_HUMAN,K7EKN3_HUMAN
D103A_HUMAN,DEFB1_HUMAN
D103A_HUMAN,MT3_HUMAN
D103A_HUMAN,ATP8_HUMAN
D103A_HUMAN,MIDUO_HUMAN
D103A_HUMAN,DB114_HUMAN
TEP1_HUMAN,ZN462_HUMAN
TEP1_HUMAN,H0Y459_HUMAN
TEP1_HUMAN,C9J0Q5_HUMAN
TEP1_HUMAN,H0Y465_HUMAN
TEP1_HUMAN,A0A0U1RQF0_HUMAN
TEP1_HUMAN,A0A0D9SGF6_HUMAN
TEP1_HUMAN,FAS_HUMAN
TEP1_HUMAN,NCOR2_HUMAN
TEP1_HUMAN,CAC1A_HUMAN
MT3_HUMAN,A0A087WUW1_HUMAN
MT3_HUMAN,SNURF_HUMAN
MT3_HUMAN,B1AKA9_HUMAN
MT3_HUMAN,J3QRD7_HUMAN
MT3_HUMAN,SPTSA_HUMAN
MT3_HUMAN,K7ESL1_HUMAN
MT3_HUMAN,Q13731_HUMAN
MT3_HUMAN,A0A7P0TAH2_HUMAN
MT3_HUMAN,UQCC6_HUMAN
MT3_HUMAN,PIGY_HUMAN
MT3_HUMAN,RBRP_HUMAN
MT3_HUMAN,TF2H5_HUMAN
MT3_HUMAN,GBG2_HUMAN
SETD2_HUMAN,SPTN1_HUMAN
SETD2_HUMAN,A0A087WXK5_HUMAN
SETD2_HUMAN,C9JE98_HUMAN
SETD2_HUMAN,E9PEZ1_HUMAN
SETD2_HUMAN,F5GXF5_HUMAN
SETD2_HUMAN,NAV2_HUMAN
SETD2_HUMAN,A0A0D9SFF6_HUMAN
SETD2_HUMAN,TTC28_HUMAN
SETD2_HUMAN,ZEP2_HUMAN
SETD2_HUMAN,SPTCS_HUMAN
SETD2_HUMAN,A0A0D9SF54_HUMAN
SETD2_HUMAN,RIF1_HUMAN
SETD2_HUMAN,A0A384P5S9_HUMAN
SETD2_HUMAN,H0YM23_HUMAN
SETD2_HUMAN,MUC6_HUMAN
SETD2_HUMAN,CE290_HUMAN
SETD2_HUMAN,NCOR1_HUMAN
SETD2_HUMAN,MPRI_HUMAN
SETD2_HUMAN,CP250_HUMAN
SETD2_HUMAN,A0A7P0T8S1_HUMAN
SETD2_HUMAN,A4LAA3_HUMAN
SETD2_HUMAN,ACACB_HUMAN
SETD2_HUMAN,FINC_HUMAN
SETD2_HUMAN,CBP_HUMAN
SETD2_HUMAN,PTN13_HUMAN
SETD2_HUMAN,MAP1B_HUMAN
SETD2_HUMAN,ATRX_HUMAN
SETD2_HUMAN,NOTC2_HUMAN
SETD2_HUMAN,Q9NS89_HUMAN
NOTC1_HUMAN,ABCA2_HUMAN
NOTC1_HUMAN,TASO2_HUMAN
LRRK2_HUMAN,E7EN95_HUMAN
LRRK2_HUMAN,A0A1B0GTJ8_HUMAN
LRRK2_HUMAN,ZEP3_HUMAN
LRRK2_HUMAN,EP300_HUMAN
LRRK2_HUMAN,H3BTW3_HUMAN
LRRK2_HUMAN,DMBT1_HUMAN
LRRK2_HUMAN,A0A494BZV2_HUMAN
LRRK2_HUMAN,SON_HUMAN
LRRK2_HUMAN,SPTA1_HUMAN
DB114_HUMAN,E9PS26_HUMAN
DB114_HUMAN,SPR2B_HUMAN
DB114_HUMAN,F5H1P9_HUMAN
DB114_HUMAN,GBG12_HUMAN
DB114_HUMAN,SPR2A_HUMAN
DB114_HUMAN,Q15515_HUMAN
DB114_HUMAN,KR195_HUMAN
DB114_HUMAN,M0R1W4_HUMAN
DB114_HUMAN,KISHA_HUMAN
DB114_HUMAN,H0YK39_HUMAN
DB114_HUMAN,SPR2E_HUMAN
DB114_HUMAN,SPR2F_HUMAN
DB114_HUMAN,COX8C_HUMAN
DB114_HUMAN,D104A_HUMAN
DB114_HUMAN,SPR2D_HUMAN
FAS_HUMAN,RP1L1_HUMAN
FAS_HUMAN,A0A087WYQ1_HUMAN
FAS_HUMAN,A0A669KB12_HUMAN
FAS_HUMAN,A0A804HID9_HUMAN
FAS_HUMAN,A0A804HLC5_HUMAN
FAS_HUMAN,FILA2_HUMAN
FAS_HUMAN,SPTN2_HUMAN
PTPRQ_HUMAN,A0A8I5KVG7_HUMAN
PTPRQ_HUMAN,ASXL3_HUMAN
PTPRQ_HUMAN,ZN318_HUMAN
PTPRQ_HUMAN,H0Y7T5_HUMAN
PTPRQ_HUMAN,B7ZM61_HUMAN
PTPRQ_HUMAN,CAC1I_HUMAN
PTPRQ_HUMAN,A0A3F2YNW7_HUMAN
PTPRQ_HUMAN,E9PCD1_HUMAN
PTPRQ_HUMAN,A0A804HK59_HUMAN
PTPRQ_HUMAN,H0Y7H8_HUMAN
PTPRQ_HUMAN,GP179_HUMAN
PTPRQ_HUMAN,H7BZH9_HUMAN
PTPRQ_HUMAN,CAC1B_HUMAN
PTPRQ_HUMAN,PKDRE_HUMAN
PTPRQ_HUMAN,CAC1E_HUMAN
PTPRQ_HUMAN,A0A804HKE7_HUMAN
PTPRQ_HUMAN,MYOME_HUMAN
PTPRQ_HUMAN,CAC1H_HUMAN
PTPRQ_HUMAN,C4B7M2_HUMAN
PTPRQ_HUMAN,A0A6Q8NVI4_HUMAN
PTPRQ_HUMAN,I3L3Z8_HUMAN
PTPRQ_HUMAN,E7EVA0_HUMAN
PTPRQ_HUMAN,A0A804HIR0_HUMAN
PTPRQ_HUMAN,CABIN_HUMAN
PTPRQ_HUMAN,C2CD3_HUMAN
PTPRQ_HUMAN,F5H1D6_HUMAN
PTPRQ_HUMAN,RTTN_HUMAN
PTPRQ_HUMAN,NOTC3_HUMAN
PTPRQ_HUMAN,H0YLK7_HUMAN
PTPRQ_HUMAN,CNTRL_HUMAN
PTPRQ_HUMAN,BRWD1_HUMAN
PTPRQ_HUMAN,ELYS_HUMAN
PTPRQ_HUMAN,DOP1B_HUMAN
PTPRQ_HUMAN,ACACA_HUMAN
PTPRQ_HUMAN,ARI1B_HUMAN
PTPRQ_HUMAN,NAV3_HUMAN
PTPRQ_HUMAN,NPA1P_HUMAN
PTPRQ_HUMAN,GON4L_HUMAN
PTPRQ_HUMAN,FA5_HUMAN
PTPRQ_HUMAN,CSPG4_HUMAN
PTPRQ_HUMAN,CAC1C_HUMAN
PTPRQ_HUMAN,CO6A6_HUMAN
PTPRQ_HUMAN,ABCA4_HUMAN
PTPRQ_HUMAN,GOGA4_HUMAN
PTPRQ_HUMAN,AKAP6_HUMAN
PTPRQ_HUMAN,DPOE1_HUMAN
PTPRQ_HUMAN,WNK1_HUMAN
PTPRQ_HUMAN,DJC13_HUMAN
PTPRQ_HUMAN,TARA_HUMAN
PTPRQ_HUMAN,TPR_HUMAN
PTPRQ_HUMAN,APCL_HUMAN
PTPRQ_HUMAN,FA8_HUMAN
PTPRQ_HUMAN,PRP8_HUMAN
PTPRQ_HUMAN,PYR1_HUMAN
PTPRQ_HUMAN,ARI1A_HUMAN
PTPRQ_HUMAN,CAC1G_HUMAN
PTPRQ_HUMAN,PLCE1_HUMAN
PTPRQ_HUMAN,A0A7I2V5U0_HUMAN
PTPRQ_HUMAN,KNL1_HUMAN
PTPRQ_HUMAN,ROS1_HUMAN
PTPRQ_HUMAN,ABCA1_HUMAN
PTPRQ_HUMAN,SC16A_HUMAN
PTPRQ_HUMAN,CNOT1_HUMAN
PTPRQ_HUMAN,PTPRZ_HUMAN
PTPRQ_HUMAN,SPTB2_HUMAN
PTPRQ_HUMAN,ICE1_HUMAN
PTPRQ_HUMAN,NBAS_HUMAN
PTPRQ_HUMAN,WNK2_HUMAN
PTPRQ_HUMAN,USF3_HUMAN
DPOE1_HUMAN,MED12_HUMAN
DPOE1_HUMAN,MED13_HUMAN
DPOE1_HUMAN,SDK1_HUMAN
DPOE1_HUMAN,FREM1_HUMAN
DPOE1_HUMAN,A0A3B3ITG1_HUMAN
DPOE1_HUMAN,A0A0A0MR67_HUMAN
DPOE1_HUMAN,UN13C_HUMAN
DPOE1_HUMAN,MD13L_HUMAN
DPOE1_HUMAN,A0A804HJ69_HUMAN
DPOE1_HUMAN,A0A804HKC4_HUMAN
DPOE1_HUMAN,KNTC1_HUMAN
DPOE1_HUMAN,DOC10_HUMAN
DPOE1_HUMAN,A0A2R8YD85_HUMAN
DPOE1_HUMAN,PTPRQ_HUMAN
DPOE1_HUMAN,MYO7A_HUMAN
DPOE1_HUMAN,INT1_HUMAN
DPOE1_HUMAN,SDK2_HUMAN
DPOE1_HUMAN,A0A0A0MSA1_HUMAN
DPOE1_HUMAN,E9PDI6_HUMAN
DPOE1_HUMAN,TENA_HUMAN
DPOE1_HUMAN,SORL_HUMAN
DPOE1_HUMAN,F5GY28_HUMAN
DPOE1_HUMAN,SVIL_HUMAN
DPOE1_HUMAN,ASCC3_HUMAN
PYR1_HUMAN,MYO9B_HUMAN
PYR1_HUMAN,TECTA_HUMAN
PYR1_HUMAN,A0A087WWW8_HUMAN
PYR1_HUMAN,A0A804HJT1_HUMAN
PYR1_HUMAN,B0I1T6_HUMAN
PYR1_HUMAN,A0A2R8Y590_HUMAN
PYR1_HUMAN,BAZ2B_HUMAN
PYR1_HUMAN,A0A804HJB6_HUMAN
PYR1_HUMAN,A0A804HI37_HUMAN
PYR1_HUMAN,CAC1D_HUMAN
PYR1_HUMAN,HEAT1_HUMAN
PYR1_HUMAN,M0R0P8_HUMAN
PYR1_HUMAN,SHAN1_HUMAN
PYR1_HUMAN,U520_HUMAN
PYR1_HUMAN,A0A804HJR1_HUMAN
PYR1_HUMAN,F5GWT4_HUMAN
PYR1_HUMAN,MALR1_HUMAN
PYR1_HUMAN,H9KV90_HUMAN
PYR1_HUMAN,RP1_HUMAN
PYR1_HUMAN,PRC2A_HUMAN
PYR1_HUMAN,A0A3F2YNX0_HUMAN
PYR1_HUMAN,A0A804HKE9_HUMAN
PYR1_HUMAN,A0A804HIZ0_HUMAN
PYR1_HUMAN,A0A1U9X974_HUMAN
PYR1_HUMAN,A0A804HIJ8_HUMAN
PYR1_HUMAN,ESPL1_HUMAN
PYR1_HUMAN,SPTB1_HUMAN
PYR1_HUMAN,NUMA1_HUMAN
PYR1_HUMAN,YLPM1_HUMAN
PYR1_HUMAN,DOCK7_HUMAN
PYR1_HUMAN,MYO7B_HUMAN
PYR1_HUMAN,PLXB1_HUMAN
PYR1_HUMAN,ALPK2_HUMAN
PYR1_HUMAN,F5H522_HUMAN
PYR1_HUMAN,ABCA7_HUMAN
PYR1_HUMAN,TET1_HUMAN
RS27_HUMAN,COA4_HUMAN
RS27_HUMAN,BLCAP_HUMAN
RS27_HUMAN,C9JQX9_HUMAN
RS27_HUMAN,A0A087WU87_HUMAN
RS27_HUMAN,A0A0U1RQQ7_HUMAN
RS27_HUMAN,A0A1B0GX60_HUMAN
RS27_HUMAN,A2A2D0_HUMAN
RS27_HUMAN,C9K0M0_HUMAN
RS27_HUMAN,C42S2_HUMAN
RS27_HUMAN,C9JI44_HUMAN
RS27_HUMAN,CX7A2_HUMAN
RS27_HUMAN,C9JL19_HUMAN
RS27_HUMAN,COMD6_HUMAN
RS27_HUMAN,ISK2_HUMAN
RS27_HUMAN,CNCG_HUMAN
RS27_HUMAN,FXYD3_HUMAN
RS27_HUMAN,Q5T123_HUMAN
RS27_HUMAN,E9PLT6_HUMAN
RS27_HUMAN,A0A8I5KYZ5_HUMAN
RS27_HUMAN,S4R466_HUMAN
RS27_HUMAN,E9PIJ1_HUMAN
RS27_HUMAN,D6R925_HUMAN
RS27_HUMAN,FXYD7_HUMAN
RS27_HUMAN,CENPX_HUMAN
RS27_HUMAN,H0YDH9_HUMAN
RS27_HUMAN,E9PM24_HUMAN
RS27_HUMAN,I3L310_HUMAN
RS27_HUMAN,E5RIJ8_HUMAN
RS27_HUMAN,H0YNF5_HUMAN
RS27_HUMAN,H3BMK6_HUMAN
RS27_HUMAN,H3BNI3_HUMAN
RS27_HUMAN,I3L1K5_HUMAN
RS27_HUMAN,ISK6_HUMAN
RS27_HUMAN,KR212_HUMAN
RS27_HUMAN,ISK9_HUMAN
RS27_HUMAN,J3KSI7_HUMAN
RS27_HUMAN,G3V408_HUMAN
RS27_HUMAN,KR194_HUMAN
RS27_HUMAN,PRRP_HUMAN
RS27_HUMAN,J3JS69_HUMAN
RS27_HUMAN,KR193_HUMAN
RS27_HUMAN,LYRM2_HUMAN
RS27_HUMAN,M0R035_HUMAN
RS27_HUMAN,NMES1_HUMAN
RS27_HUMAN,PNT87_HUMAN
RS27_HUMAN,PT117_HUMAN
RS27_HUMAN,Q14784_HUMAN
RS27_HUMAN,SMPX_HUMAN
RS27_HUMAN,Q9UD29_HUMAN
RS27_HUMAN,TFF3_HUMAN
RS27_HUMAN,MYMX_HUMAN
RS27_HUMAN,E9PP57_HUMAN
RS27_HUMAN,TFF1_HUMAN
RS27_HUMAN,BBLN_HUMAN
RS27_HUMAN,E9PJ82_HUMAN
RS27_HUMAN,TIM8B_HUMAN
RS27_HUMAN,A0A590UJD6_HUMAN
RS27_HUMAN,M0R289_HUMAN
RS27_HUMAN,E9PSE5_HUMAN
RS27_HUMAN,H0YKW8_HUMAN
RS27_HUMAN,G3V3K3_HUMAN
RS27_HUMAN,SNN_HUMAN
RS27_HUMAN,COX7B_HUMAN
RS27_HUMAN,A2A2L4_HUMAN
RS27_HUMAN,C9J6Y2_HUMAN
RS27_HUMAN,F5H7D2_HUMAN
RS27_HUMAN,Q7Z6Q0_HUMAN
RS27_HUMAN,D6RD88_HUMAN
RS27_HUMAN,G3V407_HUMAN
RS27_HUMAN,C9J6Z6_HUMAN
RS27_HUMAN,C9J0J6_HUMAN
RS27_HUMAN,J3QS95_HUMAN
RS27_HUMAN,H0Y9Q6_HUMAN
RS27_HUMAN,CENPW_HUMAN
RS27_HUMAN,A0A2R8Y896_HUMAN
RS27_HUMAN,M0QY88_HUMAN
RS27_HUMAN,E5RIW3_HUMAN
RS27_HUMAN,R4GN98_HUMAN
RS27_HUMAN,H0YNV1_HUMAN
RS27_HUMAN,A0A087WZW2_HUMAN
RS27_HUMAN,CNRG_HUMAN
RS27_HUMAN,VA0E1_HUMAN
RS27_HUMAN,DPH3_HUMAN
RS27_HUMAN,VA0E2_HUMAN
RS27_HUMAN,H0YNH1_HUMAN
RS27_HUMAN,A0A0C4DGB0_HUMAN
RS27_HUMAN,C9J5P1_HUMAN
RS27_HUMAN,RS21_HUMAN
RS27_HUMAN,M0R015_HUMAN
RS27_HUMAN,Q8WVC2_HUMAN
RS27_HUMAN,GFRP_HUMAN
RS27_HUMAN,F5GXK6_HUMAN
RS27_HUMAN,D6RIX0_HUMAN
RS27_HUMAN,CX6B2_HUMAN
RS27_HUMAN,SRP09_HUMAN
RS27_HUMAN,DPM2_HUMAN
RS27_HUMAN,Q6FGH5_HUMAN
RS27_HUMAN,K7EIT2_HUMAN
RS27_HUMAN,RUXF_HUMAN
RS27_HUMAN,MZT1_HUMAN
RS27L_HUMAN,A0A7P0T9N0_HUMAN
RS27L_HUMAN,NEDD8_HUMAN
RS27L_HUMAN,SF3B5_HUMAN
RS27L_HUMAN,GP15L_HUMAN
RS27L_HUMAN,FCERG_HUMAN
RS27L_HUMAN,LSM6_HUMAN
RS27L_HUMAN,ELOF1_HUMAN
RS27L_HUMAN,CDC26_HUMAN
RS27L_HUMAN,NUPR1_HUMAN
RS27L_HUMAN,C9JG65_HUMAN
RS27L_HUMAN,CX6B1_HUMAN
RS27L_HUMAN,MOC2A_HUMAN
RS27L_HUMAN,NDUA4_HUMAN
RS27L_HUMAN,NDUA3_HUMAN
RS27L_HUMAN,BOLA2_HUMAN
RS27L_HUMAN,ACBP_HUMAN
RS27L_HUMAN,SIM22_HUMAN
RS27L_HUMAN,UFM1_HUMAN
RS27L_HUMAN,QCR8_HUMAN
RS27L_HUMAN,DESPR_HUMAN
RS27L_HUMAN,NNAT_HUMAN
RS27L_HUMAN,APOC1_HUMAN
RS27L_HUMAN,CD24_HUMAN
RS27L_HUMAN,IR3IP_HUMAN
RS27L_HUMAN,CNBP1_HUMAN
RS27L_HUMAN,RT21_HUMAN
RS27L_HUMAN,HEPC_HUMAN
RS27L_HUMAN,APC11_HUMAN
FYV1_HUMAN,A0A804HIW6_HUMAN
FYV1_HUMAN,A0A2R8Y840_HUMAN
FYV1_HUMAN,LOXH1_HUMAN
FYV1_HUMAN,A0A6Q8PGG9_HUMAN
FYV1_HUMAN,A0A6Q8PHK0_HUMAN
FYV1_HUMAN,C9JLD7_HUMAN
FYV1_HUMAN,DOCK6_HUMAN
FYV1_HUMAN,A6NEM2_HUMAN
FYV1_HUMAN,DOC11_HUMAN
FYV1_HUMAN,K7ESB7_HUMAN
FYV1_HUMAN,DOCK9_HUMAN
FYV1_HUMAN,M0R300_HUMAN
FYV1_HUMAN,F8VPD4_HUMAN
FYV1_HUMAN,RGPA1_HUMAN
FYV1_HUMAN,ZGRF1_HUMAN
FYV1_HUMAN,H7C1L9_HUMAN
FYV1_HUMAN,ATG2B_HUMAN
FYV1_HUMAN,J3KN16_HUMAN
FYV1_HUMAN,ANR12_HUMAN
FYV1_HUMAN,MY18A_HUMAN
FYV1_HUMAN,HTR5B_HUMAN
FYV1_HUMAN,A0A286YF26_HUMAN
FYV1_HUMAN,RHG32_HUMAN
FYV1_HUMAN,C9J066_HUMAN
FYV1_HUMAN,A0A1W2PPJ3_HUMAN
FYV1_HUMAN,H7BZ57_HUMAN
FYV1_HUMAN,MICA3_HUMAN
FYV1_HUMAN,A0A804HK06_HUMAN
FYV1_HUMAN,MPDZ_HUMAN
FYV1_HUMAN,PI4KA_HUMAN
FYV1_HUMAN,A0A3F2YNX6_HUMAN
FYV1_HUMAN,NCOA6_HUMAN
FYV1_HUMAN,TF3C1_HUMAN
FYV1_HUMAN,Q5T3Q7_HUMAN
FYV1_HUMAN,MDC1_HUMAN
FYV1_HUMAN,A0A5H1ZRS1_HUMAN
FYV1_HUMAN,H0YBA1_HUMAN
FYV1_HUMAN,NIN_HUMAN
FYV1_HUMAN,E9PG18_HUMAN
FYV1_HUMAN,A0A1U9XBC1_HUMAN
FYV1_HUMAN,MYOF_HUMAN
FYV1_HUMAN,PTPRB_HUMAN
FYV1_HUMAN,A0A0A0MQX1_HUMAN
FYV1_HUMAN,H9KVD2_HUMAN
FYV1_HUMAN,H0Y599_HUMAN
FYV1_HUMAN,KAT6B_HUMAN
FYV1_HUMAN,NU214_HUMAN
FYV1_HUMAN,LRRK1_HUMAN
FYV1_HUMAN,NU205_HUMAN
FYV1_HUMAN,CHD3_HUMAN
FYV1_HUMAN,TTC3_HUMAN
FYV1_HUMAN,CROCC_HUMAN
FYV1_HUMAN,CKAP5_HUMAN
FYV1_HUMAN,K7EKI0_HUMAN
FYV1_HUMAN,MYO10_HUMAN
FYV1_HUMAN,SCN1A_HUMAN
FYV1_HUMAN,PCM1_HUMAN
FYV1_HUMAN,OTOF_HUMAN
FYV1_HUMAN,DYSF_HUMAN
FYV1_HUMAN,SMHD1_HUMAN
FYV1_HUMAN,AGRIN_HUMAN
FYV1_HUMAN,TRPM6_HUMAN
FYV1_HUMAN,DOCK3_HUMAN
FYV1_HUMAN,FANCM_HUMAN
FYV1_HUMAN,HCFC1_HUMAN
FYV1_HUMAN,DOCK8_HUMAN
FYV1_HUMAN,DSCL1_HUMAN
FYV1_HUMAN,APOA_HUMAN
FYV1_HUMAN,EVPL_HUMAN
FYV1_HUMAN,DAPLE_HUMAN
FYV1_HUMAN,CTRO_HUMAN
FYV1_HUMAN,SCN5A_HUMAN
FYV1_HUMAN,CR1_HUMAN
FYV1_HUMAN,KAT6A_HUMAN
FYV1_HUMAN,NOTC4_HUMAN
FYV1_HUMAN,SCN2A_HUMAN
FYV1_HUMAN,MYH14_HUMAN
FYV1_HUMAN,DSCAM_HUMAN
FYV1_HUMAN,SCN3A_HUMAN
FYV1_HUMAN,TET2_HUMAN
FYV1_HUMAN,ARHGH_HUMAN
RS21_HUMAN,E9PS11_HUMAN
RS21_HUMAN,A0A286YF53_HUMAN
RS21_HUMAN,SMR3B_HUMAN
RS21_HUMAN,C42S1_HUMAN
RS21_HUMAN,C9JCI4_HUMAN
RS21_HUMAN,CKS1_HUMAN
RS21_HUMAN,ISK1_HUMAN
RS21_HUMAN,E5RJZ1_HUMAN
RS21_HUMAN,CX7A1_HUMAN
RS21_HUMAN,KR211_HUMAN
RS21_HUMAN,E5RFT7_HUMAN
RS21_HUMAN,COXM2_HUMAN
RS21_HUMAN,T238L_HUMAN
RS21_HUMAN,D6RDJ1_HUMAN
RS21_HUMAN,Q709A9_HUMAN
RS21_HUMAN,M0R128_HUMAN
RS21_HUMAN,K7EIM4_HUMAN
RS21_HUMAN,TM258_HUMAN
RS21_HUMAN,RS27L_HUMAN
RS21_HUMAN,RS27_HUMAN
RS21_HUMAN,Q96GZ3_HUMAN
RS21_HUMAN,ROMO1_HUMAN
RS21_HUMAN,ST20_HUMAN
NEDD8_HUMAN,H3BMM2_HUMAN
NEDD8_HUMAN,LEAP2_HUMAN
NEDD8_HUMAN,IPKB_HUMAN
NEDD8_HUMAN,M0R123_HUMAN
NEDD8_HUMAN,I3L0T3_HUMAN
NEDD8_HUMAN,K7ENU2_HUMAN
NEDD8_HUMAN,B9A032_HUMAN
NEDD8_HUMAN,P78328_HUMAN
NEDD8_HUMAN,C9JTS4_HUMAN
NEDD8_HUMAN,A0A0A0MTQ5_HUMAN
NEDD8_HUMAN,D6RAI6_HUMAN
NEDD8_HUMAN,M0QXM8_HUMAN
NEDD8_HUMAN,MIC10_HUMAN
NEDD8_HUMAN,SMIM1_HUMAN
NEDD8_HUMAN,M0R145_HUMAN
NEDD8_HUMAN,C9JEH2_HUMAN
NEDD8_HUMAN,NEUG_HUMAN
NEDD8_HUMAN,F8W187_HUMAN
NEDD8_HUMAN,CSAG1_HUMAN
NEDD8_HUMAN,E9PS30_HUMAN
NEDD8_HUMAN,APEL_HUMAN
NEDD8_HUMAN,SVIP_HUMAN
NEDD8_HUMAN,DB136_HUMAN
NEDD8_HUMAN,CRIP1_HUMAN
NEDD8_HUMAN,H0Y3V9_HUMAN
NU214_HUMAN,A0A669KB77_HUMAN
NU214_HUMAN,E9PN67_HUMAN
NU214_HUMAN,TANC2_HUMAN
NU214_HUMAN,SCN9A_HUMAN
NU214_HUMAN,ZC3H1_HUMAN
NU214_HUMAN,FYV1_HUMAN
NU214_HUMAN,TRIPC_HUMAN
NU214_HUMAN,EXPH5_HUMAN
KAT6B_HUMAN,A0A6Q8PGB0_HUMAN
KAT6B_HUMAN,H0YJS3_HUMAN
KAT6B_HUMAN,TRIPB_HUMAN
KAT6B_HUMAN,A0A8I5KXT2_HUMAN
KAT6B_HUMAN,ZN638_HUMAN
KAT6B_HUMAN,MYH10_HUMAN
KAT6B_HUMAN,A0A8I5KWT8_HUMAN
KAT6B_HUMAN,E9PHB6_HUMAN
KAT6B_HUMAN,C8AP2_HUMAN
KAT6B_HUMAN,SCN8A_HUMAN
KAT6B_HUMAN,GANP_HUMAN
KAT6B_HUMAN,MYH11_HUMAN
KAT6B_HUMAN,RPB1_HUMAN
KAT6B_HUMAN,CAC1F_HUMAN
KAT6B_HUMAN,TP53B_HUMAN
PCM1_HUMAN,K1549_HUMAN
PCM1_HUMAN,MYH4_HUMAN
PCM1_HUMAN,A0A0C4DGG9_HUMAN
PCM1_HUMAN,SKT_HUMAN
PCM1_HUMAN,GRB1L_HUMAN
PCM1_HUMAN,RHG21_HUMAN
PCM1_HUMAN,GREB1_HUMAN
PCM1_HUMAN,PLXD1_HUMAN
PCM1_HUMAN,MYH13_HUMAN
PCM1_HUMAN,PTPRS_HUMAN
PCM1_HUMAN,A2A369_HUMAN
PCM1_HUMAN,MYH15_HUMAN
PCM1_HUMAN,A0A590UK43_HUMAN
PCM1_HUMAN,K4DIA1_HUMAN
PCM1_HUMAN,PCD15_HUMAN
PCM1_HUMAN,CHD5_HUMAN
PCM1_HUMAN,A0A8I5KXJ3_HUMAN
PCM1_HUMAN,ATS9_HUMAN
PCM1_HUMAN,TRHY_HUMAN
PCM1_HUMAN,A0A0A0MT39_HUMAN
PCM1_HUMAN,A6NNK5_HUMAN
PCM1_HUMAN,TCF20_HUMAN
PCM1_HUMAN,MYH2_HUMAN
PCM1_HUMAN,W5ZR30_HUMAN
PCM1_HUMAN,A0A7P0TAS2_HUMAN
PCM1_HUMAN,A0A805TBS0_HUMAN
PCM1_HUMAN,LPH_HUMAN
PCM1_HUMAN,SET1B_HUMAN
PCM1_HUMAN,A0A8I5KRS9_HUMAN
PCM1_HUMAN,TNR6C_HUMAN
PCM1_HUMAN,MICA2_HUMAN
PCM1_HUMAN,ATG2A_HUMAN
PCM1_HUMAN,APC1_HUMAN
PCM1_HUMAN,DOCK4_HUMAN
PCM1_HUMAN,MYH9_HUMAN
PCM1_HUMAN,TNR6A_HUMAN
PCM1_HUMAN,A0A8I5KU53_HUMAN
PCM1_HUMAN,WDR81_HUMAN
PCM1_HUMAN,MYH1_HUMAN
PCM1_HUMAN,SCNAA_HUMAN
PCM1_HUMAN,CFA65_HUMAN
PCM1_HUMAN,MYH6_HUMAN
PCM1_HUMAN,MYH8_HUMAN
PCM1_HUMAN,MYH7_HUMAN
PCM1_HUMAN,MYH3_HUMAN
PCM1_HUMAN,THADA_HUMAN
CCL5_HUMAN,F5H7Z3_HUMAN
CCL5_HUMAN,A0A087WUN7_HUMAN
CCL5_HUMAN,B5MCF4_HUMAN
CCL5_HUMAN,A0A0S2Z5X7_HUMAN
CCL5_HUMAN,A0A1W2PQ03_HUMAN
CCL5_HUMAN,A0A1X7SC17_HUMAN
CCL5_HUMAN,E9PLM3_HUMAN
CCL5_HUMAN,M0R1D6_HUMAN
CCL5_HUMAN,J3QSB5_HUMAN
CCL5_HUMAN,A0A3B3ITX4_HUMAN
CCL5_HUMAN,CL3L1_HUMAN
CCL5_HUMAN,A0A2R8Y4Y9_HUMAN
CCL5_HUMAN,A6NL93_HUMAN
CCL5_HUMAN,H3BUL8_HUMAN
CCL5_HUMAN,BAFL_HUMAN
CCL5_HUMAN,C9JAP5_HUMAN
CCL5_HUMAN,C9JCQ4_HUMAN
CCL5_HUMAN,C9JDV0_HUMAN
CCL5_HUMAN,CD006_HUMAN
CCL5_HUMAN,FXYD6_HUMAN
CCL5_HUMAN,E9PQB4_HUMAN
CCL5_HUMAN,M0QZF0_HUMAN
CCL5_HUMAN,Q5NV75_HUMAN
CCL5_HUMAN,ETFR1_HUMAN
CCL5_HUMAN,E5RGD3_HUMAN
CCL5_HUMAN,GLPB_HUMAN
CCL5_HUMAN,H0YNU2_HUMAN
CCL5_HUMAN,FXYD4_HUMAN
CCL5_HUMAN,J3QLM2_HUMAN
CCL5_HUMAN,H0YEV1_HUMAN
CCL5_HUMAN,J3KT68_HUMAN
CCL5_HUMAN,H0YJN1_HUMAN
CCL5_HUMAN,H0YBT3_HUMAN
CCL5_HUMAN,H3BS04_HUMAN
CCL5_HUMAN,SG2A1_HUMAN
CCL5_HUMAN,H3BUT5_HUMAN
CCL5_HUMAN,H0YBD2_HUMAN
CCL5_HUMAN,KR191_HUMAN
CCL5_HUMAN,A0A087WZP4_HUMAN
CCL5_HUMAN,D6RAS0_HUMAN
CCL5_HUMAN,K7ENP6_HUMAN
CCL5_HUMAN,K7EMV3_HUMAN
CCL5_HUMAN,LCE3D_HUMAN
CCL5_HUMAN,O75104_HUMAN
CCL5_HUMAN,SG1D1_HUMAN
CCL5_HUMAN,M0QXR0_HUMAN
CCL5_HUMAN,NPS_HUMAN
CCL5_HUMAN,A0A0S2Z4H2_HUMAN
CCL5_HUMAN,SUMO2_HUMAN
CCL5_HUMAN,Q9H178_HUMAN
CCL5_HUMAN,O75079_HUMAN
CCL5_HUMAN,Q5NV91_HUMAN
CCL5_HUMAN,SMA5O_HUMAN
CCL5_HUMAN,R4GNE1_HUMAN
CCL5_HUMAN,U3KQ85_HUMAN
CCL5_HUMAN,D6RIA4_HUMAN
CCL5_HUMAN,UTER_HUMAN
CCL5_HUMAN,H3BTC2_HUMAN
CCL5_HUMAN,J3QQN6_HUMAN
CCL5_HUMAN,QCR6_HUMAN
CCL5_HUMAN,C9J0B2_HUMAN
CCL5_HUMAN,C9J7P7_HUMAN
CCL5_HUMAN,E5RJ48_HUMAN
CCL5_HUMAN,CCL17_HUMAN
CCL5_HUMAN,A0A2R8Y8A0_HUMAN
CCL5_HUMAN,C9JDZ3_HUMAN
CCL5_HUMAN,H0Y5A2_HUMAN
CCL5_HUMAN,K7EK01_HUMAN
CCL5_HUMAN,J3KSH8_HUMAN
CCL5_HUMAN,MUCL1_HUMAN
CCL5_HUMAN,M0QZC2_HUMAN
CCL5_HUMAN,Q6FGF7_HUMAN
CCL5_HUMAN,A0A1W2PQS3_HUMAN
CCL5_HUMAN,J3KT66_HUMAN
CCL5_HUMAN,K7ELC5_HUMAN
CCL5_HUMAN,S10A1_HUMAN
CCL5_HUMAN,D6RIT0_HUMAN
CCL5_HUMAN,H0YL71_HUMAN
CCL5_HUMAN,G3V2B1_HUMAN
CCL5_HUMAN,V9GYT8_HUMAN
CCL5_HUMAN,G3V519_HUMAN
CCL5_HUMAN,GON1_HUMAN
CCL5_HUMAN,A0A0J9YWW6_HUMAN
CCL5_HUMAN,A0A087WSW5_HUMAN
CCL5_HUMAN,BBIP1_HUMAN
CCL5_HUMAN,DYL2_HUMAN
CCL5_HUMAN,F5H4N8_HUMAN
CCL5_HUMAN,TIM13_HUMAN
CCL5_HUMAN,S100B_HUMAN
CCL5_HUMAN,A0A0S2Z4C5_HUMAN
CCL5_HUMAN,S10A6_HUMAN
CCL5_HUMAN,HRK_HUMAN
CCL5_HUMAN,O14835_HUMAN
CCL5_HUMAN,SG3A2_HUMAN
CCL5_HUMAN,CCL18_HUMAN
CCL5_HUMAN,RUXE_HUMAN
CCL5_HUMAN,E9PSC3_HUMAN
CCL5_HUMAN,SPR1B_HUMAN
CCL5_HUMAN,H3BMI0_HUMAN
CCL5_HUMAN,S100P_HUMAN
CHD3_HUMAN,A0A804HIC2_HUMAN
CHD3_HUMAN,A0A2R8Y212_HUMAN
CHD3_HUMAN,F5GWX5_HUMAN
CHD3_HUMAN,A0A2R8Y521_HUMAN
CHD3_HUMAN,A0A1B0GTU5_HUMAN
CHD3_HUMAN,RAI1_HUMAN
CHD3_HUMAN,ZNFX1_HUMAN
CHD3_HUMAN,DEN4C_HUMAN
CHD3_HUMAN,A0A2R8YFD8_HUMAN
CHD3_HUMAN,VWA8_HUMAN
CHD3_HUMAN,A0A2U3TZM0_HUMAN
CHD3_HUMAN,H0Y488_HUMAN
CHD3_HUMAN,CHD4_HUMAN
CHD3_HUMAN,TICRR_HUMAN
CHD3_HUMAN,PTPRD_HUMAN
CHD3_HUMAN,KAD9_HUMAN
CHD3_HUMAN,A0A286YEQ8_HUMAN
CHD3_HUMAN,A0A6I8PIX7_HUMAN
CHD3_HUMAN,PLXB3_HUMAN
CHD3_HUMAN,F8VU39_HUMAN
CHD3_HUMAN,DLG5_HUMAN
CHD3_HUMAN,BAZ2A_HUMAN
CHD3_HUMAN,PTPRF_HUMAN
CHD3_HUMAN,LRP4_HUMAN
CHD3_HUMAN,AKA11_HUMAN
CHD3_HUMAN,MTCL1_HUMAN
CHD3_HUMAN,MYLK_HUMAN
CHD3_HUMAN,DICER_HUMAN
CHD3_HUMAN,TGO1_HUMAN
S10AC_HUMAN,ASURF_HUMAN
S10AC_HUMAN,M0QX85_HUMAN
S10AC_HUMAN,CCL22_HUMAN
S10AC_HUMAN,C9JVQ0_HUMAN
S10AC_HUMAN,K7EPH6_HUMAN
S10AC_HUMAN,SFTA3_HUMAN
S10AC_HUMAN,E9PNR7_HUMAN
S10AC_HUMAN,V9GZ59_HUMAN
S10AC_HUMAN,G3V275_HUMAN
S10AC_HUMAN,AF1Q_HUMAN
S10AC_HUMAN,BAF_HUMAN
S10AC_HUMAN,RL37A_HUMAN
S10AC_HUMAN,KR121_HUMAN
S10AC_HUMAN,LSM5_HUMAN
S10AC_HUMAN,HMGN2_HUMAN
S10AC_HUMAN,H0YJ40_HUMAN
S10AC_HUMAN,DB132_HUMAN
S10AC_HUMAN,KR123_HUMAN
S10AC_HUMAN,E9PL65_HUMAN
S10AC_HUMAN,M0QYE5_HUMAN
S10AC_HUMAN,Q9NZL8_HUMAN
S10AC_HUMAN,C9JZ07_HUMAN
S10AC_HUMAN,C9JNU6_HUMAN
S10AC_HUMAN,E9PNQ0_HUMAN
S10AC_HUMAN,HIG1A_HUMAN
S10AC_HUMAN,Q5T6U8_HUMAN
S10AC_HUMAN,F5H2Z7_HUMAN
S10AC_HUMAN,DLRB1_HUMAN
S10AC_HUMAN,LCE3C_HUMAN
S10AC_HUMAN,F5H7P8_HUMAN
S10AC_HUMAN,SH3L3_HUMAN
S10AC_HUMAN,TIM9_HUMAN
S10AC_HUMAN,DYL1_HUMAN
S10AC_HUMAN,DLRB2_HUMAN
S10AC_HUMAN,SC61B_HUMAN
S10AC_HUMAN,DEF3_HUMAN
S10AC_HUMAN,S10A5_HUMAN
S10AC_HUMAN,CXL11_HUMAN
S10AC_HUMAN,LCE3B_HUMAN
S10AC_HUMAN,PAHO_HUMAN
S10AC_HUMAN,LSM8_HUMAN
S10AC_HUMAN,CCL3_HUMAN
S10AC_HUMAN,DB128_HUMAN
S10AC_HUMAN,UQCC3_HUMAN
S10AC_HUMAN,SIM26_HUMAN
S10AC_HUMAN,LSM2_HUMAN
S10AC_HUMAN,IAPP_HUMAN
S10AC_HUMAN,SELK_HUMAN
S10AC_HUMAN,PYDC1_HUMAN
S10AC_HUMAN,ATPK_HUMAN
S10AC_HUMAN,SPR1A_HUMAN
S10AC_HUMAN,COX19_HUMAN
S10AC_HUMAN,HCST_HUMAN
S10AC_HUMAN,LCE3A_HUMAN
S10AC_HUMAN,CCL20_HUMAN
S10AC_HUMAN,LYRM4_HUMAN
S10AC_HUMAN,TIM10_HUMAN
S10AC_HUMAN,CCL4_HUMAN
S10AC_HUMAN,DPM3_HUMAN
S10AC_HUMAN,DEF1_HUMAN
S10AC_HUMAN,CCL1_HUMAN
S10AC_HUMAN,SUMO4_HUMAN
S10AC_HUMAN,DEF5_HUMAN
S10AC_HUMAN,CCL26_HUMAN
S10AC_HUMAN,LTOR5_HUMAN
S10AC_HUMAN,S10A8_HUMAN
S10AC_HUMAN,PLM_HUMAN
S10AC_HUMAN,RM34_HUMAN
S10AC_HUMAN,CAR18_HUMAN
S10AC_HUMAN,SDF1_HUMAN
S10AC_HUMAN,CCL14_HUMAN
S10AC_HUMAN,CCL5_HUMAN
S10AC_HUMAN,SPAR_HUMAN
GANP_HUMAN,A0A2R8YFK9_HUMAN
GANP_HUMAN,A0A2R8Y425_HUMAN
GANP_HUMAN,KI26A_HUMAN
GANP_HUMAN,A0A2R8Y5J0_HUMAN
GANP_HUMAN,H0Y8U8_HUMAN
GANP_HUMAN,A0A8I5KTN1_HUMAN
GANP_HUMAN,A0A8I5KTI7_HUMAN
GANP_HUMAN,A0A8I5KR05_HUMAN
GANP_HUMAN,A0A669KA35_HUMAN
GANP_HUMAN,A0A8I5KVF2_HUMAN
GANP_HUMAN,A0A8I5KY61_HUMAN
GANP_HUMAN,CPMD8_HUMAN
GANP_HUMAN,PLXA1_HUMAN
GANP_HUMAN,PO210_HUMAN
GANP_HUMAN,TM131_HUMAN
GANP_HUMAN,CK5P2_HUMAN
GANP_HUMAN,A0A669KBG8_HUMAN
GANP_HUMAN,OBSL1_HUMAN
GANP_HUMAN,TAF1_HUMAN
GANP_HUMAN,A0A2R8Y549_HUMAN
GANP_HUMAN,A0A669KAV7_HUMAN
GANP_HUMAN,A0A669KB10_HUMAN
GANP_HUMAN,A0A8I5QKL1_HUMAN
RPB1_HUMAN,A0A8I5KUE4_HUMAN
RPB1_HUMAN,J3KPG5_HUMAN
RPB1_HUMAN,RGPA2_HUMAN
RPB1_HUMAN,ANK1_HUMAN
RPB1_HUMAN,CAC1S_HUMAN
ITSN2_HUMAN,A0A2R8Y5F1_HUMAN
ITSN2_HUMAN,A0A2R8Y7C8_HUMAN
ITSN2_HUMAN,A0A087WTF3_HUMAN
ITSN2_HUMAN,X5D2U8_HUMAN
ITSN2_HUMAN,A0A0A0MTS5_HUMAN
ITSN2_HUMAN,A0A0A6YYF2_HUMAN
ITSN2_HUMAN,TRPM3_HUMAN
ITSN2_HUMAN,CO4A_HUMAN
ITSN2_HUMAN,SPKAP_HUMAN
ITSN2_HUMAN,H0Y7R3_HUMAN
ITSN2_HUMAN,A0A2U3TZV8_HUMAN
ITSN2_HUMAN,A0A2R8Y8C1_HUMAN
ITSN2_HUMAN,A0A1B0GV47_HUMAN
ITSN2_HUMAN,A0A2R8Y880_HUMAN
ITSN2_HUMAN,A0A2R8YDR3_HUMAN
ITSN2_HUMAN,A0A2R8Y7X5_HUMAN
ITSN2_HUMAN,CMTA1_HUMAN
ITSN2_HUMAN,A0A7I2V4I5_HUMAN
ITSN2_HUMAN,A0A2R8YDZ2_HUMAN
ITSN2_HUMAN,A0A2R8YGU4_HUMAN
ITSN2_HUMAN,E9PF55_HUMAN
ITSN2_HUMAN,A0A804HIK3_HUMAN
ITSN2_HUMAN,A0A2R8YFV2_HUMAN
ITSN2_HUMAN,ARAP2_HUMAN
ITSN2_HUMAN,ATL1_HUMAN
ITSN2_HUMAN,CFA43_HUMAN
ITSN2_HUMAN,NALCN_HUMAN
ITSN2_HUMAN,ANR26_HUMAN
ITSN2_HUMAN,H7C2V9_HUMAN
ITSN2_HUMAN,H0Y765_HUMAN
ITSN2_HUMAN,A0A8I5QKL9_HUMAN
ITSN2_HUMAN,LMO7_HUMAN
ITSN2_HUMAN,X5D7Q2_HUMAN
ITSN2_HUMAN,KDM3B_HUMAN
ITSN2_HUMAN,H7C1F9_HUMAN
ITSN2_HUMAN,KATIP_HUMAN
ITSN2_HUMAN,PPRC1_HUMAN
ITSN2_HUMAN,A0A2R8YGD3_HUMAN
ITSN2_HUMAN,MROH1_HUMAN
ITSN2_HUMAN,MON2_HUMAN
ITSN2_HUMAN,H7C231_HUMAN
ITSN2_HUMAN,MARF1_HUMAN
ITSN2_HUMAN,ATL3_HUMAN
ITSN2_HUMAN,A0A0A0MRG9_HUMAN
ITSN2_HUMAN,H0Y325_HUMAN
ITSN2_HUMAN,C2D2A_HUMAN
ITSN2_HUMAN,NU188_HUMAN
ITSN2_HUMAN,E9PGF5_HUMAN
ITSN2_HUMAN,H7BZ37_HUMAN
ITSN2_HUMAN,KDM6B_HUMAN
ITSN2_HUMAN,H3BMQ0_HUMAN
ITSN2_HUMAN,P3C2B_HUMAN
ITSN2_HUMAN,A0A2R8Y4P4_HUMAN
ITSN2_HUMAN,SCN7A_HUMAN
ITSN2_HUMAN,KDIS_HUMAN
ITSN2_HUMAN,Q4LE58_HUMAN
ITSN2_HUMAN,UBP54_HUMAN
ITSN2_HUMAN,ZC3HD_HUMAN
ITSN2_HUMAN,A0A2R8YDL9_HUMAN
ITSN2_HUMAN,SHRM2_HUMAN
ITSN2_HUMAN,A0A669KB89_HUMAN
ITSN2_HUMAN,TIAM2_HUMAN
ITSN2_HUMAN,A0A2R8Y7S2_HUMAN
ITSN2_HUMAN,SN_HUMAN
ITSN2_HUMAN,ABCA6_HUMAN
ITSN2_HUMAN,A0A7I2V5U5_HUMAN
ITSN2_HUMAN,PTN23_HUMAN
ITSN2_HUMAN,THS7A_HUMAN
ITSN2_HUMAN,E9PCH4_HUMAN
ITSN2_HUMAN,PARP4_HUMAN
ITSN2_HUMAN,TGRM1_HUMAN
ITSN2_HUMAN,CO4B_HUMAN
ITSN2_HUMAN,L7RRS0_HUMAN
ITSN2_HUMAN,A0A087X0K9_HUMAN
ITSN2_HUMAN,G5E9E7_HUMAN
ITSN2_HUMAN,CASZ1_HUMAN
ITSN2_HUMAN,A0A0U1RR25_HUMAN
ITSN2_HUMAN,FRPD3_HUMAN
ITSN2_HUMAN,AKA12_HUMAN
ITSN2_HUMAN,A0A8I5QL06_HUMAN
ITSN2_HUMAN,BCORL_HUMAN
ITSN2_HUMAN,A0A8I5KW38_HUMAN
ITSN2_HUMAN,GCC2_HUMAN
ITSN2_HUMAN,ALK_HUMAN
ITSN2_HUMAN,Q5TIG5_HUMAN
ITSN2_HUMAN,F8VUX9_HUMAN
ITSN2_HUMAN,DLEC1_HUMAN
ITSN2_HUMAN,A2RUF7_HUMAN
ITSN2_HUMAN,A7E2E1_HUMAN
ITSN2_HUMAN,PLCH1_HUMAN
ITSN2_HUMAN,LY75_HUMAN
ITSN2_HUMAN,CO4A6_HUMAN
ITSN2_HUMAN,NHS_HUMAN
ITSN2_HUMAN,CE152_HUMAN
ITSN2_HUMAN,Q9HBD4_HUMAN
ITSN2_HUMAN,SPT6H_HUMAN
ITSN2_HUMAN,IF172_HUMAN
ITSN2_HUMAN,PHLP1_HUMAN
ITSN2_HUMAN,KIF1A_HUMAN
ITSN2_HUMAN,A0A8I5KVU2_HUMAN
IF4G1_HUMAN,HECW2_HUMAN
IF4G1_HUMAN,A0A1B0GTW6_HUMAN
IF4G1_HUMAN,A0A384MR42_HUMAN
IF4G1_HUMAN,Q5JSG7_HUMAN
IF4G1_HUMAN,MAST1_HUMAN
IF4G1_HUMAN,A0A6Q8PFM0_HUMAN
IF4G1_HUMAN,NRX3A_HUMAN
IF4G1_HUMAN,A0A6Q8PH04_HUMAN
IF4G1_HUMAN,A2A3C2_HUMAN
IF4G1_HUMAN,KDM5C_HUMAN
IF4G1_HUMAN,DISP1_HUMAN
IF4G1_HUMAN,A0A7P0TBE7_HUMAN
IF4G1_HUMAN,HECW1_HUMAN
IF4G1_HUMAN,A0A8I5KWA8_HUMAN
IF4G1_HUMAN,ABCA8_HUMAN
IF4G1_HUMAN,SAM9L_HUMAN
IF4G1_HUMAN,CE170_HUMAN
IF4G1_HUMAN,PLXC1_HUMAN
IF4G1_HUMAN,G8JLP4_HUMAN
IF4G1_HUMAN,A0A3B3IS40_HUMAN
IF4G1_HUMAN,A0A494C1A4_HUMAN
IF4G1_HUMAN,TULP4_HUMAN
IF4G1_HUMAN,E9PCX8_HUMAN
IF4G1_HUMAN,H0Y2V6_HUMAN
IF4G1_HUMAN,PAPP1_HUMAN
IF4G1_HUMAN,A0A804HJC4_HUMAN
IF4G1_HUMAN,DIP2B_HUMAN
IF4G1_HUMAN,A0A0A0MQR4_HUMAN
IF4G1_HUMAN,A0A7I2PJA1_HUMAN
IF4G1_HUMAN,C9JHU5_HUMAN
IF4G1_HUMAN,A0A087WZ85_HUMAN
IF4G1_HUMAN,A0A2R8Y7B1_HUMAN
IF4G1_HUMAN,DIP2A_HUMAN
IF4G1_HUMAN,A0A1B0GVK1_HUMAN
IF4G1_HUMAN,IQGA2_HUMAN
IF4G1_HUMAN,AGRB2_HUMAN
IF4G1_HUMAN,AGRB3_HUMAN
IF4G1_HUMAN,A0A2R8Y661_HUMAN
IF4G1_HUMAN,LAMC3_HUMAN
IF4G1_HUMAN,A0A0A0MRB5_HUMAN
IF4G1_HUMAN,PCF11_HUMAN
IF4G1_HUMAN,SAMD9_HUMAN
IF4G1_HUMAN,F5GWN5_HUMAN
IF4G1_HUMAN,A0A7I2V4X9_HUMAN
IF4G1_HUMAN,A0A7I2V4X1_HUMAN
IF4G1_HUMAN,SETBP_HUMAN
IF4G1_HUMAN,A0A2R8YGX0_HUMAN
IF4G1_HUMAN,NWD1_HUMAN
IF4G1_HUMAN,A0A0A0MSX4_HUMAN
IF4G1_HUMAN,MRP3_HUMAN
IF4G1_HUMAN,H9KV85_HUMAN
IF4G1_HUMAN,PREX2_HUMAN
IF4G1_HUMAN,A0A1B0GVX7_HUMAN
IF4G1_HUMAN,MTCL2_HUMAN
IF4G1_HUMAN,A0A8I5KVA2_HUMAN
IF4G1_HUMAN,RERE_HUMAN
IF4G1_HUMAN,ARHGC_HUMAN
IF4G1_HUMAN,SYNEM_HUMAN
IF4G1_HUMAN,ER6L2_HUMAN
IF4G1_HUMAN,SKI3_HUMAN
IF4G1_HUMAN,A0A8I5QJB7_HUMAN
IF4G1_HUMAN,COMA1_HUMAN
IF4G1_HUMAN,A0A0A6YYJ5_HUMAN
IF4G1_HUMAN,SLIT1_HUMAN
IF4G1_HUMAN,F8W0U9_HUMAN
IF4G1_HUMAN,ERIC3_HUMAN
IF4G1_HUMAN,A0A3B3IS53_HUMAN
IF4G1_HUMAN,GDE_HUMAN
IF4G1_HUMAN,K7EJJ5_HUMAN
IF4G1_HUMAN,DNMBP_HUMAN
IF4G1_HUMAN,A0A087WVQ6_HUMAN
IF4G1_HUMAN,LRRC7_HUMAN
IF4G1_HUMAN,IQGA3_HUMAN
IF4G1_HUMAN,URB2_HUMAN
IF4G1_HUMAN,A0A3B3ITI3_HUMAN
IF4G1_HUMAN,PKH4B_HUMAN
IF4G1_HUMAN,MADD_HUMAN
IF4G1_HUMAN,ARAP3_HUMAN
IF4G1_HUMAN,A0A7P0T8Y0_HUMAN
IF4G1_HUMAN,MRCKG_HUMAN
IF4G1_HUMAN,IQGA1_HUMAN
IF4G1_HUMAN,ARHGB_HUMAN
IF4G1_HUMAN,MRP2_HUMAN
IF4G1_HUMAN,CFA74_HUMAN
IF4G1_HUMAN,ZFY16_HUMAN
IF4G1_HUMAN,CO4A1_HUMAN
IF4G1_HUMAN,ASXL1_HUMAN
IF4G1_HUMAN,DNMT1_HUMAN
IF4G1_HUMAN,IF4G3_HUMAN
IF4G1_HUMAN,RHG07_HUMAN
IF4G1_HUMAN,TALD3_HUMAN
IF4G1_HUMAN,MYO3A_HUMAN
IF4G1_HUMAN,KDM5D_HUMAN
IF4G1_HUMAN,RBCC1_HUMAN
IF4G1_HUMAN,MRP1_HUMAN
IF4G1_HUMAN,T131L_HUMAN
IF4G1_HUMAN,THOC2_HUMAN
IF4G1_HUMAN,CAMP1_HUMAN
IF4G1_HUMAN,GLI3_HUMAN
IF4G1_HUMAN,CO3_HUMAN
XRN1_HUMAN,A0A804HLD4_HUMAN
XRN1_HUMAN,ITSN2_HUMAN
XRN1_HUMAN,H7C2V8_HUMAN
XRN1_HUMAN,DCDC1_HUMAN
XRN1_HUMAN,A0A804HI08_HUMAN
XRN1_HUMAN,H0Y9E9_HUMAN
XRN1_HUMAN,PAPP2_HUMAN
XRN1_HUMAN,F8WCU9_HUMAN
XRN1_HUMAN,LAMB1_HUMAN
XRN1_HUMAN,A0A8I5KY43_HUMAN
XRN1_HUMAN,COIA1_HUMAN
XRN1_HUMAN,ITSN1_HUMAN
XRN1_HUMAN,A8MQ02_HUMAN
XRN1_HUMAN,PRDM2_HUMAN
XRN1_HUMAN,A0A7I2YQ65_HUMAN
XRN1_HUMAN,COOA1_HUMAN
XRN1_HUMAN,A0A7I2V514_HUMAN
XRN1_HUMAN,MYOM1_HUMAN
XRN1_HUMAN,WDR90_HUMAN
XRN1_HUMAN,UBR2_HUMAN
XRN1_HUMAN,CUL7_HUMAN
XRN1_HUMAN,SI1L3_HUMAN
XRN1_HUMAN,CO5A3_HUMAN
XRN1_HUMAN,CHD1_HUMAN
XRN1_HUMAN,A0A7I2V2L5_HUMAN
XRN1_HUMAN,A0A8I5KX04_HUMAN
XRN1_HUMAN,BTBD8_HUMAN
XRN1_HUMAN,LTBP1_HUMAN
XRN1_HUMAN,SHPRH_HUMAN
XRN1_HUMAN,DDX60_HUMAN
XRN1_HUMAN,CO4A2_HUMAN
XRN1_HUMAN,TB182_HUMAN
XRN1_HUMAN,A0A3G9HN97_HUMAN
XRN1_HUMAN,H0Y2S9_HUMAN
XRN1_HUMAN,KI21A_HUMAN
XRN1_HUMAN,PEPL_HUMAN
XRN1_HUMAN,SCRIB_HUMAN
XRN1_HUMAN,CO4A5_HUMAN
XRN1_HUMAN,MRCKB_HUMAN
XRN1_HUMAN,WIZ_HUMAN
XRN1_HUMAN,NRX2A_HUMAN
XRN1_HUMAN,CLH1_HUMAN
XRN1_HUMAN,ROBO1_HUMAN
XRN1_HUMAN,COBA2_HUMAN
XRN1_HUMAN,CO4A4_HUMAN
XRN1_HUMAN,SET1A_HUMAN
XRN1_HUMAN,ARG28_HUMAN
XRN1_HUMAN,CLH2_HUMAN
XRN1_HUMAN,LTBP4_HUMAN
XRN1_HUMAN,CO4A3_HUMAN
XRN1_HUMAN,RICTR_HUMAN
XRN1_HUMAN,NEST_HUMAN
XRN1_HUMAN,KDM5A_HUMAN
XRN1_HUMAN,PEAK1_HUMAN
XRN1_HUMAN,LTN1_HUMAN
XRN1_HUMAN,PB1_HUMAN
XRN1_HUMAN,N4BP2_HUMAN
XRN1_HUMAN,TOP2B_HUMAN
XRN1_HUMAN,CO5_HUMAN
XRN1_HUMAN,MRCKA_HUMAN
XRN1_HUMAN,UN13A_HUMAN
XRN1_HUMAN,SMCA4_HUMAN
XRN1_HUMAN,ATS7_HUMAN
XRN1_HUMAN,ALS2_HUMAN
XRN1_HUMAN,RPA1_HUMAN
XRN1_HUMAN,BIG2_HUMAN
XRN1_HUMAN,ZO1_HUMAN
XRN1_HUMAN,TASOR_HUMAN
XRN1_HUMAN,UBR1_HUMAN
XRN1_HUMAN,RBBP6_HUMAN
XRN1_HUMAN,KIF14_HUMAN
XRN1_HUMAN,P3C2A_HUMAN
XRN1_HUMAN,PK1L3_HUMAN
XRN1_HUMAN,TUT4_HUMAN
XRN1_HUMAN,ABCA5_HUMAN
XRN1_HUMAN,RREB1_HUMAN
XRN1_HUMAN,BCOR_HUMAN
XRN1_HUMAN,FMN2_HUMAN
XRN1_HUMAN,PREX1_HUMAN
XRN1_HUMAN,SCNBA_HUMAN
XRN1_HUMAN,ABCA3_HUMAN
XRN1_HUMAN,TET3_HUMAN
XRN1_HUMAN,E2AK4_HUMAN
XRN1_HUMAN,RIMS1_HUMAN
XRN1_HUMAN,QRIC2_HUMAN
XRN1_HUMAN,TARB1_HUMAN
ABCA3_HUMAN,XRN1_HUMAN
P3C2B_HUMAN,A0A7I2Y1C3_HUMAN
P3C2B_HUMAN,B2RU06_HUMAN
P3C2B_HUMAN,FRPD1_HUMAN
P3C2B_HUMAN,SMCA2_HUMAN
P3C2B_HUMAN,B4DGF1_HUMAN
P3C2B_HUMAN,LRP6_HUMAN
P3C2B_HUMAN,COGA1_HUMAN
P3C2B_HUMAN,LAMC1_HUMAN
P3C2B_HUMAN,UN13B_HUMAN
P3C2B_HUMAN,B2RU10_HUMAN
P3C2B_HUMAN,E7EUU4_HUMAN
P3C2B_HUMAN,RPGF6_HUMAN
P3C2B_HUMAN,ARHG5_HUMAN
P3C2B_HUMAN,GLI2_HUMAN
P3C2B_HUMAN,BICRA_HUMAN
P3C2B_HUMAN,AHDC1_HUMAN
P3C2B_HUMAN,SYNJ1_HUMAN
P3C2B_HUMAN,TIAM1_HUMAN
P3C2B_HUMAN,TRPM1_HUMAN
P3C2B_HUMAN,UGGG1_HUMAN
P3C2B_HUMAN,ABCC8_HUMAN
P3C2B_HUMAN,AGRB1_HUMAN
P3C2B_HUMAN,IF4G1_HUMAN
P3C2B_HUMAN,M3K4_HUMAN
P3C2B_HUMAN,INO80_HUMAN
P3C2B_HUMAN,MED1_HUMAN
P3C2B_HUMAN,BAZ1A_HUMAN
P3C2B_HUMAN,LRP5_HUMAN
P3C2B_HUMAN,DEPD5_HUMAN
P3C2B_HUMAN,ADCYA_HUMAN
P3C2B_HUMAN,ATS12_HUMAN
P3C2B_HUMAN,UBP32_HUMAN
SDF1_HUMAN,H7C0G6_HUMAN
SDF1_HUMAN,A4D158_HUMAN
SDF1_HUMAN,A7L3B_HUMAN
SDF1_HUMAN,CX6A2_HUMAN
SDF1_HUMAN,SPNXA_HUMAN
SDF1_HUMAN,F5GXW5_HUMAN
SDF1_HUMAN,D6RA66_HUMAN
SDF1_HUMAN,PYY_HUMAN
SDF1_HUMAN,Q5NV64_HUMAN
SDF1_HUMAN,A6NJX6_HUMAN
SDF1_HUMAN,Q5NV90_HUMAN
SDF1_HUMAN,MCRI1_HUMAN
SDF1_HUMAN,Q5NV85_HUMAN
SDF1_HUMAN,DEF4_HUMAN
SDF1_HUMAN,O43832_HUMAN
SDF1_HUMAN,S10AC_HUMAN
SDF1_HUMAN,A0A087WZX2_HUMAN
SDF1_HUMAN,M0R1L8_HUMAN
SDF1_HUMAN,K7EQ45_HUMAN
SDF1_HUMAN,RL37_HUMAN
SDF1_HUMAN,LST1_HUMAN
SDF1_HUMAN,SMAGP_HUMAN
SDF1_HUMAN,CCL11_HUMAN
SDF1_HUMAN,SLUR2_HUMAN
SDF1_HUMAN,PYDC2_HUMAN
SDF1_HUMAN,CYTM1_HUMAN
SDF1_HUMAN,NPY_HUMAN
SDF1_HUMAN,NUPR2_HUMAN
SDF1_HUMAN,TIM8A_HUMAN
SDF1_HUMAN,S10AA_HUMAN
SETBP_HUMAN,A0A2R8YD63_HUMAN
SETBP_HUMAN,ABCC9_HUMAN
SETBP_HUMAN,A0A3B3IT25_HUMAN
SETBP_HUMAN,SLIT3_HUMAN
SETBP_HUMAN,A0A7P0TAK3_HUMAN
SETBP_HUMAN,DUOX1_HUMAN
SETBP_HUMAN,DUOX2_HUMAN
SETBP_HUMAN,WDR62_HUMAN
SETBP_HUMAN,TOPB1_HUMAN
SETBP_HUMAN,CLAP1_HUMAN
SETBP_HUMAN,ARH40_HUMAN
SETBP_HUMAN,TOP2A_HUMAN
SETBP_HUMAN,DOT1L_HUMAN
SETBP_HUMAN,NFAT5_HUMAN
SETBP_HUMAN,ZMYM4_HUMAN
SETBP_HUMAN,SLIT2_HUMAN
SETBP_HUMAN,KDM5B_HUMAN
ZO1_HUMAN,A0A8I5KRU7_HUMAN
ZO1_HUMAN,A0A2R8Y6C9_HUMAN
ZO1_HUMAN,COEA1_HUMAN
ZO1_HUMAN,A0A2R8YGD6_HUMAN
ZO1_HUMAN,A0A494C067_HUMAN
ZO1_HUMAN,H0YJG4_HUMAN
ZO1_HUMAN,MAST2_HUMAN
ZO1_HUMAN,LAMA4_HUMAN
ZO1_HUMAN,TENS1_HUMAN
ZO1_HUMAN,A0A2U3TZV9_HUMAN
ZO1_HUMAN,CTSRT_HUMAN
ZO1_HUMAN,A0A8I5KQ52_HUMAN
ZO1_HUMAN,INADL_HUMAN
ZO1_HUMAN,A0A804HJ20_HUMAN
ZO1_HUMAN,SHAN3_HUMAN
ZO1_HUMAN,FOCAD_HUMAN
ZO1_HUMAN,GCP6_HUMAN
ZO1_HUMAN,KI20B_HUMAN
ZO1_HUMAN,A0A140VKD0_HUMAN
ZO1_HUMAN,KI13B_HUMAN
ZO1_HUMAN,K1671_HUMAN
ZO1_HUMAN,A0A7I2YQM2_HUMAN
ZO1_HUMAN,J3KN01_HUMAN
ZO1_HUMAN,SPEF2_HUMAN
ZO1_HUMAN,LAMB2_HUMAN
ZO1_HUMAN,ITB4_HUMAN
ZO1_HUMAN,TNR6B_HUMAN
ZO1_HUMAN,VIR_HUMAN
ZO1_HUMAN,TSC2_HUMAN
ZO1_HUMAN,COBA1_HUMAN
ZO1_HUMAN,MTAP2_HUMAN
ZO1_HUMAN,CO5A1_HUMAN
ZO1_HUMAN,BRWD3_HUMAN
ZO1_HUMAN,NUP98_HUMAN
ZO1_HUMAN,SUIS_HUMAN
ZO1_HUMAN,SI1L1_HUMAN
ZO1_HUMAN,KI13A_HUMAN
ZO1_HUMAN,KIF1B_HUMAN
ZO1_HUMAN,AFAD_HUMAN
ZO1_HUMAN,SCN4A_HUMAN
ZO1_HUMAN,DOCK2_HUMAN
ZO1_HUMAN,ZSWM8_HUMAN
ZO1_HUMAN,ARID2_HUMAN
ZO1_HUMAN,PAR14_HUMAN
ZO1_HUMAN,LTBP2_HUMAN
ZO1_HUMAN,SLX4_HUMAN
ZO1_HUMAN,WNK3_HUMAN
ZO1_HUMAN,PLXB2_HUMAN
ZO1_HUMAN,TAF1L_HUMAN
ZO1_HUMAN,PHIP_HUMAN
LPH_HUMAN,A0A2R8Y4T1_HUMAN
LPH_HUMAN,A0A8J8YTQ8_HUMAN
LPH_HUMAN,ZN236_HUMAN
LPH_HUMAN,A0A8I5KU87_HUMAN
LPH_HUMAN,A0A8I5KXX8_HUMAN
LPH_HUMAN,A0A8I5KXN1_HUMAN
LPH_HUMAN,MYCPP_HUMAN
LPH_HUMAN,CFA44_HUMAN
LPH_HUMAN,PSME4_HUMAN
LPH_HUMAN,G3V1L9_HUMAN
LPH_HUMAN,A0A8I5KTP5_HUMAN
LPH_HUMAN,MYO16_HUMAN
LPH_HUMAN,Q2M1V9_HUMAN
LPH_HUMAN,MTMRD_HUMAN
LPH_HUMAN,GBF1_HUMAN
LPH_HUMAN,A0A8I5KXG0_HUMAN
LPH_HUMAN,KMT2E_HUMAN
LPH_HUMAN,A0A4W8VX11_HUMAN
LPH_HUMAN,A0A024R3Z1_HUMAN
LPH_HUMAN,CORA1_HUMAN
LPH_HUMAN,ATAD5_HUMAN
LPH_HUMAN,A0A7I2V452_HUMAN
LPH_HUMAN,DOCK1_HUMAN
LPH_HUMAN,BIG1_HUMAN
LPH_HUMAN,RIMB1_HUMAN
LPH_HUMAN,ECM29_HUMAN
LPH_HUMAN,MTMR5_HUMAN
LPH_HUMAN,RRP5_HUMAN
LPH_HUMAN,BTAF1_HUMAN
LPH_HUMAN,NLRC5_HUMAN
LPH_HUMAN,MYO5A_HUMAN
LPH_HUMAN,MYO5B_HUMAN
LPH_HUMAN,PCSK5_HUMAN
LPH_HUMAN,SHAN2_HUMAN
LPH_HUMAN,XIRP1_HUMAN
LPH_HUMAN,GRDN_HUMAN
LPH_HUMAN,TRPM7_HUMAN
LPH_HUMAN,DOCK5_HUMAN
LPH_HUMAN,BRCA1_HUMAN
DEF1_HUMAN,F8W8Z9_HUMAN
DEF1_HUMAN,H0YLX0_HUMAN
DEF1_HUMAN,E9PIJ6_HUMAN
DEF1_HUMAN,KRA32_HUMAN
DEF1_HUMAN,Q6FGG5_HUMAN
DEF1_HUMAN,G3V4X6_HUMAN
DEF1_HUMAN,H3BP82_HUMAN
DEF1_HUMAN,H3BT34_HUMAN
DEF1_HUMAN,M0R286_HUMAN
DEF1_HUMAN,KRA33_HUMAN
DEF1_HUMAN,Q15381_HUMAN
DEF1_HUMAN,H6UMI1_HUMAN
DEF1_HUMAN,Q5NV80_HUMAN
DEF1_HUMAN,Q5NV86_HUMAN
DEF1_HUMAN,Q5NV83_HUMAN
DEF1_HUMAN,NDUB3_HUMAN
DEF1_HUMAN,KRA31_HUMAN
DEF1_HUMAN,A0A087WXF1_HUMAN
DEF1_HUMAN,S10A2_HUMAN
DEF1_HUMAN,J3QRS7_HUMAN
DEF1_HUMAN,CYTB_HUMAN
DEF1_HUMAN,S10AD_HUMAN
DEF1_HUMAN,CCL19_HUMAN
DEF1_HUMAN,SCRG1_HUMAN
DEF1_HUMAN,SNPC5_HUMAN
DEF1_HUMAN,C9JU26_HUMAN
DEF1_HUMAN,CYTA_HUMAN
DEF1_HUMAN,Q76LA1_HUMAN
DEF1_HUMAN,PATE4_HUMAN
DEF1_HUMAN,CCL13_HUMAN
DEF1_HUMAN,NU4LM_HUMAN
DEF1_HUMAN,CXL10_HUMAN
INO80_HUMAN,A0A8I5KT00_HUMAN
INO80_HUMAN,A0A8J9FM07_HUMAN
INO80_HUMAN,A2A3C6_HUMAN
INO80_HUMAN,A2A3C3_HUMAN
INO80_HUMAN,H0YJ14_HUMAN
INO80_HUMAN,B4DSI9_HUMAN
INO80_HUMAN,A0A3B3ITE7_HUMAN
INO80_HUMAN,EFCB6_HUMAN
INO80_HUMAN,P3C2G_HUMAN
INO80_HUMAN,MRP7_HUMAN
INO80_HUMAN,TEX14_HUMAN
INO80_HUMAN,PZP_HUMAN
INO80_HUMAN,MAGI3_HUMAN
INO80_HUMAN,MRC2_HUMAN
INO80_HUMAN,A0A2R8YEQ5_HUMAN
INO80_HUMAN,TRPM2_HUMAN
INO80_HUMAN,A0A3B3ITA8_HUMAN
INO80_HUMAN,UGGG2_HUMAN
INO80_HUMAN,E9PGM1_HUMAN
INO80_HUMAN,RLGPB_HUMAN
INO80_HUMAN,RHG23_HUMAN
INO80_HUMAN,E7ETY2_HUMAN
INO80_HUMAN,CO2A1_HUMAN
INO80_HUMAN,U5GXS0_HUMAN
INO80_HUMAN,A0A075B6E9_HUMAN
INO80_HUMAN,A0A1B0GW10_HUMAN
INO80_HUMAN,A0A1B0GWJ2_HUMAN
INO80_HUMAN,A0A3B3ITJ7_HUMAN
INO80_HUMAN,A0A8J9GB59_HUMAN
INO80_HUMAN,F6VDE0_HUMAN
INO80_HUMAN,A0A8J8ZH50_HUMAN
INO80_HUMAN,PKHH2_HUMAN
INO80_HUMAN,MBD5_HUMAN
INO80_HUMAN,RUSC2_HUMAN
INO80_HUMAN,NEXMI_HUMAN
INO80_HUMAN,CUX1_HUMAN
INO80_HUMAN,G8JL96_HUMAN
INO80_HUMAN,BAZ1B_HUMAN
INO80_HUMAN,BCL9L_HUMAN
INO80_HUMAN,DEN4B_HUMAN
INO80_HUMAN,IQEC2_HUMAN
INO80_HUMAN,CNDD3_HUMAN
INO80_HUMAN,E7ERI8_HUMAN
INO80_HUMAN,MAGI1_HUMAN
INO80_HUMAN,A0A0R4J2G7_HUMAN
INO80_HUMAN,NISCH_HUMAN
INO80_HUMAN,TCOF_HUMAN
INO80_HUMAN,SYNJ2_HUMAN
INO80_HUMAN,A0A1D5RMU6_HUMAN
INO80_HUMAN,A0A804HJG7_HUMAN
INO80_HUMAN,E7EW49_HUMAN
INO80_HUMAN,GOGA3_HUMAN
INO80_HUMAN,GEMI5_HUMAN
INO80_HUMAN,MABP1_HUMAN
INO80_HUMAN,CECR2_HUMAN
INO80_HUMAN,RHG05_HUMAN
INO80_HUMAN,PXDN_HUMAN
INO80_HUMAN,SHRM4_HUMAN
INO80_HUMAN,M3K1_HUMAN
INO80_HUMAN,AT10A_HUMAN
INO80_HUMAN,AQR_HUMAN
INO80_HUMAN,MRP6_HUMAN
INO80_HUMAN,CDK13_HUMAN
INO80_HUMAN,CDK12_HUMAN
INO80_HUMAN,ATP7A_HUMAN
INO80_HUMAN,COHA1_HUMAN
INO80_HUMAN,DCAF1_HUMAN
INO80_HUMAN,CUX2_HUMAN
INO80_HUMAN,CPSM_HUMAN
INO80_HUMAN,RHG35_HUMAN
INO80_HUMAN,CO5A2_HUMAN
INO80_HUMAN,SYEP_HUMAN
INO80_HUMAN,CAMP2_HUMAN
INO80_HUMAN,TUT7_HUMAN
INO80_HUMAN,CFTR_HUMAN
INO80_HUMAN,LMTK2_HUMAN
INO80_HUMAN,RPGF2_HUMAN
INO80_HUMAN,NMDE2_HUMAN
INO80_HUMAN,ERCC6_HUMAN
DUOX1_HUMAN,A0A804HKJ9_HUMAN
DUOX1_HUMAN,NRX1A_HUMAN
DUOX1_HUMAN,E9PFH2_HUMAN
DUOX1_HUMAN,NU153_HUMAN
DUOX1_HUMAN,AGRL1_HUMAN
DUOX1_HUMAN,A2MG_HUMAN
DUOX1_HUMAN,GAPD1_HUMAN
DUOX1_HUMAN,CC88B_HUMAN
DUOX1_HUMAN,FYCO1_HUMAN
DUOX2_HUMAN,E9PGC5_HUMAN
DUOX2_HUMAN,A0A3B3ISE6_HUMAN
DUOX2_HUMAN,NLRP1_HUMAN
MRP2_HUMAN,A6NMQ1_HUMAN
MRP2_HUMAN,SNPC4_HUMAN
GDE_HUMAN,A2A3C1_HUMAN
GDE_HUMAN,A0A2X0SFF2_HUMAN
GDE_HUMAN,AGRL2_HUMAN
GDE_HUMAN,E7EVG2_HUMAN
GDE_HUMAN,PLB1_HUMAN
GDE_HUMAN,H3BNS0_HUMAN
GDE_HUMAN,CO3A1_HUMAN
GDE_HUMAN,G5EA03_HUMAN
GDE_HUMAN,E7EWN3_HUMAN
GDE_HUMAN,A0A087WZX0_HUMAN
GDE_HUMAN,RFX7_HUMAN
GDE_HUMAN,NKTR_HUMAN
GDE_HUMAN,PRAX_HUMAN
GDE_HUMAN,FGD5_HUMAN
GDE_HUMAN,CE164_HUMAN
GDE_HUMAN,ATD2B_HUMAN
GDE_HUMAN,Q5TG12_HUMAN
GDE_HUMAN,A0A8I5KWY9_HUMAN
GDE_HUMAN,NCOA2_HUMAN
GDE_HUMAN,RPRD2_HUMAN
GDE_HUMAN,A0A2R8Y852_HUMAN
GDE_HUMAN,NMDE1_HUMAN
GDE_HUMAN,MRC1_HUMAN
GDE_HUMAN,SCAFB_HUMAN
GDE_HUMAN,CO1A1_HUMAN
GDE_HUMAN,NEO1_HUMAN
GDE_HUMAN,IF140_HUMAN
GDE_HUMAN,DPOLA_HUMAN
GDE_HUMAN,BLT3B_HUMAN
GDE_HUMAN,AT10B_HUMAN
GDE_HUMAN,MYOM2_HUMAN
GDE_HUMAN,ATP7B_HUMAN
GDE_HUMAN,PLA2R_HUMAN
MRP1_HUMAN,MAGI2_HUMAN
MRP1_HUMAN,FANCA_HUMAN
MRP1_HUMAN,A0A2R8YGG3_HUMAN
RL37_HUMAN,A0A0C4DG38_HUMAN
RL37_HUMAN,C9IYB8_HUMAN
RL37_HUMAN,ACYP1_HUMAN
RL37_HUMAN,A0A7I2V5Y3_HUMAN
RL37_HUMAN,A0A2R8YDK3_HUMAN
RL37_HUMAN,Q5NV79_HUMAN
RL37_HUMAN,AT5L2_HUMAN
RL37_HUMAN,ACYP2_HUMAN
RL37_HUMAN,C9J1M3_HUMAN
RL37_HUMAN,CP141_HUMAN
RL37_HUMAN,PTMS_HUMAN
RL37_HUMAN,H0YB65_HUMAN
RL37_HUMAN,I3L4V0_HUMAN
RL37_HUMAN,C9J1E1_HUMAN
RL37_HUMAN,D6RHW1_HUMAN
RL37_HUMAN,E9PPW8_HUMAN
RL37_HUMAN,D6RGH7_HUMAN
RL37_HUMAN,E5RH69_HUMAN
RL37_HUMAN,Q06976_HUMAN
RL37_HUMAN,E9PQS5_HUMAN
RL37_HUMAN,H0Y9P8_HUMAN
RL37_HUMAN,E9PRI3_HUMAN
RL37_HUMAN,GAST_HUMAN
RL37_HUMAN,H3BPJ2_HUMAN
RL37_HUMAN,VAMP8_HUMAN
RL37_HUMAN,Q5NV84_HUMAN
RL37_HUMAN,TCAL7_HUMAN
RL37_HUMAN,KR251_HUMAN
RL37_HUMAN,H3BRY1_HUMAN
RL37_HUMAN,M0R110_HUMAN
RL37_HUMAN,LCE4A_HUMAN
RL37_HUMAN,VMA21_HUMAN
RL37_HUMAN,H7C608_HUMAN
RL37_HUMAN,Q2N1I1_HUMAN
RL37_HUMAN,M0QZY7_HUMAN
RL37_HUMAN,Q12832_HUMAN
RL37_HUMAN,Q9P1K2_HUMAN
RL37_HUMAN,Q5NV66_HUMAN
RL37_HUMAN,Q5NV65_HUMAN
RL37_HUMAN,Q5NV67_HUMAN
RL37_HUMAN,Q5NV69_HUMAN
RL37_HUMAN,E9PS08_HUMAN
RL37_HUMAN,RBIS_HUMAN
RL37_HUMAN,LSM3_HUMAN
RL37_HUMAN,HMGN3_HUMAN
RL37_HUMAN,Q5NV62_HUMAN
RL37_HUMAN,SIM14_HUMAN
RL37_HUMAN,Q5NV89_HUMAN
RL37_HUMAN,Q5NV81_HUMAN
RL37_HUMAN,URM1_HUMAN
RL37_HUMAN,Q5NV92_HUMAN
RL37_HUMAN,S10A4_HUMAN
RL37_HUMAN,S1A7A_HUMAN
RL37_HUMAN,D6RA83_HUMAN
RL37_HUMAN,K7EJL5_HUMAN
RL37_HUMAN,E9PLC5_HUMAN
RL37_HUMAN,X6RLK1_HUMAN
RL37_HUMAN,X6RGC9_HUMAN
RL37_HUMAN,Q9UMZ1_HUMAN
RL37_HUMAN,TM14A_HUMAN
RL37_HUMAN,S1A7B_HUMAN
RL37_HUMAN,D6RJH6_HUMAN
RL37_HUMAN,CRIPT_HUMAN
RL37_HUMAN,Q5TAQ0_HUMAN
RL37_HUMAN,TIP39_HUMAN
RL37_HUMAN,HMGN1_HUMAN
RL37_HUMAN,D6RED7_HUMAN
RL37_HUMAN,M0QZU5_HUMAN
RL37_HUMAN,D6R964_HUMAN
RL37_HUMAN,F8W1V5_HUMAN
RL37_HUMAN,SUMO1_HUMAN
RL37_HUMAN,E5RHX8_HUMAN
RL37_HUMAN,G3V5K8_HUMAN
RL37_HUMAN,DB127_HUMAN
RL37_HUMAN,C9J4U4_HUMAN
RL37_HUMAN,O43601_HUMAN
RL37_HUMAN,X6R9C8_HUMAN
RL37_HUMAN,B0QY54_HUMAN
RL37_HUMAN,S10A3_HUMAN
RL37_HUMAN,B0QYT5_HUMAN
RL37_HUMAN,OSTCN_HUMAN
RL37_HUMAN,PAGE4_HUMAN
RL37_HUMAN,MOST1_HUMAN
RL37_HUMAN,DEF6_HUMAN
RL37_HUMAN,GON7_HUMAN
RL37_HUMAN,APOA2_HUMAN
RL37_HUMAN,PRM2_HUMAN
RL37_HUMAN,DAP1_HUMAN
RL37_HUMAN,PEN2_HUMAN
RL37_HUMAN,CH10_HUMAN
RL37_HUMAN,NDUA2_HUMAN
RL37_HUMAN,DPY30_HUMAN
RL37_HUMAN,S100Z_HUMAN
RL37_HUMAN,KTDAP_HUMAN
RL37_HUMAN,DDA1_HUMAN
RL37_HUMAN,VAMP3_HUMAN
RL37_HUMAN,ENY2_HUMAN
RL37_HUMAN,APOC3_HUMAN
RL37_HUMAN,IL8_HUMAN
RL37_HUMAN,S10A7_HUMAN
MRP3_HUMAN,PTPRM_HUMAN
MRP3_HUMAN,C9JQE8_HUMAN
MRP3_HUMAN,CCD18_HUMAN
MRP3_HUMAN,LRRC9_HUMAN
MRP3_HUMAN,MED14_HUMAN
MRP3_HUMAN,H7C1M2_HUMAN
MRP3_HUMAN,A2ML1_HUMAN
MRP3_HUMAN,F8W108_HUMAN
MRP3_HUMAN,MLH3_HUMAN
MRP3_HUMAN,FACD2_HUMAN
HMGN1_HUMAN,C9JM58_HUMAN
HMGN1_HUMAN,C9JTN1_HUMAN
HMGN1_HUMAN,E7EWR8_HUMAN
HMGN1_HUMAN,H0YKT6_HUMAN
HMGN1_HUMAN,J3QSZ6_HUMAN
HMGN1_HUMAN,C9J618_HUMAN
HMGN1_HUMAN,E9PJF6_HUMAN
HMGN1_HUMAN,E9PLN1_HUMAN
HMGN1_HUMAN,E7EPI5_HUMAN
HMGN1_HUMAN,J3QQY2_HUMAN
HMGN1_HUMAN,F5GYK6_HUMAN
HMGN1_HUMAN,Q99473_HUMAN
HMGN1_HUMAN,E9PI24_HUMAN
HMGN1_HUMAN,A0A6Q8PHI8_HUMAN
HMGN1_HUMAN,MYCBP_HUMAN
HMGN1_HUMAN,H3BRE2_HUMAN
HMGN1_HUMAN,Q5NV68_HUMAN
HMGN1_HUMAN,I3L3B4_HUMAN
HMGN1_HUMAN,E9PI20_HUMAN
HMGN1_HUMAN,Q5NV61_HUMAN
HMGN1_HUMAN,SG3A1_HUMAN
HMGN1_HUMAN,PROK1_HUMAN
HMGN1_HUMAN,I27L1_HUMAN
HMGN1_HUMAN,K7ERU0_HUMAN
HMGN1_HUMAN,LTOR4_HUMAN
HMGN1_HUMAN,SUMO3_HUMAN
HMGN1_HUMAN,J3QL84_HUMAN
HMGN1_HUMAN,K7ENY2_HUMAN
HMGN1_HUMAN,KR171_HUMAN
HMGN1_HUMAN,K7EN19_HUMAN
HMGN1_HUMAN,PHS_HUMAN
HMGN1_HUMAN,Q53HY9_HUMAN
HMGN1_HUMAN,Q6IAE6_HUMAN
HMGN1_HUMAN,I3L3I8_HUMAN
HMGN1_HUMAN,A0A7I2V413_HUMAN
HMGN1_HUMAN,U3KQ07_HUMAN
HMGN1_HUMAN,H9ZYJ2_HUMAN
HMGN1_HUMAN,K7EJQ6_HUMAN
HMGN1_HUMAN,Q5NV82_HUMAN
HMGN1_HUMAN,MGP_HUMAN
HMGN1_HUMAN,E9PQA2_HUMAN
HMGN1_HUMAN,LSM7_HUMAN
HMGN1_HUMAN,K7ERH5_HUMAN
HMGN1_HUMAN,SLUR1_HUMAN
HMGN1_HUMAN,Q5NV87_HUMAN
HMGN1_HUMAN,F5H001_HUMAN
HMGN1_HUMAN,M0R2J2_HUMAN
HMGN1_HUMAN,S10AG_HUMAN
HMGN1_HUMAN,KCNE3_HUMAN
HMGN1_HUMAN,SG11B_HUMAN
HMGN1_HUMAN,E9PSF4_HUMAN
HMGN1_HUMAN,S10AB_HUMAN
HMGN1_HUMAN,SOSSC_HUMAN
HMGN1_HUMAN,E9PB93_HUMAN
HMGN1_HUMAN,ERH_HUMAN
HMGN1_HUMAN,THIO_HUMAN
HMGN1_HUMAN,CYC_HUMAN
HMGN1_HUMAN,H4_HUMAN
HMGN1_HUMAN,G0S2_HUMAN
HMGN1_HUMAN,REC6_HUMAN
HMGN1_HUMAN,KGD4_HUMAN
HMGN1_HUMAN,LBH_HUMAN
HMGN1_HUMAN,RM36_HUMAN
HMGN1_HUMAN,RL36_HUMAN
HMGN1_HUMAN,LYRM7_HUMAN
HMGN1_HUMAN,S35U4_HUMAN
HMGN1_HUMAN,APOC2_HUMAN
HMGN1_HUMAN,T10B_HUMAN
HMGN1_HUMAN,AKA7A_HUMAN
HMGN1_HUMAN,DNAL4_HUMAN
HMGN1_HUMAN,H3BPP0_HUMAN
HMGN1_HUMAN,CORT_HUMAN
HMGN1_HUMAN,TCTA_HUMAN
HMGN1_HUMAN,CCL8_HUMAN
HMGN1_HUMAN,CCL2_HUMAN
HMGN1_HUMAN,NDUB2_HUMAN
HMGN1_HUMAN,PLF4_HUMAN
HMGN1_HUMAN,RT63_HUMAN
HMGN1_HUMAN,CCL7_HUMAN
HMGN1_HUMAN,ATP5L_HUMAN
HMGN1_HUMAN,S10AE_HUMAN
HMGN1_HUMAN,SUMO5_HUMAN
CDK13_HUMAN,SETD5_HUMAN
CDK13_HUMAN,H3BLX4_HUMAN
CDK13_HUMAN,AKNA_HUMAN
CDK13_HUMAN,I3L4X2_HUMAN
CDK13_HUMAN,A0A8I5KTT1_HUMAN
CDK13_HUMAN,A0A7P0T9D9_HUMAN
CDK13_HUMAN,BLT3A_HUMAN
CDK13_HUMAN,RHG31_HUMAN
CDK13_HUMAN,AGRL3_HUMAN
CDK13_HUMAN,A0A087WU78_HUMAN
CDK13_HUMAN,TENS3_HUMAN
CDK13_HUMAN,CD109_HUMAN
CDK13_HUMAN,NSD3_HUMAN
CDK13_HUMAN,NCOA1_HUMAN
CDK13_HUMAN,A0A8I5KXH7_HUMAN
CDK13_HUMAN,PTPRG_HUMAN
CDK13_HUMAN,PDS5B_HUMAN
CDK13_HUMAN,A0A8I5KYW1_HUMAN
CDK13_HUMAN,RGS12_HUMAN
CDK13_HUMAN,CLIP1_HUMAN
CDK13_HUMAN,PTPRK_HUMAN
CDK13_HUMAN,PTPRT_HUMAN
CDK13_HUMAN,ARAP1_HUMAN
CDK13_HUMAN,MRP5_HUMAN
CDK13_HUMAN,CPSF1_HUMAN
CDK13_HUMAN,A6N6J7_HUMAN
CDK13_HUMAN,PTC1_HUMAN
CDK13_HUMAN,PTPRU_HUMAN
CDK13_HUMAN,DCC_HUMAN
CDK13_HUMAN,RSF1_HUMAN
CDK13_HUMAN,SHOC1_HUMAN
RL36A_HUMAN,C9JEN3_HUMAN
RL36A_HUMAN,CAR17_HUMAN
RL36A_HUMAN,F8VZ73_HUMAN
RL36A_HUMAN,B8ZZ80_HUMAN
RL36A_HUMAN,A0A1B0GXE7_HUMAN
RL36A_HUMAN,BORC7_HUMAN
RL36A_HUMAN,F8VUW5_HUMAN
RL36A_HUMAN,A0A087WVZ0_HUMAN
RL36A_HUMAN,A0A8I5KXB1_HUMAN
RL36A_HUMAN,HIG2A_HUMAN
RL36A_HUMAN,A8MVF3_HUMAN
RL36A_HUMAN,C9JBC5_HUMAN
RL36A_HUMAN,C9JP35_HUMAN
RL36A_HUMAN,A0A8I5KNZ0_HUMAN
RL36A_HUMAN,C5H3H2_HUMAN
RL36A_HUMAN,C9IYT2_HUMAN
RL36A_HUMAN,A8MZH8_HUMAN
RL36A_HUMAN,COX16_HUMAN
RL36A_HUMAN,K7ENE3_HUMAN
RL36A_HUMAN,D6RAQ8_HUMAN
RL36A_HUMAN,E9PIP9_HUMAN
RL36A_HUMAN,D6RDG3_HUMAN
RL36A_HUMAN,F5GWT5_HUMAN
RL36A_HUMAN,E9PIG6_HUMAN
RL36A_HUMAN,F6WST4_HUMAN
RL36A_HUMAN,SPRR5_HUMAN
RL36A_HUMAN,Q14962_HUMAN
RL36A_HUMAN,F5GZR7_HUMAN
RL36A_HUMAN,LCE1A_HUMAN
RL36A_HUMAN,H0Y4B8_HUMAN
RL36A_HUMAN,H0YKD0_HUMAN
RL36A_HUMAN,F8VUW9_HUMAN
RL36A_HUMAN,F8VV39_HUMAN
RL36A_HUMAN,J3QSB9_HUMAN
RL36A_HUMAN,H3BPG0_HUMAN
RL36A_HUMAN,H3BNK3_HUMAN
RL36A_HUMAN,LCE2B_HUMAN
RL36A_HUMAN,M0R307_HUMAN
RL36A_HUMAN,H0YMP1_HUMAN
RL36A_HUMAN,I3L3T1_HUMAN
RL36A_HUMAN,H3BQ76_HUMAN
RL36A_HUMAN,Q5VWT9_HUMAN
RL36A_HUMAN,KRA63_HUMAN
RL36A_HUMAN,C9JZ87_HUMAN
RL36A_HUMAN,H3BQX4_HUMAN
RL36A_HUMAN,H6SG15_HUMAN
RL36A_HUMAN,H7C2L4_HUMAN
RL36A_HUMAN,IGFL1_HUMAN
RL36A_HUMAN,J3KRR6_HUMAN
RL36A_HUMAN,G3V4P4_HUMAN
RL36A_HUMAN,K7EL56_HUMAN
RL36A_HUMAN,LCE2C_HUMAN
RL36A_HUMAN,K7ES27_HUMAN
RL36A_HUMAN,O75703_HUMAN
RL36A_HUMAN,B8ZZQ6_HUMAN
RL36A_HUMAN,M0QZD0_HUMAN
RL36A_HUMAN,RETNB_HUMAN
RL36A_HUMAN,Q15299_HUMAN
RL36A_HUMAN,Q6IB54_HUMAN
RL36A_HUMAN,IGKC_HUMAN
RL36A_HUMAN,RPRM_HUMAN
RL36A_HUMAN,TAL2_HUMAN
RL36A_HUMAN,SRTM1_HUMAN
RL36A_HUMAN,TM233_HUMAN
RL36A_HUMAN,ASTER_HUMAN
RL36A_HUMAN,RT33_HUMAN
RL36A_HUMAN,D6RA25_HUMAN
RL36A_HUMAN,DCD_HUMAN
RL36A_HUMAN,B1AKZ5_HUMAN
RL36A_HUMAN,PTMA_HUMAN
RL36A_HUMAN,U3KQ41_HUMAN
RL36A_HUMAN,A0A0A0MTE5_HUMAN
RL36A_HUMAN,E5RH67_HUMAN
RL36A_HUMAN,I3L269_HUMAN
RL36A_HUMAN,RPC10_HUMAN
RL36A_HUMAN,C9JUJ0_HUMAN
RL36A_HUMAN,Q53S24_HUMAN
RL36A_HUMAN,CXCL3_HUMAN
RL36A_HUMAN,K7ESG8_HUMAN
RL36A_HUMAN,J3KTC0_HUMAN
RL36A_HUMAN,MPC1_HUMAN
RL36A_HUMAN,Q6FGD7_HUMAN
RL36A_HUMAN,J3QQM5_HUMAN
RL36A_HUMAN,I3L200_HUMAN
RL36A_HUMAN,S4R3J7_HUMAN
RL36A_HUMAN,H3BN92_HUMAN
RL36A_HUMAN,IGLC1_HUMAN
RL36A_HUMAN,H3BRW3_HUMAN
RL36A_HUMAN,IGLC7_HUMAN
RL36A_HUMAN,IGLC6_HUMAN
RL36A_HUMAN,IGLC2_HUMAN
RL36A_HUMAN,RETN_HUMAN
RL36A_HUMAN,C9J196_HUMAN
RL36A_HUMAN,IGLC3_HUMAN
RL36A_HUMAN,A0A0B4J286_HUMAN
RL36A_HUMAN,E9PNR1_HUMAN
RL36A_HUMAN,K7ES67_HUMAN
RL36A_HUMAN,H0YM52_HUMAN
RL36A_HUMAN,SH3L2_HUMAN
RL36A_HUMAN,B1AH87_HUMAN
HMGA1_HUMAN,GROA_HUMAN
HMGA1_HUMAN,A0A087X126_HUMAN
HMGA1_HUMAN,H0YMR0_HUMAN
HMGA1_HUMAN,COL_HUMAN
HMGA1_HUMAN,D6RJD2_HUMAN
HMGA1_HUMAN,J3QLQ5_HUMAN
HMGA1_HUMAN,GUC2B_HUMAN
HMGA1_HUMAN,CNFN_HUMAN
HMGA1_HUMAN,KR124_HUMAN
HMGA1_HUMAN,H0Y5B4_HUMAN
HMGA1_HUMAN,F8VRZ4_HUMAN
HMGA1_HUMAN,E9PHX9_HUMAN
HMGA1_HUMAN,TBCA_HUMAN
HMGA1_HUMAN,K7EIY0_HUMAN
HMGA1_HUMAN,K7ELG5_HUMAN
HMGA1_HUMAN,LV319_HUMAN
HMGA1_HUMAN,LV325_HUMAN
HMGA1_HUMAN,C9JYW5_HUMAN
HMGA1_HUMAN,A0A0D9SF23_HUMAN
HMGA1_HUMAN,IMUP_HUMAN
HMGA1_HUMAN,EMC6_HUMAN
HMGA1_HUMAN,APC16_HUMAN
HMGA1_HUMAN,A0A7P0TA40_HUMAN
HMGA1_HUMAN,H0YKE2_HUMAN
HMGA1_HUMAN,M0R0T8_HUMAN
HMGA1_HUMAN,INS_HUMAN
HMGA1_HUMAN,ARMS2_HUMAN
HMGA1_HUMAN,M0QZ79_HUMAN
HMGA1_HUMAN,QCR7_HUMAN
HMGA1_HUMAN,A0A087WV05_HUMAN
HMGA1_HUMAN,TVA27_HUMAN
HMGA1_HUMAN,E9PLL6_HUMAN
HMGA1_HUMAN,F8VWV4_HUMAN
HMGA1_HUMAN,RL36L_HUMAN
HMGA1_HUMAN,UCN2_HUMAN
HMGA1_HUMAN,VCY2_HUMAN
HMGA1_HUMAN,FA32A_HUMAN
HMGA1_HUMAN,D6RCM7_HUMAN
HMGA1_HUMAN,BEX3_HUMAN
HMGA1_HUMAN,A0A1W2PRD0_HUMAN
HMGA1_HUMAN,D6RCE5_HUMAN
HMGA1_HUMAN,H7C295_HUMAN
HMGA1_HUMAN,SERF1_HUMAN
HMGA1_HUMAN,CX6A1_HUMAN
HMGA1_HUMAN,H0YKD5_HUMAN
HMGA1_HUMAN,C9J8V6_HUMAN
HMGA1_HUMAN,BOLA3_HUMAN
HMGA1_HUMAN,NDUV3_HUMAN
HMGA1_HUMAN,CXL14_HUMAN
HMGA1_HUMAN,BLID_HUMAN
HMGA1_HUMAN,RL36A_HUMAN
HMGA1_HUMAN,TCIM_HUMAN
HMGA1_HUMAN,CXCL2_HUMAN
HMGA1_HUMAN,DPOD4_HUMAN
HMGA1_HUMAN,RL35A_HUMAN
HMGA1_HUMAN,CCL27_HUMAN
HMGA1_HUMAN,GLRX1_HUMAN
HMGA1_HUMAN,PHF5A_HUMAN
HMGA1_HUMAN,DB126_HUMAN
HMGA1_HUMAN,C9J5U3_HUMAN
HMGA1_HUMAN,CXL13_HUMAN
HMGA1_HUMAN,COXM1_HUMAN
HMGA1_HUMAN,CISD1_HUMAN
HMGA1_HUMAN,PAF15_HUMAN
HMGA1_HUMAN,ATIF1_HUMAN
HMGA1_HUMAN,NCYM_HUMAN
HMGA1_HUMAN,NDUS5_HUMAN
HMGA1_HUMAN,T2AG_HUMAN
HMGA1_HUMAN,SDHF4_HUMAN
HMGA1_HUMAN,MTCP1_HUMAN
HMGA1_HUMAN,FKB1A_HUMAN
HMGA1_HUMAN,COA3_HUMAN
HMGA1_HUMAN,FKB1B_HUMAN
HMGA1_HUMAN,ARP19_HUMAN
HMGA1_HUMAN,SLIRP_HUMAN
HMGA1_HUMAN,RM53_HUMAN
HMGA1_HUMAN,BET1L_HUMAN
HMGA1_HUMAN,HMGA2_HUMAN
HMGA1_HUMAN,EMRE_HUMAN
HMGA1_HUMAN,ELOC_HUMAN
HMGA1_HUMAN,SLIB_HUMAN
HMGA1_HUMAN,RBX1_HUMAN
HMGA1_HUMAN,ATP5J_HUMAN
MRP7_HUMAN,A0A087WTD7_HUMAN
MRP7_HUMAN,CSKI1_HUMAN
MRP7_HUMAN,A0A804HKI2_HUMAN
MRP7_HUMAN,NPHP4_HUMAN
MRP7_HUMAN,B3VK56_HUMAN
MRP7_HUMAN,ANR50_HUMAN
MRP7_HUMAN,E7EX73_HUMAN
MRP7_HUMAN,A0A8I5KXV0_HUMAN
MRP7_HUMAN,ATRN_HUMAN
MRP7_HUMAN,YETS2_HUMAN
MRP7_HUMAN,E7EWD6_HUMAN
MRP7_HUMAN,A8MYJ1_HUMAN
MRP7_HUMAN,A0A7P0T9T4_HUMAN
MRP7_HUMAN,TPPC8_HUMAN
MRP7_HUMAN,VPS8_HUMAN
MRP7_HUMAN,VIP1_HUMAN
MRP7_HUMAN,NPAT_HUMAN
MRP7_HUMAN,EST1A_HUMAN
MRP7_HUMAN,B7WPL9_HUMAN
MRP7_HUMAN,AT10D_HUMAN
MRP7_HUMAN,NU160_HUMAN
MRP7_HUMAN,ZFYV9_HUMAN
MRP7_HUMAN,BCL9_HUMAN
MRP7_HUMAN,RIC1_HUMAN
MRP7_HUMAN,ATS13_HUMAN
MRP7_HUMAN,NCOA3_HUMAN
MRP7_HUMAN,TROP_HUMAN
MRP7_HUMAN,ASXL2_HUMAN
MRP7_HUMAN,YTDC2_HUMAN
MRP7_HUMAN,NOS1_HUMAN
MRP7_HUMAN,WRN_HUMAN
MRP7_HUMAN,CARL2_HUMAN
MRP7_HUMAN,DAPK1_HUMAN
MRP7_HUMAN,SSH2_HUMAN
CDK12_HUMAN,PLCH2_HUMAN
CDK12_HUMAN,B7ZLR4_HUMAN
CDK12_HUMAN,UACA_HUMAN
CDK12_HUMAN,BLM_HUMAN
P3C2G_HUMAN,FHAD1_HUMAN
P3C2G_HUMAN,A0A6Q8PFY3_HUMAN
P3C2G_HUMAN,SNED1_HUMAN
P3C2G_HUMAN,MIA2_HUMAN
P3C2G_HUMAN,F8W9S7_HUMAN
P3C2G_HUMAN,ERBIN_HUMAN
CFTR_HUMAN,RIMS2_HUMAN
CFTR_HUMAN,TCPR2_HUMAN
CFTR_HUMAN,F8W9A8_HUMAN
CFTR_HUMAN,RRBP1_HUMAN
CFTR_HUMAN,ZN609_HUMAN
CFTR_HUMAN,TENS2_HUMAN
CFTR_HUMAN,EEA1_HUMAN
CFTR_HUMAN,POGZ_HUMAN
RBX1_HUMAN,H0YC46_HUMAN
RBX1_HUMAN,FMC1_HUMAN
RBX1_HUMAN,A0A0A0MTT8_HUMAN
RBX1_HUMAN,DAD1_HUMAN
RBX1_HUMAN,PATE2_HUMAN
RBX1_HUMAN,K7EP01_HUMAN
RBX1_HUMAN,CD046_HUMAN
RBX1_HUMAN,TVA84_HUMAN
RBX1_HUMAN,K7EJV7_HUMAN
RBX1_HUMAN,HMGA1_HUMAN
RBX1_HUMAN,LV223_HUMAN
RBX1_HUMAN,D6RHV4_HUMAN
RBX1_HUMAN,NDUA7_HUMAN
RBX1_HUMAN,LV327_HUMAN
RBX1_HUMAN,E9PLI6_HUMAN
RBX1_HUMAN,F5H785_HUMAN
RBX1_HUMAN,CCL15_HUMAN
RBX1_HUMAN,TYOBP_HUMAN
RBX1_HUMAN,V9GYI2_HUMAN
RBX1_HUMAN,NPFF_HUMAN
RBX1_HUMAN,E9PLX7_HUMAN
RBX1_HUMAN,TKN4_HUMAN
RBX1_HUMAN,DYLT1_HUMAN
RBX1_HUMAN,RBX2_HUMAN
RBX1_HUMAN,EIF1_HUMAN
RBX1_HUMAN,PYDC5_HUMAN
NU153_HUMAN,CNTLN_HUMAN
NU153_HUMAN,A0A804HIN4_HUMAN
NU153_HUMAN,PRAG1_HUMAN
NU153_HUMAN,A0A7P0Z436_HUMAN
NU153_HUMAN,UBP6_HUMAN
NU153_HUMAN,CE162_HUMAN
NU153_HUMAN,A0A087WW76_HUMAN
NU153_HUMAN,CRUM1_HUMAN
NU153_HUMAN,BIRC1_HUMAN
A2MG_HUMAN,DISP2_HUMAN
A2MG_HUMAN,H0YNH8_HUMAN
A2MG_HUMAN,EDC4_HUMAN
A2MG_HUMAN,CND1_HUMAN
A2MG_HUMAN,KDM6A_HUMAN
NLRP1_HUMAN,A0A804HLG8_HUMAN
NLRP1_HUMAN,E7EVG6_HUMAN
NLRP1_HUMAN,SCAPE_HUMAN
NLRP1_HUMAN,F5H748_HUMAN
NLRP1_HUMAN,RON_HUMAN
PLB1_HUMAN,A0A3B3IT82_HUMAN
PLB1_HUMAN,A0A804HKJ0_HUMAN
PLB1_HUMAN,A0A804HK30_HUMAN
PLB1_HUMAN,Q5YLB2_HUMAN
PLB1_HUMAN,A0A2P9DU05_HUMAN
PLB1_HUMAN,A0A669KB88_HUMAN
PLB1_HUMAN,A0A804HL40_HUMAN
PLB1_HUMAN,NU155_HUMAN
PLB1_HUMAN,CCNB3_HUMAN
PLB1_HUMAN,PKHG2_HUMAN
PLB1_HUMAN,GASP1_HUMAN
PLB1_HUMAN,DISP3_HUMAN
PLB1_HUMAN,E7EPS8_HUMAN
PLB1_HUMAN,E5KNY5_HUMAN
PLB1_HUMAN,LPPRC_HUMAN
PLB1_HUMAN,E9PEW5_HUMAN
PLB1_HUMAN,A0A8I5KYQ0_HUMAN
PLB1_HUMAN,ATAD2_HUMAN
PLB1_HUMAN,ROCK2_HUMAN
PLB1_HUMAN,COFA1_HUMAN
PLB1_HUMAN,RPC1_HUMAN
PLB1_HUMAN,MET_HUMAN
PLB1_HUMAN,KIF15_HUMAN
PLB1_HUMAN,RBGPR_HUMAN
FANCA_HUMAN,Q5JYA6_HUMAN
FANCA_HUMAN,PKHG1_HUMAN
FANCA_HUMAN,CEIP2_HUMAN
FANCA_HUMAN,CNTP1_HUMAN
FANCA_HUMAN,PALLD_HUMAN
TENS2_HUMAN,A0A8I5QJC9_HUMAN
TENS2_HUMAN,A0A6Q8PHC9_HUMAN
TENS2_HUMAN,A0A804HIG4_HUMAN
TENS2_HUMAN,A0A804HKR3_HUMAN
TENS2_HUMAN,A0A804HJZ1_HUMAN
TENS2_HUMAN,CAPS1_HUMAN
TENS2_HUMAN,A0A0A0MT33_HUMAN
TENS2_HUMAN,A0A804HI14_HUMAN
TENS2_HUMAN,A0A6Q8PHN3_HUMAN
TENS2_HUMAN,A0A8J9BYE6_HUMAN
TENS2_HUMAN,AN36B_HUMAN
TENS2_HUMAN,MRP9_HUMAN
TENS2_HUMAN,B7ZLY3_HUMAN
TENS2_HUMAN,G3V599_HUMAN
TENS2_HUMAN,UBN2_HUMAN
TENS2_HUMAN,CBPD_HUMAN
TENS2_HUMAN,TENR_HUMAN
TENS2_HUMAN,A0A7I2V2E0_HUMAN
TENS2_HUMAN,A6NHB5_HUMAN
TENS2_HUMAN,PHLB1_HUMAN
TENS2_HUMAN,TMM94_HUMAN
TENS2_HUMAN,E7ET55_HUMAN
TENS2_HUMAN,SYGP1_HUMAN
TENS2_HUMAN,TRI66_HUMAN
TENS2_HUMAN,ARHGI_HUMAN
TENS2_HUMAN,UTY_HUMAN
TENS2_HUMAN,A0A6M4C8G8_HUMAN
TENS2_HUMAN,UBP31_HUMAN
TENS2_HUMAN,A0A8I5KRK1_HUMAN
TENS2_HUMAN,A0A3B3IS06_HUMAN
TENS2_HUMAN,A0A7P0TBM9_HUMAN
TENS2_HUMAN,A0A8I5KRP1_HUMAN
TENS2_HUMAN,A0A804HIM1_HUMAN
TENS2_HUMAN,A0A1B0GV63_HUMAN
TENS2_HUMAN,A0A8I5KY07_HUMAN
TENS2_HUMAN,CARL3_HUMAN
TENS2_HUMAN,NINL_HUMAN
TENS2_HUMAN,KIF7_HUMAN
TENS2_HUMAN,A0A384DVU0_HUMAN
TENS2_HUMAN,WAC2A_HUMAN
TENS2_HUMAN,A0A494C1A5_HUMAN
TENS2_HUMAN,NSD2_HUMAN
TENS2_HUMAN,DHX29_HUMAN
TENS2_HUMAN,A0A0J9YXN7_HUMAN
TENS2_HUMAN,H0Y326_HUMAN
TENS2_HUMAN,AGRF5_HUMAN
TENS2_HUMAN,PLIN4_HUMAN
TENS2_HUMAN,NID2_HUMAN
TENS2_HUMAN,A0A096LNL9_HUMAN
TENS2_HUMAN,RNC_HUMAN
TENS2_HUMAN,A0A2R8YDI1_HUMAN
TENS2_HUMAN,ZMYM2_HUMAN
TENS2_HUMAN,ROBO2_HUMAN
TENS2_HUMAN,H3BMS5_HUMAN
TENS2_HUMAN,ASTN2_HUMAN
TENS2_HUMAN,TDRD9_HUMAN
TENS2_HUMAN,C9J5X1_HUMAN
TENS2_HUMAN,MTUS2_HUMAN
TENS2_HUMAN,NPCL1_HUMAN
TENS2_HUMAN,NFASC_HUMAN
TENS2_HUMAN,EIF3A_HUMAN
TENS2_HUMAN,MRP8_HUMAN
TENS2_HUMAN,JCAD_HUMAN
TENS2_HUMAN,CEMIP_HUMAN
TENS2_HUMAN,PC11Y_HUMAN
TENS2_HUMAN,PLPL6_HUMAN
TENS2_HUMAN,H0YA04_HUMAN
TENS2_HUMAN,A0A8C8KBU6_HUMAN
TENS2_HUMAN,ADCY9_HUMAN
TENS2_HUMAN,TONSL_HUMAN
TENS2_HUMAN,MSH6_HUMAN
TENS2_HUMAN,MED23_HUMAN
TENS2_HUMAN,WAC2C_HUMAN
TENS2_HUMAN,ERBB3_HUMAN
TENS2_HUMAN,PARD3_HUMAN
TENS2_HUMAN,KTN1_HUMAN
TENS2_HUMAN,KIF24_HUMAN
TENS2_HUMAN,IGF1R_HUMAN
TENS2_HUMAN,PI3R4_HUMAN
TENS2_HUMAN,ZMYM3_HUMAN
TENS2_HUMAN,CO1A2_HUMAN
TENS2_HUMAN,M3K5_HUMAN
TENS2_HUMAN,ZN335_HUMAN
TENS2_HUMAN,INSR_HUMAN
TENS2_HUMAN,BRD4_HUMAN
TENS2_HUMAN,WDR19_HUMAN
TENS2_HUMAN,ROCK1_HUMAN
TENS2_HUMAN,ACINU_HUMAN
TENS2_HUMAN,CLSPN_HUMAN
TENS2_HUMAN,IBTK_HUMAN
TENS2_HUMAN,TNIK_HUMAN
TENS2_HUMAN,HEG1_HUMAN
TENS2_HUMAN,VGFR2_HUMAN
TENS2_HUMAN,UBP47_HUMAN
TENS2_HUMAN,ARHGA_HUMAN
TENS2_HUMAN,KANK1_HUMAN
TENS2_HUMAN,CARL1_HUMAN
TENS2_HUMAN,VGFR3_HUMAN
TENS2_HUMAN,PITM2_HUMAN
TENS2_HUMAN,SBNO2_HUMAN
RL35A_HUMAN,C9JJ68_HUMAN
RL35A_HUMAN,D6RID6_HUMAN
RL35A_HUMAN,E9PLA7_HUMAN
RL35A_HUMAN,C9JJM3_HUMAN
RL35A_HUMAN,C9JW94_HUMAN
RL35A_HUMAN,F8VXV5_HUMAN
RL35A_HUMAN,E9PR53_HUMAN
RL35A_HUMAN,MOTI_HUMAN
RL35A_HUMAN,H3BM64_HUMAN
RL35A_HUMAN,Q5T3N0_HUMAN
RL35A_HUMAN,NRG4_HUMAN
RL35A_HUMAN,E9PRF7_HUMAN
RL35A_HUMAN,Q4VXN7_HUMAN
RL35A_HUMAN,E5RGP4_HUMAN
RL35A_HUMAN,GUC2A_HUMAN
RL35A_HUMAN,Q5SVM7_HUMAN
RL35A_HUMAN,H3BRX2_HUMAN
RL35A_HUMAN,H3BMT0_HUMAN
RL35A_HUMAN,KV502_HUMAN
RL35A_HUMAN,Q6FGA0_HUMAN
RL35A_HUMAN,MIEN1_HUMAN
RL35A_HUMAN,K7EJW4_HUMAN
RL35A_HUMAN,H0YMA4_HUMAN
RL35A_HUMAN,E9PQZ7_HUMAN
RL35A_HUMAN,V9HW48_HUMAN
RL35A_HUMAN,E5RFP4_HUMAN
RL35A_HUMAN,KV311_HUMAN
RL35A_HUMAN,KV315_HUMAN
RL35A_HUMAN,X6R6Z1_HUMAN
RL35A_HUMAN,TVB19_HUMAN
RL35A_HUMAN,I4AY87_HUMAN
RL35A_HUMAN,C9J5T5_HUMAN
RL35A_HUMAN,NRARP_HUMAN
RL35A_HUMAN,C9JLV6_HUMAN
RL35A_HUMAN,LV301_HUMAN
RL35A_HUMAN,C9JRV0_HUMAN
RL35A_HUMAN,TSTD1_HUMAN
RL35A_HUMAN,LCE1D_HUMAN
RL35A_HUMAN,E9PS76_HUMAN
RL35A_HUMAN,H3BP09_HUMAN
RL35A_HUMAN,F5GZ41_HUMAN
RL35A_HUMAN,PSCA_HUMAN
RL35A_HUMAN,SDHF1_HUMAN
RL35A_HUMAN,Q14899_HUMAN
RL35A_HUMAN,MSMB_HUMAN
RL35A_HUMAN,CDKA1_HUMAN
RL35A_HUMAN,PTHY_HUMAN
RL35A_HUMAN,TCL1A_HUMAN
RL35A_HUMAN,PREY_HUMAN
RL35A_HUMAN,CXCL5_HUMAN
RL35A_HUMAN,PLAC8_HUMAN
RL35A_HUMAN,TIAF1_HUMAN
RL35A_HUMAN,RLA2_HUMAN
RL35A_HUMAN,CCKN_HUMAN
RL35A_HUMAN,CO72L_HUMAN
RL35A_HUMAN,RS26_HUMAN
RL35A_HUMAN,RLA1_HUMAN
RL35A_HUMAN,XCL2_HUMAN
RL35A_HUMAN,RL30_HUMAN
RL35A_HUMAN,MIF_HUMAN
RL35A_HUMAN,H2AB1_HUMAN
RL35A_HUMAN,CXCL6_HUMAN
RL35A_HUMAN,SH3L1_HUMAN
RL35A_HUMAN,NU3M_HUMAN
RL35A_HUMAN,TM14B_HUMAN
RL35A_HUMAN,XCL1_HUMAN
RL35A_HUMAN,H2AB2_HUMAN
RL35A_HUMAN,S10A9_HUMAN
EIF3A_HUMAN,E7EPI0_HUMAN
EIF3A_HUMAN,A0A8J9ASZ5_HUMAN
EIF3A_HUMAN,NEDD4_HUMAN
EIF3A_HUMAN,A0A140VJW1_HUMAN
EIF3A_HUMAN,ABCBB_HUMAN
EIF3A_HUMAN,AGRA3_HUMAN
EIF3A_HUMAN,E9PF10_HUMAN
EIF3A_HUMAN,EMSY_HUMAN
EIF3A_HUMAN,M3K15_HUMAN
EIF3A_HUMAN,A0A6Q8PFH9_HUMAN
EIF3A_HUMAN,UBP42_HUMAN
EIF3A_HUMAN,A0A6Q8PGF4_HUMAN
EIF3A_HUMAN,FANCI_HUMAN
EIF3A_HUMAN,NCAN_HUMAN
EIF3A_HUMAN,SOS2_HUMAN
EIF3A_HUMAN,I1E4Y6_HUMAN
EIF3A_HUMAN,A0A804HJ77_HUMAN
EIF3A_HUMAN,PUR4_HUMAN
EIF3A_HUMAN,G1UI16_HUMAN
EIF3A_HUMAN,SCND3_HUMAN
EIF3A_HUMAN,MYPN_HUMAN
EIF3A_HUMAN,NPHP3_HUMAN
EIF3A_HUMAN,ELP1_HUMAN
EIF3A_HUMAN,NCK5L_HUMAN
EIF3A_HUMAN,FTM_HUMAN
EIF3A_HUMAN,WDR33_HUMAN
EIF3A_HUMAN,AGRA2_HUMAN
EIF3A_HUMAN,A0A1B0GTL5_HUMAN
EIF3A_HUMAN,PDS5A_HUMAN
EIF3A_HUMAN,NMDE4_HUMAN
EIF3A_HUMAN,SIK3_HUMAN
EIF3A_HUMAN,PTPRJ_HUMAN
EIF3A_HUMAN,ATX2_HUMAN
EIF3A_HUMAN,L7RSL3_HUMAN
EIF3A_HUMAN,MRP4_HUMAN
EIF3A_HUMAN,PHLP2_HUMAN
EIF3A_HUMAN,AOXA_HUMAN
EIF3A_HUMAN,RN123_HUMAN
EIF3A_HUMAN,CNTP2_HUMAN
EIF3A_HUMAN,SYNRG_HUMAN
EIF3A_HUMAN,IL16_HUMAN
EIF3A_HUMAN,TTBK1_HUMAN
EIF3A_HUMAN,SOS1_HUMAN
EIF3A_HUMAN,XDH_HUMAN
EIF3A_HUMAN,KI16B_HUMAN
EIF3A_HUMAN,TT21A_HUMAN
EIF3A_HUMAN,FRPD4_HUMAN
EIF3A_HUMAN,RPTOR_HUMAN
EIF3A_HUMAN,JIP4_HUMAN
EIF3A_HUMAN,SALL1_HUMAN
EIF3A_HUMAN,JIP3_HUMAN
EIF3A_HUMAN,ZN644_HUMAN
EIF3A_HUMAN,VGFR1_HUMAN
EIF3A_HUMAN,MN1_HUMAN
EIF3A_HUMAN,TT21B_HUMAN
EIF3A_HUMAN,UBP19_HUMAN
EIF3A_HUMAN,KDM2B_HUMAN
EIF3A_HUMAN,PASK_HUMAN
EIF3A_HUMAN,MINK1_HUMAN
EIF3A_HUMAN,MBB1A_HUMAN
EIF3A_HUMAN,STK36_HUMAN
EIF3A_HUMAN,CPAP_HUMAN
EIF3A_HUMAN,KDM3A_HUMAN
EIF3A_HUMAN,IGSF1_HUMAN
EIF3A_HUMAN,ZMYM6_HUMAN
EIF3A_HUMAN,IRS2_HUMAN
EIF3A_HUMAN,TNKS1_HUMAN
XCL1_HUMAN,Q13138_HUMAN
XCL1_HUMAN,RAMAC_HUMAN
XCL1_HUMAN,A8MUH2_HUMAN
XCL1_HUMAN,LCE1F_HUMAN
XCL1_HUMAN,F8VXD5_HUMAN
XCL1_HUMAN,C9JM09_HUMAN
XCL1_HUMAN,LV147_HUMAN
XCL1_HUMAN,A6NEL0_HUMAN
XCL1_HUMAN,B3KM21_HUMAN
XCL1_HUMAN,TVA19_HUMAN
XCL1_HUMAN,C9J5A2_HUMAN
XCL1_HUMAN,Q6IAW1_HUMAN
XCL1_HUMAN,E5RJD8_HUMAN
XCL1_HUMAN,BORC8_HUMAN
XCL1_HUMAN,K7EP42_HUMAN
XCL1_HUMAN,D6R9U8_HUMAN
XCL1_HUMAN,D6RAJ0_HUMAN
XCL1_HUMAN,F6WCI9_HUMAN
XCL1_HUMAN,HV459_HUMAN
XCL1_HUMAN,C9JNT3_HUMAN
XCL1_HUMAN,DYLT3_HUMAN
XCL1_HUMAN,IGFL2_HUMAN
XCL1_HUMAN,LCE1E_HUMAN
XCL1_HUMAN,J3KST3_HUMAN
XCL1_HUMAN,C9JQH3_HUMAN
XCL1_HUMAN,DMAC1_HUMAN
XCL1_HUMAN,G3V3F3_HUMAN
XCL1_HUMAN,VATG2_HUMAN
XCL1_HUMAN,F2Z2P2_HUMAN
XCL1_HUMAN,H0YBK1_HUMAN
XCL1_HUMAN,CHCH1_HUMAN
XCL1_HUMAN,H0YNW9_HUMAN
XCL1_HUMAN,NDUA5_HUMAN
XCL1_HUMAN,M0QZV6_HUMAN
XCL1_HUMAN,D6RC95_HUMAN
XCL1_HUMAN,ID3_HUMAN
XCL1_HUMAN,LCE1B_HUMAN
XCL1_HUMAN,YPEL3_HUMAN
XCL1_HUMAN,HV102_HUMAN
XCL1_HUMAN,F5GX75_HUMAN
XCL1_HUMAN,LCE5A_HUMAN
XCL1_HUMAN,F8VZA4_HUMAN
XCL1_HUMAN,B1AHH4_HUMAN
XCL1_HUMAN,TVA29_HUMAN
XCL1_HUMAN,C9IYX7_HUMAN
XCL1_HUMAN,HV313_HUMAN
XCL1_HUMAN,MSRB1_HUMAN
XCL1_HUMAN,LIN52_HUMAN
XCL1_HUMAN,MR1L2_HUMAN
XCL1_HUMAN,M0QXW7_HUMAN
XCL1_HUMAN,Q5TAL2_HUMAN
XCL1_HUMAN,UTS2B_HUMAN
XCL1_HUMAN,M0QYT3_HUMAN
XCL1_HUMAN,D6RF49_HUMAN
XCL1_HUMAN,VAMP5_HUMAN
XCL1_HUMAN,HV348_HUMAN
XCL1_HUMAN,SSNA1_HUMAN
XCL1_HUMAN,F8VRX0_HUMAN
XCL1_HUMAN,MIC13_HUMAN
XCL1_HUMAN,C9JTK6_HUMAN
XCL1_HUMAN,J3KSL6_HUMAN
XCL1_HUMAN,A2NXD2_HUMAN
XCL1_HUMAN,HV169_HUMAN
XCL1_HUMAN,KV112_HUMAN
XCL1_HUMAN,HV323_HUMAN
XCL1_HUMAN,F8VY51_HUMAN
XCL1_HUMAN,HV146_HUMAN
XCL1_HUMAN,HV270_HUMAN
XCL1_HUMAN,HV205_HUMAN
XCL1_HUMAN,HV307_HUMAN
XCL1_HUMAN,HV309_HUMAN
XCL1_HUMAN,KVD39_HUMAN
XCL1_HUMAN,SMD2_HUMAN
XCL1_HUMAN,HV330_HUMAN
XCL1_HUMAN,H7BZ11_HUMAN
XCL1_HUMAN,HV311_HUMAN
XCL1_HUMAN,J3KTI2_HUMAN
XCL1_HUMAN,HV333_HUMAN
XCL1_HUMAN,KV139_HUMAN
XCL1_HUMAN,CCL24_HUMAN
XCL1_HUMAN,KV117_HUMAN
XCL1_HUMAN,KV105_HUMAN
XCL1_HUMAN,KVD20_HUMAN
XCL1_HUMAN,HV353_HUMAN
XCL1_HUMAN,GLHA_HUMAN
XCL1_HUMAN,KVD16_HUMAN
XCL1_HUMAN,KVD12_HUMAN
XCL1_HUMAN,LV144_HUMAN
XCL1_HUMAN,LV208_HUMAN
XCL1_HUMAN,KV116_HUMAN
XCL1_HUMAN,LV657_HUMAN
XCL1_HUMAN,KVD33_HUMAN
XCL1_HUMAN,VATG3_HUMAN
XCL1_HUMAN,F5H0L9_HUMAN
XCL1_HUMAN,ELAF_HUMAN
XCL1_HUMAN,LV211_HUMAN
XCL1_HUMAN,LV321_HUMAN
XCL1_HUMAN,LV140_HUMAN
XCL1_HUMAN,K7ES63_HUMAN
XCL1_HUMAN,LV151_HUMAN
S10A9_HUMAN,J3QQH9_HUMAN
S10A9_HUMAN,LV743_HUMAN
S10A9_HUMAN,KV133_HUMAN
S10A9_HUMAN,GBRL1_HUMAN
S10A9_HUMAN,A0A8I5KYU4_HUMAN
S10A9_HUMAN,BET1_HUMAN
S10A9_HUMAN,C9JQL4_HUMAN
S10A9_HUMAN,C9JYS1_HUMAN
S10A9_HUMAN,C9JDL2_HUMAN
S10A9_HUMAN,SMD1_HUMAN
S10A9_HUMAN,VAMP1_HUMAN
S10A9_HUMAN,VATF_HUMAN
S10A9_HUMAN,MED11_HUMAN
S10A9_HUMAN,SPT4H_HUMAN
S10A9_HUMAN,KV320_HUMAN
S10A9_HUMAN,RL34_HUMAN
S10A9_HUMAN,VAMP2_HUMAN
S10A9_HUMAN,SMS_HUMAN
S10A9_HUMAN,RS20_HUMAN
S10A9_HUMAN,H0YBV7_HUMAN
S10A9_HUMAN,GALP_HUMAN
S10A9_HUMAN,4EBP1_HUMAN
S10A9_HUMAN,NDUC2_HUMAN
S10A9_HUMAN,LYNX1_HUMAN
S10A9_HUMAN,GBRAP_HUMAN
S10A9_HUMAN,GBRL2_HUMAN
S10A9_HUMAN,VATG1_HUMAN
S10A9_HUMAN,MAR1_HUMAN
S10A9_HUMAN,RPB11_HUMAN
S10A9_HUMAN,TIM14_HUMAN
S10A9_HUMAN,DPOE4_HUMAN
S10A9_HUMAN,COX20_HUMAN
S10A9_HUMAN,ELOB_HUMAN
S10A9_HUMAN,DOPD_HUMAN
S10A9_HUMAN,B2MG_HUMAN
S10A9_HUMAN,SPXN_HUMAN
S10A9_HUMAN,CART_HUMAN
S10A9_HUMAN,GHRL_HUMAN
S10A9_HUMAN,CXL17_HUMAN
S10A9_HUMAN,MTPN_HUMAN
AOXA_HUMAN,PCARE_HUMAN
AOXA_HUMAN,RGRF1_HUMAN
AOXA_HUMAN,DEN5B_HUMAN
AOXA_HUMAN,A0A1Y0BRN3_HUMAN
AOXA_HUMAN,A0A590UJ40_HUMAN
AOXA_HUMAN,H0YNU5_HUMAN
AOXA_HUMAN,CDON_HUMAN
AOXA_HUMAN,A0A7P0Q1F0_HUMAN
AOXA_HUMAN,A0A8I5KT40_HUMAN
AOXA_HUMAN,SF3B1_HUMAN
AOXA_HUMAN,A6NHN7_HUMAN
AOXA_HUMAN,A4D1D2_HUMAN
AOXA_HUMAN,H7BYY2_HUMAN
AOXA_HUMAN,A0A804HHY9_HUMAN
AOXA_HUMAN,OPLA_HUMAN
AOXA_HUMAN,SFR19_HUMAN
AOXA_HUMAN,G3V419_HUMAN
AOXA_HUMAN,TTLL5_HUMAN
AOXA_HUMAN,B3KV94_HUMAN
AOXA_HUMAN,RPGR1_HUMAN
AOXA_HUMAN,SYMPK_HUMAN
AOXA_HUMAN,A0A8I5QL21_HUMAN
AOXA_HUMAN,G3V2J9_HUMAN
AOXA_HUMAN,E7EQT4_HUMAN
AOXA_HUMAN,E7ESG2_HUMAN
AOXA_HUMAN,F5H2B9_HUMAN
AOXA_HUMAN,J3KNS1_HUMAN
AOXA_HUMAN,A0A804HKX1_HUMAN
AOXA_HUMAN,VWA3B_HUMAN
AOXA_HUMAN,S4R3H4_HUMAN
AOXA_HUMAN,A0A8I5KT93_HUMAN
AOXA_HUMAN,RFIP1_HUMAN
AOXA_HUMAN,A0A8I5KWJ9_HUMAN
AOXA_HUMAN,B1AMJ5_HUMAN
AOXA_HUMAN,RHG33_HUMAN
AOXA_HUMAN,RRP12_HUMAN
AOXA_HUMAN,Q5VWV2_HUMAN
AOXA_HUMAN,SRBS1_HUMAN
AOXA_HUMAN,CAPS2_HUMAN
AOXA_HUMAN,C9JKF1_HUMAN
AOXA_HUMAN,E7ESD2_HUMAN
AOXA_HUMAN,ARI4B_HUMAN
AOXA_HUMAN,B1AKD8_HUMAN
AOXA_HUMAN,DSPP_HUMAN
AOXA_HUMAN,MYO6_HUMAN
AOXA_HUMAN,DEN5A_HUMAN
AOXA_HUMAN,C9K0J5_HUMAN
AOXA_HUMAN,A0A8I5KQH9_HUMAN
AOXA_HUMAN,COKA1_HUMAN
AOXA_HUMAN,A0A804CDA6_HUMAN
AOXA_HUMAN,B1AKN3_HUMAN
AOXA_HUMAN,J3KR49_HUMAN
AOXA_HUMAN,E3W994_HUMAN
AOXA_HUMAN,MYPC3_HUMAN
AOXA_HUMAN,H3BV03_HUMAN
AOXA_HUMAN,A0A0U1RQI6_HUMAN
AOXA_HUMAN,ZN521_HUMAN
AOXA_HUMAN,ZN423_HUMAN
AOXA_HUMAN,CYFP2_HUMAN
AOXA_HUMAN,PER1_HUMAN
AOXA_HUMAN,K7EQL6_HUMAN
AOXA_HUMAN,CDHR2_HUMAN
AOXA_HUMAN,SMC4_HUMAN
AOXA_HUMAN,E9PFT7_HUMAN
AOXA_HUMAN,PTPRC_HUMAN
AOXA_HUMAN,SETB1_HUMAN
AOXA_HUMAN,A0A2R8Y4Z0_HUMAN
AOXA_HUMAN,MDR1_HUMAN
AOXA_HUMAN,UBE2O_HUMAN
AOXA_HUMAN,BMS1_HUMAN
AOXA_HUMAN,MDR3_HUMAN
AOXA_HUMAN,LORF2_HUMAN
AOXA_HUMAN,TENN_HUMAN
AOXA_HUMAN,PEX1_HUMAN
AOXA_HUMAN,TRPS1_HUMAN
AOXA_HUMAN,RENT2_HUMAN
AOXA_HUMAN,STIL_HUMAN
AOXA_HUMAN,EHMT1_HUMAN
AOXA_HUMAN,DCTN1_HUMAN
AOXA_HUMAN,GGYF2_HUMAN
AOXA_HUMAN,INSRR_HUMAN
AOXA_HUMAN,LTBP3_HUMAN
AOXA_HUMAN,SCAP_HUMAN
AOXA_HUMAN,ERBB4_HUMAN
AOXA_HUMAN,NFRKB_HUMAN
AOXA_HUMAN,NPC1_HUMAN
AOXA_HUMAN,PRD16_HUMAN
AOXA_HUMAN,TBCD4_HUMAN
AOXA_HUMAN,ULK4_HUMAN
AOXA_HUMAN,FRPD2_HUMAN
AOXA_HUMAN,CRUM2_HUMAN
AOXA_HUMAN,NRCAM_HUMAN
AOXA_HUMAN,PLCG1_HUMAN
AOXA_HUMAN,SIN3A_HUMAN
AOXA_HUMAN,CLAP2_HUMAN
AOXA_HUMAN,ACE_HUMAN
AOXA_HUMAN,ZC3H4_HUMAN
AOXA_HUMAN,M3K6_HUMAN
AOXA_HUMAN,UBE4B_HUMAN
AOXA_HUMAN,CGNL1_HUMAN
ERBB3_HUMAN,RAD50_HUMAN
ERBB3_HUMAN,ZN536_HUMAN
ERBB3_HUMAN,GAK_HUMAN
ERBB3_HUMAN,CLU_HUMAN
ERBB3_HUMAN,AMRA1_HUMAN
ERBB3_HUMAN,AFF2_HUMAN
ERBB3_HUMAN,ARGAL_HUMAN
XDH_HUMAN,E9PKC0_HUMAN
XDH_HUMAN,MTUS1_HUMAN
XDH_HUMAN,J3KRL7_HUMAN
XDH_HUMAN,A0A087X2C4_HUMAN
XDH_HUMAN,NOMO2_HUMAN
XDH_HUMAN,E9PSF2_HUMAN
XDH_HUMAN,VIGLN_HUMAN
XDH_HUMAN,A0A8I5KRM5_HUMAN
XDH_HUMAN,FLII_HUMAN
XDH_HUMAN,A0A5F9ZHG7_HUMAN
XDH_HUMAN,DGKK_HUMAN
XDH_HUMAN,F8VXG7_HUMAN
XDH_HUMAN,MCAF1_HUMAN
XDH_HUMAN,DHX9_HUMAN
XDH_HUMAN,SCAF8_HUMAN
XDH_HUMAN,A0A1B0GV09_HUMAN
XDH_HUMAN,A0A087WX34_HUMAN
XDH_HUMAN,SC24B_HUMAN
XDH_HUMAN,DIAP1_HUMAN
XDH_HUMAN,A2ABF9_HUMAN
XDH_HUMAN,BCR_HUMAN
TNKS1_HUMAN,SYVC_HUMAN
TNKS1_HUMAN,A0A494C0M1_HUMAN
TNKS1_HUMAN,A0A804HL87_HUMAN
TNKS1_HUMAN,A0A7I2V4R5_HUMAN
TNKS1_HUMAN,A0A8I5KSN5_HUMAN
TNKS1_HUMAN,A0A7I2V3V5_HUMAN
TNKS1_HUMAN,Q5VZU9_HUMAN
TNKS1_HUMAN,SGO2_HUMAN
TNKS1_HUMAN,SYIC_HUMAN
TNKS1_HUMAN,RGS22_HUMAN
TNKS1_HUMAN,J3KP36_HUMAN
TNKS1_HUMAN,RHG29_HUMAN
TNKS1_HUMAN,A0A8I5KXF8_HUMAN
TNKS1_HUMAN,A0A7P0Z4C3_HUMAN
TNKS1_HUMAN,A0A024RCN6_HUMAN
TNKS1_HUMAN,A0A6Q8PH68_HUMAN
TNKS1_HUMAN,PLCG2_HUMAN
TNKS1_HUMAN,ADCY5_HUMAN
TNKS1_HUMAN,METH_HUMAN
TNKS1_HUMAN,E9PD53_HUMAN
MRP4_HUMAN,AUTS2_HUMAN
MRP4_HUMAN,TPC10_HUMAN
MRP4_HUMAN,ITPI2_HUMAN
MRP4_HUMAN,E9PRF4_HUMAN
PASK_HUMAN,SHIP2_HUMAN
PASK_HUMAN,STAG1_HUMAN
PASK_HUMAN,LIPA2_HUMAN
PASK_HUMAN,NEK1_HUMAN
PASK_HUMAN,IRS4_HUMAN
PASK_HUMAN,ARI4A_HUMAN
PASK_HUMAN,F5GYF8_HUMAN
PASK_HUMAN,L1CAM_HUMAN
PASK_HUMAN,ABCB5_HUMAN
MIF_HUMAN,BEX4_HUMAN
MIF_HUMAN,A0A590UJJ6_HUMAN
MIF_HUMAN,J3KR21_HUMAN
MIF_HUMAN,F5H268_HUMAN
MIF_HUMAN,KVD28_HUMAN
MIF_HUMAN,NMB_HUMAN
MIF_HUMAN,C9J9P7_HUMAN
MIF_HUMAN,TKNK_HUMAN
MIF_HUMAN,H0YN53_HUMAN
MIF_HUMAN,A0A6Q8PHB3_HUMAN
MIF_HUMAN,C9JZV5_HUMAN
MIF_HUMAN,I3L174_HUMAN
MIF_HUMAN,B7ZBM4_HUMAN
MIF_HUMAN,H0Y9N4_HUMAN
MIF_HUMAN,KRA14_HUMAN
MIF_HUMAN,C9K0U8_HUMAN
MIF_HUMAN,GON2_HUMAN
MIF_HUMAN,H3BU11_HUMAN
MIF_HUMAN,M0R340_HUMAN
MIF_HUMAN,E9PS93_HUMAN
MIF_HUMAN,F5GZZ0_HUMAN
MIF_HUMAN,PIRC2_HUMAN
MIF_HUMAN,K7EKQ4_HUMAN
MIF_HUMAN,OSCRI_HUMAN
MIF_HUMAN,B0QYP3_HUMAN
MIF_HUMAN,SECR_HUMAN
MIF_HUMAN,VBPC1_HUMAN
MIF_HUMAN,KV230_HUMAN
MIF_HUMAN,H7BZ50_HUMAN
MIF_HUMAN,A0A6Q8PFT6_HUMAN
MIF_HUMAN,E5RJW1_HUMAN
MIF_HUMAN,E5RJ31_HUMAN
MIF_HUMAN,F5GWK6_HUMAN
MIF_HUMAN,E9PNS8_HUMAN
MIF_HUMAN,CRUM3_HUMAN
MIF_HUMAN,RFA3_HUMAN
MIF_HUMAN,KV228_HUMAN
MIF_HUMAN,YPEL5_HUMAN
MIF_HUMAN,APC15_HUMAN
MIF_HUMAN,A2KUC3_HUMAN
MIF_HUMAN,C9IZ13_HUMAN
MIF_HUMAN,KV229_HUMAN
MIF_HUMAN,KV401_HUMAN
MIF_HUMAN,CCL16_HUMAN
MIF_HUMAN,SKA2_HUMAN
MIF_HUMAN,CCL23_HUMAN
MIF_HUMAN,KVD40_HUMAN
MIF_HUMAN,KVD30_HUMAN
MIF_HUMAN,CTF8_HUMAN
MIF_HUMAN,LV214_HUMAN
MIF_HUMAN,A0A087WYR0_HUMAN
MIF_HUMAN,A0A0C4DGT1_HUMAN
MIF_HUMAN,HYPK_HUMAN
MIF_HUMAN,C9JXB8_HUMAN
MIF_HUMAN,TM230_HUMAN
MIF_HUMAN,CRBL2_HUMAN
MIF_HUMAN,MLP3A_HUMAN
MIF_HUMAN,ENSA_HUMAN
MIF_HUMAN,4EBP2_HUMAN
GAK_HUMAN,A0A0A0MRM8_HUMAN
GAK_HUMAN,A1L461_HUMAN
GAK_HUMAN,ERC6L_HUMAN
GAK_HUMAN,D6REX3_HUMAN
GAK_HUMAN,INF2_HUMAN
GAK_HUMAN,PHLB2_HUMAN
GAK_HUMAN,I3L1L3_HUMAN
GAK_HUMAN,X5DNK3_HUMAN
GAK_HUMAN,A0A804HI52_HUMAN
GAK_HUMAN,A0A804HKY8_HUMAN
GAK_HUMAN,P121A_HUMAN
GAK_HUMAN,B5MCN7_HUMAN
GAK_HUMAN,A0A5F9ZH11_HUMAN
GAK_HUMAN,APAF_HUMAN
GAK_HUMAN,SKI2_HUMAN
GAK_HUMAN,TPP2_HUMAN
GAK_HUMAN,A0A7I2PHE7_HUMAN
GAK_HUMAN,G3V3F7_HUMAN
GAK_HUMAN,NID1_HUMAN
GAK_HUMAN,CSPP1_HUMAN
GAK_HUMAN,ANS1B_HUMAN
GAK_HUMAN,PER2_HUMAN
GAK_HUMAN,F8W7U3_HUMAN
GAK_HUMAN,JARD2_HUMAN
GAK_HUMAN,ERBB2_HUMAN
GAK_HUMAN,RAPH1_HUMAN
GAK_HUMAN,E7EX90_HUMAN
GAK_HUMAN,H3BS47_HUMAN
GAK_HUMAN,GNPTA_HUMAN
GAK_HUMAN,RET3_HUMAN
GAK_HUMAN,FANCJ_HUMAN
GAK_HUMAN,SASH1_HUMAN
GAK_HUMAN,ADCY8_HUMAN
GAK_HUMAN,AT8B1_HUMAN
GAK_HUMAN,CAMP3_HUMAN
GAK_HUMAN,CNGB1_HUMAN
GAK_HUMAN,MUC1_HUMAN
GAK_HUMAN,CYFP1_HUMAN
GAK_HUMAN,MAGL2_HUMAN
GAK_HUMAN,REV1_HUMAN
CDHR2_HUMAN,F8VXC8_HUMAN
CDHR2_HUMAN,A0A087WYF6_HUMAN
MSRB1_HUMAN,A0A087WW33_HUMAN
MSRB1_HUMAN,A0A0C4DG57_HUMAN
MSRB1_HUMAN,H7C1N7_HUMAN
MSRB1_HUMAN,A0A494C126_HUMAN
MSRB1_HUMAN,E9PNB9_HUMAN
MSRB1_HUMAN,F8VYH5_HUMAN
MSRB1_HUMAN,B7ZBM5_HUMAN
MSRB1_HUMAN,A0A1X7SC65_HUMAN
MSRB1_HUMAN,F8WCJ3_HUMAN
MSRB1_HUMAN,K7ESQ0_HUMAN
MSRB1_HUMAN,J3QR27_HUMAN
MSRB1_HUMAN,LYRM1_HUMAN
MSRB1_HUMAN,RPC22_HUMAN
MSRB1_HUMAN,PSMG3_HUMAN
MSRB1_HUMAN,SAA1_HUMAN
MSRB1_HUMAN,U3KQB0_HUMAN
MSRB1_HUMAN,F5H285_HUMAN
MSRB1_HUMAN,A0A2R8Y4S6_HUMAN
MSRB1_HUMAN,Q5TEJ0_HUMAN
MSRB1_HUMAN,H7C173_HUMAN
MSRB1_HUMAN,A0A087WWB9_HUMAN
MSRB1_HUMAN,E9PKJ0_HUMAN
MSRB1_HUMAN,PFD1_HUMAN
MSRB1_HUMAN,IFI27_HUMAN
MSRB1_HUMAN,K7ESM2_HUMAN
EHMT1_HUMAN,CAND2_HUMAN
EHMT1_HUMAN,IF122_HUMAN
EHMT1_HUMAN,E9PHV5_HUMAN
EHMT1_HUMAN,AT2B2_HUMAN
EHMT1_HUMAN,A0A804HJN6_HUMAN
EHMT1_HUMAN,CFA61_HUMAN
EHMT1_HUMAN,E5KNU5_HUMAN
EHMT1_HUMAN,A0A6I8PRA0_HUMAN
EHMT1_HUMAN,A0A2X0SFL3_HUMAN
EHMT1_HUMAN,A0A0A0MSX9_HUMAN
EHMT1_HUMAN,SMC1B_HUMAN
EHMT1_HUMAN,EDRF1_HUMAN
EHMT1_HUMAN,MMS22_HUMAN
EHMT1_HUMAN,A0A0A0MR87_HUMAN
EHMT1_HUMAN,PITM1_HUMAN
EHMT1_HUMAN,ZBT40_HUMAN
EHMT1_HUMAN,ZN687_HUMAN
EHMT1_HUMAN,A0A1B0GV02_HUMAN
EHMT1_HUMAN,A0A8I5KSG5_HUMAN
EHMT1_HUMAN,SFI1_HUMAN
EHMT1_HUMAN,B3A2_HUMAN
EHMT1_HUMAN,A0A0B4J215_HUMAN
EHMT1_HUMAN,A0A0A0MTL6_HUMAN
EHMT1_HUMAN,KIF4B_HUMAN
EHMT1_HUMAN,KPB2_HUMAN
EHMT1_HUMAN,BRD8_HUMAN
EHMT1_HUMAN,RGRF2_HUMAN
EHMT1_HUMAN,ALPK1_HUMAN
EHMT1_HUMAN,JAG2_HUMAN
EHMT1_HUMAN,DPOG1_HUMAN
EHMT1_HUMAN,NPHN_HUMAN
EHMT1_HUMAN,TTBK2_HUMAN
EHMT1_HUMAN,SLK_HUMAN
EHMT1_HUMAN,IRS1_HUMAN
EHMT1_HUMAN,IMPG2_HUMAN
EHMT1_HUMAN,KCMA1_HUMAN
EHMT1_HUMAN,PLCB3_HUMAN
EHMT1_HUMAN,VIP2_HUMAN
EHMT1_HUMAN,M4K4_HUMAN
EHMT1_HUMAN,WNK4_HUMAN
EHMT1_HUMAN,AT2B4_HUMAN
EHMT1_HUMAN,TAOK2_HUMAN
GBRAP_HUMAN,H3BQ88_HUMAN
GBRAP_HUMAN,C9K074_HUMAN
GBRAP_HUMAN,TXD17_HUMAN
GBRAP_HUMAN,B4DEB1_HUMAN
GBRAP_HUMAN,F5H1N0_HUMAN
GBRAP_HUMAN,A0A8I5KTX2_HUMAN
GBRAP_HUMAN,PAI2B_HUMAN
GBRAP_HUMAN,MSS4_HUMAN
GBRAP_HUMAN,I3L4H0_HUMAN
GBRAP_HUMAN,H0YJW1_HUMAN
GBRAP_HUMAN,J3QLU1_HUMAN
GBRAP_HUMAN,J3QLT2_HUMAN
GBRAP_HUMAN,VPRE3_HUMAN
GBRAP_HUMAN,DB118_HUMAN
GBRAP_HUMAN,M0R163_HUMAN
GBRAP_HUMAN,KRA22_HUMAN
GBRAP_HUMAN,Q4TT61_HUMAN
GBRAP_HUMAN,D6R9I7_HUMAN
GBRAP_HUMAN,A0A087WZ38_HUMAN
GBRAP_HUMAN,GALA_HUMAN
GBRAP_HUMAN,PSMG4_HUMAN
GBRAP_HUMAN,HV434_HUMAN
GBRAP_HUMAN,LSM10_HUMAN
GBRAP_HUMAN,RM52_HUMAN
GBRAP_HUMAN,H3BN11_HUMAN
GBRAP_HUMAN,RL35_HUMAN
GBRAP_HUMAN,H0YAR4_HUMAN
GBRAP_HUMAN,A0A0C4DG45_HUMAN
GBRAP_HUMAN,TEN1L_HUMAN
GBRAP_HUMAN,KCNE2_HUMAN
PLCG1_HUMAN,A0A0C4DG33_HUMAN
PLCG1_HUMAN,A0A6Q8PF66_HUMAN
PLCG1_HUMAN,CRACD_HUMAN
PLCG1_HUMAN,CDAN1_HUMAN
PLCG1_HUMAN,A0A7I2V5W3_HUMAN
PLCG1_HUMAN,A0A8I5KP73_HUMAN
PLCG1_HUMAN,A0A384MR33_HUMAN
PLCG1_HUMAN,CBPC1_HUMAN
PLCG1_HUMAN,A0A8I5KSI3_HUMAN
PLCG1_HUMAN,PRP16_HUMAN
PLCG1_HUMAN,B3A3_HUMAN
PLCG1_HUMAN,AT133_HUMAN
PLCG1_HUMAN,ANO8_HUMAN
PLCG1_HUMAN,EHBP1_HUMAN
PLCG1_HUMAN,P121C_HUMAN
PLCG1_HUMAN,A0A8I5KVF8_HUMAN
PLCG1_HUMAN,STAG2_HUMAN
PLCG1_HUMAN,D6W5U7_HUMAN
PLCG1_HUMAN,CAND1_HUMAN
PLCG1_HUMAN,AFF3_HUMAN
PLCG1_HUMAN,CFAH_HUMAN
PLCG1_HUMAN,SMC1A_HUMAN
PLCG1_HUMAN,KIF4A_HUMAN
PLCG1_HUMAN,NMDE3_HUMAN
PLCG1_HUMAN,A2ABF8_HUMAN
PLCG1_HUMAN,MECOM_HUMAN
PLCG1_HUMAN,MMRN1_HUMAN
PLCG1_HUMAN,RPOM_HUMAN
PLCG1_HUMAN,RBM20_HUMAN
PLCG1_HUMAN,DSRAD_HUMAN
PLCG1_HUMAN,KCNT1_HUMAN
PEX1_HUMAN,NOMO1_HUMAN
PEX1_HUMAN,Q17R88_HUMAN
PEX1_HUMAN,NOMO3_HUMAN
PEX1_HUMAN,ATS14_HUMAN
PEX1_HUMAN,FKB15_HUMAN
PEX1_HUMAN,A0A3B3IRZ4_HUMAN
PEX1_HUMAN,E9PMC9_HUMAN
PEX1_HUMAN,A0A804HHW9_HUMAN
PEX1_HUMAN,Q05GC8_HUMAN
PEX1_HUMAN,Q5T0C7_HUMAN
PEX1_HUMAN,IF2P_HUMAN
PEX1_HUMAN,Q5T1Z8_HUMAN
PEX1_HUMAN,A0A7I2V372_HUMAN
PEX1_HUMAN,A0A8C8KWW5_HUMAN
PEX1_HUMAN,AT2B1_HUMAN
PEX1_HUMAN,A0A8I5KVC7_HUMAN
PEX1_HUMAN,A0A8I5QKV2_HUMAN
PEX1_HUMAN,AGRG6_HUMAN
PEX1_HUMAN,REXO1_HUMAN
PEX1_HUMAN,WDR11_HUMAN
PEX1_HUMAN,A0A8I5KXT5_HUMAN
PEX1_HUMAN,A0A2R8Y7R9_HUMAN
PEX1_HUMAN,PKHG3_HUMAN
PEX1_HUMAN,DHX8_HUMAN
PEX1_HUMAN,COPA_HUMAN
PEX1_HUMAN,STAG3_HUMAN
PEX1_HUMAN,DGKH_HUMAN
PEX1_HUMAN,AT2B3_HUMAN
PEX1_HUMAN,ATS18_HUMAN
PEX1_HUMAN,CTND2_HUMAN
PEX1_HUMAN,SC31A_HUMAN
PEX1_HUMAN,RIPR1_HUMAN
PEX1_HUMAN,KPB1_HUMAN
PEX1_HUMAN,VCIP1_HUMAN
PEX1_HUMAN,RTEL1_HUMAN
MDR1_HUMAN,A0A8I5QKT2_HUMAN
MDR1_HUMAN,AT135_HUMAN
MDR1_HUMAN,Q05331_HUMAN
MDR1_HUMAN,A0A6Q8PGW3_HUMAN
MDR1_HUMAN,SMC3_HUMAN
MDR1_HUMAN,JAG1_HUMAN
MDR1_HUMAN,SF3B3_HUMAN
MDR1_HUMAN,CTC1_HUMAN
RS20_HUMAN,E9PQ33_HUMAN
RS20_HUMAN,C9JQK8_HUMAN
RS20_HUMAN,B4DQ48_HUMAN
RS20_HUMAN,B8YCP3_HUMAN
RS20_HUMAN,F5H4I7_HUMAN
RS20_HUMAN,C9J4X2_HUMAN
RS20_HUMAN,SACA4_HUMAN
RS20_HUMAN,C9J9P1_HUMAN
RS20_HUMAN,C9JGN2_HUMAN
RS20_HUMAN,D6RAS7_HUMAN
RS20_HUMAN,J3KTG4_HUMAN
RS20_HUMAN,F5H4U8_HUMAN
RS20_HUMAN,COLC1_HUMAN
RS20_HUMAN,G3V2S9_HUMAN
RS20_HUMAN,K7EPI4_HUMAN
RS20_HUMAN,K7EIL8_HUMAN
RS20_HUMAN,F5H596_HUMAN
RS20_HUMAN,E9PJE6_HUMAN
RS20_HUMAN,IGFL3_HUMAN
RS20_HUMAN,F6U6E2_HUMAN
RS20_HUMAN,I3L3Z0_HUMAN
RS20_HUMAN,MLP3B_HUMAN
RS20_HUMAN,M0R0H8_HUMAN
RS20_HUMAN,LYPD2_HUMAN
RS20_HUMAN,I3L0X6_HUMAN
RS20_HUMAN,TSACC_HUMAN
RS20_HUMAN,LTOR3_HUMAN
RS20_HUMAN,MAGA5_HUMAN
RS20_HUMAN,NEU1_HUMAN
RS20_HUMAN,Q9BY80_HUMAN
RS20_HUMAN,NPB_HUMAN
RS20_HUMAN,E5RJK5_HUMAN
RS20_HUMAN,H7C4F3_HUMAN
RS20_HUMAN,U3KQF5_HUMAN
RS20_HUMAN,SDHF3_HUMAN
RS20_HUMAN,C9J9S3_HUMAN
RS20_HUMAN,Q6PIL0_HUMAN
RS20_HUMAN,A8MW49_HUMAN
RS20_HUMAN,E5RG59_HUMAN
RS20_HUMAN,HV439_HUMAN
RS20_HUMAN,LY66C_HUMAN
RS20_HUMAN,C9JAP0_HUMAN
RS20_HUMAN,C9JSD5_HUMAN
RS20_HUMAN,C9JCS7_HUMAN
RS20_HUMAN,D6RDJ3_HUMAN
RS20_HUMAN,RS25_HUMAN
RS20_HUMAN,V9HWC4_HUMAN
RS20_HUMAN,V9GYU1_HUMAN
RS20_HUMAN,WFDC2_HUMAN
RS20_HUMAN,A0A494C1S6_HUMAN
RS20_HUMAN,B4DJK0_HUMAN
RS20_HUMAN,F8WE35_HUMAN
RS20_HUMAN,V9GYQ9_HUMAN
RS20_HUMAN,V9GYM0_HUMAN
RS20_HUMAN,T53G3_HUMAN
RS20_HUMAN,E9PKH1_HUMAN
RS20_HUMAN,BATF_HUMAN
RS20_HUMAN,C9J5A3_HUMAN
RS20_HUMAN,BEX1_HUMAN
RS20_HUMAN,C9JQU7_HUMAN
RS20_HUMAN,TX1B3_HUMAN
RS20_HUMAN,K7EIM9_HUMAN
RS20_HUMAN,TPIP1_HUMAN
RS20_HUMAN,B0QY70_HUMAN
RS20_HUMAN,K7ERX3_HUMAN
RS20_HUMAN,NEPR1_HUMAN
RS20_HUMAN,NAA38_HUMAN
RS20_HUMAN,A0A7P0Z437_HUMAN
RS20_HUMAN,COA6_HUMAN
RS20_HUMAN,F8VRX9_HUMAN
RS20_HUMAN,SF3B6_HUMAN
RS20_HUMAN,TR112_HUMAN
RS20_HUMAN,BRI3_HUMAN
RS20_HUMAN,CXCL9_HUMAN
RS20_HUMAN,RL31_HUMAN
RS20_HUMAN,TIM16_HUMAN
RS20_HUMAN,RT06_HUMAN
RS20_HUMAN,PDCD5_HUMAN
RS20_HUMAN,IFM1_HUMAN
RS20_HUMAN,PHP14_HUMAN
RS20_HUMAN,RPP14_HUMAN
RS20_HUMAN,LTOR2_HUMAN
RS20_HUMAN,NDUS6_HUMAN
RS20_HUMAN,UCN1_HUMAN
RS20_HUMAN,UTS2_HUMAN
RS20_HUMAN,RPB9_HUMAN
RS20_HUMAN,TAF13_HUMAN
DHX9_HUMAN,A0A0A0MS99_HUMAN
DHX9_HUMAN,FLIP1_HUMAN
DHX9_HUMAN,A0A8I5KSL3_HUMAN
DHX9_HUMAN,ATS2_HUMAN
DHX9_HUMAN,AFF1_HUMAN
DHX9_HUMAN,DSEL_HUMAN
DHX9_HUMAN,ATS19_HUMAN
DHX9_HUMAN,G8JLG1_HUMAN
DHX9_HUMAN,A0A7I2V5N5_HUMAN
DHX9_HUMAN,MGLYR_HUMAN
DHX9_HUMAN,A0A6Q8PF61_HUMAN
DHX9_HUMAN,S12A2_HUMAN
DHX9_HUMAN,A0JP08_HUMAN
DHX9_HUMAN,HIPK1_HUMAN
DHX9_HUMAN,NCHL1_HUMAN
DHX9_HUMAN,RECQ4_HUMAN
DHX9_HUMAN,Z804A_HUMAN
DHX9_HUMAN,AT8B2_HUMAN
DHX9_HUMAN,M10L1_HUMAN
DHX9_HUMAN,WWC3_HUMAN
DHX9_HUMAN,EGF_HUMAN
DHX9_HUMAN,EGFR_HUMAN
DHX9_HUMAN,BRPF1_HUMAN
DHX9_HUMAN,DGKD_HUMAN
DHX9_HUMAN,ZEB2_HUMAN
DHX9_HUMAN,A0A024RCN9_HUMAN
DHX9_HUMAN,DZIP3_HUMAN
DHX9_HUMAN,EHMT2_HUMAN
DHX9_HUMAN,PLCB1_HUMAN
DHX9_HUMAN,HIPK3_HUMAN
DHX9_HUMAN,S4A7_HUMAN
DHX9_HUMAN,RELCH_HUMAN
DHX9_HUMAN,GRM5_HUMAN
DHX9_HUMAN,HDAC6_HUMAN
DHX9_HUMAN,TRPM4_HUMAN
DHX9_HUMAN,SMRC2_HUMAN
DHX9_HUMAN,TIM_HUMAN
DHX9_HUMAN,PTPRO_HUMAN
PLCG2_HUMAN,E2QRD4_HUMAN
PLCG2_HUMAN,AT131_HUMAN
PLCG2_HUMAN,E9PKY2_HUMAN
PLCG2_HUMAN,A0A8I5KXH8_HUMAN
PLCG2_HUMAN,PAR3L_HUMAN
PLCG2_HUMAN,PAN2_HUMAN
PLCG2_HUMAN,A0A8I5KYB6_HUMAN
PLCG2_HUMAN,H7C2C6_HUMAN
PLCG2_HUMAN,BRPF3_HUMAN
PLCG2_HUMAN,A0A1B0GW50_HUMAN
PLCG2_HUMAN,LIPA1_HUMAN
PLCG2_HUMAN,CMTA2_HUMAN
PLCG2_HUMAN,INT2_HUMAN
PLCG2_HUMAN,PTC2_HUMAN
PLCG2_HUMAN,XPO5_HUMAN
PLCG2_HUMAN,CING_HUMAN
PLCG2_HUMAN,NOS3_HUMAN
PLCG2_HUMAN,ATS3_HUMAN
PLCG2_HUMAN,HCN4_HUMAN
ERBB2_HUMAN,AT134_HUMAN
ERBB2_HUMAN,DEND3_HUMAN
ERBB2_HUMAN,DIAP3_HUMAN
ERBB2_HUMAN,FND3A_HUMAN
ERBB2_HUMAN,A0A6Q8PF96_HUMAN
ERBB2_HUMAN,A0A2R8YG32_HUMAN
ERBB2_HUMAN,TTLL4_HUMAN
ERBB2_HUMAN,IGSF3_HUMAN
ERBB2_HUMAN,A0A3B3ISP1_HUMAN
ERBB2_HUMAN,A0A140VK17_HUMAN
ERBB2_HUMAN,E7EU13_HUMAN
ERBB2_HUMAN,MTMR4_HUMAN
ERBB2_HUMAN,F8W8P5_HUMAN
ERBB2_HUMAN,AHI1_HUMAN
ERBB2_HUMAN,NALP5_HUMAN
ERBB2_HUMAN,SMC2_HUMAN
ERBB2_HUMAN,GRM1_HUMAN
ERBB2_HUMAN,J3QSD7_HUMAN
ERBB2_HUMAN,DHX30_HUMAN
ERBB2_HUMAN,RGS3_HUMAN
ERBB2_HUMAN,LAMC2_HUMAN
ERBB2_HUMAN,SPAG5_HUMAN
ERBB2_HUMAN,TREF1_HUMAN
ERBB2_HUMAN,TAF2_HUMAN
ERBB2_HUMAN,ZBT38_HUMAN
ERBB2_HUMAN,LIPA3_HUMAN
ERBB2_HUMAN,MTMR3_HUMAN
ERBB2_HUMAN,PER3_HUMAN
ERBB2_HUMAN,HIPK2_HUMAN
ERBB2_HUMAN,SYDE2_HUMAN
ERBB2_HUMAN,KCNH7_HUMAN
RS24_HUMAN,A0A087WT34_HUMAN
RS24_HUMAN,A0A0A0MSS4_HUMAN
RS24_HUMAN,A0A087WZ68_HUMAN
RS24_HUMAN,F136A_HUMAN
RS24_HUMAN,A0A384MR27_HUMAN
RS24_HUMAN,A0A1W2PQB6_HUMAN
RS24_HUMAN,A0A087WWX0_HUMAN
RS24_HUMAN,A0A3B3IT57_HUMAN
RS24_HUMAN,A0A087WZE9_HUMAN
RS24_HUMAN,A0A2R8Y6U9_HUMAN
RS24_HUMAN,A0A0S2Z5L4_HUMAN
RS24_HUMAN,B8ZZX4_HUMAN
RS24_HUMAN,A0A2R8YEB4_HUMAN
RS24_HUMAN,A0A384NL93_HUMAN
RS24_HUMAN,H3BUG0_HUMAN
RS24_HUMAN,A0A348GSI1_HUMAN
RS24_HUMAN,A2ACR0_HUMAN
RS24_HUMAN,A2A2E6_HUMAN
RS24_HUMAN,A0A494C1U4_HUMAN
RS24_HUMAN,D6RF72_HUMAN
RS24_HUMAN,A0A7P0Z4M7_HUMAN
RS24_HUMAN,B4DM58_HUMAN
RS24_HUMAN,C9J1E2_HUMAN
RS24_HUMAN,C9J5D1_HUMAN
RS24_HUMAN,C9JFQ5_HUMAN
RS24_HUMAN,B0QYY6_HUMAN
RS24_HUMAN,B2R4P9_HUMAN
RS24_HUMAN,CMIP1_HUMAN
RS24_HUMAN,C9J4X5_HUMAN
RS24_HUMAN,F6UDC6_HUMAN
RS24_HUMAN,E9PSE8_HUMAN
RS24_HUMAN,FABP4_HUMAN
RS24_HUMAN,C9J1R4_HUMAN
RS24_HUMAN,B8ZZZ1_HUMAN
RS24_HUMAN,E7EQW7_HUMAN
RS24_HUMAN,C9J8F8_HUMAN
RS24_HUMAN,B4DZG7_HUMAN
RS24_HUMAN,H2A2A_HUMAN
RS24_HUMAN,INSL5_HUMAN
RS24_HUMAN,C9JCG6_HUMAN
RS24_HUMAN,C9J347_HUMAN
RS24_HUMAN,C9JD65_HUMAN
RS24_HUMAN,F6S2B7_HUMAN
RS24_HUMAN,MOFA1_HUMAN
RS24_HUMAN,C9JA36_HUMAN
RS24_HUMAN,C9JGN4_HUMAN
RS24_HUMAN,K7EJ26_HUMAN
RS24_HUMAN,C9JNM8_HUMAN
RS24_HUMAN,CYTL1_HUMAN
RS24_HUMAN,Q6FHG5_HUMAN
RS24_HUMAN,C9JHF5_HUMAN
RS24_HUMAN,D6RIR6_HUMAN
RS24_HUMAN,C9JZ71_HUMAN
RS24_HUMAN,CSAG2_HUMAN
RS24_HUMAN,H0YBG2_HUMAN
RS24_HUMAN,D6RC02_HUMAN
RS24_HUMAN,ANFB_HUMAN
RS24_HUMAN,D6RGK3_HUMAN
RS24_HUMAN,D6RAU8_HUMAN
RS24_HUMAN,CF144_HUMAN
RS24_HUMAN,D6RGI6_HUMAN
RS24_HUMAN,D6RIX3_HUMAN
RS24_HUMAN,D6RFL1_HUMAN
RS24_HUMAN,E5RFH7_HUMAN
RS24_HUMAN,E5RJB8_HUMAN
RS24_HUMAN,F8VS54_HUMAN
RS24_HUMAN,E9PS06_HUMAN
RS24_HUMAN,F8VWX0_HUMAN
RS24_HUMAN,D6RIY1_HUMAN
RS24_HUMAN,E5RFX7_HUMAN
RS24_HUMAN,F6SXL5_HUMAN
RS24_HUMAN,E7EV32_HUMAN
RS24_HUMAN,E5RJU4_HUMAN
RS24_HUMAN,H7C1D7_HUMAN
RS24_HUMAN,H3BMR4_HUMAN
RS24_HUMAN,F241A_HUMAN
RS24_HUMAN,E7EUY5_HUMAN
RS24_HUMAN,H3BNI7_HUMAN
RS24_HUMAN,F8W0L1_HUMAN
RS24_HUMAN,H7C4V7_HUMAN
RS24_HUMAN,H3BNA0_HUMAN
RS24_HUMAN,J3QLP2_HUMAN
RS24_HUMAN,F5GY51_HUMAN
RS24_HUMAN,E9PKL5_HUMAN
RS24_HUMAN,H0YMN8_HUMAN
RS24_HUMAN,H0YEL7_HUMAN
RS24_HUMAN,H3BUS8_HUMAN
RS24_HUMAN,E9PMD3_HUMAN
RS24_HUMAN,E9PPQ2_HUMAN
RS24_HUMAN,U3KQ53_HUMAN
RS24_HUMAN,I27L2_HUMAN
RS24_HUMAN,B8ZZW7_HUMAN
RS24_HUMAN,I3L3Z2_HUMAN
RS24_HUMAN,H0YLI6_HUMAN
RS24_HUMAN,H2A2C_HUMAN
RS24_HUMAN,E5RH35_HUMAN
RS24_HUMAN,H2A1D_HUMAN
RS24_HUMAN,H37_HUMAN
RS24_HUMAN,F6VY12_HUMAN
RS24_HUMAN,H0Y9H7_HUMAN
P121A_HUMAN,ZNF91_HUMAN
P121A_HUMAN,A0A8I5KUI5_HUMAN
P121A_HUMAN,A0A8I5KYV3_HUMAN
P121A_HUMAN,HAIR_HUMAN
P121A_HUMAN,PKHG4_HUMAN
P121A_HUMAN,RHG20_HUMAN
P121A_HUMAN,A0A1B0GTN9_HUMAN
P121A_HUMAN,WWC2_HUMAN
P121A_HUMAN,Q5T1Z4_HUMAN
P121A_HUMAN,E9PEJ6_HUMAN
P121A_HUMAN,A0A2R8Y559_HUMAN
P121A_HUMAN,PKP4_HUMAN
P121A_HUMAN,A0A7I2V5L8_HUMAN
P121A_HUMAN,ATN1_HUMAN
P121A_HUMAN,AT8A2_HUMAN
P121A_HUMAN,ITA11_HUMAN
P121A_HUMAN,A0A2R8Y440_HUMAN
P121A_HUMAN,RC3H2_HUMAN
P121A_HUMAN,A0A8I5KQ16_HUMAN
P121A_HUMAN,AGAP2_HUMAN
P121A_HUMAN,ZO2_HUMAN
P121A_HUMAN,A0A8I5KUU2_HUMAN
P121A_HUMAN,WAPL_HUMAN
P121A_HUMAN,AT8B4_HUMAN
P121A_HUMAN,BAIP3_HUMAN
P121A_HUMAN,TYK2_HUMAN
P121A_HUMAN,SHIP1_HUMAN
P121A_HUMAN,TBCD_HUMAN
P121A_HUMAN,ARI5B_HUMAN
P121A_HUMAN,RTN4_HUMAN
P121A_HUMAN,PTN14_HUMAN
P121A_HUMAN,FBX38_HUMAN
P121A_HUMAN,DAB2P_HUMAN
SKI2_HUMAN,A0A804HJ75_HUMAN
SKI2_HUMAN,A0A0D9SF58_HUMAN
SKI2_HUMAN,LIPA4_HUMAN
SKI2_HUMAN,PCD12_HUMAN
SKI2_HUMAN,PLCB2_HUMAN
SKI2_HUMAN,A0A7I2V4L2_HUMAN
SKI2_HUMAN,A0A7P0T7Z8_HUMAN
SKI2_HUMAN,FBLN2_HUMAN
SKI2_HUMAN,CILP1_HUMAN
SKI2_HUMAN,ERCC5_HUMAN
SKI2_HUMAN,PALB2_HUMAN
SKI2_HUMAN,PUM1_HUMAN
SKI2_HUMAN,ZMYD8_HUMAN
RS25_HUMAN,Q6FGL7_HUMAN
RS25_HUMAN,J3QKQ0_HUMAN
RS25_HUMAN,C9JMI3_HUMAN
RS25_HUMAN,A0A384NPU2_HUMAN
RS25_HUMAN,KCNE1_HUMAN
RS25_HUMAN,SRSP_HUMAN
RS25_HUMAN,ODAPH_HUMAN
RS25_HUMAN,A0A6Q8PFH6_HUMAN
RS25_HUMAN,H3BQV8_HUMAN
RS25_HUMAN,FABP6_HUMAN
RS25_HUMAN,H0YH08_HUMAN
RS25_HUMAN,Q6FHJ6_HUMAN
RS25_HUMAN,H2A1J_HUMAN
RS25_HUMAN,MNS60_HUMAN
RS25_HUMAN,H7C040_HUMAN
RS25_HUMAN,H0YKS2_HUMAN
RS25_HUMAN,TCL1B_HUMAN
RS25_HUMAN,H2A1_HUMAN
RS25_HUMAN,H3BTR6_HUMAN
RS25_HUMAN,I3L383_HUMAN
RS25_HUMAN,I3L2R2_HUMAN
RS25_HUMAN,J3QRM9_HUMAN
RS25_HUMAN,K7EN69_HUMAN
RS25_HUMAN,A0A140VJN0_HUMAN
RS25_HUMAN,KRA56_HUMAN
RS25_HUMAN,KRA21_HUMAN
RS25_HUMAN,OTOR_HUMAN
RS25_HUMAN,K7EK53_HUMAN
RS25_HUMAN,KRA23_HUMAN
RS25_HUMAN,C9J8R4_HUMAN
RS25_HUMAN,PHS2_HUMAN
RS25_HUMAN,D6RAI1_HUMAN
RS25_HUMAN,KRA24_HUMAN
RS25_HUMAN,F8VS95_HUMAN
RS25_HUMAN,X6R7Q1_HUMAN
RS25_HUMAN,PAIP2_HUMAN
RS25_HUMAN,J3KRZ9_HUMAN
RS25_HUMAN,B2R4S9_HUMAN
RS25_HUMAN,E5RJZ7_HUMAN
RS25_HUMAN,LLPH_HUMAN
RS25_HUMAN,FSHB_HUMAN
RS25_HUMAN,K7EIW3_HUMAN
RS25_HUMAN,MR1L1_HUMAN
RS25_HUMAN,H0YKK5_HUMAN
RS25_HUMAN,MIA_HUMAN
RS25_HUMAN,LERL1_HUMAN
RS25_HUMAN,C9JQ17_HUMAN
RS25_HUMAN,E7ETK0_HUMAN
RS25_HUMAN,E9PPS9_HUMAN
RS25_HUMAN,A0A6Q8PGM6_HUMAN
RS25_HUMAN,E5RIW4_HUMAN
RS25_HUMAN,Q8TEV7_HUMAN
RS25_HUMAN,PP1RB_HUMAN
RS25_HUMAN,SH21A_HUMAN
RS25_HUMAN,LIMD2_HUMAN
RS25_HUMAN,B1AKZ4_HUMAN
RS25_HUMAN,A8MX07_HUMAN
RS25_HUMAN,H2B2F_HUMAN
RS25_HUMAN,B8ZZA1_HUMAN
RS25_HUMAN,H0YKV4_HUMAN
RS25_HUMAN,A6NFY0_HUMAN
RS25_HUMAN,C9JVV5_HUMAN
RS25_HUMAN,E9PCY9_HUMAN
RS25_HUMAN,CXCL7_HUMAN
RS25_HUMAN,C9IYJ9_HUMAN
RS25_HUMAN,Q9BR54_HUMAN
RS25_HUMAN,H3BPG1_HUMAN
RS25_HUMAN,H2B1C_HUMAN
RS25_HUMAN,OSTB_HUMAN
RS25_HUMAN,K7EN03_HUMAN
RS25_HUMAN,Q5JYG5_HUMAN
RS25_HUMAN,V5IRT4_HUMAN
RS25_HUMAN,STH_HUMAN
RS25_HUMAN,LY6D_HUMAN
RS25_HUMAN,H2B1D_HUMAN
RS25_HUMAN,I3L329_HUMAN
RS25_HUMAN,H2B1B_HUMAN
RS25_HUMAN,H2B1H_HUMAN
RS25_HUMAN,BEX2_HUMAN
RS25_HUMAN,H0Y4A8_HUMAN
RS25_HUMAN,J9JIE0_HUMAN
RS25_HUMAN,H2B1L_HUMAN
RS25_HUMAN,H2B3B_HUMAN
RS25_HUMAN,F8VUA6_HUMAN
RS25_HUMAN,EMC5_HUMAN
RS25_HUMAN,NDUA6_HUMAN
RS25_HUMAN,D6RHG2_HUMAN
RS25_HUMAN,C9JGH7_HUMAN
RS25_HUMAN,C9J2X8_HUMAN
RS25_HUMAN,A0A0U1RQK9_HUMAN
RS25_HUMAN,H3BSB3_HUMAN
RS25_HUMAN,H2B1M_HUMAN
RS25_HUMAN,TNR12_HUMAN
RS25_HUMAN,SYUG_HUMAN
RS25_HUMAN,E7EUD1_HUMAN
RS25_HUMAN,H2B1O_HUMAN
RS25_HUMAN,H2B1N_HUMAN
RS25_HUMAN,H7C0M7_HUMAN
RS25_HUMAN,K7EL08_HUMAN
RS25_HUMAN,H0YEQ5_HUMAN
RL31_HUMAN,NTF2_HUMAN
RL31_HUMAN,GEMI7_HUMAN
RL31_HUMAN,H2B1K_HUMAN
RL31_HUMAN,G3V3T6_HUMAN
RL31_HUMAN,H2B2E_HUMAN
RL31_HUMAN,COX5B_HUMAN
RL31_HUMAN,H0YK58_HUMAN
RL31_HUMAN,H2BFS_HUMAN
RL31_HUMAN,H0YK07_HUMAN
RL31_HUMAN,Q0D2M2_HUMAN
RL31_HUMAN,TXND8_HUMAN
RL31_HUMAN,Q9NP10_HUMAN
RL31_HUMAN,K7EM24_HUMAN
RL31_HUMAN,CISD3_HUMAN
RL31_HUMAN,C9JNE2_HUMAN
RL31_HUMAN,IFI6_HUMAN
RL31_HUMAN,PEA15_HUMAN
RL31_HUMAN,FABPL_HUMAN
RL31_HUMAN,A6NDA1_HUMAN
RL31_HUMAN,A0A2R8Y849_HUMAN
RL31_HUMAN,H0YNW3_HUMAN
RL31_HUMAN,OREX_HUMAN
RL31_HUMAN,OBRG_HUMAN
RL31_HUMAN,RL22_HUMAN
RL31_HUMAN,INSL3_HUMAN
RL31_HUMAN,F5GYB4_HUMAN
RL31_HUMAN,H3BN72_HUMAN
RL31_HUMAN,H0YMQ4_HUMAN
RL31_HUMAN,H3BQ23_HUMAN
RL31_HUMAN,H3BQQ4_HUMAN
RL31_HUMAN,H2A1C_HUMAN
RL31_HUMAN,PHLA3_HUMAN
RL31_HUMAN,GPHA2_HUMAN
RL31_HUMAN,H2B1A_HUMAN
RL31_HUMAN,J3QL05_HUMAN
RL31_HUMAN,UQCC2_HUMAN
RL31_HUMAN,PFD6_HUMAN
RL31_HUMAN,RPA12_HUMAN
RL31_HUMAN,PIN4_HUMAN
RL31_HUMAN,H0YHG7_HUMAN
RL31_HUMAN,BATF3_HUMAN
RL31_HUMAN,SMD3_HUMAN
RL31_HUMAN,CD59_HUMAN
RL31_HUMAN,CALCB_HUMAN
RL31_HUMAN,F8VS66_HUMAN
RL31_HUMAN,S4R360_HUMAN
RL31_HUMAN,GPHB5_HUMAN
RL31_HUMAN,TKN1_HUMAN
RL31_HUMAN,H2A1B_HUMAN
RL31_HUMAN,RL40_HUMAN
RL31_HUMAN,Q9NSS8_HUMAN
RL31_HUMAN,CBY1_HUMAN
RL31_HUMAN,H2AZ_HUMAN
RL31_HUMAN,NDUB4_HUMAN
RL31_HUMAN,NH2L1_HUMAN
RL31_HUMAN,Q6IBA2_HUMAN
RL31_HUMAN,MED31_HUMAN
RL31_HUMAN,NDUB6_HUMAN
RL31_HUMAN,Q6ICT4_HUMAN
RL31_HUMAN,ISCA1_HUMAN
RL31_HUMAN,APOC4_HUMAN
RL31_HUMAN,RPAB2_HUMAN
RL31_HUMAN,GLPC_HUMAN
RL31_HUMAN,RS15A_HUMAN
RL31_HUMAN,MTURN_HUMAN
RL31_HUMAN,H2B1J_HUMAN
RL31_HUMAN,H2AV_HUMAN
RL31_HUMAN,HINT1_HUMAN
RL31_HUMAN,ALKL1_HUMAN
RL31_HUMAN,MPC2_HUMAN
RL31_HUMAN,RM51_HUMAN
RL31_HUMAN,RT14_HUMAN
RL31_HUMAN,TCP4_HUMAN
RL31_HUMAN,PROK2_HUMAN
RL31_HUMAN,CHRC1_HUMAN
RL31_HUMAN,CCL28_HUMAN
RL31_HUMAN,RM55_HUMAN
RL31_HUMAN,RT17_HUMAN
RL31_HUMAN,CALCA_HUMAN
RL31_HUMAN,O14956_HUMAN
RL31_HUMAN,C10_HUMAN
RL31_HUMAN,Q9HB64_HUMAN
RL31_HUMAN,H2A3_HUMAN
RL31_HUMAN,LY6E_HUMAN
RL31_HUMAN,ANFC_HUMAN
RL31_HUMAN,CDKA2_HUMAN
PAIP2_HUMAN,K7ENR2_HUMAN
PAIP2_HUMAN,SH21B_HUMAN
PAIP2_HUMAN,M0QXX5_HUMAN
PAIP2_HUMAN,K7EK07_HUMAN
PAIP2_HUMAN,LY66D_HUMAN
PAIP2_HUMAN,M0QYM8_HUMAN
PAIP2_HUMAN,C9JWH0_HUMAN
PAIP2_HUMAN,OSTN_HUMAN
PAIP2_HUMAN,H3BSI4_HUMAN
PAIP2_HUMAN,Q15302_HUMAN
PAIP2_HUMAN,B3KVY5_HUMAN
PAIP2_HUMAN,PDRG1_HUMAN
PAIP2_HUMAN,T170B_HUMAN
PAIP2_HUMAN,IFM2_HUMAN
PAIP2_HUMAN,TAFA3_HUMAN
PAIP2_HUMAN,F174C_HUMAN
PAIP2_HUMAN,C9J276_HUMAN
PAIP2_HUMAN,RPAC2_HUMAN
PAIP2_HUMAN,F5H8I0_HUMAN
PAIP2_HUMAN,FABPI_HUMAN
PAIP2_HUMAN,F8VNT9_HUMAN
PAIP2_HUMAN,D6R9C9_HUMAN
PAIP2_HUMAN,SNR25_HUMAN
PAIP2_HUMAN,H0YKF1_HUMAN
PAIP2_HUMAN,E5RFP0_HUMAN
PAIP2_HUMAN,B0QYT4_HUMAN
PAIP2_HUMAN,ASIP_HUMAN
PAIP2_HUMAN,IFM5_HUMAN
PAIP2_HUMAN,E5RFP7_HUMAN
PAIP2_HUMAN,RS30_HUMAN
PAIP2_HUMAN,M0QXM9_HUMAN
PAIP2_HUMAN,MYP2_HUMAN
PAIP2_HUMAN,HEN1_HUMAN
PAIP2_HUMAN,IFT20_HUMAN
PAIP2_HUMAN,TAFA1_HUMAN
PAIP2_HUMAN,LSM1_HUMAN
PAIP2_HUMAN,SLPI_HUMAN
PAIP2_HUMAN,GOT1A_HUMAN
PAIP2_HUMAN,F8W061_HUMAN
PAIP2_HUMAN,FABPH_HUMAN
PAIP2_HUMAN,IFM3_HUMAN
PAIP2_HUMAN,AGRP_HUMAN
PAIP2_HUMAN,RS12_HUMAN
PAIP2_HUMAN,EPPI_HUMAN
PAIP2_HUMAN,TAFA5_HUMAN
PAIP2_HUMAN,RS24_HUMAN
PAIP2_HUMAN,NDP_HUMAN
PAIP2_HUMAN,FABP7_HUMAN
PAIP2_HUMAN,LEG2_HUMAN
PAIP2_HUMAN,ARF_HUMAN
SLPI_HUMAN,H7BYH4_HUMAN
SLPI_HUMAN,RET5_HUMAN
SLPI_HUMAN,KRA42_HUMAN
SLPI_HUMAN,Q14755_HUMAN
SLPI_HUMAN,H0Y8R3_HUMAN
SLPI_HUMAN,KISS1_HUMAN
SLPI_HUMAN,K7EMT0_HUMAN
SLPI_HUMAN,HPIP_HUMAN
SLPI_HUMAN,MPC1L_HUMAN
SLPI_HUMAN,C9JEN1_HUMAN
SLPI_HUMAN,KR151_HUMAN
SLPI_HUMAN,LEG7_HUMAN
SLPI_HUMAN,OX26_HUMAN
SLPI_HUMAN,PIRC1_HUMAN
SLPI_HUMAN,G3V3Z0_HUMAN
SLPI_HUMAN,Q6JSD8_HUMAN
SLPI_HUMAN,Q9Y423_HUMAN
SLPI_HUMAN,C9JBU8_HUMAN
SLPI_HUMAN,PROL4_HUMAN
SLPI_HUMAN,S4R3Q0_HUMAN
SLPI_HUMAN,RABP1_HUMAN
SLPI_HUMAN,UCMA_HUMAN
SLPI_HUMAN,RET2_HUMAN
SLPI_HUMAN,J3QL02_HUMAN
SLPI_HUMAN,SMR3A_HUMAN
SLPI_HUMAN,B8ZZK0_HUMAN
SLPI_HUMAN,Q13335_HUMAN
SLPI_HUMAN,T22D3_HUMAN
SLPI_HUMAN,TM203_HUMAN
SLPI_HUMAN,E9PLZ0_HUMAN
SLPI_HUMAN,A0A8C8KJZ9_HUMAN
SLPI_HUMAN,H0Y8R5_HUMAN
SLPI_HUMAN,A0A0D9SFS4_HUMAN
SLPI_HUMAN,C9JP48_HUMAN
SLPI_HUMAN,F8VXJ5_HUMAN
SLPI_HUMAN,E5RJP8_HUMAN
SLPI_HUMAN,Q5TEH5_HUMAN
SLPI_HUMAN,PBOV1_HUMAN
SLPI_HUMAN,J3QLL0_HUMAN
SLPI_HUMAN,M0QX64_HUMAN
SLPI_HUMAN,H0YAL7_HUMAN
SLPI_HUMAN,J3QRD0_HUMAN
SLPI_HUMAN,K7ES72_HUMAN
SLPI_HUMAN,S4R338_HUMAN
SLPI_HUMAN,C9JYM0_HUMAN
SLPI_HUMAN,C9J313_HUMAN
SLPI_HUMAN,A0A0D9SGB2_HUMAN
SLPI_HUMAN,I3L1I9_HUMAN
SLPI_HUMAN,A8MUH3_HUMAN
SLPI_HUMAN,F5H867_HUMAN
SLPI_HUMAN,M0R2F5_HUMAN
SLPI_HUMAN,NANO2_HUMAN
SLPI_HUMAN,I3L1P1_HUMAN
SLPI_HUMAN,J3KTC8_HUMAN
SLPI_HUMAN,K7ESC2_HUMAN
SLPI_HUMAN,RIDA_HUMAN
SLPI_HUMAN,H3C_HUMAN
SLPI_HUMAN,A0A384ME44_HUMAN
SLPI_HUMAN,B4DUA4_HUMAN
SLPI_HUMAN,H31_HUMAN
SLPI_HUMAN,A0A1B0GVV0_HUMAN
SLPI_HUMAN,C9JSL4_HUMAN
SLPI_HUMAN,K7EMI0_HUMAN
SLPI_HUMAN,H31T_HUMAN
SLPI_HUMAN,SRXN1_HUMAN
SLPI_HUMAN,H0Y8H1_HUMAN
SLPI_HUMAN,E9PJH5_HUMAN
SLPI_HUMAN,A0A087WUS8_HUMAN
SLPI_HUMAN,M0R302_HUMAN
SLPI_HUMAN,SNAPN_HUMAN
SLPI_HUMAN,E9PJW4_HUMAN
SLPI_HUMAN,CENPS_HUMAN
SLPI_HUMAN,B1ALM7_HUMAN
SLPI_HUMAN,D6RD47_HUMAN
SLPI_HUMAN,H32_HUMAN
SLPI_HUMAN,CYB5_HUMAN
SLPI_HUMAN,C9J2F9_HUMAN
SLPI_HUMAN,RM41_HUMAN
SLPI_HUMAN,A0A7P0T8E0_HUMAN
SLPI_HUMAN,ID2_HUMAN
SLPI_HUMAN,H7BZG1_HUMAN
SLPI_HUMAN,A0A0D9SER3_HUMAN
SLPI_HUMAN,RGCC_HUMAN
SLPI_HUMAN,K7ENE7_HUMAN
SLPI_HUMAN,TM100_HUMAN
SLPI_HUMAN,CISD2_HUMAN
SLPI_HUMAN,KTAP2_HUMAN
SLPI_HUMAN,HEN2_HUMAN
SLPI_HUMAN,H7C111_HUMAN
SLPI_HUMAN,PFD4_HUMAN
SLPI_HUMAN,H3Y1_HUMAN
SLPI_HUMAN,RABP2_HUMAN
SLPI_HUMAN,RET1_HUMAN
SLPI_HUMAN,AROS_HUMAN
SLPI_HUMAN,MED10_HUMAN
SLPI_HUMAN,LEG1_HUMAN
SLPI_HUMAN,RL27_HUMAN
SLPI_HUMAN,C9JG19_HUMAN
SLPI_HUMAN,GATC_HUMAN
SLPI_HUMAN,SRP14_HUMAN
RL22_HUMAN,O15202_HUMAN
RL22_HUMAN,SYUB_HUMAN
RL22_HUMAN,IL5_HUMAN
RL22_HUMAN,D6RIS4_HUMAN
RL22_HUMAN,CPLX2_HUMAN
RL22_HUMAN,ZN593_HUMAN
RL22_HUMAN,CPLX1_HUMAN
RL22_HUMAN,CCL21_HUMAN
RS12_HUMAN,K7EP04_HUMAN
RS12_HUMAN,GOT1B_HUMAN
RS12_HUMAN,RL28_HUMAN
RS12_HUMAN,FABP5_HUMAN
RS12_HUMAN,H33_HUMAN
RS12_HUMAN,LACRT_HUMAN
RS12_HUMAN,RL32_HUMAN
RS12_HUMAN,RS17_HUMAN
RS12_HUMAN,LTO1_HUMAN
RS12_HUMAN,CST11_HUMAN
RS12_HUMAN,TSHB_HUMAN
RS12_HUMAN,GOGA7_HUMAN
RS12_HUMAN,BOLA1_HUMAN
RS12_HUMAN,RT16_HUMAN
RS12_HUMAN,RNK_HUMAN
RS12_HUMAN,RT12_HUMAN
RS12_HUMAN,AT5G1_HUMAN
RS12_HUMAN,CDN2B_HUMAN
RS12_HUMAN,NDUB7_HUMAN
RS12_HUMAN,RM54_HUMAN
RS12_HUMAN,RCAF1_HUMAN
RS12_HUMAN,PA2G5_HUMAN
RL27_HUMAN,A0A2R8Y2A9_HUMAN
RL27_HUMAN,A0A384MTY2_HUMAN
RL27_HUMAN,H3BNZ3_HUMAN
RL27_HUMAN,A0A0C4DGL3_HUMAN
RL27_HUMAN,D6RDX9_HUMAN
RL27_HUMAN,C9J1I1_HUMAN
RL27_HUMAN,ACO13_HUMAN
RL27_HUMAN,C9J4X8_HUMAN
RL27_HUMAN,AT5G2_HUMAN
RL27_HUMAN,CYTD_HUMAN
RL27_HUMAN,C9JQA7_HUMAN
RL27_HUMAN,AT5G3_HUMAN
RL27_HUMAN,CC022_HUMAN
RL27_HUMAN,E1CJT4_HUMAN
RL27_HUMAN,CNIH4_HUMAN
RL27_HUMAN,CYTN_HUMAN
RL27_HUMAN,H0YHX3_HUMAN
RL27_HUMAN,G3V3Q2_HUMAN
RL27_HUMAN,A0A1B0GUL0_HUMAN
RL27_HUMAN,M0R0Z6_HUMAN
RL27_HUMAN,ERG28_HUMAN
RL27_HUMAN,H0Y7A2_HUMAN
RL27_HUMAN,H7C5C7_HUMAN
RL27_HUMAN,CYTT_HUMAN
RL27_HUMAN,E9PS33_HUMAN
RL27_HUMAN,CST8_HUMAN
RL27_HUMAN,PPL13_HUMAN
RL27_HUMAN,M0R2G6_HUMAN
RL27_HUMAN,F5GXM3_HUMAN
RL27_HUMAN,H3BPM9_HUMAN
RL27_HUMAN,H0YC39_HUMAN
RL27_HUMAN,FKBP2_HUMAN
RL27_HUMAN,ATG12_HUMAN
RL27_HUMAN,G3V3X6_HUMAN
RL27_HUMAN,H0YMA0_HUMAN
RL27_HUMAN,I3NI53_HUMAN
RL27_HUMAN,NR2CA_HUMAN
RL27_HUMAN,H7BYT4_HUMAN
RL27_HUMAN,LEG16_HUMAN
RL27_HUMAN,J3QKZ5_HUMAN
RL27_HUMAN,HBAT_HUMAN
RL27_HUMAN,HBAZ_HUMAN
RL27_HUMAN,M0QZB9_HUMAN
RL27_HUMAN,HMSD_HUMAN
RL27_HUMAN,E9PH05_HUMAN
RL27_HUMAN,C9J172_HUMAN
RL27_HUMAN,BL1S2_HUMAN
RL27_HUMAN,K7ER70_HUMAN
RL27_HUMAN,BIRC5_HUMAN
RL27_HUMAN,M0R1C6_HUMAN
RL27_HUMAN,NRN1_HUMAN
RL27_HUMAN,K7ES22_HUMAN
RL27_HUMAN,OPALI_HUMAN
RL27_HUMAN,D6REN1_HUMAN
RL27_HUMAN,REL3_HUMAN
RL27_HUMAN,Q549C5_HUMAN
RL27_HUMAN,TMM18_HUMAN
RL27_HUMAN,RDD1_HUMAN
RL27_HUMAN,GUSP1_HUMAN
RL27_HUMAN,TAFA4_HUMAN
RL27_HUMAN,H7BZW6_HUMAN
RL27_HUMAN,D6RJH7_HUMAN
RL27_HUMAN,A0A0A0MSG8_HUMAN
RL27_HUMAN,TM242_HUMAN
RL27_HUMAN,J3KS65_HUMAN
RL27_HUMAN,V9GZ70_HUMAN
RL27_HUMAN,Q5TD05_HUMAN
RL27_HUMAN,S4R3W9_HUMAN
RL27_HUMAN,U3KPY6_HUMAN
RL27_HUMAN,K7EID9_HUMAN
RL27_HUMAN,LYPD1_HUMAN
RL27_HUMAN,J3KQN4_HUMAN
RL27_HUMAN,TM107_HUMAN
RL27_HUMAN,Q5JXI0_HUMAN
RL27_HUMAN,TPC2A_HUMAN
RL27_HUMAN,NXT1_HUMAN
RL27_HUMAN,A0A804HKT1_HUMAN
RL27_HUMAN,Q6IBE5_HUMAN
RL27_HUMAN,MSMP_HUMAN
RL27_HUMAN,TPC2B_HUMAN
RL27_HUMAN,PP13_HUMAN
RL27_HUMAN,HBA_HUMAN
RL27_HUMAN,NXT2_HUMAN
RL27_HUMAN,B0QYH2_HUMAN
RL27_HUMAN,INSL4_HUMAN
RL27_HUMAN,H3BV99_HUMAN
RL27_HUMAN,V9GY35_HUMAN
RL27_HUMAN,TM250_HUMAN
RL27_HUMAN,I3L3A0_HUMAN
RL27_HUMAN,O95098_HUMAN
RL27_HUMAN,E9PP83_HUMAN
RL27_HUMAN,A0A0D9SFG7_HUMAN
RL27_HUMAN,H0YE65_HUMAN
RL27_HUMAN,A0A087WXR6_HUMAN
RL27_HUMAN,D6R9C8_HUMAN
RL27_HUMAN,A0A140TA86_HUMAN
RL27_HUMAN,TOM22_HUMAN
RL27_HUMAN,A8K517_HUMAN
RL27_HUMAN,COTL1_HUMAN
RL27_HUMAN,COPT2_HUMAN
CBPC1_HUMAN,A0A5F9ZHW5_HUMAN
CBPC1_HUMAN,A0A087X256_HUMAN
CBPC1_HUMAN,IQEC3_HUMAN
CBPC1_HUMAN,TSP2_HUMAN
CBPC1_HUMAN,B7ZM68_HUMAN
CBPC1_HUMAN,A0A2R8Y5A6_HUMAN
CBPC1_HUMAN,A0A087WZG4_HUMAN
CBPC1_HUMAN,A0A5F9ZHX3_HUMAN
CBPC1_HUMAN,C9J2Y9_HUMAN
CBPC1_HUMAN,E9PD50_HUMAN
CBPC1_HUMAN,PTN21_HUMAN
CBPC1_HUMAN,SC31B_HUMAN
CBPC1_HUMAN,A0A804HK79_HUMAN
CBPC1_HUMAN,H0YGE2_HUMAN
CBPC1_HUMAN,F5H7S1_HUMAN
CBPC1_HUMAN,IQCN_HUMAN
CBPC1_HUMAN,E9PMP8_HUMAN
CBPC1_HUMAN,ITAE_HUMAN
CBPC1_HUMAN,ZCHC2_HUMAN
CBPC1_HUMAN,SORC1_HUMAN
CBPC1_HUMAN,A0A7P0Z4K3_HUMAN
CBPC1_HUMAN,PLCB4_HUMAN
CBPC1_HUMAN,J3KP92_HUMAN
CBPC1_HUMAN,D6RFY3_HUMAN
CBPC1_HUMAN,F5H658_HUMAN
CBPC1_HUMAN,ABL2_HUMAN
CBPC1_HUMAN,Q5SQL3_HUMAN
CBPC1_HUMAN,GSLG1_HUMAN
CBPC1_HUMAN,SLF2_HUMAN
CBPC1_HUMAN,ITA10_HUMAN
CBPC1_HUMAN,A0A2R8Y7F3_HUMAN
CBPC1_HUMAN,A0A494C0U1_HUMAN
CBPC1_HUMAN,A0A7I2V508_HUMAN
CBPC1_HUMAN,ZBED4_HUMAN
CBPC1_HUMAN,A0A494C1B8_HUMAN
CBPC1_HUMAN,A0A8I5KWK4_HUMAN
CBPC1_HUMAN,TRPM5_HUMAN
CBPC1_HUMAN,C9JFV4_HUMAN
CBPC1_HUMAN,LAMB3_HUMAN
CBPC1_HUMAN,D6RDW0_HUMAN
CBPC1_HUMAN,RBM33_HUMAN
CBPC1_HUMAN,A0A8I5QKX8_HUMAN
CBPC1_HUMAN,ITA1_HUMAN
CBPC1_HUMAN,A0A804HJV4_HUMAN
CBPC1_HUMAN,A0A8I5KQ98_HUMAN
CBPC1_HUMAN,RPB2_HUMAN
CBPC1_HUMAN,K7END7_HUMAN
CBPC1_HUMAN,TCPR1_HUMAN
CBPC1_HUMAN,H7BXY3_HUMAN
CBPC1_HUMAN,A0A7P0T959_HUMAN
CBPC1_HUMAN,A0A6I8PIV1_HUMAN
CBPC1_HUMAN,ITA2_HUMAN
CBPC1_HUMAN,MPP9_HUMAN
CBPC1_HUMAN,ITA7_HUMAN
CBPC1_HUMAN,LEPR_HUMAN
CBPC1_HUMAN,WASC4_HUMAN
CBPC1_HUMAN,NEK10_HUMAN
CBPC1_HUMAN,ADCY6_HUMAN
CBPC1_HUMAN,ANFY1_HUMAN
CBPC1_HUMAN,AT11B_HUMAN
CBPC1_HUMAN,NOL8_HUMAN
CBPC1_HUMAN,TNKS2_HUMAN
CBPC1_HUMAN,TSP1_HUMAN
CBPC1_HUMAN,SRCN1_HUMAN
CBPC1_HUMAN,WDR35_HUMAN
CBPC1_HUMAN,SYLC_HUMAN
CBPC1_HUMAN,ITAL_HUMAN
CBPC1_HUMAN,CTR9_HUMAN
CBPC1_HUMAN,FNIP1_HUMAN
CBPC1_HUMAN,PYC_HUMAN
CBPC1_HUMAN,FA83H_HUMAN
CBPC1_HUMAN,AT132_HUMAN
LEG1_HUMAN,GMFG_HUMAN
LEG1_HUMAN,MIA40_HUMAN
LEG1_HUMAN,G3V241_HUMAN
LEG1_HUMAN,H3BNV9_HUMAN
LEG1_HUMAN,A0A1W2PQ06_HUMAN
LEG1_HUMAN,C9JBS6_HUMAN
LEG1_HUMAN,Q5JV99_HUMAN
LEG1_HUMAN,H3BRD2_HUMAN
LEG1_HUMAN,CN119_HUMAN
LEG1_HUMAN,B8ZZF5_HUMAN
LEG1_HUMAN,PNRC2_HUMAN
LEG1_HUMAN,J3KPP0_HUMAN
LEG1_HUMAN,D6RDH4_HUMAN
LEG1_HUMAN,C9J5M4_HUMAN
LEG1_HUMAN,TPRXL_HUMAN
LEG1_HUMAN,LY6H_HUMAN
LEG1_HUMAN,K7ELS4_HUMAN
LEG1_HUMAN,CS012_HUMAN
LEG1_HUMAN,CENPA_HUMAN
LEG1_HUMAN,TPC2L_HUMAN
LEG1_HUMAN,PDZ11_HUMAN
LEG1_HUMAN,LSM4_HUMAN
LEG1_HUMAN,NINJ2_HUMAN
LEG1_HUMAN,PA2GE_HUMAN
LEG1_HUMAN,C1D_HUMAN
LEG1_HUMAN,VAMP4_HUMAN
LEG1_HUMAN,TRAC_HUMAN
LEG1_HUMAN,CALC_HUMAN
LEG1_HUMAN,POMP_HUMAN
LEG1_HUMAN,POP7_HUMAN
LEG1_HUMAN,GMFB_HUMAN
LEG1_HUMAN,PROF1_HUMAN
LEG1_HUMAN,TXN4A_HUMAN
LEG1_HUMAN,GSKIP_HUMAN
LEG1_HUMAN,LALBA_HUMAN
LEG1_HUMAN,RPB4_HUMAN
LEG1_HUMAN,SYUA_HUMAN
LEG1_HUMAN,AP2S1_HUMAN
LEG1_HUMAN,RM42_HUMAN
LEG1_HUMAN,RL23_HUMAN
LEG1_HUMAN,LSHB_HUMAN
LEG1_HUMAN,DYT2B_HUMAN
LEG1_HUMAN,NDUAB_HUMAN
LEG1_HUMAN,KCNE5_HUMAN
LEG1_HUMAN,Q13429_HUMAN
LEG1_HUMAN,PROF2_HUMAN
LEG1_HUMAN,ZSWM7_HUMAN
LEG1_HUMAN,CHC10_HUMAN
LEG1_HUMAN,RT18C_HUMAN
LEG1_HUMAN,LEG10_HUMAN
LEG1_HUMAN,CYTS_HUMAN
HDAC6_HUMAN,H7C5E4_HUMAN
HDAC6_HUMAN,A0A804HKW9_HUMAN
HDAC6_HUMAN,A0A494C1K3_HUMAN
HDAC6_HUMAN,A0A5F9ZI57_HUMAN
HDAC6_HUMAN,ITAD_HUMAN
HDAC6_HUMAN,A0A2R8YFV7_HUMAN
HDAC6_HUMAN,BMP2K_HUMAN
HDAC6_HUMAN,HEPH_HUMAN
HDAC6_HUMAN,CTSRG_HUMAN
HDAC6_HUMAN,SORC2_HUMAN
HDAC6_HUMAN,HPHL1_HUMAN
HDAC6_HUMAN,I3VM53_HUMAN
HDAC6_HUMAN,A0A6Q8PHN8_HUMAN
HDAC6_HUMAN,R51A2_HUMAN
HDAC6_HUMAN,A0A096LP25_HUMAN
HDAC6_HUMAN,A0A8C8L8G4_HUMAN
HDAC6_HUMAN,SIN3B_HUMAN
HDAC6_HUMAN,TTF2_HUMAN
HDAC6_HUMAN,A0A8I5KSV0_HUMAN
HDAC6_HUMAN,K7EM85_HUMAN
HDAC6_HUMAN,NPAP1_HUMAN
HDAC6_HUMAN,X5D9D2_HUMAN
HDAC6_HUMAN,A0A2R8Y5N2_HUMAN
HDAC6_HUMAN,A0A087WT53_HUMAN
HDAC6_HUMAN,A0A8I5KTL4_HUMAN
HDAC6_HUMAN,C9JYS6_HUMAN
HDAC6_HUMAN,H0Y9Y3_HUMAN
HDAC6_HUMAN,A0A2R8Y5S3_HUMAN
HDAC6_HUMAN,AFF4_HUMAN
HDAC6_HUMAN,C163A_HUMAN
HDAC6_HUMAN,A0A3B3IRQ9_HUMAN
HDAC6_HUMAN,A0A6I8PIT3_HUMAN
HDAC6_HUMAN,FHOD1_HUMAN
HDAC6_HUMAN,NU133_HUMAN
HDAC6_HUMAN,NRIP1_HUMAN
HDAC6_HUMAN,AT8A1_HUMAN
HDAC6_HUMAN,AEBP1_HUMAN
HDAC6_HUMAN,KCNH2_HUMAN
HDAC6_HUMAN,WASC5_HUMAN
HDAC6_HUMAN,TSC1_HUMAN
HDAC6_HUMAN,DHX37_HUMAN
HDAC6_HUMAN,ITAX_HUMAN
HDAC6_HUMAN,MAML2_HUMAN
HDAC6_HUMAN,KDM2A_HUMAN
HDAC6_HUMAN,NRDE2_HUMAN
PLCB1_HUMAN,A0A2R8YDE6_HUMAN
NOS3_HUMAN,CF251_HUMAN
NOS3_HUMAN,CA2D2_HUMAN
NOS3_HUMAN,V9GY86_HUMAN
NOS3_HUMAN,E9PF63_HUMAN
NOS3_HUMAN,MA2A1_HUMAN
NOS3_HUMAN,E9PDR5_HUMAN
NOS3_HUMAN,F8W7U0_HUMAN
NOS3_HUMAN,FOG2_HUMAN
NOS3_HUMAN,I3VM54_HUMAN
NOS3_HUMAN,KCNU1_HUMAN
NOS3_HUMAN,CAR11_HUMAN
NOS3_HUMAN,MYRF_HUMAN
NOS3_HUMAN,ADCY3_HUMAN
NOS3_HUMAN,A0A087X295_HUMAN
NOS3_HUMAN,MCM9_HUMAN
NOS3_HUMAN,K7EIP4_HUMAN
NOS3_HUMAN,OTOAN_HUMAN
NOS3_HUMAN,A0A8I5KX14_HUMAN
NOS3_HUMAN,A0A2R8Y6N0_HUMAN
NOS3_HUMAN,ATP9B_HUMAN
NOS3_HUMAN,STXB5_HUMAN
NOS3_HUMAN,B4DER1_HUMAN
NOS3_HUMAN,CNDG2_HUMAN
NOS3_HUMAN,A0A2R8Y6S1_HUMAN
NOS3_HUMAN,ITAM_HUMAN
NOS3_HUMAN,TPPC9_HUMAN
NOS3_HUMAN,NRDC_HUMAN
NOS3_HUMAN,A0A7P0TBA0_HUMAN
NOS3_HUMAN,FHDC1_HUMAN
NOS3_HUMAN,PRD10_HUMAN
NOS3_HUMAN,XPO4_HUMAN
NOS3_HUMAN,A0A7P0T8H6_HUMAN
NOS3_HUMAN,SRBP1_HUMAN
NOS3_HUMAN,NOS2_HUMAN
NOS3_HUMAN,CCAR1_HUMAN
NOS3_HUMAN,NOL6_HUMAN
NOS3_HUMAN,SGSM1_HUMAN
NOS3_HUMAN,MAP4_HUMAN
NOS3_HUMAN,DHX34_HUMAN
NOS3_HUMAN,RFC1_HUMAN
NOS3_HUMAN,SCAF4_HUMAN
NOS3_HUMAN,P2R3A_HUMAN
NOS3_HUMAN,AP3D1_HUMAN
NOS3_HUMAN,PDZD8_HUMAN
NOS3_HUMAN,JAK1_HUMAN
NOS3_HUMAN,S12A6_HUMAN
MTMR3_HUMAN,MYPC2_HUMAN
MTMR3_HUMAN,NGAP_HUMAN
MTMR3_HUMAN,K7ES98_HUMAN
MTMR3_HUMAN,J3KSZ1_HUMAN
MTMR3_HUMAN,MAGC1_HUMAN
MTMR3_HUMAN,ENAM_HUMAN
MTMR3_HUMAN,TTC17_HUMAN
MTMR3_HUMAN,A0A8I5KYV8_HUMAN
MTMR3_HUMAN,COJA1_HUMAN
MTMR3_HUMAN,PRD15_HUMAN
MTMR3_HUMAN,MYPC1_HUMAN
MTMR3_HUMAN,CP135_HUMAN
MTMR3_HUMAN,F184A_HUMAN
MTMR3_HUMAN,RBL2_HUMAN
MTMR3_HUMAN,S12A5_HUMAN
MTMR3_HUMAN,SRBP2_HUMAN
MTMR3_HUMAN,PDE3A_HUMAN
MTMR3_HUMAN,MEG10_HUMAN
MTMR3_HUMAN,DDB1_HUMAN
MTMR3_HUMAN,TBCD8_HUMAN
MTMR3_HUMAN,CCD40_HUMAN
SYUA_HUMAN,E9PMT1_HUMAN
SYUA_HUMAN,A0A087X1H1_HUMAN
SYUA_HUMAN,A0M8W4_HUMAN
SYUA_HUMAN,A0A087WZQ0_HUMAN
SYUA_HUMAN,A0A8I5KRU9_HUMAN
SYUA_HUMAN,A2AAZ5_HUMAN
SYUA_HUMAN,B0ZBD0_HUMAN
SYUA_HUMAN,CHSP1_HUMAN
SYUA_HUMAN,C9J6I8_HUMAN
SYUA_HUMAN,C9JXG8_HUMAN
SYUA_HUMAN,C9J486_HUMAN
SYUA_HUMAN,C9JHW6_HUMAN
SYUA_HUMAN,E7EVL6_HUMAN
SYUA_HUMAN,H3Y2_HUMAN
SYUA_HUMAN,C9JIP2_HUMAN
SYUA_HUMAN,Q3MSN4_HUMAN
SYUA_HUMAN,E5RHU3_HUMAN
SYUA_HUMAN,E5RHD0_HUMAN
SYUA_HUMAN,D6RDG7_HUMAN
SYUA_HUMAN,CST9P_HUMAN
SYUA_HUMAN,D6RCF4_HUMAN
SYUA_HUMAN,F8W1G2_HUMAN
SYUA_HUMAN,EP3A_HUMAN
SYUA_HUMAN,J3QRQ3_HUMAN
SYUA_HUMAN,F5H232_HUMAN
SYUA_HUMAN,E5RJ39_HUMAN
SYUA_HUMAN,K7ENN9_HUMAN
SYUA_HUMAN,F6T2C8_HUMAN
SYUA_HUMAN,H0Y875_HUMAN
SYUA_HUMAN,KRA41_HUMAN
SYUA_HUMAN,E7EWE8_HUMAN
SYUA_HUMAN,E5RJ14_HUMAN
SYUA_HUMAN,KR122_HUMAN
SYUA_HUMAN,PP14A_HUMAN
SYUA_HUMAN,E5RG75_HUMAN
SYUA_HUMAN,FONG_HUMAN
SYUA_HUMAN,G3V1T9_HUMAN
SYUA_HUMAN,H0Y7S8_HUMAN
SYUA_HUMAN,H0YKA6_HUMAN
SYUA_HUMAN,THRSP_HUMAN
SYUA_HUMAN,SDIM1_HUMAN
SYUA_HUMAN,Q6IAM1_HUMAN
SYUA_HUMAN,H7C2Z6_HUMAN
SYUA_HUMAN,D6RDA9_HUMAN
SYUA_HUMAN,J3QSX4_HUMAN
SYUA_HUMAN,A2AB22_HUMAN
SYUA_HUMAN,VPREB_HUMAN
SYUA_HUMAN,PP14D_HUMAN
SYUA_HUMAN,J3QS16_HUMAN
SYUA_HUMAN,TM210_HUMAN
SYUA_HUMAN,E9PP09_HUMAN
SYUA_HUMAN,B1AQT3_HUMAN
SYUA_HUMAN,K7EMU7_HUMAN
SYUA_HUMAN,C9JCP0_HUMAN
SYUA_HUMAN,BAALC_HUMAN
SYUA_HUMAN,W0UV28_HUMAN
SYUA_HUMAN,A0A0D9SFI6_HUMAN
SYUA_HUMAN,F8W1B5_HUMAN
SYUA_HUMAN,C9JT95_HUMAN
SYUA_HUMAN,F8VQF4_HUMAN
SYUA_HUMAN,K7ENE6_HUMAN
SYUA_HUMAN,H0YE53_HUMAN
SYUA_HUMAN,K7ENP9_HUMAN
SYUA_HUMAN,RNAS4_HUMAN
SYUA_HUMAN,HBD_HUMAN
SYUA_HUMAN,MED9_HUMAN
SYUA_HUMAN,A0A2R8Y7F9_HUMAN
SYUA_HUMAN,UB2D4_HUMAN
SYUA_HUMAN,MORN4_HUMAN
SYUA_HUMAN,C9JWQ8_HUMAN
SYUA_HUMAN,F5H5E8_HUMAN
SYUA_HUMAN,SCIMP_HUMAN
SYUA_HUMAN,UB2D2_HUMAN
SYUA_HUMAN,R4GNC9_HUMAN
SYUA_HUMAN,CFA90_HUMAN
SYUA_HUMAN,H0YLZ1_HUMAN
SYUA_HUMAN,E7EN81_HUMAN
SYUA_HUMAN,MCFD2_HUMAN
SYUA_HUMAN,AIF1_HUMAN
SYUA_HUMAN,Q53SE3_HUMAN
SYUA_HUMAN,G3V5F9_HUMAN
SYUA_HUMAN,H3BMQ2_HUMAN
SYUA_HUMAN,PA2GA_HUMAN
SYUA_HUMAN,IFT25_HUMAN
SYUA_HUMAN,Q4VB50_HUMAN
SYUA_HUMAN,D6RC45_HUMAN
SYUA_HUMAN,G3V3Q0_HUMAN
SYUA_HUMAN,Q5QPD2_HUMAN
SYUA_HUMAN,HBG2_HUMAN
SYUA_HUMAN,D6RJ00_HUMAN
SYUA_HUMAN,A0A0B4J294_HUMAN
SYUA_HUMAN,Q5T7Y6_HUMAN
SYUA_HUMAN,D6R9B6_HUMAN
SYUA_HUMAN,A0A0J9YXT0_HUMAN
SYUA_HUMAN,CNIH1_HUMAN
SYUA_HUMAN,A0A1W2PQE0_HUMAN
SYUA_HUMAN,A0A7I2YQN6_HUMAN
SYUA_HUMAN,F8W7Q4_HUMAN
SYUA_HUMAN,CYTF_HUMAN
SYUA_HUMAN,HBG1_HUMAN
ACO13_HUMAN,E5RHL1_HUMAN
ACO13_HUMAN,B8ZZN6_HUMAN
ACO13_HUMAN,TM216_HUMAN
ACO13_HUMAN,HBE_HUMAN
ACO13_HUMAN,IF1AX_HUMAN
ACO13_HUMAN,C9JTG4_HUMAN
ACO13_HUMAN,J3KSZ6_HUMAN
ACO13_HUMAN,LMO3_HUMAN
ACO13_HUMAN,G3V3Y8_HUMAN
ACO13_HUMAN,D6RA57_HUMAN
ACO13_HUMAN,UB2D3_HUMAN
ACO13_HUMAN,H7C5V5_HUMAN
ACO13_HUMAN,K7ELC7_HUMAN
ACO13_HUMAN,TPPC1_HUMAN
ACO13_HUMAN,K7EJA3_HUMAN
ACO13_HUMAN,I3L1K7_HUMAN
ACO13_HUMAN,D6RDW7_HUMAN
ACO13_HUMAN,JTB_HUMAN
ACO13_HUMAN,LAGE3_HUMAN
ACO13_HUMAN,SRP19_HUMAN
ACO13_HUMAN,T170A_HUMAN
ACO13_HUMAN,GNLY_HUMAN
ACO13_HUMAN,CYTC_HUMAN
ACO13_HUMAN,COA1_HUMAN
ACO13_HUMAN,HBB_HUMAN
ACO13_HUMAN,CALL5_HUMAN
ACO13_HUMAN,HRG1_HUMAN
ACO13_HUMAN,H2AX_HUMAN
ACO13_HUMAN,CDD_HUMAN
ACO13_HUMAN,F107A_HUMAN
ACO13_HUMAN,IL9_HUMAN
ACO13_HUMAN,MGST2_HUMAN
ACO13_HUMAN,C9J719_HUMAN
ACO13_HUMAN,LDOC1_HUMAN
ACO13_HUMAN,RS16_HUMAN
ACO13_HUMAN,MED21_HUMAN
ACO13_HUMAN,BUD31_HUMAN
ACO13_HUMAN,AP4S1_HUMAN
ACO13_HUMAN,TTHY_HUMAN
ACO13_HUMAN,RS23_HUMAN
ACO13_HUMAN,UB2V1_HUMAN
ACO13_HUMAN,PTPS_HUMAN
ACO13_HUMAN,AP4A_HUMAN
ACO13_HUMAN,PA2GD_HUMAN
ACO13_HUMAN,FHIT_HUMAN
ACO13_HUMAN,RMI2_HUMAN
ACO13_HUMAN,MLP3C_HUMAN
ACO13_HUMAN,SYJ2B_HUMAN
ACO13_HUMAN,MGN_HUMAN
ACO13_HUMAN,NDUAD_HUMAN
ACO13_HUMAN,ANGI_HUMAN
ACO13_HUMAN,MK_HUMAN
ACO13_HUMAN,IL13_HUMAN
ACO13_HUMAN,TOM20_HUMAN
ACO13_HUMAN,CRTP1_HUMAN
ACO13_HUMAN,RS15_HUMAN
ACO13_HUMAN,UB2D1_HUMAN
ACO13_HUMAN,PIP_HUMAN
ACO13_HUMAN,CSF2_HUMAN
ACO13_HUMAN,RS19_HUMAN
ACO13_HUMAN,RM14_HUMAN
ACO13_HUMAN,NDUAC_HUMAN
ACO13_HUMAN,DPOE3_HUMAN
ACO13_HUMAN,UB2V2_HUMAN
ACO13_HUMAN,RL26_HUMAN
PKP4_HUMAN,A0A494C1J1_HUMAN
PKP4_HUMAN,DEN2B_HUMAN
PKP4_HUMAN,B0I1S9_HUMAN
PKP4_HUMAN,FBF1_HUMAN
PKP4_HUMAN,V9HWK2_HUMAN
PKP4_HUMAN,ANS1A_HUMAN
PKP4_HUMAN,M0R2B7_HUMAN
PKP4_HUMAN,KCNT2_HUMAN
PKP4_HUMAN,A0A7I2V3Z9_HUMAN
PKP4_HUMAN,S4A5_HUMAN
PKP4_HUMAN,E7ES84_HUMAN
PKP4_HUMAN,AP4E1_HUMAN
PKP4_HUMAN,H7C535_HUMAN
PKP4_HUMAN,TIE1_HUMAN
PKP4_HUMAN,A0A2R8Y820_HUMAN
PKP4_HUMAN,MCF2L_HUMAN
PKP4_HUMAN,UBN1_HUMAN
PKP4_HUMAN,A0A087WVZ6_HUMAN
PKP4_HUMAN,A0A8I5KYX1_HUMAN
PKP4_HUMAN,A0A6Q8PGS3_HUMAN
PKP4_HUMAN,HMHA1_HUMAN
PKP4_HUMAN,A0A2Q2SV78_HUMAN
PKP4_HUMAN,SPD2A_HUMAN
PKP4_HUMAN,VINC_HUMAN
PKP4_HUMAN,AMER1_HUMAN
PKP4_HUMAN,ALG13_HUMAN
PKP4_HUMAN,RPA2_HUMAN
PKP4_HUMAN,SMG7_HUMAN
PKP4_HUMAN,MYO1B_HUMAN
PKP4_HUMAN,TPC11_HUMAN
PKP4_HUMAN,AT11A_HUMAN
PKP4_HUMAN,RC3H1_HUMAN
PKP4_HUMAN,MSH3_HUMAN
PKP4_HUMAN,MAML3_HUMAN
PKP4_HUMAN,RPC2_HUMAN
PKP4_HUMAN,CA2D4_HUMAN
ZO2_HUMAN,M18BP_HUMAN
ZO2_HUMAN,A0A087X2I7_HUMAN
ZO2_HUMAN,H7C4U7_HUMAN
ZO2_HUMAN,AT11C_HUMAN
ZO2_HUMAN,JAK2_HUMAN
ZO2_HUMAN,BAG6_HUMAN
ZO2_HUMAN,TERT_HUMAN
ZO2_HUMAN,SAC2_HUMAN
C2TA_HUMAN,A0A8I5KVB5_HUMAN
C2TA_HUMAN,A0A669KA36_HUMAN
C2TA_HUMAN,F8WB06_HUMAN
C2TA_HUMAN,A0A1C7CYX1_HUMAN
C2TA_HUMAN,A0A2S1ZR87_HUMAN
C2TA_HUMAN,A0A7P0TAK7_HUMAN
C2TA_HUMAN,J3KTI4_HUMAN
C2TA_HUMAN,BICRL_HUMAN
C2TA_HUMAN,A0A2R8Y4P3_HUMAN
C2TA_HUMAN,CE126_HUMAN
C2TA_HUMAN,A0A2R8YET2_HUMAN
C2TA_HUMAN,A0A2R8Y5I4_HUMAN
C2TA_HUMAN,ZEB1_HUMAN
C2TA_HUMAN,A0A7I2V361_HUMAN
C2TA_HUMAN,AGRF3_HUMAN
C2TA_HUMAN,A0A7I2V3H0_HUMAN
C2TA_HUMAN,A0A7P0T8N8_HUMAN
C2TA_HUMAN,A0A8I5KTS9_HUMAN
C2TA_HUMAN,A0A8I5KUM3_HUMAN
C2TA_HUMAN,H0Y978_HUMAN
C2TA_HUMAN,AP3B2_HUMAN
C2TA_HUMAN,A0A8I5KRP2_HUMAN
C2TA_HUMAN,PLCL1_HUMAN
C2TA_HUMAN,A0A6I8PL42_HUMAN
C2TA_HUMAN,A0A7I2V516_HUMAN
C2TA_HUMAN,IPO5_HUMAN
C2TA_HUMAN,A0A7P0Z4B9_HUMAN
C2TA_HUMAN,RBM6_HUMAN
C2TA_HUMAN,A0A8I5KUD8_HUMAN
C2TA_HUMAN,A0A8I5KZ49_HUMAN
C2TA_HUMAN,ADNP_HUMAN
C2TA_HUMAN,CTSRB_HUMAN
C2TA_HUMAN,ADCY4_HUMAN
C2TA_HUMAN,ADCY1_HUMAN
C2TA_HUMAN,E9PDF6_HUMAN
C2TA_HUMAN,H3BLT9_HUMAN
C2TA_HUMAN,ATS6_HUMAN
C2TA_HUMAN,ATS10_HUMAN
C2TA_HUMAN,CYTSA_HUMAN
C2TA_HUMAN,BOC_HUMAN
C2TA_HUMAN,F5GX28_HUMAN
C2TA_HUMAN,H3BP78_HUMAN
C2TA_HUMAN,H0Y7N4_HUMAN
C2TA_HUMAN,F120A_HUMAN
C2TA_HUMAN,A0A804HI83_HUMAN
C2TA_HUMAN,KCNH3_HUMAN
C2TA_HUMAN,WDHD1_HUMAN
C2TA_HUMAN,NAL14_HUMAN
C2TA_HUMAN,A0A0C4DFL8_HUMAN
C2TA_HUMAN,MYO1F_HUMAN
C2TA_HUMAN,GRIP1_HUMAN
C2TA_HUMAN,A0A1W2PNX8_HUMAN
C2TA_HUMAN,LRIG1_HUMAN
C2TA_HUMAN,Q504U8_HUMAN
C2TA_HUMAN,CNTN5_HUMAN
C2TA_HUMAN,SRGP1_HUMAN
C2TA_HUMAN,S12A7_HUMAN
C2TA_HUMAN,H0Y5B5_HUMAN
C2TA_HUMAN,KCNH8_HUMAN
C2TA_HUMAN,UBP43_HUMAN
C2TA_HUMAN,SRGP3_HUMAN
C2TA_HUMAN,T132E_HUMAN
C2TA_HUMAN,PIGO_HUMAN
C2TA_HUMAN,H0YEH2_HUMAN
C2TA_HUMAN,PLCL2_HUMAN
C2TA_HUMAN,WDR72_HUMAN
C2TA_HUMAN,S38AA_HUMAN
C2TA_HUMAN,TRPM8_HUMAN
C2TA_HUMAN,FCSK_HUMAN
C2TA_HUMAN,B5B2S1_HUMAN
C2TA_HUMAN,A0A024R7L5_HUMAN
C2TA_HUMAN,MYT1_HUMAN
C2TA_HUMAN,KIF1C_HUMAN
C2TA_HUMAN,KDM4B_HUMAN
C2TA_HUMAN,PKHA5_HUMAN
C2TA_HUMAN,A0A2R8YF80_HUMAN
C2TA_HUMAN,J3KSR1_HUMAN
C2TA_HUMAN,A0A7P0T9J0_HUMAN
C2TA_HUMAN,LIPS_HUMAN
C2TA_HUMAN,A0A3B3ISJ2_HUMAN
C2TA_HUMAN,A0A804HIN1_HUMAN
C2TA_HUMAN,A0A804HL48_HUMAN
C2TA_HUMAN,G3V112_HUMAN
C2TA_HUMAN,A0A590UK10_HUMAN
C2TA_HUMAN,RB6I2_HUMAN
C2TA_HUMAN,A0A7P0TAU8_HUMAN
C2TA_HUMAN,A0A7P0Z4F1_HUMAN
C2TA_HUMAN,A0A3B3IPE9_HUMAN
C2TA_HUMAN,A5JJ20_HUMAN
C2TA_HUMAN,A0A2R8YCU9_HUMAN
C2TA_HUMAN,A0A1U9X7A6_HUMAN
C2TA_HUMAN,ADCY2_HUMAN
C2TA_HUMAN,SC24A_HUMAN
C2TA_HUMAN,XPO6_HUMAN
C2TA_HUMAN,A0A8I5KUL6_HUMAN
C2TA_HUMAN,A0A2R8Y885_HUMAN
C2TA_HUMAN,A0A087WYJ2_HUMAN
C2TA_HUMAN,A0A2R8Y705_HUMAN
C2TA_HUMAN,H0YA13_HUMAN
C2TA_HUMAN,A0A087X2A7_HUMAN
RENT1_HUMAN,F8VQP2_HUMAN
RENT1_HUMAN,UBP53_HUMAN
RENT1_HUMAN,NCKPL_HUMAN
RENT1_HUMAN,ASPP1_HUMAN
RENT1_HUMAN,AP3B1_HUMAN
RENT1_HUMAN,GUC2C_HUMAN
RENT1_HUMAN,RHG30_HUMAN
RENT1_HUMAN,DIAP2_HUMAN
RENT1_HUMAN,A0A7P0MQS5_HUMAN
RENT1_HUMAN,ATL4_HUMAN
RENT1_HUMAN,A0A8I5KYT5_HUMAN
RENT1_HUMAN,A0A8I5KX44_HUMAN
RENT1_HUMAN,ASPP2_HUMAN
RENT1_HUMAN,A0A0R4J2E4_HUMAN
RENT1_HUMAN,A0A2R8Y7Y7_HUMAN
RENT1_HUMAN,A0A7I2V3M9_HUMAN
RENT1_HUMAN,A0A8I5KT04_HUMAN
RENT1_HUMAN,APOBR_HUMAN
RENT1_HUMAN,A0A8I5QKJ5_HUMAN
RENT1_HUMAN,AMOT_HUMAN
RENT1_HUMAN,SEM6D_HUMAN
RENT1_HUMAN,A0A0A0MRE5_HUMAN
RENT1_HUMAN,A0A8I5QKR8_HUMAN
RENT1_HUMAN,A0A8I5QL25_HUMAN
RENT1_HUMAN,A0A8I5QKV6_HUMAN
RENT1_HUMAN,A0A8J9A3C6_HUMAN
RENT1_HUMAN,E41L3_HUMAN
RENT1_HUMAN,A0A6I8PRS0_HUMAN
RENT1_HUMAN,M3K9_HUMAN
RENT1_HUMAN,TTI1_HUMAN
RENT1_HUMAN,HELQ_HUMAN
RENT1_HUMAN,NCKX1_HUMAN
RENT1_HUMAN,KPBB_HUMAN
RENT1_HUMAN,AF17_HUMAN
RENT1_HUMAN,A0A1B0GVV8_HUMAN
RENT1_HUMAN,SUGP2_HUMAN
RENT1_HUMAN,LIMC1_HUMAN
RENT1_HUMAN,IPO4_HUMAN
RENT1_HUMAN,CP131_HUMAN
RENT1_HUMAN,B2RTX2_HUMAN
RENT1_HUMAN,Q59FP8_HUMAN
RENT1_HUMAN,BUB1_HUMAN
RENT1_HUMAN,TSH3_HUMAN
RENT1_HUMAN,ITA6_HUMAN
RENT1_HUMAN,E7ESA6_HUMAN
RENT1_HUMAN,E9PFQ4_HUMAN
RENT1_HUMAN,SRBS2_HUMAN
RENT1_HUMAN,ASAP1_HUMAN
RENT1_HUMAN,A0A1B0GTU4_HUMAN
RENT1_HUMAN,BNC2_HUMAN
RENT1_HUMAN,CE128_HUMAN
RENT1_HUMAN,S11IP_HUMAN
RENT1_HUMAN,FNIP2_HUMAN
RENT1_HUMAN,DAAM1_HUMAN
RENT1_HUMAN,SYNP2_HUMAN
RENT1_HUMAN,COSA1_HUMAN
RENT1_HUMAN,H7C4X9_HUMAN
RENT1_HUMAN,A0A499FJ16_HUMAN
RENT1_HUMAN,I3L466_HUMAN
RENT1_HUMAN,A0A7P0TB99_HUMAN
RENT1_HUMAN,FMNL1_HUMAN
RENT1_HUMAN,A0A087WYS3_HUMAN
RENT1_HUMAN,UBE3C_HUMAN
RENT1_HUMAN,CAPR2_HUMAN
RENT1_HUMAN,M0R2Z9_HUMAN
RENT1_HUMAN,A0A075B6G6_HUMAN
RENT1_HUMAN,GUC2F_HUMAN
RENT1_HUMAN,RHG39_HUMAN
RENT1_HUMAN,FMNL2_HUMAN
RENT1_HUMAN,UBP7_HUMAN
RENT1_HUMAN,A0A7I2SVS4_HUMAN
RENT1_HUMAN,S12A1_HUMAN
RENT1_HUMAN,A0A2R8Y7W5_HUMAN
RENT1_HUMAN,LIFR_HUMAN
RENT1_HUMAN,GUC2D_HUMAN
RENT1_HUMAN,ATX2L_HUMAN
RENT1_HUMAN,H0Y7E2_HUMAN
RENT1_HUMAN,SEM5A_HUMAN
RENT1_HUMAN,PKHA7_HUMAN
RENT1_HUMAN,HPS5_HUMAN
RENT1_HUMAN,XPO7_HUMAN
RENT1_HUMAN,PDE3B_HUMAN
RENT1_HUMAN,LUZP1_HUMAN
RENT1_HUMAN,ANLN_HUMAN
RENT1_HUMAN,S4A10_HUMAN
RENT1_HUMAN,UN13D_HUMAN
RENT1_HUMAN,PTPRH_HUMAN
RENT1_HUMAN,SC24C_HUMAN
RENT1_HUMAN,Q9NS13_HUMAN
RENT1_HUMAN,T22D1_HUMAN
RENT1_HUMAN,RADIL_HUMAN
RENT1_HUMAN,ACLY_HUMAN
RENT1_HUMAN,SMC6_HUMAN
RENT1_HUMAN,KIBRA_HUMAN
RENT1_HUMAN,NMD3A_HUMAN
RENT1_HUMAN,HELB_HUMAN
RENT1_HUMAN,DPOD1_HUMAN
RENT1_HUMAN,GLI1_HUMAN
RENT1_HUMAN,NFAC3_HUMAN
RENT1_HUMAN,NNTM_HUMAN
LATS1_HUMAN,ESYT1_HUMAN
LATS1_HUMAN,ZRAB3_HUMAN
LATS1_HUMAN,MRTFB_HUMAN
LATS1_HUMAN,PELP1_HUMAN
LATS1_HUMAN,SPT5H_HUMAN
LATS1_HUMAN,SMRC1_HUMAN
LATS1_HUMAN,S4A4_HUMAN
LATS1_HUMAN,JAK3_HUMAN
LATS1_HUMAN,LATS2_HUMAN
LATS1_HUMAN,SMC5_HUMAN
LATS1_HUMAN,S4A8_HUMAN
LATS1_HUMAN,TCRG1_HUMAN
LATS1_HUMAN,TIE2_HUMAN
LATS1_HUMAN,MYO1E_HUMAN
LATS1_HUMAN,CASR_HUMAN
LATS1_HUMAN,RPGF1_HUMAN
LATS1_HUMAN,UBP36_HUMAN
LATS1_HUMAN,HDAC5_HUMAN
LATS1_HUMAN,CFA70_HUMAN
LATS1_HUMAN,WDR6_HUMAN
LATS1_HUMAN,UBP8_HUMAN
LATS1_HUMAN,LARP1_HUMAN
LATS1_HUMAN,PLD1_HUMAN
LATS1_HUMAN,KANL1_HUMAN
LATS1_HUMAN,TBC8B_HUMAN
LATS1_HUMAN,HDAC4_HUMAN
LATS1_HUMAN,NEMF_HUMAN
LATS1_HUMAN,PGFRB_HUMAN
LATS1_HUMAN,DSG2_HUMAN
LATS1_HUMAN,PGFRA_HUMAN
LATS1_HUMAN,C2TA_HUMAN
LATS1_HUMAN,RET_HUMAN
LATS1_HUMAN,E2AK3_HUMAN
LATS1_HUMAN,TAF4_HUMAN
LATS1_HUMAN,UBP28_HUMAN
LATS1_HUMAN,RENT1_HUMAN
LATS1_HUMAN,PHF2_HUMAN
LATS1_HUMAN,TRPA1_HUMAN
LATS1_HUMAN,ABL1_HUMAN
LATS1_HUMAN,TMF1_HUMAN
LATS1_HUMAN,TDRD7_HUMAN
LATS1_HUMAN,SENP6_HUMAN
LATS1_HUMAN,USPL1_HUMAN
LATS1_HUMAN,PK3CG_HUMAN
LATS1_HUMAN,REST_HUMAN
LATS1_HUMAN,NFX1_HUMAN
LATS1_HUMAN,CA2D1_HUMAN
LATS1_HUMAN,UBP2L_HUMAN
LATS1_HUMAN,OTUD4_HUMAN
LATS1_HUMAN,TRI33_HUMAN
LATS1_HUMAN,ZN827_HUMAN
LATS1_HUMAN,EFL1_HUMAN
LATS1_HUMAN,NCKP1_HUMAN
LATS1_HUMAN,STA13_HUMAN
LATS1_HUMAN,S12A4_HUMAN
LATS1_HUMAN,OAS3_HUMAN
LATS1_HUMAN,ADCY7_HUMAN
SYLC_HUMAN,LATS1_HUMAN
KANL1_HUMAN,ACD10_HUMAN
KANL1_HUMAN,A0A0C3SFZ7_HUMAN
KANL1_HUMAN,HERC4_HUMAN
KANL1_HUMAN,A0A2R8YDB8_HUMAN
KANL1_HUMAN,A0A3B3IRJ9_HUMAN
KANL1_HUMAN,C3VPR7_HUMAN
KANL1_HUMAN,A0A3B3IRT3_HUMAN
KANL1_HUMAN,A0A5F9ZHH4_HUMAN
KANL1_HUMAN,A0A7I2V3H7_HUMAN
KANL1_HUMAN,H3BR83_HUMAN
KANL1_HUMAN,A0A7P0Z3Z5_HUMAN
KANL1_HUMAN,H3BUF6_HUMAN
KANL1_HUMAN,A0A7P0T870_HUMAN
KANL1_HUMAN,SENP7_HUMAN
KANL1_HUMAN,SYVM_HUMAN
KANL1_HUMAN,A0A7P0T965_HUMAN
KANL1_HUMAN,DLGP2_HUMAN
KANL1_HUMAN,C9J4M6_HUMAN
KANL1_HUMAN,ULK1_HUMAN
KANL1_HUMAN,J3QLU9_HUMAN
KANL1_HUMAN,UBA6_HUMAN
KANL1_HUMAN,FBW10_HUMAN
KANL1_HUMAN,ANR28_HUMAN
KANL1_HUMAN,A0A669KBH9_HUMAN
KANL1_HUMAN,UBE3B_HUMAN
KANL1_HUMAN,ITA3_HUMAN
KANL1_HUMAN,H0Y3T7_HUMAN
KANL1_HUMAN,H0Y3A8_HUMAN
KANL1_HUMAN,ZBT11_HUMAN
KANL1_HUMAN,E7EVK1_HUMAN
KANL1_HUMAN,PCDH8_HUMAN
KANL1_HUMAN,H7BXF5_HUMAN
KANL1_HUMAN,PSD4_HUMAN
KANL1_HUMAN,INVS_HUMAN
KANL1_HUMAN,UBE4A_HUMAN
KANL1_HUMAN,A0A087WUE9_HUMAN
KANL1_HUMAN,J3KN39_HUMAN
KANL1_HUMAN,NPIB3_HUMAN
KANL1_HUMAN,A0A1W2PQA1_HUMAN
KANL1_HUMAN,A0A024R1A3_HUMAN
KANL1_HUMAN,B5B2S0_HUMAN
KANL1_HUMAN,A0A2R8Y526_HUMAN
KANL1_HUMAN,BUB1B_HUMAN
KANL1_HUMAN,A0A7P0T9W6_HUMAN
KANL1_HUMAN,UBA1_HUMAN
KANL1_HUMAN,L2GL1_HUMAN
KANL1_HUMAN,TBC31_HUMAN
KANL1_HUMAN,H3BRS1_HUMAN
KANL1_HUMAN,PHF8_HUMAN
KANL1_HUMAN,E9PDU5_HUMAN
KANL1_HUMAN,A0A7I2V486_HUMAN
KANL1_HUMAN,A0A7P0Z4D0_HUMAN
KANL1_HUMAN,A0A7I2V398_HUMAN
KANL1_HUMAN,CYTSB_HUMAN
KANL1_HUMAN,CEBPZ_HUMAN
KANL1_HUMAN,A0A7I2YQH9_HUMAN
KANL1_HUMAN,KS6C1_HUMAN
KANL1_HUMAN,GEMI4_HUMAN
KANL1_HUMAN,A0A140VK66_HUMAN
KANL1_HUMAN,XPO1_HUMAN
KANL1_HUMAN,DI3L1_HUMAN
KANL1_HUMAN,TRHDE_HUMAN
KANL1_HUMAN,AF10_HUMAN
KANL1_HUMAN,F6M2K2_HUMAN
KANL1_HUMAN,ERPG3_HUMAN
KANL1_HUMAN,B7ZLQ5_HUMAN
KANL1_HUMAN,A0A2R8YF58_HUMAN
KANL1_HUMAN,A0A0A0MRP6_HUMAN
KANL1_HUMAN,A0A3B3IRY8_HUMAN
KANL1_HUMAN,A0A0A0MS48_HUMAN
KANL1_HUMAN,A0A7P0Z4D9_HUMAN
KANL1_HUMAN,A0A7I2V461_HUMAN
KANL1_HUMAN,ZBT21_HUMAN
KANL1_HUMAN,GRRE1_HUMAN
KANL1_HUMAN,SALL4_HUMAN
KANL1_HUMAN,SC16B_HUMAN
KANL1_HUMAN,PCDH1_HUMAN
KANL1_HUMAN,CERU_HUMAN
KANL1_HUMAN,MAP1S_HUMAN
KANL1_HUMAN,KIF11_HUMAN
KANL1_HUMAN,ZMIZ1_HUMAN
KANL1_HUMAN,DC2I1_HUMAN
KANL1_HUMAN,FARP2_HUMAN
KANL1_HUMAN,A0A5F9ZGX5_HUMAN
KANL1_HUMAN,PCDH7_HUMAN
KANL1_HUMAN,ITA8_HUMAN
KANL1_HUMAN,DGKI_HUMAN
KANL1_HUMAN,A0A5F9ZHJ2_HUMAN
KANL1_HUMAN,NLRC3_HUMAN
KANL1_HUMAN,NALP2_HUMAN
KANL1_HUMAN,MICA1_HUMAN
KANL1_HUMAN,RBL1_HUMAN
KANL1_HUMAN,RBGP1_HUMAN
KANL1_HUMAN,KDM4C_HUMAN
KANL1_HUMAN,ANR27_HUMAN
KANL1_HUMAN,MYO1C_HUMAN
KANL1_HUMAN,UBP25_HUMAN
KANL1_HUMAN,ISK5_HUMAN
KANL1_HUMAN,PKHM1_HUMAN
KANL1_HUMAN,DNA2_HUMAN
DUS23_HUMAN,A0A087X183_HUMAN
DUS23_HUMAN,A0A494C054_HUMAN
DUS23_HUMAN,A0A087WXP0_HUMAN
DUS23_HUMAN,E9PFB5_HUMAN
DUS23_HUMAN,E9PIQ7_HUMAN
DUS23_HUMAN,B4DGZ4_HUMAN
DUS23_HUMAN,A0A075B6P4_HUMAN
DUS23_HUMAN,F8VV47_HUMAN
DUS23_HUMAN,A4D2L1_HUMAN
DUS23_HUMAN,B4E1G1_HUMAN
DUS23_HUMAN,A0A2R8Y6B6_HUMAN
DUS23_HUMAN,J3QLV3_HUMAN
DUS23_HUMAN,C9J2G0_HUMAN
DUS23_HUMAN,A0A087WVT9_HUMAN
DUS23_HUMAN,A0A7I2V2V1_HUMAN
DUS23_HUMAN,KRA99_HUMAN
DUS23_HUMAN,A0A384MDT9_HUMAN
DUS23_HUMAN,H3BQY9_HUMAN
DUS23_HUMAN,C9IZD2_HUMAN
DUS23_HUMAN,B5MBW9_HUMAN
DUS23_HUMAN,A0A7I2V2W2_HUMAN
DUS23_HUMAN,A0A7I2V3T6_HUMAN
DUS23_HUMAN,C9JPR7_HUMAN
DUS23_HUMAN,A0A7U3JVZ2_HUMAN
DUS23_HUMAN,E9PJG4_HUMAN
DUS23_HUMAN,A4D1U3_HUMAN
DUS23_HUMAN,A0A8I5QL33_HUMAN
DUS23_HUMAN,A6NLM8_HUMAN
DUS23_HUMAN,C9JDS9_HUMAN
DUS23_HUMAN,RNAS7_HUMAN
DUS23_HUMAN,C9IZ27_HUMAN
DUS23_HUMAN,C9J2W6_HUMAN
DUS23_HUMAN,C9J8H5_HUMAN
DUS23_HUMAN,C9JNI4_HUMAN
DUS23_HUMAN,C9JMN4_HUMAN
DUS23_HUMAN,Q16192_HUMAN
DUS23_HUMAN,CJ055_HUMAN
DUS23_HUMAN,CROC4_HUMAN
DUS23_HUMAN,B4DTY2_HUMAN
DUS23_HUMAN,H2BWT_HUMAN
DUS23_HUMAN,C9JEY0_HUMAN
DUS23_HUMAN,C9K011_HUMAN
DUS23_HUMAN,F5H5X2_HUMAN
DUS23_HUMAN,E5RJU8_HUMAN
DUS23_HUMAN,D6R9S7_HUMAN
DUS23_HUMAN,E5RGY0_HUMAN
DUS23_HUMAN,H0YGA9_HUMAN
DUS23_HUMAN,CYTM_HUMAN
DUS23_HUMAN,K7ERB6_HUMAN
DUS23_HUMAN,F8VZ66_HUMAN
DUS23_HUMAN,E5RIG9_HUMAN
DUS23_HUMAN,F5H4M7_HUMAN
DUS23_HUMAN,D6RBQ9_HUMAN
DUS23_HUMAN,H0YN38_HUMAN
DUS23_HUMAN,F8VWR4_HUMAN
DUS23_HUMAN,F8VTT8_HUMAN
DUS23_HUMAN,G3V1K6_HUMAN
DUS23_HUMAN,ADM2_HUMAN
DUS23_HUMAN,F8W1E5_HUMAN
DUS23_HUMAN,B1AHH6_HUMAN
DUS23_HUMAN,F8VWQ0_HUMAN
DUS23_HUMAN,E9PPQ8_HUMAN
DUS23_HUMAN,F8W9H0_HUMAN
DUS23_HUMAN,G3V303_HUMAN
DUS23_HUMAN,FUCM_HUMAN
DUS23_HUMAN,G3V456_HUMAN
DUS23_HUMAN,GRP_HUMAN
DUS23_HUMAN,RBTN1_HUMAN
DUS23_HUMAN,K7ERH1_HUMAN
DUS23_HUMAN,G3V5U1_HUMAN
DUS23_HUMAN,GGACT_HUMAN
DUS23_HUMAN,H0YBK3_HUMAN
DUS23_HUMAN,KR511_HUMAN
DUS23_HUMAN,M0QZK3_HUMAN
DUS23_HUMAN,H0YDH4_HUMAN
DUS23_HUMAN,H0YCH8_HUMAN
DUS23_HUMAN,H3BTY0_HUMAN
DUS23_HUMAN,H3BPD7_HUMAN
DUS23_HUMAN,H3BQL7_HUMAN
DUS23_HUMAN,K7ES00_HUMAN
DUS23_HUMAN,M0R3E9_HUMAN
DUS23_HUMAN,H0YD46_HUMAN
DUS23_HUMAN,IL1FA_HUMAN
DUS23_HUMAN,LYZL6_HUMAN
DUS23_HUMAN,J3KR56_HUMAN
DUS23_HUMAN,J3KS44_HUMAN
DUS23_HUMAN,J3KSX6_HUMAN
DUS23_HUMAN,K7EIJ4_HUMAN
DUS23_HUMAN,KRA94_HUMAN
DUS23_HUMAN,A0A2R8YGH5_HUMAN
DUS23_HUMAN,LAIR2_HUMAN
DUS23_HUMAN,M0QZZ2_HUMAN
DUS23_HUMAN,Q5JSL0_HUMAN
DUS23_HUMAN,M0R3F7_HUMAN
DUS23_HUMAN,H0Y992_HUMAN
DUS23_HUMAN,H3BQZ9_HUMAN
DUS23_HUMAN,KRA47_HUMAN
DUS23_HUMAN,Q549M9_HUMAN
DUS23_HUMAN,NMS_HUMAN
DUS23_HUMAN,FIS1_HUMAN
LTC4S_HUMAN,M0R054_HUMAN
LTC4S_HUMAN,ISCA2_HUMAN
LTC4S_HUMAN,TM50A_HUMAN
LTC4S_HUMAN,A0A140VJI5_HUMAN
LTC4S_HUMAN,PPR27_HUMAN
LTC4S_HUMAN,AIF1L_HUMAN
LTC4S_HUMAN,J3KSV5_HUMAN
LTC4S_HUMAN,LY65C_HUMAN
LTC4S_HUMAN,S4R3T5_HUMAN
LTC4S_HUMAN,PHLA2_HUMAN
LTC4S_HUMAN,O43645_HUMAN
LTC4S_HUMAN,Q5T9Q8_HUMAN
LTC4S_HUMAN,Q5T1S4_HUMAN
LTC4S_HUMAN,F1T0H4_HUMAN
LTC4S_HUMAN,Q6ICS9_HUMAN
LTC4S_HUMAN,H3BQF1_HUMAN
LTC4S_HUMAN,Q6IB24_HUMAN
LTC4S_HUMAN,RBM3_HUMAN
LTC4S_HUMAN,Q9BVU3_HUMAN
LTC4S_HUMAN,RGS21_HUMAN
LTC4S_HUMAN,RNF24_HUMAN
LTC4S_HUMAN,SYS1_HUMAN
LTC4S_HUMAN,E5RFM2_HUMAN
LTC4S_HUMAN,V9GY69_HUMAN
LTC4S_HUMAN,OSTC_HUMAN
LTC4S_HUMAN,RN181_HUMAN
LTC4S_HUMAN,H3BPN8_HUMAN
LTC4S_HUMAN,A0A384ME24_HUMAN
LTC4S_HUMAN,RNAS1_HUMAN
LTC4S_HUMAN,E5RK82_HUMAN
LTC4S_HUMAN,C9JX45_HUMAN
LTC4S_HUMAN,E5RIU4_HUMAN
LTC4S_HUMAN,A0A087WYZ1_HUMAN
LTC4S_HUMAN,A0A087WZI3_HUMAN
LTC4S_HUMAN,A0A087X074_HUMAN
LTC4S_HUMAN,C9JCX1_HUMAN
LTC4S_HUMAN,A0AAG2UV50_HUMAN
LTC4S_HUMAN,V9HWC9_HUMAN
LTC4S_HUMAN,C9JMP5_HUMAN
LTC4S_HUMAN,F8VU40_HUMAN
LTC4S_HUMAN,C9JYK5_HUMAN
LTC4S_HUMAN,D6RBD7_HUMAN
LTC4S_HUMAN,FA72B_HUMAN
LTC4S_HUMAN,E5RGF1_HUMAN
LTC4S_HUMAN,H3BPQ3_HUMAN
LTC4S_HUMAN,F8W038_HUMAN
LTC4S_HUMAN,E7EWH7_HUMAN
LTC4S_HUMAN,C9JEV8_HUMAN
LTC4S_HUMAN,E9PL74_HUMAN
LTC4S_HUMAN,A0A087WTC9_HUMAN
LTC4S_HUMAN,E9PPY1_HUMAN
LTC4S_HUMAN,SP17_HUMAN
LTC4S_HUMAN,H0YGP3_HUMAN
LTC4S_HUMAN,M0R2U2_HUMAN
LTC4S_HUMAN,E9PJN3_HUMAN
LTC4S_HUMAN,E9PLB3_HUMAN
LTC4S_HUMAN,D6R8Y9_HUMAN
LTC4S_HUMAN,A0A0S2Z423_HUMAN
LTC4S_HUMAN,A0A494C0H3_HUMAN
LTC4S_HUMAN,H7C0E6_HUMAN
LTC4S_HUMAN,H7C2N1_HUMAN
LTC4S_HUMAN,K7EIE9_HUMAN
LTC4S_HUMAN,Q5JZB7_HUMAN
LTC4S_HUMAN,Q7Z6S4_HUMAN
LTC4S_HUMAN,B1AHH5_HUMAN
LTC4S_HUMAN,PRR13_HUMAN
LTC4S_HUMAN,E9PLZ7_HUMAN
LTC4S_HUMAN,TXN4B_HUMAN
LTC4S_HUMAN,A0A087WU29_HUMAN
LTC4S_HUMAN,G3V2Q9_HUMAN
LTC4S_HUMAN,D6RDX0_HUMAN
LTC4S_HUMAN,J3QR48_HUMAN
LTC4S_HUMAN,G3V2V6_HUMAN
LTC4S_HUMAN,DUS23_HUMAN
LTC4S_HUMAN,D6R9V8_HUMAN
LTC4S_HUMAN,A0A494C0V9_HUMAN
LTC4S_HUMAN,A0A0D9SFB0_HUMAN
LTC4S_HUMAN,E9PJJ4_HUMAN
LTC4S_HUMAN,M0QYZ9_HUMAN
LTC4S_HUMAN,Q5JXH9_HUMAN
LTC4S_HUMAN,BORG3_HUMAN
LTC4S_HUMAN,PTGES_HUMAN
LTC4S_HUMAN,I3L3U8_HUMAN
LTC4S_HUMAN,SPRN_HUMAN
LTC4S_HUMAN,Q5T851_HUMAN
LTC4S_HUMAN,J3QLS6_HUMAN
LTC4S_HUMAN,RS27A_HUMAN
LTC4S_HUMAN,B4DT96_HUMAN
LTC4S_HUMAN,G3V2G7_HUMAN
LTC4S_HUMAN,CFA68_HUMAN
LTC4S_HUMAN,NCBP2_HUMAN
LTC4S_HUMAN,C9IZR6_HUMAN
LTC4S_HUMAN,G3V5B8_HUMAN
LTC4S_HUMAN,H0YCR2_HUMAN
LTC4S_HUMAN,8ODP_HUMAN
LTC4S_HUMAN,K7EQ16_HUMAN
LTC4S_HUMAN,GLPA_HUMAN
LTC4S_HUMAN,HSPB3_HUMAN
LTC4S_HUMAN,LYSC_HUMAN
LTC4S_HUMAN,C9JNW5_HUMAN
DPOD1_HUMAN,KDM4A_HUMAN
DPOD1_HUMAN,FAK1_HUMAN
DPOD1_HUMAN,A0A3B3IT55_HUMAN
DPOD1_HUMAN,NAL12_HUMAN
DPOD1_HUMAN,HIP1R_HUMAN
DPOD1_HUMAN,PUM2_HUMAN
DPOD1_HUMAN,EMIL2_HUMAN
DPOD1_HUMAN,PTK7_HUMAN
DPOD1_HUMAN,PK3CB_HUMAN
DPOD1_HUMAN,DAAM2_HUMAN
DPOD1_HUMAN,EPHB2_HUMAN
DPOD1_HUMAN,SRGP2_HUMAN
DPOD1_HUMAN,MFHA1_HUMAN
DPOD1_HUMAN,MBTP1_HUMAN
DPOD1_HUMAN,K0319_HUMAN
DPOD1_HUMAN,PK3CA_HUMAN
DPOD1_HUMAN,CL16A_HUMAN
DPOD1_HUMAN,RIPR2_HUMAN
DPOD1_HUMAN,PAXI1_HUMAN
DPOD1_HUMAN,PDE10_HUMAN
DPOD1_HUMAN,SMCA5_HUMAN
DPOD1_HUMAN,ANPRA_HUMAN
DPOD1_HUMAN,RNF31_HUMAN
DPOD1_HUMAN,SLF1_HUMAN
DPOD1_HUMAN,BRD1_HUMAN
DPOD1_HUMAN,ZN658_HUMAN
DPOD1_HUMAN,ZN451_HUMAN
RS19_HUMAN,H3BP15_HUMAN
RS19_HUMAN,PDE6D_HUMAN
RS19_HUMAN,FA72C_HUMAN
RS19_HUMAN,E5RJ37_HUMAN
RS19_HUMAN,F5H2W9_HUMAN
RS19_HUMAN,FA72D_HUMAN
RS19_HUMAN,V9GYN4_HUMAN
RS19_HUMAN,Q5JVA3_HUMAN
RS19_HUMAN,D6RIC3_HUMAN
RS19_HUMAN,FA72A_HUMAN
RS19_HUMAN,V9GYL8_HUMAN
RS19_HUMAN,I3L121_HUMAN
RS19_HUMAN,OARD1_HUMAN
RS19_HUMAN,OOEP_HUMAN
RS19_HUMAN,LECT2_HUMAN
RS19_HUMAN,B1ALM8_HUMAN
RS19_HUMAN,G3V2G2_HUMAN
RS19_HUMAN,COX5A_HUMAN
RS19_HUMAN,G3V4T0_HUMAN
RS19_HUMAN,NINJ1_HUMAN
RS19_HUMAN,K7ENL0_HUMAN
RS19_HUMAN,E5RIY8_HUMAN
RS19_HUMAN,C9JX74_HUMAN
RS19_HUMAN,CEBPG_HUMAN
RS19_HUMAN,K7EQV2_HUMAN
RS19_HUMAN,X6RHR0_HUMAN
RS19_HUMAN,K7EPY1_HUMAN
RS19_HUMAN,C9JU35_HUMAN
RS19_HUMAN,NPC2_HUMAN
RS19_HUMAN,LTC4S_HUMAN
RS19_HUMAN,CLC2B_HUMAN
RS19_HUMAN,RS18_HUMAN
RS19_HUMAN,C9JF66_HUMAN
RS19_HUMAN,SSBP_HUMAN
RS19_HUMAN,ARPC5_HUMAN
RS19_HUMAN,C9J0R6_HUMAN
RS19_HUMAN,NDKB_HUMAN
RS19_HUMAN,PLP2_HUMAN
RS19_HUMAN,MGN2_HUMAN
RS19_HUMAN,MYL6_HUMAN
RS19_HUMAN,EVA1A_HUMAN
RS19_HUMAN,RPC9_HUMAN
RS19_HUMAN,RAMP1_HUMAN
RS19_HUMAN,RL27A_HUMAN
RS19_HUMAN,MGST3_HUMAN
RS19_HUMAN,RM20_HUMAN
RS19_HUMAN,CKLF_HUMAN
RS19_HUMAN,RS13_HUMAN
RS19_HUMAN,RNAS6_HUMAN
RS19_HUMAN,CALM1_HUMAN
RS19_HUMAN,RPAB3_HUMAN
RS19_HUMAN,DJC24_HUMAN
RS19_HUMAN,ALKL2_HUMAN
RS19_HUMAN,ATOH7_HUMAN
RS19_HUMAN,CCL25_HUMAN
RS19_HUMAN,CALM3_HUMAN
RS19_HUMAN,EDF1_HUMAN
RS19_HUMAN,CHCH2_HUMAN
RS19_HUMAN,UBE2A_HUMAN
RS19_HUMAN,NGB_HUMAN
RS19_HUMAN,NDKA_HUMAN
RS19_HUMAN,CAV3_HUMAN
RS19_HUMAN,PRAP1_HUMAN
RS19_HUMAN,IL3_HUMAN
RS19_HUMAN,RS14_HUMAN
RS19_HUMAN,CYB5B_HUMAN
RS19_HUMAN,RAMP3_HUMAN
RS19_HUMAN,CALM2_HUMAN
RS19_HUMAN,ANF_HUMAN
RS19_HUMAN,UBE2B_HUMAN
RS19_HUMAN,PA21B_HUMAN
RS19_HUMAN,RM27_HUMAN
RS19_HUMAN,UBE2N_HUMAN
RS19_HUMAN,STMN1_HUMAN
RS19_HUMAN,UBE2W_HUMAN
PK3CG_HUMAN,A0A2R8YEE0_HUMAN
PK3CG_HUMAN,K319L_HUMAN
PK3CG_HUMAN,SP130_HUMAN
PK3CG_HUMAN,CO039_HUMAN
PK3CG_HUMAN,ANPRB_HUMAN
PK3CG_HUMAN,I3L2J8_HUMAN
PK3CG_HUMAN,ITAV_HUMAN
PK3CG_HUMAN,I3L3K7_HUMAN
PK3CG_HUMAN,A0A7I2V416_HUMAN
PK3CG_HUMAN,ATP9A_HUMAN
PK3CG_HUMAN,H0Y3N9_HUMAN
PK3CG_HUMAN,I3L2C7_HUMAN
PK3CG_HUMAN,A0A0U1RQE4_HUMAN
PK3CG_HUMAN,A0A6I8PS05_HUMAN
PK3CG_HUMAN,L7RXH0_HUMAN
PK3CG_HUMAN,DSG1_HUMAN
PK3CG_HUMAN,ZN217_HUMAN
PK3CG_HUMAN,ST18_HUMAN
PK3CG_HUMAN,SP16H_HUMAN
PK3CG_HUMAN,ITA5_HUMAN
PK3CG_HUMAN,TIF1A_HUMAN
PK3CG_HUMAN,SSH1_HUMAN
PK3CG_HUMAN,RASA1_HUMAN
PK3CG_HUMAN,TLR7_HUMAN
CE128_HUMAN,MDEAS_HUMAN
CE128_HUMAN,CNTN2_HUMAN
CE128_HUMAN,Q5SQH4_HUMAN
CE128_HUMAN,MA2C1_HUMAN
CE128_HUMAN,ODAD2_HUMAN
CE128_HUMAN,CLIP2_HUMAN
CE128_HUMAN,A0A140VJN9_HUMAN
CE128_HUMAN,NMD3B_HUMAN
CE128_HUMAN,A0A1W2PRB5_HUMAN
CE128_HUMAN,MTREX_HUMAN
CE128_HUMAN,FARP1_HUMAN
CE128_HUMAN,FHI1A_HUMAN
CE128_HUMAN,C9J1X3_HUMAN
CE128_HUMAN,F5H5J8_HUMAN
CE128_HUMAN,A0A8I5KZC0_HUMAN
CE128_HUMAN,GRIP2_HUMAN
CE128_HUMAN,SIPA1_HUMAN
CE128_HUMAN,DSG4_HUMAN
CE128_HUMAN,INT3_HUMAN
CE128_HUMAN,A0A0A0MSA4_HUMAN
CE128_HUMAN,MYO1A_HUMAN
CE128_HUMAN,TOPRS_HUMAN
CE128_HUMAN,A0A2R8Y6V2_HUMAN
CE128_HUMAN,A0A5F9ZI29_HUMAN
CE128_HUMAN,IPO9_HUMAN
CE128_HUMAN,RAG1_HUMAN
CE128_HUMAN,DCR1A_HUMAN
CE128_HUMAN,SMCA1_HUMAN
CE128_HUMAN,KLOTB_HUMAN
CE128_HUMAN,DHX16_HUMAN
CE128_HUMAN,CORIN_HUMAN
CE128_HUMAN,DGLA_HUMAN
CE128_HUMAN,TLR8_HUMAN
CE128_HUMAN,FBH1_HUMAN
CE128_HUMAN,NOD2_HUMAN
CE128_HUMAN,AT2A2_HUMAN
CE128_HUMAN,UBP38_HUMAN
CE128_HUMAN,PK3CD_HUMAN
CE128_HUMAN,OGT1_HUMAN
ACK1_HUMAN,A0A3B3ITL0_HUMAN
ACK1_HUMAN,A0A087X0F1_HUMAN
ACK1_HUMAN,A0A0A0MRH6_HUMAN
ACK1_HUMAN,A0A8I5KZ68_HUMAN
ACK1_HUMAN,A0A0C4DGA6_HUMAN
ACK1_HUMAN,A0A669KBC2_HUMAN
ACK1_HUMAN,A0A7I2V5H2_HUMAN
ACK1_HUMAN,A0A7I2YQX5_HUMAN
ACK1_HUMAN,A0A7P0TB30_HUMAN
ACK1_HUMAN,A0A494C0S0_HUMAN
ACK1_HUMAN,A0A7I2V5C6_HUMAN
ACK1_HUMAN,A0A8J9BZL8_HUMAN
ACK1_HUMAN,EMIL1_HUMAN
ACK1_HUMAN,CPED1_HUMAN
ACK1_HUMAN,PUR2_HUMAN
ACK1_HUMAN,E7EUL6_HUMAN
ACK1_HUMAN,A0A8I5QJQ7_HUMAN
ACK1_HUMAN,A0A6Q8KRG2_HUMAN
ACK1_HUMAN,CNKR2_HUMAN
ACK1_HUMAN,C9J6P4_HUMAN
ACK1_HUMAN,B4GN4_HUMAN
ACK1_HUMAN,A0A804CAZ4_HUMAN
ACK1_HUMAN,ATP4A_HUMAN
ACK1_HUMAN,A0A7N4I394_HUMAN
ACK1_HUMAN,CNTN1_HUMAN
ACK1_HUMAN,A0A7I2YQT2_HUMAN
ACK1_HUMAN,KCNH4_HUMAN
ACK1_HUMAN,A0A8I5KXC3_HUMAN
ACK1_HUMAN,CBPC3_HUMAN
ACK1_HUMAN,E7ET15_HUMAN
ACK1_HUMAN,EPHAA_HUMAN
ACK1_HUMAN,E7ET52_HUMAN
ACK1_HUMAN,DLGP4_HUMAN
ACK1_HUMAN,ENTK_HUMAN
ACK1_HUMAN,E9PCR7_HUMAN
ACK1_HUMAN,FA83B_HUMAN
ACK1_HUMAN,A0A7I2V3W6_HUMAN
ACK1_HUMAN,F5GX51_HUMAN
ACK1_HUMAN,E9PDF2_HUMAN
ACK1_HUMAN,KIF17_HUMAN
ACK1_HUMAN,E5RFF3_HUMAN
ACK1_HUMAN,FA13A_HUMAN
ACK1_HUMAN,F5GY04_HUMAN
ACK1_HUMAN,UBP48_HUMAN
ACK1_HUMAN,E9PQ59_HUMAN
ACK1_HUMAN,HPS3_HUMAN
ACK1_HUMAN,OGDHL_HUMAN
ACK1_HUMAN,GGYF1_HUMAN
ACK1_HUMAN,FNBP4_HUMAN
ACK1_HUMAN,ULK2_HUMAN
ACK1_HUMAN,IGSF2_HUMAN
ACK1_HUMAN,LRCC1_HUMAN
ACK1_HUMAN,FRM4A_HUMAN
ACK1_HUMAN,IPO8_HUMAN
ACK1_HUMAN,I3L4D8_HUMAN
ACK1_HUMAN,H3BPK7_HUMAN
ACK1_HUMAN,J3KPH8_HUMAN
ACK1_HUMAN,F5GXI7_HUMAN
ACK1_HUMAN,MA2B2_HUMAN
ACK1_HUMAN,MCTP1_HUMAN
ACK1_HUMAN,PEAR1_HUMAN
ACK1_HUMAN,A0A499FIJ6_HUMAN
ACK1_HUMAN,MYO1D_HUMAN
ACK1_HUMAN,PROB1_HUMAN
ACK1_HUMAN,NLRP9_HUMAN
ACK1_HUMAN,PCDC2_HUMAN
ACK1_HUMAN,PKHG5_HUMAN
ACK1_HUMAN,A0A7I2V451_HUMAN
ACK1_HUMAN,PMFBP_HUMAN
ACK1_HUMAN,SCUB2_HUMAN
ACK1_HUMAN,THSD4_HUMAN
ACK1_HUMAN,E41L2_HUMAN
ACK1_HUMAN,SYIM_HUMAN
ACK1_HUMAN,TLL2_HUMAN
ACK1_HUMAN,T132A_HUMAN
ACK1_HUMAN,H0Y859_HUMAN
ACK1_HUMAN,E9PEI0_HUMAN
ACK1_HUMAN,H0Y8Y7_HUMAN
ACK1_HUMAN,X5DR09_HUMAN
ACK1_HUMAN,B4GN3_HUMAN
ACK1_HUMAN,UBP35_HUMAN
ACK1_HUMAN,HERC6_HUMAN
ACK1_HUMAN,A0A494C1M0_HUMAN
ACK1_HUMAN,A0A7P0TBP2_HUMAN
ACK1_HUMAN,DEN1A_HUMAN
ACK1_HUMAN,DSG3_HUMAN
ACK1_HUMAN,EVC_HUMAN
ACK1_HUMAN,D6RAA5_HUMAN
ACK1_HUMAN,CNTN3_HUMAN
ACK1_HUMAN,J3KNM6_HUMAN
ACK1_HUMAN,ASAP2_HUMAN
ACK1_HUMAN,NEBL_HUMAN
ACK1_HUMAN,A0A7P0T8S7_HUMAN
ACK1_HUMAN,A0A7I2V3F0_HUMAN
ACK1_HUMAN,P20L1_HUMAN
ACK1_HUMAN,Q4VXL8_HUMAN
ACK1_HUMAN,RASL3_HUMAN
ACK1_HUMAN,NALP4_HUMAN
ACK1_HUMAN,F5H1R4_HUMAN
ACK1_HUMAN,J3KR90_HUMAN
CALM1_HUMAN,H3BNK9_HUMAN
CALM1_HUMAN,B1AQP2_HUMAN
CALM1_HUMAN,JUPI1_HUMAN
CALM1_HUMAN,H0Y8A1_HUMAN
CALM1_HUMAN,H0Y8J7_HUMAN
CALM1_HUMAN,NHP2_HUMAN
CALM1_HUMAN,IF5A2_HUMAN
CALM1_HUMAN,A0A1W2PNV3_HUMAN
CALM1_HUMAN,H3BRR0_HUMAN
CALM1_HUMAN,RIFK_HUMAN
CALM1_HUMAN,B2RDW1_HUMAN
CALM1_HUMAN,MYG_HUMAN
CALM1_HUMAN,E5RHZ0_HUMAN
CALM1_HUMAN,PFD2_HUMAN
CALM1_HUMAN,BL1S1_HUMAN
CALM1_HUMAN,A9J4F5_HUMAN
CALM1_HUMAN,RNAS8_HUMAN
CALM1_HUMAN,ZNHI3_HUMAN
CALM1_HUMAN,A0A7P0T8C2_HUMAN
CALM1_HUMAN,A0A8I5KVG8_HUMAN
CALM1_HUMAN,IEX1_HUMAN
CALM1_HUMAN,GIP_HUMAN
CALM1_HUMAN,Q13169_HUMAN
CALM1_HUMAN,VATL_HUMAN
CALM1_HUMAN,G3V3J0_HUMAN
CALM1_HUMAN,F8VPE8_HUMAN
CALM1_HUMAN,AP1S3_HUMAN
CALM1_HUMAN,EPGN_HUMAN
CALM1_HUMAN,GAPR1_HUMAN
CALM1_HUMAN,SAP18_HUMAN
CALM1_HUMAN,A0A494C0V8_HUMAN
CALM1_HUMAN,H3BPF6_HUMAN
CALM1_HUMAN,PSPN_HUMAN
CALM1_HUMAN,S4R2Z7_HUMAN
CALM1_HUMAN,A0A7P0TAF0_HUMAN
CALM1_HUMAN,SODC_HUMAN
CALM1_HUMAN,MALL_HUMAN
CALM1_HUMAN,UB2L6_HUMAN
CALM1_HUMAN,RL23A_HUMAN
CALM1_HUMAN,DAOA_HUMAN
CALM1_HUMAN,Q5U743_HUMAN
CALM1_HUMAN,MAL_HUMAN
CALM1_HUMAN,PFD5_HUMAN
CALM1_HUMAN,MGST1_HUMAN
CALM1_HUMAN,IF5A1_HUMAN
CALM1_HUMAN,RM23_HUMAN
CALM1_HUMAN,CDN2A_HUMAN
CALM1_HUMAN,SNR27_HUMAN
CALM1_HUMAN,MAFK_HUMAN
CALM1_HUMAN,FUND1_HUMAN
CALM1_HUMAN,UB2L3_HUMAN
CALM1_HUMAN,RNF11_HUMAN
CALM1_HUMAN,ACPM_HUMAN
CALM1_HUMAN,IL17_HUMAN
CALM1_HUMAN,ORML1_HUMAN
CALM1_HUMAN,ZNHI1_HUMAN
CALM1_HUMAN,FGF1_HUMAN
CALM1_HUMAN,IL2_HUMAN
CALM1_HUMAN,I36RA_HUMAN
CALM1_HUMAN,ORML3_HUMAN
CALM1_HUMAN,RN122_HUMAN
CALM1_HUMAN,NDUBB_HUMAN
CALM1_HUMAN,F162A_HUMAN
CALM1_HUMAN,ORML2_HUMAN
CALM1_HUMAN,IL4_HUMAN
CALM1_HUMAN,RPP21_HUMAN
CALM1_HUMAN,ID1_HUMAN
ZRAB3_HUMAN,A0A8I5QJ69_HUMAN
ZRAB3_HUMAN,KIF5A_HUMAN
ZRAB3_HUMAN,SRCRM_HUMAN
ZRAB3_HUMAN,SLTM_HUMAN
ZRAB3_HUMAN,E9PNI7_HUMAN
ZRAB3_HUMAN,A0A7I2YQJ3_HUMAN
ZRAB3_HUMAN,E7EN73_HUMAN
ZRAB3_HUMAN,A0A087WX60_HUMAN
ZRAB3_HUMAN,J3KQ26_HUMAN
ZRAB3_HUMAN,NLRP3_HUMAN
ZRAB3_HUMAN,B1APH0_HUMAN
ZRAB3_HUMAN,MMS19_HUMAN
ZRAB3_HUMAN,SEM6A_HUMAN
ZRAB3_HUMAN,A0A7I2V2Y6_HUMAN
ZRAB3_HUMAN,F5H6E2_HUMAN
ZRAB3_HUMAN,PDZD7_HUMAN
ZRAB3_HUMAN,AT12A_HUMAN
ZRAB3_HUMAN,F8W1F5_HUMAN
ZRAB3_HUMAN,AT1A4_HUMAN
ZRAB3_HUMAN,C9JXV0_HUMAN
ZRAB3_HUMAN,SR140_HUMAN
ZRAB3_HUMAN,RTN3_HUMAN
ZRAB3_HUMAN,EPHA5_HUMAN
ZRAB3_HUMAN,IPO7_HUMAN
ZRAB3_HUMAN,CO6A1_HUMAN
ZRAB3_HUMAN,MYPT1_HUMAN
ZRAB3_HUMAN,ZN445_HUMAN
ZRAB3_HUMAN,FMNL3_HUMAN
ZRAB3_HUMAN,CNTN6_HUMAN
ZRAB3_HUMAN,MORC2_HUMAN
ZRAB3_HUMAN,HIP1_HUMAN
ZRAB3_HUMAN,A0A0C4DG89_HUMAN
ZRAB3_HUMAN,SC24D_HUMAN
ZRAB3_HUMAN,ACK1_HUMAN
ZRAB3_HUMAN,GNAS1_HUMAN
ZRAB3_HUMAN,BMPR2_HUMAN
ZRAB3_HUMAN,CR2_HUMAN
ZRAB3_HUMAN,SMRCD_HUMAN
ZRAB3_HUMAN,IN80D_HUMAN
ZRAB3_HUMAN,DDX46_HUMAN
ZRAB3_HUMAN,ITA2B_HUMAN
ZRAB3_HUMAN,PREP_HUMAN
ZRAB3_HUMAN,ITA9_HUMAN
ZRAB3_HUMAN,ITA4_HUMAN
ZRAB3_HUMAN,TLR9_HUMAN
ZRAB3_HUMAN,CNTN4_HUMAN
ZRAB3_HUMAN,CRIM1_HUMAN
ZRAB3_HUMAN,CAR10_HUMAN
PK3CB_HUMAN,RPGR_HUMAN
PK3CB_HUMAN,PSD1_HUMAN
PK3CB_HUMAN,J3QRV5_HUMAN
PK3CB_HUMAN,POP1_HUMAN
PK3CB_HUMAN,A0A804HKM8_HUMAN
PK3CB_HUMAN,EPHB6_HUMAN
PK3CB_HUMAN,RAB44_HUMAN
PK3CB_HUMAN,FAN1_HUMAN
PK3CB_HUMAN,CDCA2_HUMAN
PK3CB_HUMAN,S12A3_HUMAN
PK3CB_HUMAN,GCP5_HUMAN
PK3CB_HUMAN,PAR10_HUMAN
PK3CB_HUMAN,A0A6I8PLB3_HUMAN
PK3CB_HUMAN,MYO1G_HUMAN
PK3CB_HUMAN,HIRA_HUMAN
PK3CB_HUMAN,H0YBP1_HUMAN
PK3CB_HUMAN,INT5_HUMAN
PK3CB_HUMAN,CO6A2_HUMAN
PK3CB_HUMAN,L2GL2_HUMAN
PK3CB_HUMAN,ODO1_HUMAN
PK3CB_HUMAN,DPYD_HUMAN
PK3CB_HUMAN,RHGBA_HUMAN
PK3CB_HUMAN,GCSP_HUMAN
PK3CB_HUMAN,AGRG2_HUMAN
PK3CB_HUMAN,IFIH1_HUMAN
PK3CB_HUMAN,IDE_HUMAN
PK3CB_HUMAN,MPRIP_HUMAN
PK3CB_HUMAN,NFH_HUMAN
PK3CB_HUMAN,PKHM2_HUMAN
PK3CB_HUMAN,PRGC2_HUMAN
PK3CB_HUMAN,LCAP_HUMAN
PK3CB_HUMAN,NLRC4_HUMAN
PK3CB_HUMAN,AT1A1_HUMAN
PK3CB_HUMAN,AT1A2_HUMAN
PK3CB_HUMAN,NAT10_HUMAN
PK3CB_HUMAN,HERC5_HUMAN
PTGES_HUMAN,A0A087WZC1_HUMAN
PTGES_HUMAN,A0A384NPK6_HUMAN
PTGES_HUMAN,A2ABK4_HUMAN
PTGES_HUMAN,A0A7I2V548_HUMAN
PTGES_HUMAN,DHSD_HUMAN
PTGES_HUMAN,C9JE25_HUMAN
PTGES_HUMAN,A0A0U1RR31_HUMAN
PTGES_HUMAN,D6RI04_HUMAN
PTGES_HUMAN,CST9_HUMAN
PTGES_HUMAN,K7ER14_HUMAN
PTGES_HUMAN,C9JL93_HUMAN
PTGES_HUMAN,A8MXQ1_HUMAN
PTGES_HUMAN,E5RGE8_HUMAN
PTGES_HUMAN,M0R0K8_HUMAN
PTGES_HUMAN,E5RJN6_HUMAN
PTGES_HUMAN,F8W961_HUMAN
PTGES_HUMAN,I3L4Y9_HUMAN
PTGES_HUMAN,IL36A_HUMAN
PTGES_HUMAN,TMM92_HUMAN
PTGES_HUMAN,K7EMY9_HUMAN
PTGES_HUMAN,KRA98_HUMAN
PTGES_HUMAN,Q5T092_HUMAN
PTGES_HUMAN,O43806_HUMAN
PTGES_HUMAN,KRA93_HUMAN
PTGES_HUMAN,B4DHQ6_HUMAN
PTGES_HUMAN,OOSP2_HUMAN
PTGES_HUMAN,EOLA1_HUMAN
PTGES_HUMAN,MZT2B_HUMAN
PTGES_HUMAN,Q5TAL4_HUMAN
PTGES_HUMAN,TM50B_HUMAN
PTGES_HUMAN,TPC6A_HUMAN
PTGES_HUMAN,RGS13_HUMAN
PTGES_HUMAN,D6R9E4_HUMAN
PTGES_HUMAN,A0A1W2PPJ0_HUMAN
PTGES_HUMAN,Q5JSB6_HUMAN
PTGES_HUMAN,ATRAP_HUMAN
PTGES_HUMAN,GA45G_HUMAN
PTGES_HUMAN,AP1S1_HUMAN
PTGES_HUMAN,V9GY93_HUMAN
PTGES_HUMAN,XKRY_HUMAN
PTGES_HUMAN,TPC6B_HUMAN
PTGES_HUMAN,RS11_HUMAN
PTGES_HUMAN,MZT2A_HUMAN
PTGES_HUMAN,PPAC_HUMAN
PTGES_HUMAN,Q5JXX1_HUMAN
PTGES_HUMAN,D6R9G9_HUMAN
PTGES_HUMAN,D6RG11_HUMAN
PTGES_HUMAN,CYREN_HUMAN
PTGES_HUMAN,HSPB9_HUMAN
PTGES_HUMAN,A6NH27_HUMAN
PTGES_HUMAN,D6RIG5_HUMAN
PTGES_HUMAN,GAPT_HUMAN
PTGES_HUMAN,C9JUE0_HUMAN
PTGES_HUMAN,CYS1_HUMAN
PTGES_HUMAN,ANR37_HUMAN
PTGES_HUMAN,K7EMR5_HUMAN
PTGES_HUMAN,B1AMW7_HUMAN
PTGES_HUMAN,NUDC2_HUMAN
PTGES_HUMAN,UBC9_HUMAN
PTGES_HUMAN,EMP1_HUMAN
PTGES_HUMAN,G3V4X0_HUMAN
PTGES_HUMAN,E9PPU1_HUMAN
PTGES_HUMAN,SRGN_HUMAN
PTGES_HUMAN,DPPA3_HUMAN
PTGES_HUMAN,H0YL42_HUMAN
PTGES_HUMAN,RM50_HUMAN
PTGES_HUMAN,E9PJS3_HUMAN
PTGES_HUMAN,E9PQX0_HUMAN
PTGES_HUMAN,PIGP_HUMAN
PTGES_HUMAN,V9HW01_HUMAN
PTGES_HUMAN,TCAL1_HUMAN
PTGES_HUMAN,RBTN2_HUMAN
PTGES_HUMAN,SCOC_HUMAN
PTGES_HUMAN,REG4_HUMAN
PTGES_HUMAN,F174B_HUMAN
PTGES_HUMAN,BTG2_HUMAN
PTGES_HUMAN,H0YNQ5_HUMAN
PTGES_HUMAN,AP1S2_HUMAN
PTGES_HUMAN,UBL4A_HUMAN
PTGES_HUMAN,RL24_HUMAN
PTGES_HUMAN,GML_HUMAN
PTGES_HUMAN,TSLP_HUMAN
PTGES_HUMAN,GLRX5_HUMAN
PTGES_HUMAN,UXT_HUMAN
PTGES_HUMAN,RL29_HUMAN
PTGES_HUMAN,IGJ_HUMAN
PTGES_HUMAN,RU1C_HUMAN
PTGES_HUMAN,TMM88_HUMAN
PK3CA_HUMAN,SKOR2_HUMAN
PK3CA_HUMAN,MAML1_HUMAN
PK3CA_HUMAN,PTPR2_HUMAN
PK3CA_HUMAN,E9PK67_HUMAN
PK3CA_HUMAN,CND3_HUMAN
PK3CA_HUMAN,SMG5_HUMAN
MICA1_HUMAN,H7C5T8_HUMAN
MICA1_HUMAN,A0A8I5KS77_HUMAN
MICA1_HUMAN,PARP1_HUMAN
HIP1_HUMAN,PI5PA_HUMAN
HIP1_HUMAN,C9IZ08_HUMAN
HIP1_HUMAN,OFD1_HUMAN
HIP1_HUMAN,AXDN1_HUMAN
HIP1_HUMAN,A0A804HIY3_HUMAN
HIP1_HUMAN,LIPB1_HUMAN
HIP1_HUMAN,Q9Y4I9_HUMAN
HIP1_HUMAN,MIB1_HUMAN
HIP1_HUMAN,A0A7I2V5J9_HUMAN
HIP1_HUMAN,KLOT_HUMAN
HIP1_HUMAN,A0A7I2V5G7_HUMAN
HIP1_HUMAN,I5P2_HUMAN
HIP1_HUMAN,EMC1_HUMAN
HIP1_HUMAN,S23IP_HUMAN
HIP1_HUMAN,RPGF4_HUMAN
HIP1_HUMAN,KANK4_HUMAN
HIP1_HUMAN,INT8_HUMAN
HIP1_HUMAN,SCUB1_HUMAN
HIP1_HUMAN,B5MBZ0_HUMAN
HIP1_HUMAN,ANO2_HUMAN
HIP1_HUMAN,A0A7I2V3A9_HUMAN
HIP1_HUMAN,A0A5F9ZHP4_HUMAN
HIP1_HUMAN,MBD6_HUMAN
HIP1_HUMAN,A0A494C1N2_HUMAN
HIP1_HUMAN,SCUB3_HUMAN
HIP1_HUMAN,MA2B1_HUMAN
HIP1_HUMAN,SMBP2_HUMAN
HIP1_HUMAN,A0A8I5KVX9_HUMAN
HIP1_HUMAN,DDIAS_HUMAN
HIP1_HUMAN,ARHG2_HUMAN
HIP1_HUMAN,A0A0A0MRW6_HUMAN
HIP1_HUMAN,PHF12_HUMAN
HIP1_HUMAN,CP110_HUMAN
HIP1_HUMAN,CE120_HUMAN
HIP1_HUMAN,JMY_HUMAN
HIP1_HUMAN,Q68DW7_HUMAN
HIP1_HUMAN,C2CD5_HUMAN
HIP1_HUMAN,TOP3A_HUMAN
HIP1_HUMAN,CAR14_HUMAN
HIP1_HUMAN,ROBO4_HUMAN
HIP1_HUMAN,DEN2A_HUMAN
HIP1_HUMAN,MED24_HUMAN
HIP1_HUMAN,BRE1B_HUMAN
HIP1_HUMAN,EPHB4_HUMAN
HIP1_HUMAN,UBA7_HUMAN
HIP1_HUMAN,ZBTB4_HUMAN
HIP1_HUMAN,PHC1_HUMAN
HIP1_HUMAN,MOV10_HUMAN
HIP1_HUMAN,GRID1_HUMAN
HIP1_HUMAN,PRP4K_HUMAN
HIP1_HUMAN,PHF20_HUMAN
HIP1_HUMAN,ANO1_HUMAN
HIP1_HUMAN,GOGA2_HUMAN
HIP1_HUMAN,FOG1_HUMAN
HIP1_HUMAN,MKS3_HUMAN
HIP1_HUMAN,DHX36_HUMAN
HIP1_HUMAN,HLTF_HUMAN
HIP1_HUMAN,BMP1_HUMAN
HIP1_HUMAN,HYOU1_HUMAN
HIP1_HUMAN,KCNH5_HUMAN
HIP1_HUMAN,DNLI3_HUMAN
HIP1_HUMAN,STOX1_HUMAN
HIP1_HUMAN,RN111_HUMAN
HIP1_HUMAN,EPHB3_HUMAN
HIP1_HUMAN,GTF2I_HUMAN
HIP1_HUMAN,RECQ5_HUMAN
HIP1_HUMAN,SMG8_HUMAN
HIP1_HUMAN,AT1A3_HUMAN
HIP1_HUMAN,EPHA4_HUMAN
HIP1_HUMAN,AT2A3_HUMAN
HIP1_HUMAN,AT2A1_HUMAN
HIP1_HUMAN,MERTK_HUMAN
HIP1_HUMAN,FAK2_HUMAN
HIP1_HUMAN,BNC1_HUMAN
HIP1_HUMAN,TLL1_HUMAN
HIP1_HUMAN,KCNH1_HUMAN
HIP1_HUMAN,TAOK1_HUMAN
HIP1_HUMAN,GRID2_HUMAN
HIP1_HUMAN,SGSM2_HUMAN
HIP1_HUMAN,HDAC9_HUMAN
HIP1_HUMAN,EPHA7_HUMAN
HIP1_HUMAN,FLT3_HUMAN
HIP1_HUMAN,ELAP1_HUMAN
HIP1_HUMAN,SNX19_HUMAN
HIP1_HUMAN,CLCN1_HUMAN
HIP1_HUMAN,SALL2_HUMAN
RS27A_HUMAN,G3V2W0_HUMAN
RS27A_HUMAN,F6VDH7_HUMAN
RS27A_HUMAN,A0A087WYD5_HUMAN
RS27A_HUMAN,A0A0S2Z6I4_HUMAN
RS27A_HUMAN,A0A2R8Y459_HUMAN
RS27A_HUMAN,A0A140VJS7_HUMAN
RS27A_HUMAN,B9A058_HUMAN
RS27A_HUMAN,H3BQ40_HUMAN
RS27A_HUMAN,SUPYN_HUMAN
RS27A_HUMAN,NUD10_HUMAN
RS27A_HUMAN,A6PVC9_HUMAN
RS27A_HUMAN,E9PJF7_HUMAN
RS27A_HUMAN,A0A2R8Y6C1_HUMAN
RS27A_HUMAN,C9JNL5_HUMAN
RS27A_HUMAN,F5H2X2_HUMAN
RS27A_HUMAN,C9JT45_HUMAN
RS27A_HUMAN,CGB2_HUMAN
RS27A_HUMAN,CMIP5_HUMAN
RS27A_HUMAN,I3L0Z6_HUMAN
RS27A_HUMAN,KR134_HUMAN
RS27A_HUMAN,C9JWT6_HUMAN
RS27A_HUMAN,B5MC62_HUMAN
RS27A_HUMAN,CZIB_HUMAN
RS27A_HUMAN,F5H2K4_HUMAN
RS27A_HUMAN,KRA96_HUMAN
RS27A_HUMAN,K7EQH6_HUMAN
RS27A_HUMAN,SKP1_HUMAN
RS27A_HUMAN,E9PJ54_HUMAN
RS27A_HUMAN,K7EMD6_HUMAN
RS27A_HUMAN,IL36B_HUMAN
RS27A_HUMAN,UCN3_HUMAN
RS27A_HUMAN,E9PLU3_HUMAN
RS27A_HUMAN,ID4_HUMAN
RS27A_HUMAN,J3KPG2_HUMAN
RS27A_HUMAN,F8VX42_HUMAN
RS27A_HUMAN,KR111_HUMAN
RS27A_HUMAN,H3BSQ0_HUMAN
RS27A_HUMAN,Q5JSK6_HUMAN
RS27A_HUMAN,E7EMN2_HUMAN
RS27A_HUMAN,NUD11_HUMAN
RS27A_HUMAN,E9PIZ0_HUMAN
RS27A_HUMAN,M0QZI0_HUMAN
RS27A_HUMAN,H0YB37_HUMAN
RS27A_HUMAN,LY86_HUMAN
RS27A_HUMAN,A0A087WW71_HUMAN
RS27A_HUMAN,RNH2C_HUMAN
RS27A_HUMAN,TEX19_HUMAN
RS27A_HUMAN,E9PK57_HUMAN
RS27A_HUMAN,D6RFM3_HUMAN
RS27A_HUMAN,C9J9A2_HUMAN
RS27A_HUMAN,F8VZP4_HUMAN
RS27A_HUMAN,F8VPY7_HUMAN
RS27A_HUMAN,K7EQ70_HUMAN
RS27A_HUMAN,B1ALM4_HUMAN
RS27A_HUMAN,Q5QPQ1_HUMAN
RS27A_HUMAN,F8VSJ1_HUMAN
RS27A_HUMAN,H7C5J1_HUMAN
RS27A_HUMAN,H0YCS0_HUMAN
RS27A_HUMAN,C9J869_HUMAN
RS27A_HUMAN,H3BN52_HUMAN
RS27A_HUMAN,Q5QPQ0_HUMAN
RS27A_HUMAN,H0YLC5_HUMAN
RS27A_HUMAN,J3QQQ1_HUMAN
RS27A_HUMAN,Q71UZ1_HUMAN
RS27A_HUMAN,IL31_HUMAN
RS27A_HUMAN,K7EN27_HUMAN
RS27A_HUMAN,H3BNV7_HUMAN
RS27A_HUMAN,U3KQI3_HUMAN
RS27A_HUMAN,H3BQB1_HUMAN
RS27A_HUMAN,CNRP1_HUMAN
RS27A_HUMAN,X6RK18_HUMAN
RS27A_HUMAN,A0A494C0T1_HUMAN
RS27A_HUMAN,A0A499FJ41_HUMAN
RS27A_HUMAN,CIA2A_HUMAN
RS27A_HUMAN,TWST2_HUMAN
RS27A_HUMAN,E9PIG0_HUMAN
RS27A_HUMAN,C9J8T4_HUMAN
RS27A_HUMAN,C9J808_HUMAN
RS27A_HUMAN,GLRX2_HUMAN
RS27A_HUMAN,CNIH2_HUMAN
RS27A_HUMAN,CNIH3_HUMAN
RS27A_HUMAN,D6RB08_HUMAN
RS27A_HUMAN,HSPB6_HUMAN
RS27A_HUMAN,AR2BP_HUMAN
RS27A_HUMAN,H0YEN1_HUMAN
RS27A_HUMAN,K7ER69_HUMAN
RS27A_HUMAN,G3V554_HUMAN
RS27A_HUMAN,H0Y9D5_HUMAN
RS27A_HUMAN,CEP19_HUMAN
RS27A_HUMAN,G3V203_HUMAN
RS27A_HUMAN,F8WCB3_HUMAN
RS27A_HUMAN,U2QL1_HUMAN
RS27A_HUMAN,CIA2B_HUMAN
RS27A_HUMAN,IL17F_HUMAN
RS27A_HUMAN,B1AN62_HUMAN
RS27A_HUMAN,TGFA_HUMAN
RS27A_HUMAN,H0YJG9_HUMAN
RS27A_HUMAN,H0YKL4_HUMAN
RS27A_HUMAN,RLP24_HUMAN
RS27A_HUMAN,A0A087WZQ9_HUMAN
ITA4_HUMAN,ANO3_HUMAN
ITA4_HUMAN,A0A2R8Y7M0_HUMAN
ITA4_HUMAN,SYAM_HUMAN
ITA4_HUMAN,A0A499FI31_HUMAN
ITA4_HUMAN,A0A6Q8PGN5_HUMAN
ITA4_HUMAN,RIN3_HUMAN
ITA4_HUMAN,B0ZBF6_HUMAN
ITA4_HUMAN,CBLB_HUMAN
ITA4_HUMAN,PIGG_HUMAN
ITA4_HUMAN,MYPT2_HUMAN
ITA4_HUMAN,EPHA3_HUMAN
ITA4_HUMAN,RB3GP_HUMAN
ITA4_HUMAN,F5H2T0_HUMAN
ITA4_HUMAN,A0A140VJJ0_HUMAN
ITA4_HUMAN,B0QY83_HUMAN
ITA4_HUMAN,A0A804HID8_HUMAN
ITA4_HUMAN,MORC1_HUMAN
ITA4_HUMAN,CSTN1_HUMAN
ITA4_HUMAN,4ET_HUMAN
ITA4_HUMAN,PHC3_HUMAN
ITA4_HUMAN,MYBPP_HUMAN
ITA4_HUMAN,F6M2K4_HUMAN
ITA4_HUMAN,EMAL4_HUMAN
ITA4_HUMAN,ICE2_HUMAN
ITA4_HUMAN,PKN2_HUMAN
ITA4_HUMAN,A0A1B0GU48_HUMAN
ITA4_HUMAN,MCR_HUMAN
ITA4_HUMAN,EPHB1_HUMAN
ITA4_HUMAN,UBP15_HUMAN
8ODP_HUMAN,NUD15_HUMAN
8ODP_HUMAN,G3V504_HUMAN
8ODP_HUMAN,A0A1W2PQ77_HUMAN
8ODP_HUMAN,F8W7C6_HUMAN
8ODP_HUMAN,A0A8I5KUL7_HUMAN
8ODP_HUMAN,AL5AP_HUMAN
8ODP_HUMAN,M0R017_HUMAN
8ODP_HUMAN,Q5VVQ1_HUMAN
8ODP_HUMAN,PDPN_HUMAN
8ODP_HUMAN,V9HWB6_HUMAN
8ODP_HUMAN,MCRI2_HUMAN
8ODP_HUMAN,PPIL3_HUMAN
8ODP_HUMAN,B7ZBF8_HUMAN
8ODP_HUMAN,GA45B_HUMAN
8ODP_HUMAN,MPH6_HUMAN
8ODP_HUMAN,PLAT3_HUMAN
8ODP_HUMAN,MAFG_HUMAN
8ODP_HUMAN,LITAF_HUMAN
8ODP_HUMAN,OMP_HUMAN
8ODP_HUMAN,TIFAB_HUMAN
8ODP_HUMAN,TM138_HUMAN
8ODP_HUMAN,MAX_HUMAN
8ODP_HUMAN,TNNC1_HUMAN
8ODP_HUMAN,THY1_HUMAN
8ODP_HUMAN,LY96_HUMAN
8ODP_HUMAN,CD3Z_HUMAN
8ODP_HUMAN,SNX12_HUMAN
8ODP_HUMAN,TNNC2_HUMAN
8ODP_HUMAN,JDP2_HUMAN
8ODP_HUMAN,ECP_HUMAN
8ODP_HUMAN,LDAF1_HUMAN
8ODP_HUMAN,PLAT2_HUMAN
8ODP_HUMAN,C9JJ78_HUMAN
8ODP_HUMAN,LTOR1_HUMAN
8ODP_HUMAN,IL15_HUMAN
8ODP_HUMAN,NEU2_HUMAN
8ODP_HUMAN,VKOR1_HUMAN
8ODP_HUMAN,PLAT4_HUMAN
8ODP_HUMAN,C9IZ41_HUMAN
8ODP_HUMAN,MAFF_HUMAN
8ODP_HUMAN,RL21_HUMAN
8ODP_HUMAN,POP5_HUMAN
8ODP_HUMAN,EMP3_HUMAN
8ODP_HUMAN,PIN1_HUMAN
8ODP_HUMAN,BIK_HUMAN
8ODP_HUMAN,EID2B_HUMAN
8ODP_HUMAN,CDN1A_HUMAN
8ODP_HUMAN,HINT2_HUMAN
8ODP_HUMAN,SNX3_HUMAN
8ODP_HUMAN,LYSET_HUMAN
8ODP_HUMAN,CAV2_HUMAN
8ODP_HUMAN,RNAS2_HUMAN
8ODP_HUMAN,TEBP_HUMAN
8ODP_HUMAN,PMP22_HUMAN
8ODP_HUMAN,RM30_HUMAN
8ODP_HUMAN,ATP5H_HUMAN
8ODP_HUMAN,IL21_HUMAN
8ODP_HUMAN,SRSF3_HUMAN
8ODP_HUMAN,TAF12_HUMAN
8ODP_HUMAN,RARR2_HUMAN
RL29_HUMAN,A8MZB2_HUMAN
RL29_HUMAN,A2AAT8_HUMAN
RL29_HUMAN,E7EQ72_HUMAN
RL29_HUMAN,D6RIV9_HUMAN
RL29_HUMAN,A0A0J9YXB8_HUMAN
RL29_HUMAN,A0A2R8YDT8_HUMAN
RL29_HUMAN,A0A182DWI4_HUMAN
RL29_HUMAN,A2A2P1_HUMAN
RL29_HUMAN,E9PIG2_HUMAN
RL29_HUMAN,KRA57_HUMAN
RL29_HUMAN,E9PN75_HUMAN
RL29_HUMAN,E7EMT6_HUMAN
RL29_HUMAN,B1AK45_HUMAN
RL29_HUMAN,C9JW19_HUMAN
RL29_HUMAN,H0YNW5_HUMAN
RL29_HUMAN,E7ESK6_HUMAN
RL29_HUMAN,E9PRS3_HUMAN
RL29_HUMAN,H0YDK7_HUMAN
RL29_HUMAN,F8WD24_HUMAN
RL29_HUMAN,MTFP1_HUMAN
RL29_HUMAN,CCD12_HUMAN
RL29_HUMAN,H0Y548_HUMAN
RL29_HUMAN,ZG16_HUMAN
RL29_HUMAN,E2QRG8_HUMAN
RL29_HUMAN,F8W1H0_HUMAN
RL29_HUMAN,E5RHZ6_HUMAN
RL29_HUMAN,CHIC2_HUMAN
RL29_HUMAN,E9PLN8_HUMAN
RL29_HUMAN,FER3L_HUMAN
RL29_HUMAN,F5GZ11_HUMAN
RL29_HUMAN,KRA13_HUMAN
RL29_HUMAN,F5H1Y3_HUMAN
RL29_HUMAN,F86C1_HUMAN
RL29_HUMAN,H0YMH7_HUMAN
RL29_HUMAN,E9PMI6_HUMAN
RL29_HUMAN,GOG7B_HUMAN
RL29_HUMAN,GTSF1_HUMAN
RL29_HUMAN,YBEY_HUMAN
RL29_HUMAN,IMP1L_HUMAN
RL29_HUMAN,D3YTC6_HUMAN
RL29_HUMAN,H3BQF7_HUMAN
RL29_HUMAN,PRPC_HUMAN
RL29_HUMAN,H7C2Y5_HUMAN
RL29_HUMAN,KRA44_HUMAN
RL29_HUMAN,AGR3_HUMAN
RL29_HUMAN,RT24_HUMAN
RL29_HUMAN,H0YEU5_HUMAN
RL29_HUMAN,LY6K_HUMAN
RL29_HUMAN,NRN1L_HUMAN
RL29_HUMAN,SEP15_HUMAN
RL29_HUMAN,RM49_HUMAN
RL29_HUMAN,MCH_HUMAN
RL29_HUMAN,A8MXE0_HUMAN
RL29_HUMAN,A0A087X1K9_HUMAN
RL29_HUMAN,E7EMR6_HUMAN
RL29_HUMAN,DEST_HUMAN
RL29_HUMAN,I3L483_HUMAN
RL29_HUMAN,A0A1U9X8S6_HUMAN
RL29_HUMAN,A0A1W2PR02_HUMAN
RL29_HUMAN,A0A804CKL3_HUMAN
RL29_HUMAN,E7EP63_HUMAN
RL29_HUMAN,U3KQ93_HUMAN
RL29_HUMAN,H3BTZ9_HUMAN
RL29_HUMAN,EMP2_HUMAN
RL29_HUMAN,J3QL74_HUMAN
RL29_HUMAN,NKG7_HUMAN
RL29_HUMAN,H0YA98_HUMAN
RL29_HUMAN,J3KRZ5_HUMAN
RL29_HUMAN,TP4A2_HUMAN
RL29_HUMAN,U3KQK0_HUMAN
RL29_HUMAN,F8VTR6_HUMAN
RL29_HUMAN,G3V2K2_HUMAN
RL29_HUMAN,C9JHT2_HUMAN
RL29_HUMAN,H3BU16_HUMAN
RL29_HUMAN,CGBP1_HUMAN
RL29_HUMAN,E9PJK1_HUMAN
RL29_HUMAN,Q14DL9_HUMAN
RL29_HUMAN,F5GZH1_HUMAN
RL29_HUMAN,C9JYN7_HUMAN
RL29_HUMAN,EIF1A_HUMAN
RL29_HUMAN,K7ENW4_HUMAN
RL29_HUMAN,RL12_HUMAN
RL29_HUMAN,ARCH_HUMAN
RL29_HUMAN,A0A0C4DGK2_HUMAN
RL29_HUMAN,REG1A_HUMAN
RL29_HUMAN,Q5T398_HUMAN
RL29_HUMAN,C9J6C5_HUMAN
RL29_HUMAN,H0Y922_HUMAN
RL29_HUMAN,A0A7I2V359_HUMAN
RL29_HUMAN,B7ZB74_HUMAN
RL29_HUMAN,H0YHA7_HUMAN
RL29_HUMAN,Q5T3W0_HUMAN
RL29_HUMAN,MTRFR_HUMAN
RL29_HUMAN,H3BSN4_HUMAN
RL29_HUMAN,COF2_HUMAN
RL29_HUMAN,NACHO_HUMAN
RL29_HUMAN,A0A087WT77_HUMAN
RL29_HUMAN,RS10_HUMAN
RL29_HUMAN,CGB3_HUMAN
RL29_HUMAN,PA2GX_HUMAN
PPAC_HUMAN,ISG15_HUMAN
PPAC_HUMAN,Q8TD27_HUMAN
PPAC_HUMAN,H0YCF6_HUMAN
PPAC_HUMAN,PPIL1_HUMAN
PPAC_HUMAN,THIOM_HUMAN
PPAC_HUMAN,COF1_HUMAN
PPAC_HUMAN,SDHF2_HUMAN
PPAC_HUMAN,CGB7_HUMAN
PPAC_HUMAN,NPW_HUMAN
PPAC_HUMAN,MLRV_HUMAN
PPAC_HUMAN,HES5_HUMAN
PPAC_HUMAN,IFNG_HUMAN
PPAC_HUMAN,GA45A_HUMAN
PPAC_HUMAN,UB2G2_HUMAN
PPAC_HUMAN,PPIA_HUMAN
PPAC_HUMAN,CDN2D_HUMAN
PPAC_HUMAN,UBD_HUMAN
VKOR1_HUMAN,E7EWJ9_HUMAN
VKOR1_HUMAN,A0A0S2Z5U1_HUMAN
VKOR1_HUMAN,A0A1W2PQK0_HUMAN
VKOR1_HUMAN,A0A2R8Y594_HUMAN
VKOR1_HUMAN,D6RIU0_HUMAN
VKOR1_HUMAN,CANB2_HUMAN
VKOR1_HUMAN,E9PN38_HUMAN
VKOR1_HUMAN,A0A6Q8PHQ0_HUMAN
VKOR1_HUMAN,F209B_HUMAN
VKOR1_HUMAN,B1AMX7_HUMAN
VKOR1_HUMAN,C9JM78_HUMAN
VKOR1_HUMAN,E9PMJ1_HUMAN
VKOR1_HUMAN,C9JBT4_HUMAN
VKOR1_HUMAN,J3QS80_HUMAN
VKOR1_HUMAN,C9JWV9_HUMAN
VKOR1_HUMAN,F8VS11_HUMAN
VKOR1_HUMAN,E7EQ69_HUMAN
VKOR1_HUMAN,F8VS03_HUMAN
VKOR1_HUMAN,DTD2_HUMAN
VKOR1_HUMAN,E9PH64_HUMAN
VKOR1_HUMAN,IL36G_HUMAN
VKOR1_HUMAN,E9PQX3_HUMAN
VKOR1_HUMAN,ML12A_HUMAN
VKOR1_HUMAN,CLCL1_HUMAN
VKOR1_HUMAN,F5GWF8_HUMAN
VKOR1_HUMAN,F8W0K0_HUMAN
VKOR1_HUMAN,H0YIV9_HUMAN
VKOR1_HUMAN,DCTP1_HUMAN
VKOR1_HUMAN,L0R6P0_HUMAN
VKOR1_HUMAN,G3V439_HUMAN
VKOR1_HUMAN,NSG2_HUMAN
VKOR1_HUMAN,F8WA05_HUMAN
VKOR1_HUMAN,PLAT1_HUMAN
VKOR1_HUMAN,BTG1_HUMAN
VKOR1_HUMAN,FGF22_HUMAN
VKOR1_HUMAN,GREM2_HUMAN
VKOR1_HUMAN,H0Y592_HUMAN
VKOR1_HUMAN,H0YFF3_HUMAN
VKOR1_HUMAN,SEN15_HUMAN
VKOR1_HUMAN,H3BUL0_HUMAN
VKOR1_HUMAN,H0YJ92_HUMAN
VKOR1_HUMAN,J3QLE5_HUMAN
VKOR1_HUMAN,IL26_HUMAN
VKOR1_HUMAN,M0QYH3_HUMAN
VKOR1_HUMAN,K7EPM4_HUMAN
VKOR1_HUMAN,I3L161_HUMAN
VKOR1_HUMAN,CAMP_HUMAN
VKOR1_HUMAN,K7ELW0_HUMAN
VKOR1_HUMAN,KRA59_HUMAN
VKOR1_HUMAN,KRA97_HUMAN
VKOR1_HUMAN,LYPD6_HUMAN
VKOR1_HUMAN,M0R0D4_HUMAN
VKOR1_HUMAN,Q4VXN6_HUMAN
VKOR1_HUMAN,A0A087WT90_HUMAN
VKOR1_HUMAN,PPR1A_HUMAN
VKOR1_HUMAN,PA2GF_HUMAN
VKOR1_HUMAN,OBP2B_HUMAN
VKOR1_HUMAN,F8VWU8_HUMAN
VKOR1_HUMAN,H7C0W4_HUMAN
VKOR1_HUMAN,OBP2A_HUMAN
VKOR1_HUMAN,Q5T0Y3_HUMAN
VKOR1_HUMAN,E9PJE4_HUMAN
VKOR1_HUMAN,Q53HL1_HUMAN
VKOR1_HUMAN,TPPP2_HUMAN
VKOR1_HUMAN,G3V5D4_HUMAN
VKOR1_HUMAN,UFC1_HUMAN
VKOR1_HUMAN,Q5TBG2_HUMAN
VKOR1_HUMAN,F8VSL7_HUMAN
VKOR1_HUMAN,C9J352_HUMAN
VKOR1_HUMAN,V9GYX0_HUMAN
VKOR1_HUMAN,A0A0C4DG47_HUMAN
VKOR1_HUMAN,H0YL62_HUMAN
VKOR1_HUMAN,TSPO2_HUMAN
VKOR1_HUMAN,E9PM83_HUMAN
VKOR1_HUMAN,H0YBN0_HUMAN
VKOR1_HUMAN,H3BM52_HUMAN
VKOR1_HUMAN,Q6FH20_HUMAN
VKOR1_HUMAN,E7ER52_HUMAN
VKOR1_HUMAN,J3KP55_HUMAN
VKOR1_HUMAN,E9PIP1_HUMAN
VKOR1_HUMAN,J3QR06_HUMAN
VKOR1_HUMAN,F5GZ10_HUMAN
VKOR1_HUMAN,H3BU31_HUMAN
VKOR1_HUMAN,F5H2H9_HUMAN
VKOR1_HUMAN,M0QXD7_HUMAN
VKOR1_HUMAN,X6RH80_HUMAN
VKOR1_HUMAN,VIP_HUMAN
VKOR1_HUMAN,SRARP_HUMAN
VKOR1_HUMAN,HSPB7_HUMAN
VKOR1_HUMAN,M0QY46_HUMAN
VKOR1_HUMAN,ARPC4_HUMAN
VKOR1_HUMAN,F5GXC0_HUMAN
VKOR1_HUMAN,SAT2_HUMAN
VKOR1_HUMAN,H3BTP7_HUMAN
VKOR1_HUMAN,Q5T397_HUMAN
VKOR1_HUMAN,J3KSB8_HUMAN
VKOR1_HUMAN,SPRR3_HUMAN
VKOR1_HUMAN,H7C101_HUMAN
VKOR1_HUMAN,A0A1W2PQP6_HUMAN
VKOR1_HUMAN,D6RD20_HUMAN
SKP1_HUMAN,A0A2R8Y623_HUMAN
SKP1_HUMAN,B7ZBA4_HUMAN
SKP1_HUMAN,E7EUB5_HUMAN
SKP1_HUMAN,ZMAT5_HUMAN
SKP1_HUMAN,DAZP2_HUMAN
SKP1_HUMAN,B2REA4_HUMAN
SKP1_HUMAN,H0YEU2_HUMAN
SKP1_HUMAN,C560_HUMAN
SKP1_HUMAN,TI17A_HUMAN
SKP1_HUMAN,CETN3_HUMAN
SKP1_HUMAN,GEMI6_HUMAN
SKP1_HUMAN,PTN_HUMAN
SKP1_HUMAN,SPCS1_HUMAN
SKP1_HUMAN,CDN2C_HUMAN
SKP1_HUMAN,MYL11_HUMAN
SKP1_HUMAN,R4GN59_HUMAN
SKP1_HUMAN,NAA50_HUMAN
SKP1_HUMAN,CANB1_HUMAN
SKP1_HUMAN,ATPD_HUMAN
SKP1_HUMAN,SAT1_HUMAN
SKP1_HUMAN,NDUF2_HUMAN
SKP1_HUMAN,COX41_HUMAN
SKP1_HUMAN,COX42_HUMAN
SKP1_HUMAN,BAD_HUMAN
SKP1_HUMAN,NEUT_HUMAN
SKP1_HUMAN,NDK3_HUMAN
SKP1_HUMAN,UB2G1_HUMAN
SKP1_HUMAN,CF276_HUMAN
SKP1_HUMAN,HTD2_HUMAN
SKP1_HUMAN,TSPO_HUMAN
SKP1_HUMAN,CD3D_HUMAN
SKP1_HUMAN,LEP_HUMAN
SKP1_HUMAN,ISCU_HUMAN
SKP1_HUMAN,DUX1_HUMAN
SKP1_HUMAN,DDIT3_HUMAN
SKP1_HUMAN,EREG_HUMAN
SKP1_HUMAN,TELT_HUMAN
SKP1_HUMAN,DESI1_HUMAN
PARP1_HUMAN,A0A6Q8PFY2_HUMAN
PARP1_HUMAN,A0A087WZ65_HUMAN
PARP1_HUMAN,D6RD46_HUMAN
PARP1_HUMAN,A0A8I5KQ62_HUMAN
PARP1_HUMAN,A0A384NKW7_HUMAN
PARP1_HUMAN,A0A8I5KNZ1_HUMAN
PARP1_HUMAN,B4E218_HUMAN
PARP1_HUMAN,BICC1_HUMAN
PARP1_HUMAN,A0A7I2V5Y5_HUMAN
PARP1_HUMAN,X5D939_HUMAN
PARP1_HUMAN,DLGP1_HUMAN
PARP1_HUMAN,E7ERS3_HUMAN
PARP1_HUMAN,B7ZM99_HUMAN
PARP1_HUMAN,UBP37_HUMAN
PARP1_HUMAN,F8WE42_HUMAN
PARP1_HUMAN,DLGP3_HUMAN
PARP1_HUMAN,X5DNP5_HUMAN
PARP1_HUMAN,F5H2F4_HUMAN
PARP1_HUMAN,PCSK6_HUMAN
PARP1_HUMAN,F5H578_HUMAN
PARP1_HUMAN,IPO11_HUMAN
PARP1_HUMAN,H0YFY6_HUMAN
PARP1_HUMAN,B4DTR1_HUMAN
PARP1_HUMAN,A0A8I5KQZ6_HUMAN
PARP1_HUMAN,W0Z7M9_HUMAN
PARP1_HUMAN,M0QXA7_HUMAN
PARP1_HUMAN,GMIP_HUMAN
PARP1_HUMAN,H0YHT2_HUMAN
PARP1_HUMAN,B4DJX4_HUMAN
PARP1_HUMAN,A0A6Q8PHC3_HUMAN
PARP1_HUMAN,ERN1_HUMAN
PARP1_HUMAN,RAI14_HUMAN
PARP1_HUMAN,A0A8J8Z860_HUMAN
PARP1_HUMAN,A0A8I5KS03_HUMAN
PARP1_HUMAN,E7EXA6_HUMAN
PARP1_HUMAN,A0A024R7N1_HUMAN
PARP1_HUMAN,RECK_HUMAN
PARP1_HUMAN,A0A1W2PQA9_HUMAN
PARP1_HUMAN,A0A0U2N547_HUMAN
PARP1_HUMAN,A0A3B3IU30_HUMAN
PARP1_HUMAN,J3KR88_HUMAN
PARP1_HUMAN,RHG06_HUMAN
PARP1_HUMAN,A0A8I5QKP7_HUMAN
PARP1_HUMAN,M0QZR4_HUMAN
PARP1_HUMAN,A0A8I5QKL5_HUMAN
PARP1_HUMAN,C9JMB8_HUMAN
PARP1_HUMAN,RFX1_HUMAN
PARP1_HUMAN,EXOC4_HUMAN
PARP1_HUMAN,XPO2_HUMAN
PARP1_HUMAN,GRIK5_HUMAN
PARP1_HUMAN,D6RH30_HUMAN
PARP1_HUMAN,ZBED6_HUMAN
PARP1_HUMAN,A0A804HKS0_HUMAN
PARP1_HUMAN,A0A2R8Y7T6_HUMAN
PARP1_HUMAN,A0A2R8YDM2_HUMAN
PARP1_HUMAN,MOONR_HUMAN
PARP1_HUMAN,VPS54_HUMAN
PARP1_HUMAN,E5KLJ9_HUMAN
PARP1_HUMAN,PEX6_HUMAN
PARP1_HUMAN,F8WAI0_HUMAN
PARP1_HUMAN,PARG_HUMAN
PARP1_HUMAN,A0A804HKZ1_HUMAN
PARP1_HUMAN,TRPC4_HUMAN
PARP1_HUMAN,M3K13_HUMAN
PARP1_HUMAN,A0A087WXD2_HUMAN
PARP1_HUMAN,EPHA1_HUMAN
PARP1_HUMAN,PP6R2_HUMAN
PARP1_HUMAN,NLRX1_HUMAN
PARP1_HUMAN,A0A7I2V2H0_HUMAN
PARP1_HUMAN,SKOR1_HUMAN
PARP1_HUMAN,NAA25_HUMAN
PARP1_HUMAN,H7BXG7_HUMAN
PARP1_HUMAN,NALP7_HUMAN
PARP1_HUMAN,CTF18_HUMAN
PARP1_HUMAN,FCRL5_HUMAN
PARP1_HUMAN,LGR6_HUMAN
PARP1_HUMAN,NBR1_HUMAN
PARP1_HUMAN,A0A3B3IU48_HUMAN
PARP1_HUMAN,A0A3B3IU55_HUMAN
PARP1_HUMAN,NED4L_HUMAN
PARP1_HUMAN,INP4A_HUMAN
PARP1_HUMAN,PIWL2_HUMAN
PARP1_HUMAN,S26A8_HUMAN
PARP1_HUMAN,SNX13_HUMAN
PARP1_HUMAN,NEK9_HUMAN
PARP1_HUMAN,CTND1_HUMAN
PARP1_HUMAN,DDX11_HUMAN
PARP1_HUMAN,AMPN_HUMAN
PARP1_HUMAN,SLIK3_HUMAN
PARP1_HUMAN,BICD1_HUMAN
PARP1_HUMAN,SYCP1_HUMAN
PARP1_HUMAN,STK10_HUMAN
PARP1_HUMAN,PLK4_HUMAN
PARP1_HUMAN,U5S1_HUMAN
PARP1_HUMAN,OSMR_HUMAN
PARP1_HUMAN,COG1_HUMAN
PARP1_HUMAN,RUBIC_HUMAN
PARP1_HUMAN,C1TM_HUMAN
PARP1_HUMAN,WDR59_HUMAN
PARP1_HUMAN,NFKB1_HUMAN
PTPR2_HUMAN,SYNE3_HUMAN
PTPR2_HUMAN,AP2A1_HUMAN
PTPR2_HUMAN,PTPRN_HUMAN
PTPR2_HUMAN,SYAC_HUMAN
PTPR2_HUMAN,ATS1_HUMAN
PTPR2_HUMAN,MYO19_HUMAN
PTPR2_HUMAN,BRE1A_HUMAN
PTPR2_HUMAN,AMD_HUMAN
PTPR2_HUMAN,CSF1R_HUMAN
PTPR2_HUMAN,Z3H7A_HUMAN
PTPR2_HUMAN,FHI1B_HUMAN
PTPR2_HUMAN,TRPC5_HUMAN
PTPR2_HUMAN,KIT_HUMAN
PTPR2_HUMAN,EPHA2_HUMAN
PTPR2_HUMAN,NAC1_HUMAN
PTPR2_HUMAN,RBM15_HUMAN
PTPR2_HUMAN,PKD2_HUMAN
PTPR2_HUMAN,PITM3_HUMAN
PTPR2_HUMAN,Z3H7B_HUMAN
PTPR2_HUMAN,VPS18_HUMAN
OFD1_HUMAN,A0A0D9SGC1_HUMAN
OFD1_HUMAN,AGRD2_HUMAN
OFD1_HUMAN,IPO13_HUMAN
OFD1_HUMAN,LRP8_HUMAN
OFD1_HUMAN,PACS1_HUMAN
OFD1_HUMAN,IQEC1_HUMAN
OFD1_HUMAN,PCDC1_HUMAN
OFD1_HUMAN,V9HW29_HUMAN
OFD1_HUMAN,Q96HN5_HUMAN
OFD1_HUMAN,INT7_HUMAN
OFD1_HUMAN,XPOT_HUMAN
OFD1_HUMAN,ARVC_HUMAN
OFD1_HUMAN,USO1_HUMAN
OFD1_HUMAN,TBD2B_HUMAN
OFD1_HUMAN,SART3_HUMAN
OFD1_HUMAN,INT4_HUMAN
OFD1_HUMAN,KINH_HUMAN
OFD1_HUMAN,VP35L_HUMAN
OFD1_HUMAN,UBP11_HUMAN
OFD1_HUMAN,RAIN_HUMAN
OFD1_HUMAN,IREB2_HUMAN
OFD1_HUMAN,VPS50_HUMAN
OFD1_HUMAN,UBP4_HUMAN
OFD1_HUMAN,SH3B4_HUMAN
OFD1_HUMAN,TRI37_HUMAN
NUD11_HUMAN,PLD3A_HUMAN
NUD11_HUMAN,E9PNT5_HUMAN
NUD11_HUMAN,C9JH59_HUMAN
NUD11_HUMAN,C9J1J7_HUMAN
NUD11_HUMAN,C9JJ39_HUMAN
NUD11_HUMAN,B9A008_HUMAN
NUD11_HUMAN,C9JUL4_HUMAN
NUD11_HUMAN,C9JJV8_HUMAN
NUD11_HUMAN,E9PBI9_HUMAN
NUD11_HUMAN,E9PQA5_HUMAN
NUD11_HUMAN,ML12B_HUMAN
NUD11_HUMAN,H9KV77_HUMAN
NUD11_HUMAN,F6U211_HUMAN
NUD11_HUMAN,A0A0P1J1R0_HUMAN
NUD11_HUMAN,KR131_HUMAN
NUD11_HUMAN,Q53XX5_HUMAN
NUD11_HUMAN,J3QT73_HUMAN
NUD11_HUMAN,A0A2R8YES9_HUMAN
NUD11_HUMAN,Q5JW85_HUMAN
NUD11_HUMAN,KR133_HUMAN
NUD11_HUMAN,TXD12_HUMAN
NUD11_HUMAN,D6RA78_HUMAN
NUD11_HUMAN,TCTP_HUMAN
NUD11_HUMAN,F8W0R1_HUMAN
NUD11_HUMAN,A0A7P0TA44_HUMAN
NUD11_HUMAN,NENF_HUMAN
NUD11_HUMAN,PAUF_HUMAN
NUD11_HUMAN,F5GZD9_HUMAN
NUD11_HUMAN,CETN1_HUMAN
NUD11_HUMAN,MRAP_HUMAN
NUD11_HUMAN,KAD6_HUMAN
NUD11_HUMAN,E9PQ64_HUMAN
NUD11_HUMAN,BL1S6_HUMAN
NUD11_HUMAN,RPB7_HUMAN
NUD11_HUMAN,A0A0S2Z4K1_HUMAN
NUD11_HUMAN,CETN2_HUMAN
NUD11_HUMAN,V9GY70_HUMAN
NUD11_HUMAN,VOPP1_HUMAN
NUD11_HUMAN,CIRBP_HUMAN
NUD11_HUMAN,MYL9_HUMAN
NUD11_HUMAN,TI17B_HUMAN
NUD11_HUMAN,BAP18_HUMAN
NUD11_HUMAN,NUDT3_HUMAN
NUD11_HUMAN,NDUA8_HUMAN
NUD11_HUMAN,ZN580_HUMAN
NUD11_HUMAN,NDUBA_HUMAN
NUD11_HUMAN,RHEX_HUMAN
RL12_HUMAN,CABP5_HUMAN
RL12_HUMAN,A0A0U1RQM8_HUMAN
RL12_HUMAN,HES2_HUMAN
RL12_HUMAN,A0A4D6IX63_HUMAN
RL12_HUMAN,SAMD5_HUMAN
RL12_HUMAN,A6NMU3_HUMAN
RL12_HUMAN,D6RDZ6_HUMAN
RL12_HUMAN,C9J6N8_HUMAN
RL12_HUMAN,Q5SWA0_HUMAN
RL12_HUMAN,C9J8V5_HUMAN
RL12_HUMAN,C9JVK6_HUMAN
RL12_HUMAN,D6RCD8_HUMAN
RL12_HUMAN,CKLF8_HUMAN
RL12_HUMAN,GCSH_HUMAN
RL12_HUMAN,E9PQR6_HUMAN
RL12_HUMAN,MYL5_HUMAN
RL12_HUMAN,H0YJD1_HUMAN
RL12_HUMAN,A0A1B0GUY7_HUMAN
RL12_HUMAN,MFAP5_HUMAN
RL12_HUMAN,H0YJF2_HUMAN
RL12_HUMAN,TRGC1_HUMAN
RL12_HUMAN,TM208_HUMAN
RL12_HUMAN,TP4A3_HUMAN
RL12_HUMAN,S4R3U2_HUMAN
RL12_HUMAN,E9PGT6_HUMAN
RL12_HUMAN,SSRD_HUMAN
RL12_HUMAN,C9JWY1_HUMAN
RL12_HUMAN,E5RHD4_HUMAN
RL12_HUMAN,RT25_HUMAN
RL12_HUMAN,E9PSD7_HUMAN
RL12_HUMAN,NANO3_HUMAN
RL12_HUMAN,F8W0J4_HUMAN
RL12_HUMAN,TP4A1_HUMAN
RL12_HUMAN,CRYAA_HUMAN
RL12_HUMAN,MYDGF_HUMAN
PUR2_HUMAN,A0A6Q8PF33_HUMAN
PUR2_HUMAN,A0A8I5KRN0_HUMAN
PUR2_HUMAN,H3BP71_HUMAN
PUR2_HUMAN,B1AKL4_HUMAN
PUR2_HUMAN,RBM19_HUMAN
PUR2_HUMAN,E9PFE2_HUMAN
PUR2_HUMAN,B7Z2R1_HUMAN
PUR2_HUMAN,FGD1_HUMAN
PUR2_HUMAN,KIF23_HUMAN
PUR2_HUMAN,CTDP1_HUMAN
PUR2_HUMAN,ERAP2_HUMAN
PUR2_HUMAN,E7ERK7_HUMAN
PUR2_HUMAN,CDKL5_HUMAN
PUR2_HUMAN,OPA1_HUMAN
PUR2_HUMAN,AAK1_HUMAN
PUR2_HUMAN,GABR1_HUMAN
PUR2_HUMAN,TSP4_HUMAN
NAA50_HUMAN,A0A0A0MRR3_HUMAN
NAA50_HUMAN,A2ID96_HUMAN
NAA50_HUMAN,H0YLC2_HUMAN
NAA50_HUMAN,A0A7I2YQX2_HUMAN
NAA50_HUMAN,A0A140VJW2_HUMAN
NAA50_HUMAN,A0A023T787_HUMAN
NAA50_HUMAN,A0A0A0MR06_HUMAN
NAA50_HUMAN,A0A0S2Z433_HUMAN
NAA50_HUMAN,B4DQF9_HUMAN
NAA50_HUMAN,F8W8H5_HUMAN
NAA50_HUMAN,F8VWY4_HUMAN
NAA50_HUMAN,B4DX77_HUMAN
NAA50_HUMAN,J3QSH0_HUMAN
NAA50_HUMAN,B7Z509_HUMAN
NAA50_HUMAN,C9J052_HUMAN
NAA50_HUMAN,C9JE81_HUMAN
NAA50_HUMAN,C9JL25_HUMAN
NAA50_HUMAN,C9JJK9_HUMAN
NAA50_HUMAN,F5GXG6_HUMAN
NAA50_HUMAN,DUS28_HUMAN
NAA50_HUMAN,COPZ1_HUMAN
NAA50_HUMAN,D6R9M9_HUMAN
NAA50_HUMAN,F8VVE5_HUMAN
NAA50_HUMAN,FOXNB_HUMAN
NAA50_HUMAN,H0YMU3_HUMAN
NAA50_HUMAN,G3V353_HUMAN
NAA50_HUMAN,Q658N3_HUMAN
NAA50_HUMAN,H0YDY7_HUMAN
NAA50_HUMAN,H3BMC7_HUMAN
NAA50_HUMAN,H3BP04_HUMAN
NAA50_HUMAN,G3V555_HUMAN
NAA50_HUMAN,H0Y808_HUMAN
NAA50_HUMAN,H0YKN5_HUMAN
NAA50_HUMAN,J3KS82_HUMAN
NAA50_HUMAN,H3BP90_HUMAN
NAA50_HUMAN,I3L2H6_HUMAN
NAA50_HUMAN,AGR2_HUMAN
NAA50_HUMAN,IL19_HUMAN
NAA50_HUMAN,A0A087X1D8_HUMAN
NAA50_HUMAN,E5RII0_HUMAN
NAA50_HUMAN,IL25_HUMAN
NAA50_HUMAN,K7EKQ0_HUMAN
NAA50_HUMAN,KR132_HUMAN
NAA50_HUMAN,MAL2_HUMAN
NAA50_HUMAN,M0QXM5_HUMAN
NAA50_HUMAN,C9JX20_HUMAN
NAA50_HUMAN,F5H836_HUMAN
NAA50_HUMAN,S4R2X2_HUMAN
NAA50_HUMAN,KRA11_HUMAN
NAA50_HUMAN,KRA15_HUMAN
NAA50_HUMAN,A0A2R8YE13_HUMAN
NAA50_HUMAN,KRA52_HUMAN
NAA50_HUMAN,KRA92_HUMAN
NAA50_HUMAN,C9JWD9_HUMAN
NAA50_HUMAN,M0R1K2_HUMAN
NAA50_HUMAN,H9KVC6_HUMAN
NAA50_HUMAN,B2LA1_HUMAN
NAA50_HUMAN,KXDL1_HUMAN
NAA50_HUMAN,G3V1P3_HUMAN
NAA50_HUMAN,PNOC_HUMAN
NAA50_HUMAN,CLC2A_HUMAN
NAA50_HUMAN,A0A0S2Z526_HUMAN
NAA50_HUMAN,TMM95_HUMAN
NAA50_HUMAN,H7C388_HUMAN
NAA50_HUMAN,D6R9S4_HUMAN
NAA50_HUMAN,M0QXD1_HUMAN
NAA50_HUMAN,MLRA_HUMAN
NAA50_HUMAN,Q5JXX2_HUMAN
NAA50_HUMAN,CENPR_HUMAN
NAA50_HUMAN,H0YAK7_HUMAN
NAA50_HUMAN,TRIR_HUMAN
NAA50_HUMAN,F8VR88_HUMAN
NAA50_HUMAN,X6RCC3_HUMAN
NAA50_HUMAN,Q53XY9_HUMAN
NAA50_HUMAN,NMU_HUMAN
NAA50_HUMAN,B9D2_HUMAN
NAA50_HUMAN,CEP20_HUMAN
NAA50_HUMAN,E5RG47_HUMAN
NAA50_HUMAN,PRND_HUMAN
NAA50_HUMAN,A0A0D9SFZ9_HUMAN
NAA50_HUMAN,RAMP2_HUMAN
NAA50_HUMAN,A0A590UJ78_HUMAN
NAA50_HUMAN,F8VWK9_HUMAN
NAA50_HUMAN,F5H1K9_HUMAN
NAA50_HUMAN,REG3G_HUMAN
NAA50_HUMAN,A0A1W2PQ30_HUMAN
NAA50_HUMAN,E5RH71_HUMAN
NAA50_HUMAN,F5H502_HUMAN
NAA50_HUMAN,A0A3B3ITA7_HUMAN
NAA50_HUMAN,A0A0B4J287_HUMAN
NAA50_HUMAN,H3BU93_HUMAN
NAA50_HUMAN,M0R000_HUMAN
NAA50_HUMAN,TPRKB_HUMAN
NAA50_HUMAN,TNF18_HUMAN
NAA50_HUMAN,J3KSM5_HUMAN
NAA50_HUMAN,Q68DG0_HUMAN
NAA50_HUMAN,J3QL89_HUMAN
NAA50_HUMAN,A0A087WU55_HUMAN
NAA50_HUMAN,Q5VTZ4_HUMAN
NAA50_HUMAN,H0YB88_HUMAN
HLTF_HUMAN,XYLT1_HUMAN
HLTF_HUMAN,J3KQH6_HUMAN
HLTF_HUMAN,A0A6Q8PGE8_HUMAN
HLTF_HUMAN,GT2D1_HUMAN
HLTF_HUMAN,LONM_HUMAN
DAZP2_HUMAN,J3KNE3_HUMAN
DAZP2_HUMAN,ADSSP_HUMAN
DAZP2_HUMAN,K4DIA5_HUMAN
DAZP2_HUMAN,A0A7I2YQA4_HUMAN
DAZP2_HUMAN,X6RLR1_HUMAN
DAZP2_HUMAN,CRGC_HUMAN
DAZP2_HUMAN,CRYAB_HUMAN
DAZP2_HUMAN,DLX6_HUMAN
DAZP2_HUMAN,A0A7I2V3F2_HUMAN
DAZP2_HUMAN,GET1_HUMAN
DAZP2_HUMAN,C9JKY0_HUMAN
DAZP2_HUMAN,TPPP3_HUMAN
DAZP2_HUMAN,VPS25_HUMAN
DAZP2_HUMAN,C9JUD5_HUMAN
DAZP2_HUMAN,CRGD_HUMAN
DAZP2_HUMAN,MCA3_HUMAN
DAZP2_HUMAN,NC2B_HUMAN
DAZP2_HUMAN,MPV17_HUMAN
DAZP2_HUMAN,NDUF4_HUMAN
DAZP2_HUMAN,PACA_HUMAN
DAZP2_HUMAN,RL18A_HUMAN
DAZP2_HUMAN,RBM8A_HUMAN
DAZP2_HUMAN,FRIL_HUMAN
DAZP2_HUMAN,LCN1_HUMAN
DAZP2_HUMAN,DNPH1_HUMAN
DAZP2_HUMAN,SGMR2_HUMAN
DAZP2_HUMAN,SIVA_HUMAN
DAZP2_HUMAN,REG3A_HUMAN
DAZP2_HUMAN,RM17_HUMAN
DAZP2_HUMAN,ARF6_HUMAN
DAZP2_HUMAN,NDUS4_HUMAN
DAZP2_HUMAN,IL20_HUMAN
DAZP2_HUMAN,VKORL_HUMAN
DAZP2_HUMAN,MCEE_HUMAN
DAZP2_HUMAN,NU6M_HUMAN
DHX36_HUMAN,SLIK5_HUMAN
DHX36_HUMAN,DSE_HUMAN
DHX36_HUMAN,RRP44_HUMAN
PI5PA_HUMAN,A0A158RFW1_HUMAN
PI5PA_HUMAN,DRP2_HUMAN
PI5PA_HUMAN,PR40A_HUMAN
PI5PA_HUMAN,ERC2_HUMAN
PI5PA_HUMAN,AMPE_HUMAN
PI5PA_HUMAN,ZHX3_HUMAN
PI5PA_HUMAN,KIF5C_HUMAN
PI5PA_HUMAN,X5D2J9_HUMAN
PI5PA_HUMAN,CAF1A_HUMAN
PI5PA_HUMAN,C9J7E5_HUMAN
PI5PA_HUMAN,AMOL1_HUMAN
PI5PA_HUMAN,TSP3_HUMAN
PI5PA_HUMAN,MDGA2_HUMAN
PI5PA_HUMAN,CSTN3_HUMAN
PI5PA_HUMAN,COLA1_HUMAN
PI5PA_HUMAN,FBX10_HUMAN
PI5PA_HUMAN,CYLD_HUMAN
PI5PA_HUMAN,GRIK4_HUMAN
RN111_HUMAN,ATL2_HUMAN
RN111_HUMAN,PCDA8_HUMAN
RN111_HUMAN,AL2CL_HUMAN
RN111_HUMAN,CE112_HUMAN
RN111_HUMAN,KSR2_HUMAN
RN111_HUMAN,A0A8I5KUP2_HUMAN
RN111_HUMAN,B4E2Q0_HUMAN
RN111_HUMAN,CCD14_HUMAN
RN111_HUMAN,PCDA4_HUMAN
RN111_HUMAN,MIB2_HUMAN
RN111_HUMAN,PCDA2_HUMAN
RN111_HUMAN,CTSRE_HUMAN
RN111_HUMAN,PCDA6_HUMAN
RN111_HUMAN,PCDA1_HUMAN
RN111_HUMAN,PCDA3_HUMAN
RN111_HUMAN,J3KMZ9_HUMAN
RN111_HUMAN,H0YMD1_HUMAN
RN111_HUMAN,PCDAA_HUMAN
RN111_HUMAN,ZCH18_HUMAN
RN111_HUMAN,Q5JR04_HUMAN
RN111_HUMAN,UNC5D_HUMAN
RN111_HUMAN,PCDAB_HUMAN
RN111_HUMAN,VWCE_HUMAN
RN111_HUMAN,E9PB98_HUMAN
RN111_HUMAN,AT2C2_HUMAN
RN111_HUMAN,A0A6Q8PH19_HUMAN
RN111_HUMAN,ZC3H3_HUMAN
RN111_HUMAN,A0A804HJ61_HUMAN
RN111_HUMAN,LGR4_HUMAN
RN111_HUMAN,ANO4_HUMAN
RN111_HUMAN,F5H2X7_HUMAN
RN111_HUMAN,B1AKC9_HUMAN
RN111_HUMAN,H0Y626_HUMAN
RN111_HUMAN,SAFB2_HUMAN
RN111_HUMAN,C2D1A_HUMAN
RN111_HUMAN,PTHD3_HUMAN
RN111_HUMAN,A0A7I2V2S3_HUMAN
RN111_HUMAN,Q5JV20_HUMAN
RN111_HUMAN,A0A804HKC6_HUMAN
RN111_HUMAN,LYAG_HUMAN
RN111_HUMAN,U3KQ51_HUMAN
RN111_HUMAN,A0A096LNW1_HUMAN
RN111_HUMAN,PHF14_HUMAN
RN111_HUMAN,ZN618_HUMAN
RN111_HUMAN,H7BYN4_HUMAN
RN111_HUMAN,H0YJ05_HUMAN
RN111_HUMAN,HAUS6_HUMAN
RN111_HUMAN,NOD1_HUMAN
RN111_HUMAN,E7ENK3_HUMAN
RN111_HUMAN,MDGA1_HUMAN
RN111_HUMAN,CTNA2_HUMAN
RN111_HUMAN,CCD66_HUMAN
RN111_HUMAN,H0YBF7_HUMAN
RN111_HUMAN,CC146_HUMAN
RN111_HUMAN,M3K14_HUMAN
RN111_HUMAN,TRAK1_HUMAN
RN111_HUMAN,SNX14_HUMAN
RN111_HUMAN,COPB_HUMAN
RN111_HUMAN,AP1B1_HUMAN
RN111_HUMAN,PSMD1_HUMAN
RN111_HUMAN,RHG04_HUMAN
RN111_HUMAN,XRN2_HUMAN
RN111_HUMAN,TR150_HUMAN
RN111_HUMAN,OSBL1_HUMAN
RN111_HUMAN,HDAC7_HUMAN
RN111_HUMAN,SMAL1_HUMAN
RN111_HUMAN,UNC5B_HUMAN
RN111_HUMAN,IP3KB_HUMAN
RN111_HUMAN,MMRN2_HUMAN
RN111_HUMAN,ITIH2_HUMAN
RN111_HUMAN,M3K10_HUMAN
RN111_HUMAN,ADA19_HUMAN
RN111_HUMAN,BRDT_HUMAN
RN111_HUMAN,ZN268_HUMAN
RN111_HUMAN,CHRD_HUMAN
RN111_HUMAN,CCD15_HUMAN
SMBP2_HUMAN,V9HWJ0_HUMAN
SMBP2_HUMAN,E9PR38_HUMAN
SMBP2_HUMAN,A0A2R8Y438_HUMAN
SMBP2_HUMAN,GANAB_HUMAN
SMBP2_HUMAN,UN45A_HUMAN
RIN3_HUMAN,A8MXE8_HUMAN
RIN3_HUMAN,A0A140VKC1_HUMAN
RIN3_HUMAN,A0A8I5KZ07_HUMAN
RIN3_HUMAN,A0A2R8Y7D4_HUMAN
RIN3_HUMAN,PCDA5_HUMAN
RIN3_HUMAN,CCD39_HUMAN
RIN3_HUMAN,A0A6Q8PGR9_HUMAN
RIN3_HUMAN,MORC4_HUMAN
RIN3_HUMAN,BBX_HUMAN
RIN3_HUMAN,MSH4_HUMAN
RIN3_HUMAN,Q2L6I0_HUMAN
RIN3_HUMAN,A0A7I2V6B9_HUMAN
RIN3_HUMAN,AFTIN_HUMAN
RIN3_HUMAN,F8VR32_HUMAN
RIN3_HUMAN,GALT5_HUMAN
RIN3_HUMAN,PCDA7_HUMAN
RIN3_HUMAN,AP2A2_HUMAN
RIN3_HUMAN,A0A1W2PS19_HUMAN
RIN3_HUMAN,H7BY63_HUMAN
RIN3_HUMAN,H0YC95_HUMAN
RIN3_HUMAN,GABR2_HUMAN
RIN3_HUMAN,A0A6Q8PHM1_HUMAN
RIN3_HUMAN,C9JZR2_HUMAN
RIN3_HUMAN,CFA69_HUMAN
RIN3_HUMAN,A0A804HIK6_HUMAN
RIN3_HUMAN,CLCA2_HUMAN
RIN3_HUMAN,X5DRB1_HUMAN
RIN3_HUMAN,G3V236_HUMAN
RIN3_HUMAN,PKN1_HUMAN
RIN3_HUMAN,ROR2_HUMAN
RIN3_HUMAN,E7EWW7_HUMAN
RIN3_HUMAN,MORC3_HUMAN
RIN3_HUMAN,INTU_HUMAN
RIN3_HUMAN,H0Y926_HUMAN
RIN3_HUMAN,CENPC_HUMAN
RIN3_HUMAN,Q5TDG3_HUMAN
RIN3_HUMAN,A0A087X1D5_HUMAN
RIN3_HUMAN,MYCD_HUMAN
RIN3_HUMAN,KDM7A_HUMAN
RIN3_HUMAN,XPC_HUMAN
RIN3_HUMAN,SMCR8_HUMAN
RIN3_HUMAN,AP2B1_HUMAN
RIN3_HUMAN,PDE2A_HUMAN
RIN3_HUMAN,UBP33_HUMAN
RIN3_HUMAN,ROR1_HUMAN
RIN3_HUMAN,ERAP1_HUMAN
RIN3_HUMAN,NFAC1_HUMAN
RIN3_HUMAN,DDX42_HUMAN
RIN3_HUMAN,WDR3_HUMAN
RIN3_HUMAN,PRP6_HUMAN
RIN3_HUMAN,NMDZ1_HUMAN
RIN3_HUMAN,DCAF5_HUMAN
RIN3_HUMAN,DGKQ_HUMAN
RIN3_HUMAN,NCOA7_HUMAN
RIN3_HUMAN,ANKL2_HUMAN
RIN3_HUMAN,VPS11_HUMAN
RIN3_HUMAN,ZNRF3_HUMAN
RIN3_HUMAN,PP1RA_HUMAN
SAT2_HUMAN,E7EWZ0_HUMAN
SAT2_HUMAN,A0A087WY90_HUMAN
SAT2_HUMAN,K7EMK9_HUMAN
SAT2_HUMAN,DNLZ_HUMAN
SAT2_HUMAN,GPIX_HUMAN
SAT2_HUMAN,F8W4S1_HUMAN
SAT2_HUMAN,D6R946_HUMAN
SAT2_HUMAN,K7EQV4_HUMAN
SAT2_HUMAN,Q5SZG1_HUMAN
SAT2_HUMAN,M0R1H0_HUMAN
SAT2_HUMAN,F8VQ24_HUMAN
SAT2_HUMAN,A0A7P0TB81_HUMAN
SAT2_HUMAN,J3QKU5_HUMAN
SAT2_HUMAN,Q6FGS9_HUMAN
SAT2_HUMAN,A0A3B3IUD4_HUMAN
SAT2_HUMAN,ARPC3_HUMAN
SAT2_HUMAN,Q6FGW4_HUMAN
SAT2_HUMAN,H0YNG2_HUMAN
SAT2_HUMAN,A2ID99_HUMAN
SAT2_HUMAN,NOP16_HUMAN
SAT2_HUMAN,A6NGP5_HUMAN
SAT2_HUMAN,MED30_HUMAN
SAT2_HUMAN,A0A1W2PRE6_HUMAN
SAT2_HUMAN,TM196_HUMAN
SAT2_HUMAN,F5H0E3_HUMAN
SAT2_HUMAN,IL1RA_HUMAN
SAT2_HUMAN,RM13_HUMAN
SAT2_HUMAN,E7EWP0_HUMAN
SAT2_HUMAN,DCTD_HUMAN
SAT2_HUMAN,NAA20_HUMAN
SAT2_HUMAN,B0QY21_HUMAN
SAT2_HUMAN,H0YKW3_HUMAN
SAT2_HUMAN,NPM3_HUMAN
SAT2_HUMAN,Q4VX54_HUMAN
SAT2_HUMAN,KILIN_HUMAN
SAT2_HUMAN,FXYD5_HUMAN
SAT2_HUMAN,H7C1U8_HUMAN
SAT2_HUMAN,BTC_HUMAN
SAT2_HUMAN,FLTOP_HUMAN
SAT2_HUMAN,CAV1_HUMAN
SAT2_HUMAN,PCNP_HUMAN
SAT2_HUMAN,I3L3Q7_HUMAN
SAT2_HUMAN,PPIH_HUMAN
SAT2_HUMAN,GCSAM_HUMAN
SAT2_HUMAN,I3L3B0_HUMAN
SAT2_HUMAN,MED28_HUMAN
SAT2_HUMAN,IL7_HUMAN
SAT2_HUMAN,CNBP_HUMAN
SAT2_HUMAN,PTHR_HUMAN
SAT2_HUMAN,TRBC2_HUMAN
SAT2_HUMAN,IL10_HUMAN
SAT2_HUMAN,RL11_HUMAN
SAT2_HUMAN,EDN2_HUMAN
ERN1_HUMAN,A0A087WWP4_HUMAN
ERN1_HUMAN,A0A0S2Z4W4_HUMAN
ERN1_HUMAN,A0A804HKJ6_HUMAN
ERN1_HUMAN,A0A7P0T954_HUMAN
ERN1_HUMAN,A0A8I5KST1_HUMAN
ERN1_HUMAN,A0A8I5KPX7_HUMAN
ERN1_HUMAN,SEM6C_HUMAN
ERN1_HUMAN,ARMC5_HUMAN
ERN1_HUMAN,A0A804HKJ3_HUMAN
ERN1_HUMAN,X5D2Q4_HUMAN
ERN1_HUMAN,EDEM3_HUMAN
ERN1_HUMAN,A0A2R8YDS8_HUMAN
ERN1_HUMAN,ANO7_HUMAN
ERN1_HUMAN,A4QPE4_HUMAN
ERN1_HUMAN,RBM12_HUMAN
ERN1_HUMAN,F8VS42_HUMAN
ERN1_HUMAN,UNC5C_HUMAN
ERN1_HUMAN,PIGN_HUMAN
ERN1_HUMAN,PERT_HUMAN
ERN1_HUMAN,NPAS3_HUMAN
ERN1_HUMAN,URGCP_HUMAN
ERN1_HUMAN,H0Y547_HUMAN
ERN1_HUMAN,ATS5_HUMAN
ERN1_HUMAN,A0A669KBG4_HUMAN
ERN1_HUMAN,E9PHY5_HUMAN
ERN1_HUMAN,TAF3_HUMAN
ERN1_HUMAN,H0Y6E6_HUMAN
ERN1_HUMAN,SYNPO_HUMAN
ERN1_HUMAN,D6RJG9_HUMAN
ERN1_HUMAN,NRP2_HUMAN
ERN1_HUMAN,OSBL6_HUMAN
ERN1_HUMAN,ITIH4_HUMAN
ERN1_HUMAN,KCNQ5_HUMAN
ERN1_HUMAN,PMS1_HUMAN
ERN1_HUMAN,A0A494C1M4_HUMAN
ERN1_HUMAN,RBM10_HUMAN
ERN1_HUMAN,GPTC1_HUMAN
ERN1_HUMAN,MRTFA_HUMAN
ERN1_HUMAN,CO6_HUMAN
ERN1_HUMAN,MSH2_HUMAN
ERN1_HUMAN,SYTL2_HUMAN
ERN1_HUMAN,DUSTY_HUMAN
ERN1_HUMAN,PLD2_HUMAN
ERN1_HUMAN,PRGR_HUMAN
ERN1_HUMAN,TRPC6_HUMAN
ERN1_HUMAN,C1TC_HUMAN
ERN1_HUMAN,TEX10_HUMAN
ERN1_HUMAN,SCYL2_HUMAN
ERN1_HUMAN,PDE11_HUMAN
NED4L_HUMAN,A0A7P0Z4F5_HUMAN
NED4L_HUMAN,DEN2C_HUMAN
NED4L_HUMAN,A0A5F9ZGX9_HUMAN
NED4L_HUMAN,A0A8I5KR98_HUMAN
NED4L_HUMAN,NIBA1_HUMAN
NED4L_HUMAN,FBX11_HUMAN
NED4L_HUMAN,TBD2A_HUMAN
NED4L_HUMAN,A0A2R8Y5H9_HUMAN
NED4L_HUMAN,NAC3_HUMAN
NED4L_HUMAN,GBA2_HUMAN
NED4L_HUMAN,RFX6_HUMAN
NED4L_HUMAN,BCAS3_HUMAN
NED4L_HUMAN,DGKZ_HUMAN
NED4L_HUMAN,RB_HUMAN
AMD_HUMAN,A0A590UJ75_HUMAN
AMD_HUMAN,A0A2R8YEC9_HUMAN
AMD_HUMAN,A0A499FJY3_HUMAN
AMD_HUMAN,E7EQN5_HUMAN
AMD_HUMAN,A4D0W4_HUMAN
AMD_HUMAN,A0A6Q8PGB5_HUMAN
AMD_HUMAN,OTU7A_HUMAN
AMD_HUMAN,PTN4_HUMAN
AMD_HUMAN,GPC6A_HUMAN
AMD_HUMAN,A0A804HJH7_HUMAN
AMD_HUMAN,ETAA1_HUMAN
AMD_HUMAN,SPAG1_HUMAN
AMD_HUMAN,CSKP_HUMAN
AMD_HUMAN,ENPP1_HUMAN
AMD_HUMAN,AASS_HUMAN
AMD_HUMAN,STOX2_HUMAN
AMD_HUMAN,MCF2_HUMAN
AMD_HUMAN,RIGI_HUMAN
AMD_HUMAN,ERN2_HUMAN
AMD_HUMAN,NFAC2_HUMAN
AMD_HUMAN,CE104_HUMAN
AMD_HUMAN,SIK2_HUMAN
AMD_HUMAN,NU107_HUMAN
AMD_HUMAN,CORO7_HUMAN
AMPN_HUMAN,A0A0A0MRJ8_HUMAN
AMPN_HUMAN,A0A2R8Y6P0_HUMAN
AMPN_HUMAN,F8WBA3_HUMAN
AMPN_HUMAN,A0A7I2V3W8_HUMAN
AMPN_HUMAN,A0A590UKB0_HUMAN
AMPN_HUMAN,A0A8I5KUB2_HUMAN
AMPN_HUMAN,KSR1_HUMAN
AMPN_HUMAN,UT2_HUMAN
AMPN_HUMAN,A0A8I5KRR0_HUMAN
AMPN_HUMAN,ATG9B_HUMAN
AMPN_HUMAN,E9PHA6_HUMAN
AMPN_HUMAN,INP4B_HUMAN
AMPN_HUMAN,G5E9A6_HUMAN
AMPN_HUMAN,E7EN77_HUMAN
AMPN_HUMAN,A0A8J8YW94_HUMAN
AMPN_HUMAN,V9GYY3_HUMAN
AMPN_HUMAN,ZO3_HUMAN
AMPN_HUMAN,A0A499FJD3_HUMAN
AMPN_HUMAN,O60424_HUMAN
AMPN_HUMAN,PGAP1_HUMAN
AMPN_HUMAN,ESYT2_HUMAN
AMPN_HUMAN,NRP1_HUMAN
AMPN_HUMAN,A0A804HJZ4_HUMAN
AMPN_HUMAN,EXOC2_HUMAN
AMPN_HUMAN,GRIK3_HUMAN
AMPN_HUMAN,TNPO3_HUMAN
AMPN_HUMAN,A0A8I5KSV3_HUMAN
AMPN_HUMAN,ZMIZ2_HUMAN
AMPN_HUMAN,CO9A1_HUMAN
AMPN_HUMAN,HXK3_HUMAN
AMPN_HUMAN,E9PD61_HUMAN
AMPN_HUMAN,TBC30_HUMAN
AMPN_HUMAN,AL1L2_HUMAN
AMPN_HUMAN,DNLI1_HUMAN
AMPN_HUMAN,SNCAP_HUMAN
AMPN_HUMAN,TCAF2_HUMAN
AMPN_HUMAN,ANDR_HUMAN
AMPN_HUMAN,CCAR2_HUMAN
AMPN_HUMAN,PWP2_HUMAN
AMPN_HUMAN,BCLF1_HUMAN
AMPN_HUMAN,EXTL3_HUMAN
AMPN_HUMAN,RPGF3_HUMAN
AMPN_HUMAN,AT2C1_HUMAN
AMPN_HUMAN,TCAF1_HUMAN
AMPN_HUMAN,DHTK1_HUMAN
AMPN_HUMAN,MLXIP_HUMAN
AMPN_HUMAN,TRPC3_HUMAN
AMPN_HUMAN,WWP1_HUMAN
AMPN_HUMAN,NAC2_HUMAN
AMPN_HUMAN,PSA_HUMAN
AMPN_HUMAN,CLCA4_HUMAN
CRGC_HUMAN,A0A024RCQ4_HUMAN
CRGC_HUMAN,A0A804HHT7_HUMAN
CRGC_HUMAN,E9PNI1_HUMAN
CRGC_HUMAN,H0YJG0_HUMAN
CRGC_HUMAN,A0PJA6_HUMAN
CRGC_HUMAN,X6RFL8_HUMAN
CRGC_HUMAN,A0A0A0MRR7_HUMAN
CRGC_HUMAN,ARF3_HUMAN
CRGC_HUMAN,B7TQM4_HUMAN
CRGC_HUMAN,A0A6Q8PFH1_HUMAN
CRGC_HUMAN,E5RJW4_HUMAN
CRGC_HUMAN,NUDT4_HUMAN
CRGC_HUMAN,A0A0U1RRI9_HUMAN
CRGC_HUMAN,Q9MY60_HUMAN
CRGC_HUMAN,ARL5A_HUMAN
CRGC_HUMAN,ARF5_HUMAN
CRGC_HUMAN,ARL5B_HUMAN
CRGC_HUMAN,C9JXC9_HUMAN
CRGC_HUMAN,C9J0A7_HUMAN
CRGC_HUMAN,CTG1B_HUMAN
CRGC_HUMAN,CA052_HUMAN
CRGC_HUMAN,E9PND8_HUMAN
CRGC_HUMAN,H0YGC7_HUMAN
CRGC_HUMAN,F8VQX6_HUMAN
CRGC_HUMAN,F5H5G7_HUMAN
CRGC_HUMAN,KRA45_HUMAN
CRGC_HUMAN,UBE2H_HUMAN
CRGC_HUMAN,M0R0E2_HUMAN
CRGC_HUMAN,G8JLL2_HUMAN
CRGC_HUMAN,M0R080_HUMAN
CRGC_HUMAN,F5H4R2_HUMAN
CRGC_HUMAN,H0YJL4_HUMAN
CRGC_HUMAN,H3BUW3_HUMAN
CRGC_HUMAN,TPC3L_HUMAN
CRGC_HUMAN,H3BQH9_HUMAN
CRGC_HUMAN,I3L4T9_HUMAN
CRGC_HUMAN,IL22_HUMAN
CRGC_HUMAN,H0YGU7_HUMAN
CRGC_HUMAN,MOBP_HUMAN
CRGC_HUMAN,J3KQ48_HUMAN
CRGC_HUMAN,K7EJD7_HUMAN
CRGC_HUMAN,MSRB2_HUMAN
CRGC_HUMAN,Q14548_HUMAN
CRGC_HUMAN,J3KRC4_HUMAN
CRGC_HUMAN,Q5TZN3_HUMAN
CRGC_HUMAN,J3KRY6_HUMAN
CRGC_HUMAN,TMM47_HUMAN
CRGC_HUMAN,J3QRR9_HUMAN
CRGC_HUMAN,NUD4B_HUMAN
CRGC_HUMAN,OPA3_HUMAN
CRGC_HUMAN,SCND1_HUMAN
CRGC_HUMAN,NBL1_HUMAN
CRGC_HUMAN,M0R2B0_HUMAN
CRGC_HUMAN,Q5QPM9_HUMAN
CRGC_HUMAN,COMD8_HUMAN
CRGC_HUMAN,UBC12_HUMAN
CRGC_HUMAN,XG_HUMAN
CRGC_HUMAN,E9PN56_HUMAN
CRGC_HUMAN,D6RBE0_HUMAN
CRGC_HUMAN,SMIP9_HUMAN
CRGC_HUMAN,E9PJF4_HUMAN
CRGC_HUMAN,REBL1_HUMAN
CRGC_HUMAN,C9JGY8_HUMAN
CRGC_HUMAN,K7ER33_HUMAN
CRGC_HUMAN,A0A024R7H5_HUMAN
CRGC_HUMAN,TPPC3_HUMAN
CRGC_HUMAN,E9PIK5_HUMAN
CRGC_HUMAN,U3KQ64_HUMAN
CRGC_HUMAN,STMN3_HUMAN
CRGC_HUMAN,E9PR18_HUMAN
CRGC_HUMAN,B0YIY5_HUMAN
CRGC_HUMAN,A0A7P0Z497_HUMAN
CRGC_HUMAN,B7TQM3_HUMAN
CRGC_HUMAN,E2QRF9_HUMAN
CRGC_HUMAN,DCTN5_HUMAN
CRGC_HUMAN,C9JJP5_HUMAN
CRGC_HUMAN,MTND_HUMAN
CRGC_HUMAN,Q5HY81_HUMAN
CRGC_HUMAN,E9PJV8_HUMAN
CRGC_HUMAN,E9PQD2_HUMAN
CRGC_HUMAN,E7EWP8_HUMAN
CRGC_HUMAN,A4D1W6_HUMAN
CRGC_HUMAN,NIP7_HUMAN
CRGC_HUMAN,LPD6B_HUMAN
CRGC_HUMAN,SAYS1_HUMAN
CRGC_HUMAN,CENPM_HUMAN
CRGC_HUMAN,MPLKI_HUMAN
CRGC_HUMAN,H0YKT8_HUMAN
CRGC_HUMAN,K7ENH2_HUMAN
CRGC_HUMAN,YAF2_HUMAN
CRGC_HUMAN,FRIH_HUMAN
CRGC_HUMAN,FAP20_HUMAN
CRGC_HUMAN,MFAP2_HUMAN
CRGC_HUMAN,A0A0J9YW31_HUMAN
CRGC_HUMAN,RAP2B_HUMAN
CRGC_HUMAN,H0YBK0_HUMAN
CRGC_HUMAN,C9JBE8_HUMAN
CRGC_HUMAN,M0R025_HUMAN
CRGC_HUMAN,RAP2C_HUMAN
CRGC_HUMAN,H7C527_HUMAN
CRGD_HUMAN,M0R3F4_HUMAN
CRGD_HUMAN,HINT3_HUMAN
CRGD_HUMAN,E5RIW9_HUMAN
CRGD_HUMAN,HAP28_HUMAN
CRGD_HUMAN,A0A6Q8PGE6_HUMAN
CRGD_HUMAN,APT_HUMAN
CRGD_HUMAN,CASK_HUMAN
CRGD_HUMAN,PTTG_HUMAN
CRGD_HUMAN,A0A494BXC7_HUMAN
CRGD_HUMAN,HSPB2_HUMAN
CRGD_HUMAN,NDUB9_HUMAN
CRGD_HUMAN,H7C0Q3_HUMAN
CRGD_HUMAN,EMC4_HUMAN
CRGD_HUMAN,B5MBW3_HUMAN
CRGD_HUMAN,CBX3_HUMAN
CRGD_HUMAN,MANF_HUMAN
CRGD_HUMAN,B4DSL5_HUMAN
CRGD_HUMAN,J3KPZ4_HUMAN
CRGD_HUMAN,CKLF3_HUMAN
CRGD_HUMAN,Q5TEJ7_HUMAN
CRGD_HUMAN,PEBB_HUMAN
CRGD_HUMAN,H0YJP4_HUMAN
CRGD_HUMAN,K7EQV8_HUMAN
CRGD_HUMAN,K7ERD7_HUMAN
CRGD_HUMAN,SSRB_HUMAN
CRGD_HUMAN,E7ENE1_HUMAN
CRGD_HUMAN,Q15402_HUMAN
CRGD_HUMAN,TCF21_HUMAN
CRGD_HUMAN,PAEP_HUMAN
CRGD_HUMAN,CUTA_HUMAN
CRGD_HUMAN,NFE4_HUMAN
CRGD_HUMAN,H0YMJ6_HUMAN
CRGD_HUMAN,CKLF6_HUMAN
CRGD_HUMAN,ISG20_HUMAN
CRGD_HUMAN,C9JQ00_HUMAN
CRGD_HUMAN,STMN2_HUMAN
CRGD_HUMAN,J3QRL2_HUMAN
CRGD_HUMAN,ARF1_HUMAN
CRGD_HUMAN,GLUC_HUMAN
CRGD_HUMAN,Q86TS1_HUMAN
CRGD_HUMAN,RGS8_HUMAN
CRGD_HUMAN,RGS5_HUMAN
CRGD_HUMAN,VPS29_HUMAN
CRGD_HUMAN,IL17B_HUMAN
CRGD_HUMAN,ATF3_HUMAN
CRGD_HUMAN,RGS10_HUMAN
CRGD_HUMAN,CD3G_HUMAN
CRGD_HUMAN,FDX2_HUMAN
CRGD_HUMAN,KLRD1_HUMAN
CRGD_HUMAN,FATE1_HUMAN
CRGD_HUMAN,IFNL4_HUMAN
CRGD_HUMAN,ARL3_HUMAN
CRGD_HUMAN,ARL1_HUMAN
CRGD_HUMAN,SP30L_HUMAN
CRGD_HUMAN,PLLP_HUMAN
CRGD_HUMAN,PTH2_HUMAN
CRGD_HUMAN,MCTS1_HUMAN
CRGD_HUMAN,IGF2_HUMAN
CRGD_HUMAN,ARF4_HUMAN
CRGD_HUMAN,RNF5_HUMAN
CRGD_HUMAN,TNNI2_HUMAN
CRGD_HUMAN,TNFL4_HUMAN
CRGD_HUMAN,SPCS3_HUMAN
CRGD_HUMAN,JAGN1_HUMAN
CRGD_HUMAN,BST2_HUMAN
CRGD_HUMAN,BY55_HUMAN
CRGD_HUMAN,TMEM9_HUMAN
CRGD_HUMAN,VMA22_HUMAN
CRGD_HUMAN,RAP2A_HUMAN
CRGD_HUMAN,RM18_HUMAN
CRGD_HUMAN,SC11A_HUMAN
CRGD_HUMAN,IRGM_HUMAN
CRGD_HUMAN,UBE2C_HUMAN
RL11_HUMAN,A0A087WVB9_HUMAN
RL11_HUMAN,A0A087WVZ9_HUMAN
RL11_HUMAN,E9PLA9_HUMAN
RL11_HUMAN,A0A0U1RQE9_HUMAN
RL11_HUMAN,A0A0A0MSU9_HUMAN
RL11_HUMAN,A0A0S2Z563_HUMAN
RL11_HUMAN,Q6R954_HUMAN
RL11_HUMAN,M0R226_HUMAN
RL11_HUMAN,CD99_HUMAN
RL11_HUMAN,A0A2R8Y7H1_HUMAN
RL11_HUMAN,B0YJ76_HUMAN
RL11_HUMAN,MEA1_HUMAN
RL11_HUMAN,B5MCP9_HUMAN
RL11_HUMAN,A0A0U1RR34_HUMAN
RL11_HUMAN,J3QQI2_HUMAN
RL11_HUMAN,A0A1L5BXV2_HUMAN
RL11_HUMAN,A0A8I5QKW7_HUMAN
RL11_HUMAN,E9PI38_HUMAN
RL11_HUMAN,C9J3F5_HUMAN
RL11_HUMAN,C9JA17_HUMAN
RL11_HUMAN,B1AKP2_HUMAN
RL11_HUMAN,CF176_HUMAN
RL11_HUMAN,X5DNM4_HUMAN
RL11_HUMAN,H3BSS4_HUMAN
RL11_HUMAN,C9JQ90_HUMAN
RL11_HUMAN,CGB1_HUMAN
RL11_HUMAN,GNA1_HUMAN
RL11_HUMAN,CASA1_HUMAN
RL11_HUMAN,IMP3_HUMAN
RL11_HUMAN,E9PKB5_HUMAN
RL11_HUMAN,CITE4_HUMAN
RL11_HUMAN,F5H6J5_HUMAN
RL11_HUMAN,F6QYI9_HUMAN
RL11_HUMAN,DDUP_HUMAN
RL11_HUMAN,G3V575_HUMAN
RL11_HUMAN,H0YL85_HUMAN
RL11_HUMAN,H0YMK0_HUMAN
RL11_HUMAN,K7EQB6_HUMAN
RL11_HUMAN,H0Y803_HUMAN
RL11_HUMAN,H7C0W6_HUMAN
RL11_HUMAN,COPRS_HUMAN
RL11_HUMAN,F8VXJ2_HUMAN
RL11_HUMAN,TP8L1_HUMAN
RL11_HUMAN,H7C2M7_HUMAN
RL11_HUMAN,KRA48_HUMAN
RL11_HUMAN,PRAF1_HUMAN
RL11_HUMAN,K7EJR8_HUMAN
RL11_HUMAN,E9PHG0_HUMAN
RL11_HUMAN,RBBP9_HUMAN
RL11_HUMAN,KRA58_HUMAN
RL11_HUMAN,Q6IBN6_HUMAN
RL11_HUMAN,RHXF1_HUMAN
RL11_HUMAN,M0QZG7_HUMAN
RL11_HUMAN,Q5T091_HUMAN
RL11_HUMAN,NOPC1_HUMAN
RL11_HUMAN,REL1_HUMAN
RL11_HUMAN,PKRI1_HUMAN
RL11_HUMAN,UPK2_HUMAN
RL11_HUMAN,CIB2_HUMAN
RL11_HUMAN,TR13C_HUMAN
RL11_HUMAN,TF2LY_HUMAN
RL11_HUMAN,E7ERI1_HUMAN
RL11_HUMAN,VCX3_HUMAN
RL11_HUMAN,C9JHS6_HUMAN
RL11_HUMAN,X6RLP6_HUMAN
RL11_HUMAN,TNNI1_HUMAN
RL11_HUMAN,E5RJA8_HUMAN
RL11_HUMAN,I3L0Y2_HUMAN
RL11_HUMAN,H3BQ54_HUMAN
RL11_HUMAN,K7EQB2_HUMAN
RL11_HUMAN,TNR17_HUMAN
RL11_HUMAN,CIB3_HUMAN
RL11_HUMAN,C9J958_HUMAN
RL11_HUMAN,ESM1_HUMAN
RL11_HUMAN,DCTN3_HUMAN
RL11_HUMAN,CIB4_HUMAN
RL11_HUMAN,D6R9Q3_HUMAN
RL11_HUMAN,A8MPU2_HUMAN
RL11_HUMAN,H3BUD0_HUMAN
RL11_HUMAN,E5RFV4_HUMAN
RL11_HUMAN,E5RFJ1_HUMAN
RL11_HUMAN,PSF2_HUMAN
RL11_HUMAN,H7C0W2_HUMAN
RL11_HUMAN,CHAC2_HUMAN
RL11_HUMAN,E5RIE3_HUMAN
RL11_HUMAN,FAM9B_HUMAN
RL11_HUMAN,D6RBU3_HUMAN
RL11_HUMAN,J3KS29_HUMAN
RL11_HUMAN,UBE2F_HUMAN
RL11_HUMAN,E5RIX5_HUMAN
RL11_HUMAN,D6RE58_HUMAN
RL11_HUMAN,E5RHM4_HUMAN
RL11_HUMAN,A0A384MR19_HUMAN
RL11_HUMAN,TDRP_HUMAN
RL11_HUMAN,H0Y9E6_HUMAN
RL11_HUMAN,LGUL_HUMAN
RL11_HUMAN,Q5T8U5_HUMAN
RL11_HUMAN,H0YF01_HUMAN
RL11_HUMAN,NSG1_HUMAN
RL11_HUMAN,CBX1_HUMAN
CRYAB_HUMAN,RAX2_HUMAN
CRYAB_HUMAN,Q53YD8_HUMAN
CRYAB_HUMAN,B8ZZ93_HUMAN
CRYAB_HUMAN,Q5T8Z2_HUMAN
CRYAB_HUMAN,ADX_HUMAN
CRYAB_HUMAN,RAP1A_HUMAN
CRYAB_HUMAN,DUS22_HUMAN
CRYAB_HUMAN,ARL2_HUMAN
CRYAB_HUMAN,GREM1_HUMAN
CRYAB_HUMAN,HDBP1_HUMAN
CRYAB_HUMAN,RL17_HUMAN
CRYAB_HUMAN,NDUF3_HUMAN
CRYAB_HUMAN,RAP1B_HUMAN
CRYAB_HUMAN,BMF_HUMAN
CRYAB_HUMAN,RHEB_HUMAN
CRYAB_HUMAN,TIFA_HUMAN
DUS28_HUMAN,GKN1_HUMAN
DUS28_HUMAN,H0YBC7_HUMAN
DUS28_HUMAN,APC10_HUMAN
DUS28_HUMAN,IFT22_HUMAN
DUS28_HUMAN,E9PPB5_HUMAN
DUS28_HUMAN,HESX1_HUMAN
DUS28_HUMAN,BOD1_HUMAN
DUS28_HUMAN,CCD32_HUMAN
DUS28_HUMAN,DUS3_HUMAN
DUS28_HUMAN,REL2_HUMAN
DUS28_HUMAN,ADML_HUMAN
LONM_HUMAN,A0A804HJH8_HUMAN
LONM_HUMAN,A0A087WVM4_HUMAN
LONM_HUMAN,A0A0A0MRA8_HUMAN
LONM_HUMAN,GNDS_HUMAN
LONM_HUMAN,FA13B_HUMAN
LONM_HUMAN,A0A0S2Z4Z6_HUMAN
LONM_HUMAN,E9PLK3_HUMAN
LONM_HUMAN,A0A6Q8PHH5_HUMAN
LONM_HUMAN,A9Z1X7_HUMAN
LONM_HUMAN,CADH4_HUMAN
LONM_HUMAN,A0A2R8YF61_HUMAN
LONM_HUMAN,E9PDJ9_HUMAN
LONM_HUMAN,A0A804HJW4_HUMAN
LONM_HUMAN,OSBP2_HUMAN
LONM_HUMAN,S12A9_HUMAN
LONM_HUMAN,H0Y8P3_HUMAN
LONM_HUMAN,OGA_HUMAN
LONM_HUMAN,A0A804HJ08_HUMAN
LONM_HUMAN,A0A669KB05_HUMAN
LONM_HUMAN,A0A8J8YVX4_HUMAN
LONM_HUMAN,B8ZZW2_HUMAN
LONM_HUMAN,XPF_HUMAN
LONM_HUMAN,SAFB1_HUMAN
LONM_HUMAN,F5H0R1_HUMAN
LONM_HUMAN,GRM4_HUMAN
LONM_HUMAN,INCE_HUMAN
LONM_HUMAN,TRAK2_HUMAN
LONM_HUMAN,C9JXA2_HUMAN
LONM_HUMAN,IL6RB_HUMAN
LONM_HUMAN,A0A7P0Z4F9_HUMAN
LONM_HUMAN,DNM3A_HUMAN
LONM_HUMAN,SMTN_HUMAN
LONM_HUMAN,FAN_HUMAN
LONM_HUMAN,UBP26_HUMAN
LONM_HUMAN,ARHG1_HUMAN
LONM_HUMAN,ANO5_HUMAN
LONM_HUMAN,HKDC1_HUMAN
LONM_HUMAN,PTN3_HUMAN
LONM_HUMAN,CCD57_HUMAN
LONM_HUMAN,NFM_HUMAN
LONM_HUMAN,DDR1_HUMAN
LONM_HUMAN,CUL4B_HUMAN
LONM_HUMAN,MNAR1_HUMAN
LONM_HUMAN,GRM7_HUMAN
LONM_HUMAN,CHERP_HUMAN
LONM_HUMAN,EIF3C_HUMAN
LONM_HUMAN,HXK2_HUMAN
LONM_HUMAN,SLN14_HUMAN
LONM_HUMAN,GRIK1_HUMAN
LONM_HUMAN,ECT2_HUMAN
LONM_HUMAN,AUXI_HUMAN
LONM_HUMAN,KPCD1_HUMAN
LONM_HUMAN,CLCA1_HUMAN
LONM_HUMAN,WDR44_HUMAN
LONM_HUMAN,HXK1_HUMAN
LONM_HUMAN,SPIDR_HUMAN
LONM_HUMAN,TMTC3_HUMAN
LONM_HUMAN,UBP20_HUMAN
UBE2C_HUMAN,JOS2_HUMAN
UBE2C_HUMAN,C9J3T3_HUMAN
UBE2C_HUMAN,DS13A_HUMAN
UBE2C_HUMAN,PADC1_HUMAN
UBE2C_HUMAN,D6RJ90_HUMAN
UBE2C_HUMAN,E9PQ47_HUMAN
UBE2C_HUMAN,POZP3_HUMAN
UBE2C_HUMAN,F5GY33_HUMAN
UBE2C_HUMAN,I3L0Y6_HUMAN
UBE2C_HUMAN,Q4VXN5_HUMAN
UBE2C_HUMAN,Q5W0H4_HUMAN
UBE2C_HUMAN,H7C309_HUMAN
UBE2C_HUMAN,Q5QPJ4_HUMAN
UBE2C_HUMAN,SSX2_HUMAN
UBE2C_HUMAN,TDGF3_HUMAN
UBE2C_HUMAN,GPX7_HUMAN
UBE2C_HUMAN,TM160_HUMAN
UBE2C_HUMAN,U5GXS1_HUMAN
UBE2C_HUMAN,A4D1U7_HUMAN
UBE2C_HUMAN,ARL6_HUMAN
UBE2C_HUMAN,DUS18_HUMAN
UBE2C_HUMAN,A0A096LNV3_HUMAN
UBE2C_HUMAN,K7EMK8_HUMAN
UBE2C_HUMAN,A0A7I2V6B2_HUMAN
UBE2C_HUMAN,B1ALM5_HUMAN
UBE2C_HUMAN,H0YIM2_HUMAN
UBE2C_HUMAN,TDGF1_HUMAN
UBE2C_HUMAN,ARL8A_HUMAN
UBE2C_HUMAN,IFT27_HUMAN
UBE2C_HUMAN,A3KFJ1_HUMAN
UBE2C_HUMAN,D6RA71_HUMAN
UBE2C_HUMAN,ARL8B_HUMAN
UBE2C_HUMAN,MCEM1_HUMAN
UBE2C_HUMAN,J3QLT3_HUMAN
UBE2C_HUMAN,A0A7P0Z4A1_HUMAN
UBE2C_HUMAN,PEBP1_HUMAN
UBE2C_HUMAN,TPPC5_HUMAN
UBE2C_HUMAN,RL18_HUMAN
UBE2C_HUMAN,Q5JR95_HUMAN
UBE2C_HUMAN,RT28_HUMAN
UBE2C_HUMAN,H0YBJ8_HUMAN
UBE2C_HUMAN,MOC2B_HUMAN
UBE2C_HUMAN,H0YG54_HUMAN
UBE2C_HUMAN,NDK6_HUMAN
UBE2C_HUMAN,MOG1_HUMAN
UBE2C_HUMAN,APOM_HUMAN
UBE2C_HUMAN,SY14L_HUMAN
UBE2C_HUMAN,CLC5A_HUMAN
UBE2C_HUMAN,CYBC1_HUMAN
UBE2C_HUMAN,DYR2_HUMAN
UBE2C_HUMAN,NDUB8_HUMAN
UBE2C_HUMAN,TRAT1_HUMAN
UBE2C_HUMAN,PIGH_HUMAN
UBE2C_HUMAN,GGCT_HUMAN
UBE2C_HUMAN,TBPL1_HUMAN
UBE2C_HUMAN,DYR_HUMAN
UBE2C_HUMAN,BL1S5_HUMAN
UBE2C_HUMAN,RM32_HUMAN
UBE2C_HUMAN,NDKM_HUMAN
UBE2C_HUMAN,EID1_HUMAN
UBE2C_HUMAN,IFNA2_HUMAN
UBE2C_HUMAN,PRAF3_HUMAN
UBE2C_HUMAN,SSX1_HUMAN
UBE2C_HUMAN,IFNB_HUMAN
UBE2C_HUMAN,RM35_HUMAN
RRP44_HUMAN,H0Y3R4_HUMAN
RRP44_HUMAN,MAN1_HUMAN
RRP44_HUMAN,A0A1W2PNH8_HUMAN
RRP44_HUMAN,A0A8I5KRB5_HUMAN
RRP44_HUMAN,KCNB2_HUMAN
RRP44_HUMAN,H7BXX9_HUMAN
RRP44_HUMAN,B7Z9Y6_HUMAN
RRP44_HUMAN,TF3C2_HUMAN
RRP44_HUMAN,PGCB_HUMAN
RRP44_HUMAN,ITIH1_HUMAN
RRP44_HUMAN,B3AT_HUMAN
RRP44_HUMAN,ACTN4_HUMAN
RRP44_HUMAN,SPD2B_HUMAN
RRP44_HUMAN,DNLI4_HUMAN
RRP44_HUMAN,E2F7_HUMAN
PR40A_HUMAN,A0A3B3ITZ9_HUMAN
PR40A_HUMAN,AGRF1_HUMAN
PR40A_HUMAN,A0A1B0GTU7_HUMAN
PR40A_HUMAN,J3KRR7_HUMAN
PR40A_HUMAN,A0A140VK49_HUMAN
PR40A_HUMAN,PIDD1_HUMAN
PR40A_HUMAN,H0Y8X6_HUMAN
PR40A_HUMAN,RA54B_HUMAN
PR40A_HUMAN,MARH6_HUMAN
PR40A_HUMAN,SND1_HUMAN
PR40A_HUMAN,ANO6_HUMAN
BST2_HUMAN,BHA15_HUMAN
BST2_HUMAN,A0A087WVZ1_HUMAN
BST2_HUMAN,A0A6Q8PGY1_HUMAN
BST2_HUMAN,A0A804HIB8_HUMAN
BST2_HUMAN,Q8WV90_HUMAN
BST2_HUMAN,FUND2_HUMAN
BST2_HUMAN,A6ZIE4_HUMAN
BST2_HUMAN,CT453_HUMAN
BST2_HUMAN,H0YAT1_HUMAN
BST2_HUMAN,IFNA4_HUMAN
BST2_HUMAN,CT451_HUMAN
BST2_HUMAN,CT455_HUMAN
BST2_HUMAN,PG12A_HUMAN
BST2_HUMAN,CT45A_HUMAN
BST2_HUMAN,H0YG62_HUMAN
BST2_HUMAN,A0A0C4DG22_HUMAN
BST2_HUMAN,IFN14_HUMAN
BST2_HUMAN,H7C5H0_HUMAN
BST2_HUMAN,HEBP1_HUMAN
BST2_HUMAN,IFN10_HUMAN
BST2_HUMAN,IFN16_HUMAN
BST2_HUMAN,A0A384NYV7_HUMAN
BST2_HUMAN,IFN21_HUMAN
BST2_HUMAN,J3QLQ6_HUMAN
BST2_HUMAN,I3L4M4_HUMAN
BST2_HUMAN,IFNA1_HUMAN
BST2_HUMAN,IFN17_HUMAN
BST2_HUMAN,IFNA6_HUMAN
BST2_HUMAN,G3V2A3_HUMAN
BST2_HUMAN,V9HWC2_HUMAN
BST2_HUMAN,IFNA5_HUMAN
BST2_HUMAN,C9JMY5_HUMAN
BST2_HUMAN,OAZ2_HUMAN
BST2_HUMAN,H7C0R2_HUMAN
BST2_HUMAN,IFNA8_HUMAN
BST2_HUMAN,P5I11_HUMAN
BST2_HUMAN,RASN_HUMAN
BST2_HUMAN,E9PMJ3_HUMAN
BST2_HUMAN,MZB1_HUMAN
BST2_HUMAN,K7EPJ3_HUMAN
BST2_HUMAN,H0YD03_HUMAN
BST2_HUMAN,X5D945_HUMAN
BST2_HUMAN,SELS_HUMAN
BST2_HUMAN,E9PQ02_HUMAN
BST2_HUMAN,RASK_HUMAN
BST2_HUMAN,REEP5_HUMAN
BST2_HUMAN,C9J038_HUMAN
BST2_HUMAN,NDUB5_HUMAN
BST2_HUMAN,IFNA7_HUMAN
BST2_HUMAN,PARK7_HUMAN
BST2_HUMAN,RASH_HUMAN
BST2_HUMAN,IL23A_HUMAN
BST2_HUMAN,E5RJM2_HUMAN
BST2_HUMAN,APOD_HUMAN
MOC2B_HUMAN,A0A087WT64_HUMAN
MOC2B_HUMAN,B7Z4J8_HUMAN
MOC2B_HUMAN,A0A0B4J2C3_HUMAN
MOC2B_HUMAN,RBM18_HUMAN
MOC2B_HUMAN,ADAT2_HUMAN
MOC2B_HUMAN,B4DGE2_HUMAN
MOC2B_HUMAN,A0A0G2JH29_HUMAN
MOC2B_HUMAN,A0A0U1RQF8_HUMAN
MOC2B_HUMAN,A2ACR1_HUMAN
MOC2B_HUMAN,CHOLN_HUMAN
MOC2B_HUMAN,A0A0S2Z3Y0_HUMAN
MOC2B_HUMAN,G5E9P3_HUMAN
MOC2B_HUMAN,MSGN1_HUMAN
MOC2B_HUMAN,A0A0S2Z5P6_HUMAN
MOC2B_HUMAN,F5H0U5_HUMAN
MOC2B_HUMAN,A0A804HLB3_HUMAN
MOC2B_HUMAN,A0A2R8YEU0_HUMAN
MOC2B_HUMAN,A0A0U1RRM7_HUMAN
MOC2B_HUMAN,ARL16_HUMAN
MOC2B_HUMAN,CSRP1_HUMAN
MOC2B_HUMAN,A2ID95_HUMAN
MOC2B_HUMAN,B7Z4K4_HUMAN
MOC2B_HUMAN,CLC3A_HUMAN
MOC2B_HUMAN,D6RIE8_HUMAN
MOC2B_HUMAN,A0A0U1RQL2_HUMAN
MOC2B_HUMAN,LSM12_HUMAN
MOC2B_HUMAN,B1AK43_HUMAN
MOC2B_HUMAN,A6NER6_HUMAN
MOC2B_HUMAN,A8ASI8_HUMAN
MOC2B_HUMAN,B8ZZL5_HUMAN
MOC2B_HUMAN,ZN740_HUMAN
MOC2B_HUMAN,B1AMX8_HUMAN
MOC2B_HUMAN,F6R6M7_HUMAN
MOC2B_HUMAN,B1AKP1_HUMAN
MOC2B_HUMAN,CF107_HUMAN
MOC2B_HUMAN,BAX_HUMAN
MOC2B_HUMAN,H0YDU3_HUMAN
MOC2B_HUMAN,CALL4_HUMAN
MOC2B_HUMAN,E5KPM8_HUMAN
MOC2B_HUMAN,CC184_HUMAN
MOC2B_HUMAN,DPRX_HUMAN
MOC2B_HUMAN,IFNL3_HUMAN
MOC2B_HUMAN,HPCL4_HUMAN
MOC2B_HUMAN,D6RFI0_HUMAN
MOC2B_HUMAN,E9PNR6_HUMAN
MOC2B_HUMAN,F5GYZ5_HUMAN
MOC2B_HUMAN,E5RIE8_HUMAN
MOC2B_HUMAN,E9PMC1_HUMAN
MOC2B_HUMAN,G3V4C6_HUMAN
MOC2B_HUMAN,F5H8G1_HUMAN
MOC2B_HUMAN,E9PI87_HUMAN
MOC2B_HUMAN,H0Y641_HUMAN
MOC2B_HUMAN,E5RHW9_HUMAN
MOC2B_HUMAN,Q5PXD5_HUMAN
MOC2B_HUMAN,H0YD90_HUMAN
MOC2B_HUMAN,E7ENY2_HUMAN
MOC2B_HUMAN,MNARL_HUMAN
MOC2B_HUMAN,E9PPG8_HUMAN
MOC2B_HUMAN,H0YLE6_HUMAN
MOC2B_HUMAN,H0YAQ1_HUMAN
MOC2B_HUMAN,F5H362_HUMAN
MOC2B_HUMAN,H7C3H5_HUMAN
MOC2B_HUMAN,H0YFF7_HUMAN
MOC2B_HUMAN,A0A140VK09_HUMAN
MOC2B_HUMAN,H3BRH3_HUMAN
MOC2B_HUMAN,H7C2Y7_HUMAN
MOC2B_HUMAN,IGS23_HUMAN
MOC2B_HUMAN,K7EJC5_HUMAN
MOC2B_HUMAN,WASC3_HUMAN
MOC2B_HUMAN,K7EK42_HUMAN
MOC2B_HUMAN,I3L1Y8_HUMAN
MOC2B_HUMAN,K7EK08_HUMAN
MOC2B_HUMAN,M0QYX3_HUMAN
MOC2B_HUMAN,KR411_HUMAN
MOC2B_HUMAN,Q03399_HUMAN
MOC2B_HUMAN,NTPCR_HUMAN
MOC2B_HUMAN,SPAC7_HUMAN
MOC2B_HUMAN,I3L0K1_HUMAN
MOC2B_HUMAN,GPX2_HUMAN
MOC2B_HUMAN,BORC5_HUMAN
MOC2B_HUMAN,KRA43_HUMAN
MOC2B_HUMAN,LCN12_HUMAN
MOC2B_HUMAN,M0R208_HUMAN
MOC2B_HUMAN,H0YL53_HUMAN
MOC2B_HUMAN,MYL4_HUMAN
MOC2B_HUMAN,A0A8I5KR46_HUMAN
MOC2B_HUMAN,MRP_HUMAN
MOC2B_HUMAN,H10_HUMAN
MOC2B_HUMAN,Q5JSD2_HUMAN
MOC2B_HUMAN,Q4TT34_HUMAN
MOC2B_HUMAN,Q5TGE2_HUMAN
MOC2B_HUMAN,Q5QNZ2_HUMAN
MOC2B_HUMAN,V9HWG0_HUMAN
MOC2B_HUMAN,SELT_HUMAN
MOC2B_HUMAN,A0A140VJV6_HUMAN
MOC2B_HUMAN,A0A0A0MQT0_HUMAN
MOC2B_HUMAN,KCY_HUMAN
MOC2B_HUMAN,C9J4R0_HUMAN
MOC2B_HUMAN,SPTA3_HUMAN
MOC2B_HUMAN,H7C498_HUMAN
DS13A_HUMAN,SIT1_HUMAN
DS13A_HUMAN,Q5T094_HUMAN
DS13A_HUMAN,A2TDB8_HUMAN
DS13A_HUMAN,K7ERQ0_HUMAN
DS13A_HUMAN,H7C013_HUMAN
DS13A_HUMAN,F5H7C6_HUMAN
DS13A_HUMAN,M0R2A4_HUMAN
DS13A_HUMAN,E5RJF8_HUMAN
DS13A_HUMAN,H3BMV3_HUMAN
DS13A_HUMAN,I3L449_HUMAN
DS13A_HUMAN,KBRS1_HUMAN
DS13A_HUMAN,B5MCC0_HUMAN
DS13A_HUMAN,A0A7I2V4L6_HUMAN
DS13A_HUMAN,E5RGR0_HUMAN
DS13A_HUMAN,E9PN71_HUMAN
DS13A_HUMAN,D6RFX4_HUMAN
DS13A_HUMAN,E7EVI8_HUMAN
DS13A_HUMAN,A8MTF4_HUMAN
DS13A_HUMAN,H0YK64_HUMAN
DS13A_HUMAN,E9PLZ3_HUMAN
DS13A_HUMAN,H0Y3Y9_HUMAN
DS13A_HUMAN,NCALD_HUMAN
DS13A_HUMAN,H7C1V1_HUMAN
DS13A_HUMAN,A0A494C0P0_HUMAN
DS13A_HUMAN,I3L2T0_HUMAN
DS13A_HUMAN,J3QLU0_HUMAN
DS13A_HUMAN,Q5TD07_HUMAN
DS13A_HUMAN,SSU72_HUMAN
DS13A_HUMAN,TM134_HUMAN
DS13A_HUMAN,B7Z317_HUMAN
DS13A_HUMAN,RS7_HUMAN
DS13A_HUMAN,A0A0S2Z3W7_HUMAN
DS13A_HUMAN,Q5TBG4_HUMAN
DS13A_HUMAN,G3V2S6_HUMAN
DS13A_HUMAN,J3QR09_HUMAN
DS13A_HUMAN,DCTN6_HUMAN
DS13A_HUMAN,G3V324_HUMAN
DS13A_HUMAN,Q86US5_HUMAN
DS13A_HUMAN,ITPA_HUMAN
DS13A_HUMAN,CLC2D_HUMAN
DS13A_HUMAN,KAD1_HUMAN
DS13A_HUMAN,K7EMK2_HUMAN
DS13A_HUMAN,H7C419_HUMAN
DS13A_HUMAN,C9J383_HUMAN
DS13A_HUMAN,A0A1W2PRL0_HUMAN
DS13A_HUMAN,DNAL1_HUMAN
DS13A_HUMAN,NCS1_HUMAN
DS13A_HUMAN,CIB1_HUMAN
DS13A_HUMAN,H0YEK7_HUMAN
DS13A_HUMAN,J3QQ67_HUMAN
DS13A_HUMAN,H7C267_HUMAN
DS13A_HUMAN,V9GYQ8_HUMAN
DS13A_HUMAN,LIN7C_HUMAN
DS13A_HUMAN,J3QLV0_HUMAN
DS13A_HUMAN,BNIP3_HUMAN
DS13A_HUMAN,PXMP2_HUMAN
DS13A_HUMAN,D6RB09_HUMAN
DS13A_HUMAN,CMAP3_HUMAN
DS13A_HUMAN,A0A1W2PRA3_HUMAN
DS13A_HUMAN,Q5QP01_HUMAN
DS13A_HUMAN,K9J972_HUMAN
DS13A_HUMAN,H0Y8L7_HUMAN
DS13A_HUMAN,MSRB3_HUMAN
DS13A_HUMAN,SPC24_HUMAN
DS13A_HUMAN,PGRC1_HUMAN
DS13A_HUMAN,PSF1_HUMAN
DS13A_HUMAN,COMD3_HUMAN
DS13A_HUMAN,H0YMJ5_HUMAN
DS13A_HUMAN,A0A1W2PRP7_HUMAN
DS13A_HUMAN,AKA28_HUMAN
DS13A_HUMAN,A0A2R8Y735_HUMAN
DS13A_HUMAN,A0A1W2PRV0_HUMAN
DS13A_HUMAN,E9PLL7_HUMAN
DS13A_HUMAN,A0A1X7SBU8_HUMAN
DS13A_HUMAN,CY24A_HUMAN
DS13A_HUMAN,F5GXL6_HUMAN
DS13A_HUMAN,AKIR1_HUMAN
DS13A_HUMAN,J3KTE4_HUMAN
DS13A_HUMAN,ASCL2_HUMAN
DS13A_HUMAN,H0YA84_HUMAN
DS13A_HUMAN,CBX5_HUMAN
DS13A_HUMAN,DUS21_HUMAN
DS13A_HUMAN,RAC3_HUMAN
DS13A_HUMAN,R4GNI4_HUMAN
DS13A_HUMAN,HSPB8_HUMAN
DS13A_HUMAN,DESI2_HUMAN
DS13A_HUMAN,HIKES_HUMAN
DS13A_HUMAN,ARL4C_HUMAN
DS13A_HUMAN,EXOS1_HUMAN
DS13A_HUMAN,JUPI2_HUMAN
DS13A_HUMAN,MYL3_HUMAN
DS13A_HUMAN,RNF4_HUMAN
DS13A_HUMAN,MUC24_HUMAN
DS13A_HUMAN,CYGB_HUMAN
DS13A_HUMAN,PTGDS_HUMAN
DS13A_HUMAN,SAP3_HUMAN
DS13A_HUMAN,KLRG1_HUMAN
DS13A_HUMAN,UBE2T_HUMAN
DS13A_HUMAN,RT23_HUMAN
DS13A_HUMAN,PMVK_HUMAN
DUS18_HUMAN,PFD3_HUMAN
DUS18_HUMAN,RL19_HUMAN
DUS18_HUMAN,RS9_HUMAN
DUS18_HUMAN,IL17C_HUMAN
DUS18_HUMAN,RBPMS_HUMAN
DUS18_HUMAN,T4S5_HUMAN
DUS18_HUMAN,PGRP1_HUMAN
DUS18_HUMAN,AP3S1_HUMAN
DUS18_HUMAN,CD70_HUMAN
DUS18_HUMAN,H0Y852_HUMAN
DUS18_HUMAN,MYL1_HUMAN
DUS18_HUMAN,MET23_HUMAN
DUS18_HUMAN,RL9_HUMAN
DUS18_HUMAN,B2CL2_HUMAN
DUS18_HUMAN,AMELX_HUMAN
DUS18_HUMAN,CBLN1_HUMAN
DUS18_HUMAN,FGF7_HUMAN
DUS18_HUMAN,KGUA_HUMAN
DUS18_HUMAN,CDC42_HUMAN
DUS18_HUMAN,B0QYP8_HUMAN
DUS18_HUMAN,RB22A_HUMAN
DUS18_HUMAN,A0A1K0FUB6_HUMAN
DUS18_HUMAN,NUD16_HUMAN
DUS18_HUMAN,H0YJE0_HUMAN
DUS18_HUMAN,RD3_HUMAN
DUS18_HUMAN,GPX4_HUMAN
DUS18_HUMAN,RAB31_HUMAN
DUS18_HUMAN,H0YGR4_HUMAN
DUS18_HUMAN,TIM22_HUMAN
DUS18_HUMAN,IN80C_HUMAN
DUS18_HUMAN,EAF6_HUMAN
DUS18_HUMAN,CF120_HUMAN
DUS18_HUMAN,AP3S2_HUMAN
DUS18_HUMAN,CHP2_HUMAN
DUS18_HUMAN,UB2E1_HUMAN
DUS18_HUMAN,RER1_HUMAN
DUS18_HUMAN,MP17L_HUMAN
DUS18_HUMAN,BBC3_HUMAN
DUS18_HUMAN,HPCA_HUMAN
DUS18_HUMAN,I18BP_HUMAN
DUS18_HUMAN,TMM11_HUMAN
DUS18_HUMAN,RN183_HUMAN
DUS18_HUMAN,PDCD6_HUMAN
DUS18_HUMAN,BID_HUMAN
DUS18_HUMAN,CHM1A_HUMAN
DUS18_HUMAN,CAR16_HUMAN
DUS18_HUMAN,RHOC_HUMAN
DUS18_HUMAN,COMD1_HUMAN
DUS18_HUMAN,F210B_HUMAN
DUS18_HUMAN,IFNW1_HUMAN
DUS18_HUMAN,RAC2_HUMAN
DUS18_HUMAN,COPT1_HUMAN
DUS18_HUMAN,RHOG_HUMAN
DUS18_HUMAN,SRTD3_HUMAN
DUS18_HUMAN,NPVF_HUMAN
DUS18_HUMAN,CFA20_HUMAN
DUS18_HUMAN,CITE1_HUMAN
DUS18_HUMAN,RT18A_HUMAN
DUS18_HUMAN,PSPC_HUMAN
DUS18_HUMAN,RAC1_HUMAN
DUS18_HUMAN,TLE5_HUMAN
DUS18_HUMAN,RHOB_HUMAN
DUS18_HUMAN,NRTN_HUMAN
DUS18_HUMAN,IL18_HUMAN
DUS18_HUMAN,CSRP3_HUMAN
DUS18_HUMAN,RT11_HUMAN
DUS18_HUMAN,RHOH_HUMAN
DUS18_HUMAN,ASC_HUMAN
DUS18_HUMAN,SC11C_HUMAN
DUS18_HUMAN,RM11_HUMAN
DUS18_HUMAN,IGF1_HUMAN
DUS18_HUMAN,PERP_HUMAN
DUS18_HUMAN,ABC3C_HUMAN
DUS18_HUMAN,CRF_HUMAN
DUS18_HUMAN,RHOA_HUMAN
DUS18_HUMAN,EPO_HUMAN
DUS18_HUMAN,T126A_HUMAN
DUS18_HUMAN,RN185_HUMAN
DUS18_HUMAN,CHP1_HUMAN
DUS18_HUMAN,CRBA4_HUMAN
DUS18_HUMAN,KCMB1_HUMAN
DUS21_HUMAN,A0A494C115_HUMAN
DUS21_HUMAN,B8ZZZ4_HUMAN
DUS21_HUMAN,CA050_HUMAN
DUS21_HUMAN,C9JKY3_HUMAN
DUS21_HUMAN,A0A0K0MJ49_HUMAN
DUS21_HUMAN,D6RB17_HUMAN
DUS21_HUMAN,H7BXD5_HUMAN
DUS21_HUMAN,ICOS_HUMAN
DUS21_HUMAN,DJC12_HUMAN
DUS21_HUMAN,F5H018_HUMAN
DUS21_HUMAN,E5RG29_HUMAN
DUS21_HUMAN,H0YC04_HUMAN
DUS21_HUMAN,H0YD16_HUMAN
DUS21_HUMAN,COMD4_HUMAN
DUS21_HUMAN,K7ENJ4_HUMAN
DUS21_HUMAN,LBX2_HUMAN
DUS21_HUMAN,LEUTX_HUMAN
DUS21_HUMAN,LRMDA_HUMAN
DUS21_HUMAN,TCF15_HUMAN
DUS21_HUMAN,O95330_HUMAN
DUS21_HUMAN,Q5JW28_HUMAN
DUS21_HUMAN,ZFP41_HUMAN
DUS21_HUMAN,TAGL3_HUMAN
DUS21_HUMAN,E9PIM9_HUMAN
DUS21_HUMAN,ZNRD2_HUMAN
DUS21_HUMAN,S4R435_HUMAN
DUS21_HUMAN,TAGL2_HUMAN
DUS21_HUMAN,TMM17_HUMAN
DUS21_HUMAN,E5RH41_HUMAN
DUS21_HUMAN,C9JST7_HUMAN
DUS21_HUMAN,X6R7A2_HUMAN
DUS21_HUMAN,I3NI25_HUMAN
DUS21_HUMAN,DNJC5_HUMAN
DUS21_HUMAN,DIRA2_HUMAN
DUS21_HUMAN,F5H0C6_HUMAN
DUS21_HUMAN,TFIP8_HUMAN
DUS21_HUMAN,NRK1_HUMAN
DUS21_HUMAN,I3L1Z8_HUMAN
DUS21_HUMAN,A0A087WWY4_HUMAN
DUS21_HUMAN,K7ESH9_HUMAN
DUS21_HUMAN,PRDX1_HUMAN
DUS21_HUMAN,A0A384P5J0_HUMAN
DUS21_HUMAN,Q6I9V6_HUMAN
DUS21_HUMAN,H7C1W2_HUMAN
DUS21_HUMAN,SORCN_HUMAN
DUS21_HUMAN,D6R954_HUMAN
DUS21_HUMAN,PEMT_HUMAN
DUS21_HUMAN,F8VVE9_HUMAN
DUS21_HUMAN,RPP25_HUMAN
DUS21_HUMAN,B8ZZE3_HUMAN
DUS21_HUMAN,CRADD_HUMAN
DUS21_HUMAN,COMD9_HUMAN
DUS21_HUMAN,RERG_HUMAN
DUS21_HUMAN,A4D2J0_HUMAN
DUS21_HUMAN,TMM9B_HUMAN
DUS21_HUMAN,Q53FR9_HUMAN
DUS21_HUMAN,SDC4_HUMAN
DUS21_HUMAN,AKIP_HUMAN
DUS21_HUMAN,D6RIS1_HUMAN
DUS21_HUMAN,MIC26_HUMAN
DUS21_HUMAN,C9JJQ8_HUMAN
DUS21_HUMAN,H0YMP7_HUMAN
DUS21_HUMAN,HPGDS_HUMAN
DUS21_HUMAN,CD69_HUMAN
DUS21_HUMAN,FCF1_HUMAN
DUS21_HUMAN,SAR1B_HUMAN
DUS21_HUMAN,NGAL_HUMAN
DUS21_HUMAN,DENR_HUMAN
DUS21_HUMAN,YKT6_HUMAN
DUS21_HUMAN,DS13B_HUMAN
DUS21_HUMAN,ZMAT2_HUMAN
DUS21_HUMAN,CXXC4_HUMAN
DUS21_HUMAN,SOCS2_HUMAN
DUS21_HUMAN,PRDX2_HUMAN
DUS21_HUMAN,B2L11_HUMAN
DUS21_HUMAN,RAB7B_HUMAN
DUS21_HUMAN,IL11_HUMAN
DUS21_HUMAN,ANGL8_HUMAN
DUS21_HUMAN,CHM1B_HUMAN
DUS21_HUMAN,SAR1A_HUMAN
DUS21_HUMAN,CDN1B_HUMAN
DUS21_HUMAN,AICDA_HUMAN
DUS21_HUMAN,ABC3A_HUMAN
DUS21_HUMAN,DIRA1_HUMAN
DUS21_HUMAN,RM12_HUMAN
SPICE_HUMAN,A0A087WTW0_HUMAN
SPICE_HUMAN,A0A0A0MSI2_HUMAN
SPICE_HUMAN,SGIP1_HUMAN
SPICE_HUMAN,C9K073_HUMAN
SPICE_HUMAN,LIN41_HUMAN
SPICE_HUMAN,A0A024RCQ1_HUMAN
SPICE_HUMAN,A0A087WX99_HUMAN
SPICE_HUMAN,A0A0S2Z4R0_HUMAN
SPICE_HUMAN,B8ZZ38_HUMAN
SPICE_HUMAN,A0A087X085_HUMAN
SPICE_HUMAN,A0A0A0MRJ9_HUMAN
SPICE_HUMAN,A4FU51_HUMAN
SPICE_HUMAN,A0A0A0MRX9_HUMAN
SPICE_HUMAN,A0A0B4J203_HUMAN
SPICE_HUMAN,A0A0S2Z4S3_HUMAN
SPICE_HUMAN,A0A0U1RR39_HUMAN
SPICE_HUMAN,A0A7I2V554_HUMAN
SPICE_HUMAN,A0A0C4DGG3_HUMAN
SPICE_HUMAN,A0A1U9X609_HUMAN
SPICE_HUMAN,A0A1B0GUM4_HUMAN
SPICE_HUMAN,A0A140VJW3_HUMAN
SPICE_HUMAN,A0A2R8Y780_HUMAN
SPICE_HUMAN,A0A0A0MSH9_HUMAN
SPICE_HUMAN,A0A0C4DH22_HUMAN
SPICE_HUMAN,A0A0S2Z4X1_HUMAN
SPICE_HUMAN,A0A0S2Z5M8_HUMAN
SPICE_HUMAN,A0A2R8Y524_HUMAN
SPICE_HUMAN,F5H6X6_HUMAN
SPICE_HUMAN,A20A1_HUMAN
SPICE_HUMAN,CIROZ_HUMAN
SPICE_HUMAN,A0A1U9X7G6_HUMAN
SPICE_HUMAN,A0A1W2PPV8_HUMAN
SPICE_HUMAN,A0A384MDR6_HUMAN
SPICE_HUMAN,A0A1B0GW95_HUMAN
SPICE_HUMAN,A0A3B3IU45_HUMAN
SPICE_HUMAN,A0A8I5KXU4_HUMAN
SPICE_HUMAN,MANBA_HUMAN
SPICE_HUMAN,A0A494C001_HUMAN
SPICE_HUMAN,A0A590UK22_HUMAN
SPICE_HUMAN,DRC7_HUMAN
SPICE_HUMAN,A0A7P0T823_HUMAN
SPICE_HUMAN,GP156_HUMAN
SPICE_HUMAN,C19L2_HUMAN
SPICE_HUMAN,A0A804HI30_HUMAN
SPICE_HUMAN,A0A8I5KVZ4_HUMAN
SPICE_HUMAN,B2RNB2_HUMAN
SPICE_HUMAN,A0A8I5KY05_HUMAN
SPICE_HUMAN,ATMIN_HUMAN
SPICE_HUMAN,ADA29_HUMAN
SPICE_HUMAN,A0A7P0TAT8_HUMAN
SPICE_HUMAN,ARHGF_HUMAN
SPICE_HUMAN,ARMC2_HUMAN
SPICE_HUMAN,H0Y3P2_HUMAN
SPICE_HUMAN,E7ESB6_HUMAN
SPICE_HUMAN,CHSS3_HUMAN
SPICE_HUMAN,A0A8I5KV76_HUMAN
SPICE_HUMAN,E7EPK0_HUMAN
SPICE_HUMAN,B4DYW0_HUMAN
SPICE_HUMAN,A2I2P5_HUMAN
SPICE_HUMAN,A0A7P0TAF4_HUMAN
SPICE_HUMAN,AGAP1_HUMAN
SPICE_HUMAN,LPIN2_HUMAN
SPICE_HUMAN,AP5B1_HUMAN
SPICE_HUMAN,C9J2Z7_HUMAN
SPICE_HUMAN,CDHR3_HUMAN
SPICE_HUMAN,ARHGQ_HUMAN
SPICE_HUMAN,F1LJ00_HUMAN
SPICE_HUMAN,C9J7W4_HUMAN
SPICE_HUMAN,C9JCA9_HUMAN
SPICE_HUMAN,DDX24_HUMAN
SPICE_HUMAN,EP15R_HUMAN
SPICE_HUMAN,E41L1_HUMAN
SPICE_HUMAN,E9PPJ0_HUMAN
SPICE_HUMAN,E9PFW2_HUMAN
SPICE_HUMAN,CNIPF_HUMAN
SPICE_HUMAN,CC178_HUMAN
SPICE_HUMAN,CNNM2_HUMAN
SPICE_HUMAN,E7EWP9_HUMAN
SPICE_HUMAN,FBX41_HUMAN
SPICE_HUMAN,DYN3_HUMAN
SPICE_HUMAN,H3BN63_HUMAN
SPICE_HUMAN,E7EX82_HUMAN
SPICE_HUMAN,D9YZW0_HUMAN
SPICE_HUMAN,DDX10_HUMAN
SPICE_HUMAN,TTL13_HUMAN
SPICE_HUMAN,I3L182_HUMAN
SPICE_HUMAN,DLG3_HUMAN
SPICE_HUMAN,E7ESP9_HUMAN
SPICE_HUMAN,SIDT2_HUMAN
SPICE_HUMAN,E9PFG7_HUMAN
SPICE_HUMAN,E9PK91_HUMAN
SPICE_HUMAN,KAT2B_HUMAN
SPICE_HUMAN,E9PNV5_HUMAN
SPICE_HUMAN,HECD3_HUMAN
SPICE_HUMAN,F186B_HUMAN
SPICE_HUMAN,H0Y4U1_HUMAN
SPICE_HUMAN,A0A499FIX8_HUMAN
SPICE_HUMAN,F8WEC7_HUMAN
SPICE_HUMAN,LPIN3_HUMAN
SPICE_HUMAN,F8VW41_HUMAN
DISC1_HUMAN,LIPB2_HUMAN
DISC1_HUMAN,G5EA36_HUMAN
DISC1_HUMAN,G3XAA4_HUMAN
DISC1_HUMAN,H0Y6H0_HUMAN
DISC1_HUMAN,H0Y360_HUMAN
DISC1_HUMAN,H0Y5D5_HUMAN
DISC1_HUMAN,H0YA20_HUMAN
DISC1_HUMAN,H0Y9P1_HUMAN
DISC1_HUMAN,LRC41_HUMAN
DISC1_HUMAN,LITD1_HUMAN
DISC1_HUMAN,R4GMY1_HUMAN
DISC1_HUMAN,RHDF2_HUMAN
DISC1_HUMAN,M2GD_HUMAN
DISC1_HUMAN,H0YJH6_HUMAN
DISC1_HUMAN,MYRIP_HUMAN
DISC1_HUMAN,HS74L_HUMAN
DISC1_HUMAN,PRIC2_HUMAN
DISC1_HUMAN,MCPH1_HUMAN
DISC1_HUMAN,PIWL1_HUMAN
DISC1_HUMAN,A0A1W2PQR8_HUMAN
DISC1_HUMAN,MACC1_HUMAN
DISC1_HUMAN,A0A2U3U043_HUMAN
DISC1_HUMAN,SOBP_HUMAN
DISC1_HUMAN,NRG2_HUMAN
DISC1_HUMAN,PDE8B_HUMAN
DISC1_HUMAN,MA7D1_HUMAN
DISC1_HUMAN,OSBL5_HUMAN
DISC1_HUMAN,RHG27_HUMAN
DISC1_HUMAN,M0QZS0_HUMAN
DISC1_HUMAN,OXR1_HUMAN
DISC1_HUMAN,RASA2_HUMAN
DISC1_HUMAN,NOM1_HUMAN
DISC1_HUMAN,PA24F_HUMAN
DISC1_HUMAN,Q548C2_HUMAN
DISC1_HUMAN,POLS2_HUMAN
DISC1_HUMAN,R4GMQ1_HUMAN
DISC1_HUMAN,PARP8_HUMAN
DISC1_HUMAN,Q5STZ8_HUMAN
DISC1_HUMAN,VILL_HUMAN
DISC1_HUMAN,SIDT1_HUMAN
DISC1_HUMAN,RHG42_HUMAN
DISC1_HUMAN,SH2D3_HUMAN
DISC1_HUMAN,TTLL8_HUMAN
DISC1_HUMAN,SEM6B_HUMAN
DISC1_HUMAN,SL9A2_HUMAN
DISC1_HUMAN,TMTC1_HUMAN
DISC1_HUMAN,M0QYA9_HUMAN
DISC1_HUMAN,A0A494BZX7_HUMAN
DISC1_HUMAN,A0A669KAX4_HUMAN
DISC1_HUMAN,MELT_HUMAN
DISC1_HUMAN,ANM9_HUMAN
DISC1_HUMAN,TTC7A_HUMAN
DISC1_HUMAN,ZSC29_HUMAN
DISC1_HUMAN,TRPC7_HUMAN
DISC1_HUMAN,MOCOS_HUMAN
DISC1_HUMAN,J3KTH2_HUMAN
DISC1_HUMAN,VS10L_HUMAN
DISC1_HUMAN,TXD16_HUMAN
DISC1_HUMAN,TS1R1_HUMAN
DISC1_HUMAN,A0A087WU73_HUMAN
DISC1_HUMAN,A0A804HJ27_HUMAN
DISC1_HUMAN,X6RAE7_HUMAN
DISC1_HUMAN,W0S0X4_HUMAN
DISC1_HUMAN,RHG44_HUMAN
DISC1_HUMAN,MA7D3_HUMAN
DISC1_HUMAN,GRAP1_HUMAN
DISC1_HUMAN,A6PVI2_HUMAN
DISC1_HUMAN,PYGM_HUMAN
DISC1_HUMAN,A0A2R8YDD6_HUMAN
DISC1_HUMAN,A0A804HJS9_HUMAN
DISC1_HUMAN,SREC_HUMAN
DISC1_HUMAN,V9GZ78_HUMAN
DISC1_HUMAN,WDR27_HUMAN
DISC1_HUMAN,A0A804HK63_HUMAN
DISC1_HUMAN,A0A804CL36_HUMAN
DISC1_HUMAN,E7EUS2_HUMAN
DISC1_HUMAN,A0A7P0TAQ3_HUMAN
DISC1_HUMAN,X5D2M8_HUMAN
DISC1_HUMAN,EXOC1_HUMAN
DISC1_HUMAN,R10B1_HUMAN
DISC1_HUMAN,A0A0C3SFZ9_HUMAN
DISC1_HUMAN,B9EGQ5_HUMAN
DISC1_HUMAN,ZHX2_HUMAN
DISC1_HUMAN,H7C0P0_HUMAN
DISC1_HUMAN,A0A2R8Y3X5_HUMAN
DISC1_HUMAN,CC110_HUMAN
DISC1_HUMAN,L7RT34_HUMAN
DISC1_HUMAN,H7C127_HUMAN
DISC1_HUMAN,A0A2R8YCS4_HUMAN
DISC1_HUMAN,F5H4J1_HUMAN
DISC1_HUMAN,R10B2_HUMAN
DISC1_HUMAN,E9PFH4_HUMAN
DISC1_HUMAN,E7EVE9_HUMAN
DISC1_HUMAN,WFS1_HUMAN
DISC1_HUMAN,A0A087WWD4_HUMAN
DISC1_HUMAN,H7BXH2_HUMAN
DISC1_HUMAN,J3KSW1_HUMAN
DISC1_HUMAN,FP100_HUMAN
DISC1_HUMAN,MCTP2_HUMAN
DISC1_HUMAN,E9PKF6_HUMAN
KDM1A_HUMAN,A0A1B0GUZ7_HUMAN
KDM1A_HUMAN,JKIP2_HUMAN
KDM1A_HUMAN,DSC3_HUMAN
KDM1A_HUMAN,A0A1W2PQY5_HUMAN
KDM1A_HUMAN,A0A8J8YUT9_HUMAN
KDM1A_HUMAN,A0A3B3IU79_HUMAN
KDM1A_HUMAN,X6R3N0_HUMAN
KDM1A_HUMAN,H0Y5Q9_HUMAN
KDM1A_HUMAN,MCM10_HUMAN
KDM1A_HUMAN,ZC11A_HUMAN
KDM1A_HUMAN,AGRE1_HUMAN
KDM1A_HUMAN,A0A2R8Y5B3_HUMAN
KDM1A_HUMAN,VAV2_HUMAN
KDM1A_HUMAN,DDX31_HUMAN
KDM1A_HUMAN,PIWL3_HUMAN
KDM1A_HUMAN,ESPN_HUMAN
KDM1A_HUMAN,H0YKM0_HUMAN
KDM1A_HUMAN,GPAT1_HUMAN
KDM1A_HUMAN,A0A804HL95_HUMAN
KDM1A_HUMAN,E9PK52_HUMAN
KDM1A_HUMAN,A0A6Q8PF70_HUMAN
KDM1A_HUMAN,A0A0A0MR27_HUMAN
KDM1A_HUMAN,A0A6Q8PGY7_HUMAN
KDM1A_HUMAN,A0A6Q8PGW5_HUMAN
KDM1A_HUMAN,AKAP3_HUMAN
KDM1A_HUMAN,PP6R3_HUMAN
KDM1A_HUMAN,A0A090N8P4_HUMAN
KDM1A_HUMAN,A0A6Q8PG59_HUMAN
KDM1A_HUMAN,CEP95_HUMAN
KDM1A_HUMAN,A0A7P0Z4K1_HUMAN
KDM1A_HUMAN,A0A6Q8PHA1_HUMAN
KDM1A_HUMAN,J3KR82_HUMAN
KDM1A_HUMAN,A0A6Q8PHC7_HUMAN
KDM1A_HUMAN,H0Y7I9_HUMAN
KDM1A_HUMAN,A0A6Q8PHP5_HUMAN
KDM1A_HUMAN,SLIK6_HUMAN
KDM1A_HUMAN,A0A1W2PQP4_HUMAN
KDM1A_HUMAN,A0A494C164_HUMAN
KDM1A_HUMAN,RHG17_HUMAN
KDM1A_HUMAN,A0A1W2PNQ8_HUMAN
KDM1A_HUMAN,A0A0C4DGT3_HUMAN
KDM1A_HUMAN,H0Y4E7_HUMAN
KDM1A_HUMAN,PDE6A_HUMAN
KDM1A_HUMAN,A0A494C0L7_HUMAN
KDM1A_HUMAN,H0Y8E6_HUMAN
KDM1A_HUMAN,H7BXI1_HUMAN
KDM1A_HUMAN,A0A7P0Z4I1_HUMAN
KDM1A_HUMAN,Q5SYW2_HUMAN
KDM1A_HUMAN,A0A494BYR6_HUMAN
KDM1A_HUMAN,R9QE65_HUMAN
KDM1A_HUMAN,A0A087WW81_HUMAN
KDM1A_HUMAN,EMAL1_HUMAN
KDM1A_HUMAN,CMTR1_HUMAN
KDM1A_HUMAN,CAD26_HUMAN
KDM1A_HUMAN,H0Y470_HUMAN
KDM1A_HUMAN,A0A140VJE7_HUMAN
KDM1A_HUMAN,NCAM1_HUMAN
KDM1A_HUMAN,SRRT_HUMAN
KDM1A_HUMAN,A0A5F9ZH74_HUMAN
KDM1A_HUMAN,NDST2_HUMAN
KDM1A_HUMAN,ZBT10_HUMAN
KDM1A_HUMAN,RN19A_HUMAN
KDM1A_HUMAN,A0A0A8K9B1_HUMAN
KDM1A_HUMAN,A0A090N7W2_HUMAN
KDM1A_HUMAN,A0A6Q8PGT6_HUMAN
KDM1A_HUMAN,A0A087WXA6_HUMAN
KDM1A_HUMAN,A0A3B3IU98_HUMAN
KDM1A_HUMAN,FANCB_HUMAN
KDM1A_HUMAN,PA24D_HUMAN
KDM1A_HUMAN,A0A7I2V5P5_HUMAN
KDM1A_HUMAN,A0A804HKH6_HUMAN
KDM1A_HUMAN,E9PBP6_HUMAN
KDM1A_HUMAN,PTHB1_HUMAN
KDM1A_HUMAN,IASPP_HUMAN
KDM1A_HUMAN,SEBP2_HUMAN
KDM1A_HUMAN,A0A669KBL2_HUMAN
KDM1A_HUMAN,KPCD3_HUMAN
KDM1A_HUMAN,NUP93_HUMAN
KDM1A_HUMAN,ESYT3_HUMAN
KDM1A_HUMAN,E9PB90_HUMAN
KDM1A_HUMAN,CLCN5_HUMAN
KDM1A_HUMAN,A0A1B0GUD6_HUMAN
KDM1A_HUMAN,A0A0B4J1W3_HUMAN
KDM1A_HUMAN,SYC2L_HUMAN
KDM1A_HUMAN,G3XAM7_HUMAN
KDM1A_HUMAN,A0A0C4DG68_HUMAN
KDM1A_HUMAN,A0A3B3ISA1_HUMAN
KDM1A_HUMAN,A0A804HK22_HUMAN
KDM1A_HUMAN,K7EJE8_HUMAN
KDM1A_HUMAN,AXIN1_HUMAN
KDM1A_HUMAN,K7EKE6_HUMAN
KDM1A_HUMAN,B7Z5R6_HUMAN
KDM1A_HUMAN,A0A669KB62_HUMAN
KDM1A_HUMAN,C2D1B_HUMAN
KDM1A_HUMAN,B1AM31_HUMAN
KDM1A_HUMAN,TS1R2_HUMAN
KDM1A_HUMAN,A0A2R8Y4X0_HUMAN
KDM1A_HUMAN,A0A0C4DGV9_HUMAN
KDM1A_HUMAN,A0A590UJW8_HUMAN
KDM1A_HUMAN,PIWL4_HUMAN
DNM3A_HUMAN,A0A804HJ91_HUMAN
DNM3A_HUMAN,A0A0S2Z4W1_HUMAN
DNM3A_HUMAN,A0A140VK05_HUMAN
DNM3A_HUMAN,A0A3B3IT92_HUMAN
DNM3A_HUMAN,ADA22_HUMAN
DNM3A_HUMAN,AP180_HUMAN
DNM3A_HUMAN,D3DQV9_HUMAN
DNM3A_HUMAN,C9JF13_HUMAN
DNM3A_HUMAN,F8W0B5_HUMAN
DNM3A_HUMAN,CC020_HUMAN
DNM3A_HUMAN,IL3RB_HUMAN
DNM3A_HUMAN,E7EV54_HUMAN
DNM3A_HUMAN,RUSC1_HUMAN
DNM3A_HUMAN,E9PB18_HUMAN
DNM3A_HUMAN,H0Y9V7_HUMAN
DNM3A_HUMAN,MILK2_HUMAN
DNM3A_HUMAN,Q5JRP2_HUMAN
DNM3A_HUMAN,X5D988_HUMAN
DNM3A_HUMAN,PP4R4_HUMAN
DNM3A_HUMAN,ACOHC_HUMAN
DNM3A_HUMAN,TMC2_HUMAN
DNM3A_HUMAN,SLN13_HUMAN
DNM3A_HUMAN,DDHD1_HUMAN
DNM3A_HUMAN,SYLM_HUMAN
DNM3A_HUMAN,TTF1_HUMAN
DNM3A_HUMAN,K4DI93_HUMAN
DNM3A_HUMAN,CNTRB_HUMAN
DNM3A_HUMAN,IRAG1_HUMAN
DNM3A_HUMAN,A0A7P0TBC5_HUMAN
DNM3A_HUMAN,A0A5F9ZH14_HUMAN
DNM3A_HUMAN,A0A590UJQ1_HUMAN
DNM3A_HUMAN,A0A1W2PNR0_HUMAN
DNM3A_HUMAN,A0A590UJR0_HUMAN
DNM3A_HUMAN,THAP9_HUMAN
DNM3A_HUMAN,Q5JTU8_HUMAN
DNM3A_HUMAN,A0A6Q8PF62_HUMAN
DNM3A_HUMAN,LGR5_HUMAN
DNM3A_HUMAN,TF3C3_HUMAN
DNM3A_HUMAN,A0A804HIR3_HUMAN
DNM3A_HUMAN,DSC1_HUMAN
DNM3A_HUMAN,A0A384MDY0_HUMAN
DNM3A_HUMAN,J3KR84_HUMAN
DNM3A_HUMAN,H7C269_HUMAN
DNM3A_HUMAN,A0A7I2V488_HUMAN
DNM3A_HUMAN,PDE4A_HUMAN
DNM3A_HUMAN,A0A8J8Z1C3_HUMAN
DNM3A_HUMAN,A0A804HI47_HUMAN
DNM3A_HUMAN,A0A804HL44_HUMAN
DNM3A_HUMAN,A0A804HK55_HUMAN
DNM3A_HUMAN,D6RHZ5_HUMAN
DNM3A_HUMAN,A0A804HJC6_HUMAN
DNM3A_HUMAN,I6L8A6_HUMAN
DNM3A_HUMAN,SP140_HUMAN
DNM3A_HUMAN,OSBL3_HUMAN
DNM3A_HUMAN,NETR_HUMAN
DNM3A_HUMAN,ZHX1_HUMAN
DNM3A_HUMAN,SAGE1_HUMAN
DNM3A_HUMAN,CTNA1_HUMAN
DNM3A_HUMAN,PTHD1_HUMAN
DNM3A_HUMAN,TNPO1_HUMAN
DNM3A_HUMAN,A0A2X0TVZ9_HUMAN
DNM3A_HUMAN,K7EN36_HUMAN
DNM3A_HUMAN,CIP2A_HUMAN
DNM3A_HUMAN,CADH2_HUMAN
DNM3A_HUMAN,GCP2_HUMAN
DNM3A_HUMAN,E2F8_HUMAN
DNM3A_HUMAN,H0Y948_HUMAN
DNM3A_HUMAN,CIZ1_HUMAN
DNM3A_HUMAN,MCM2_HUMAN
DNM3A_HUMAN,A0A494C0F1_HUMAN
DNM3A_HUMAN,CBPC5_HUMAN
DNM3A_HUMAN,B5MCW3_HUMAN
DNM3A_HUMAN,DPP8_HUMAN
DNM3A_HUMAN,A0A590UJ51_HUMAN
DNM3A_HUMAN,SMBT2_HUMAN
DNM3A_HUMAN,E7EWM3_HUMAN
DNM3A_HUMAN,PAN3_HUMAN
DNM3A_HUMAN,ERMP1_HUMAN
DNM3A_HUMAN,DZIP1_HUMAN
DNM3A_HUMAN,F193B_HUMAN
DNM3A_HUMAN,E9PKX1_HUMAN
DNM3A_HUMAN,F8VR31_HUMAN
DNM3A_HUMAN,V9HWB7_HUMAN
DNM3A_HUMAN,A0A7P0Z4D3_HUMAN
DNM3A_HUMAN,AGRD1_HUMAN
DNM3A_HUMAN,MVP_HUMAN
DNM3A_HUMAN,ZN281_HUMAN
DNM3A_HUMAN,J3QT39_HUMAN
DNM3A_HUMAN,GRIA3_HUMAN
DNM3A_HUMAN,AFG2A_HUMAN
DNM3A_HUMAN,TTLL6_HUMAN
DNM3A_HUMAN,H7BYG7_HUMAN
DNM3A_HUMAN,GRIA4_HUMAN
DNM3A_HUMAN,E7EQE7_HUMAN
DNM3A_HUMAN,GWL_HUMAN
DNM3A_HUMAN,KMT5B_HUMAN
DNM3A_HUMAN,LPIN1_HUMAN
DNM3A_HUMAN,MTBP_HUMAN
DNM3A_HUMAN,PRDM9_HUMAN
DNM3A_HUMAN,STON2_HUMAN
NRP1_HUMAN,GCP3_HUMAN
NRP1_HUMAN,ACTN3_HUMAN
NRP1_HUMAN,ACTN1_HUMAN
NRP1_HUMAN,EPS15_HUMAN
NRP1_HUMAN,PSMD2_HUMAN
NRP1_HUMAN,SF3B2_HUMAN
NRP1_HUMAN,AKAP1_HUMAN
NRP1_HUMAN,SRRM1_HUMAN
NRP1_HUMAN,LST2_HUMAN
NRP1_HUMAN,A0A6I8PTZ8_HUMAN
NRP1_HUMAN,DPOLN_HUMAN
NRP1_HUMAN,F6RJM5_HUMAN
NRP1_HUMAN,DAG1_HUMAN
NRP1_HUMAN,WDR36_HUMAN
NRP1_HUMAN,GRIA2_HUMAN
NRP1_HUMAN,FIG4_HUMAN
NRP1_HUMAN,KI20A_HUMAN
NRP1_HUMAN,DLG1_HUMAN
NRP1_HUMAN,RIN2_HUMAN
NRP1_HUMAN,EMAL3_HUMAN
NRP1_HUMAN,KI18A_HUMAN
NRP1_HUMAN,INT6_HUMAN
NRP1_HUMAN,CBPC2_HUMAN
NRP1_HUMAN,MAP10_HUMAN
NRP1_HUMAN,SL9A5_HUMAN
NRP1_HUMAN,OCRL_HUMAN
NRP1_HUMAN,NFKB2_HUMAN
NRP1_HUMAN,PKN3_HUMAN
NRP1_HUMAN,MTP_HUMAN
NRP1_HUMAN,GRIK2_HUMAN
NRP1_HUMAN,WHRN_HUMAN
NRP1_HUMAN,CWC22_HUMAN
NRP1_HUMAN,PI3R5_HUMAN
NRP1_HUMAN,ASAP3_HUMAN
NRP1_HUMAN,TBCK_HUMAN
NRP1_HUMAN,OSBL8_HUMAN
NRP1_HUMAN,ILF3_HUMAN
NRP1_HUMAN,CADH1_HUMAN
NRP1_HUMAN,NDST1_HUMAN
NRP1_HUMAN,IF4G2_HUMAN
NRP1_HUMAN,GRM8_HUMAN
NRP1_HUMAN,HCN2_HUMAN
NRP1_HUMAN,H0Y6U5_HUMAN
NRP1_HUMAN,CBL_HUMAN
NRP1_HUMAN,ITIH3_HUMAN
NRP1_HUMAN,TYRO3_HUMAN
NRP1_HUMAN,COPB2_HUMAN
NRP1_HUMAN,SP100_HUMAN
NRP1_HUMAN,E41LB_HUMAN
NRP1_HUMAN,ADA12_HUMAN
NRP1_HUMAN,GRM6_HUMAN
NRP1_HUMAN,CTIP_HUMAN
NRP1_HUMAN,DDX54_HUMAN
NRP1_HUMAN,GRIA1_HUMAN
NRP1_HUMAN,EXOSX_HUMAN
NRP1_HUMAN,KANL3_HUMAN
NRP1_HUMAN,CLCN2_HUMAN
NRP1_HUMAN,ZZZ3_HUMAN
NRP1_HUMAN,CHD1L_HUMAN
NRP1_HUMAN,ACTN2_HUMAN
NRP1_HUMAN,FCHO1_HUMAN
NRP1_HUMAN,PKP2_HUMAN
NRP1_HUMAN,M4K3_HUMAN
NRP1_HUMAN,PK3C3_HUMAN
NRP1_HUMAN,GRM3_HUMAN
NRP1_HUMAN,TTLL7_HUMAN
NRP1_HUMAN,ZN598_HUMAN
NRP1_HUMAN,DSC2_HUMAN
NRP1_HUMAN,PACS2_HUMAN
NRP1_HUMAN,UFO_HUMAN
NRP1_HUMAN,DI3L2_HUMAN
NRP1_HUMAN,PP6R1_HUMAN
NRP1_HUMAN,VPS39_HUMAN
NRP1_HUMAN,NFAC4_HUMAN
NRP1_HUMAN,NLRP6_HUMAN
NRP1_HUMAN,ZN808_HUMAN
NRP1_HUMAN,N4BP1_HUMAN
NRP1_HUMAN,DNAI3_HUMAN
NRP1_HUMAN,ATX7_HUMAN
NRP1_HUMAN,HCN1_HUMAN
NRP1_HUMAN,HMDH_HUMAN
NRP1_HUMAN,KPCD2_HUMAN
NRP1_HUMAN,HACE1_HUMAN
NRP1_HUMAN,SLN11_HUMAN
NRP1_HUMAN,MED16_HUMAN
NRP1_HUMAN,ATS8_HUMAN
NRP1_HUMAN,CTNA3_HUMAN
NRP1_HUMAN,RB15B_HUMAN
NRP1_HUMAN,GEN_HUMAN
NRP1_HUMAN,TLR3_HUMAN
NRP1_HUMAN,ZCCHV_HUMAN
NRP1_HUMAN,GA2L2_HUMAN
NRP1_HUMAN,PML_HUMAN
NRP1_HUMAN,Z512B_HUMAN
NRP1_HUMAN,ITCH_HUMAN
NRP1_HUMAN,TAOK3_HUMAN
NRP1_HUMAN,F1711_HUMAN
NRP1_HUMAN,BC11B_HUMAN
NRP1_HUMAN,SYMC_HUMAN
NRP1_HUMAN,AL1L1_HUMAN
AASS_HUMAN,SH3R1_HUMAN
AASS_HUMAN,SH3R3_HUMAN
ZO3_HUMAN,COPG1_HUMAN
ZO3_HUMAN,STPAP_HUMAN
ZO3_HUMAN,MIOS_HUMAN
ZO3_HUMAN,ENPP3_HUMAN
ZO3_HUMAN,IMB1_HUMAN
ZO3_HUMAN,GARE1_HUMAN
ZO3_HUMAN,UBE3A_HUMAN
ZO3_HUMAN,S4A11_HUMAN
ZO3_HUMAN,PDE5A_HUMAN
B3AT_HUMAN,TAF1C_HUMAN
B3AT_HUMAN,EPAS1_HUMAN
B3AT_HUMAN,SIMC1_HUMAN
B3AT_HUMAN,NSMA3_HUMAN
B3AT_HUMAN,COPG2_HUMAN
B3AT_HUMAN,CLCN6_HUMAN
B3AT_HUMAN,SULF2_HUMAN
B3AT_HUMAN,VLDLR_HUMAN
B3AT_HUMAN,DYN2_HUMAN
B3AT_HUMAN,POLK_HUMAN
B3AT_HUMAN,ZN473_HUMAN
B3AT_HUMAN,PDC6I_HUMAN
B3AT_HUMAN,DLG2_HUMAN
B3AT_HUMAN,BCAR1_HUMAN
B3AT_HUMAN,SMBT1_HUMAN
B3AT_HUMAN,NAA15_HUMAN
B3AT_HUMAN,KCNQ2_HUMAN
B3AT_HUMAN,SULF1_HUMAN
B3AT_HUMAN,GRM2_HUMAN
B3AT_HUMAN,FIBA_HUMAN
B3AT_HUMAN,KCNQ3_HUMAN
B3AT_HUMAN,RN216_HUMAN
B3AT_HUMAN,MUSK_HUMAN
B3AT_HUMAN,TRPV4_HUMAN
B3AT_HUMAN,I17RA_HUMAN
B3AT_HUMAN,CFA58_HUMAN
B3AT_HUMAN,NDST3_HUMAN
B3AT_HUMAN,WWP2_HUMAN
B3AT_HUMAN,PA24E_HUMAN
B3AT_HUMAN,LYCHS_HUMAN
FIG4_HUMAN,PROM1_HUMAN
FIG4_HUMAN,K7ENA1_HUMAN
FIG4_HUMAN,CEP97_HUMAN
FIG4_HUMAN,EPB41_HUMAN
FIG4_HUMAN,DPP6_HUMAN
FIG4_HUMAN,RABE1_HUMAN
FIG4_HUMAN,I12R2_HUMAN
FIG4_HUMAN,A0A1B0GWK2_HUMAN
FIG4_HUMAN,PMS2_HUMAN
FIG4_HUMAN,MCM4_HUMAN
FIG4_HUMAN,DPP9_HUMAN
FIG4_HUMAN,XYLT2_HUMAN
FIG4_HUMAN,DYN1_HUMAN
FIG4_HUMAN,TOP3B_HUMAN
FIG4_HUMAN,UBP13_HUMAN
FIG4_HUMAN,MILK1_HUMAN
FIG4_HUMAN,ENPP2_HUMAN
FIG4_HUMAN,TAF4B_HUMAN
FIG4_HUMAN,SEM4D_HUMAN
FIG4_HUMAN,NLGN1_HUMAN
FIG4_HUMAN,NAA16_HUMAN
FIG4_HUMAN,LTK_HUMAN
FIG4_HUMAN,ADA15_HUMAN
CLOCK_HUMAN,A0A2R8Y6W8_HUMAN
CLOCK_HUMAN,A0A087WTF0_HUMAN
CLOCK_HUMAN,SPON1_HUMAN
CLOCK_HUMAN,ZN438_HUMAN
CLOCK_HUMAN,A0A087WVR3_HUMAN
CLOCK_HUMAN,PGBD1_HUMAN
CLOCK_HUMAN,H7BY83_HUMAN
CLOCK_HUMAN,BCAP_HUMAN
CLOCK_HUMAN,G5E9D5_HUMAN
CLOCK_HUMAN,CE85L_HUMAN
CLOCK_HUMAN,A0A8I5KT73_HUMAN
CLOCK_HUMAN,H3BMJ2_HUMAN
CLOCK_HUMAN,Q2L6I2_HUMAN
CLOCK_HUMAN,A0A2R8Y8E0_HUMAN
CLOCK_HUMAN,M0QZ12_HUMAN
CLOCK_HUMAN,BC11A_HUMAN
CLOCK_HUMAN,A0A804HJG1_HUMAN
CLOCK_HUMAN,SMYD4_HUMAN
CLOCK_HUMAN,SUSD2_HUMAN
CLOCK_HUMAN,A8MYV6_HUMAN
CLOCK_HUMAN,H3BND4_HUMAN
CLOCK_HUMAN,EXOC6_HUMAN
CLOCK_HUMAN,PDE4D_HUMAN
CLOCK_HUMAN,A0A7I2V540_HUMAN
CLOCK_HUMAN,CDHR5_HUMAN
CLOCK_HUMAN,ZN594_HUMAN
CLOCK_HUMAN,ZNF43_HUMAN
CLOCK_HUMAN,A0A2U3TZI2_HUMAN
CLOCK_HUMAN,A0A804HIA1_HUMAN
CLOCK_HUMAN,ORC1_HUMAN
CLOCK_HUMAN,AGO2_HUMAN
CLOCK_HUMAN,A0A8I5KRE7_HUMAN
CLOCK_HUMAN,TSR1_HUMAN
CLOCK_HUMAN,C9J6S5_HUMAN
CLOCK_HUMAN,F5GZ28_HUMAN
CLOCK_HUMAN,A0A140VJR0_HUMAN
CLOCK_HUMAN,A0A804HJK3_HUMAN
CLOCK_HUMAN,RNZ2_HUMAN
CLOCK_HUMAN,IFT88_HUMAN
CLOCK_HUMAN,PALD_HUMAN
CLOCK_HUMAN,A0A804HI51_HUMAN
CLOCK_HUMAN,RHDF1_HUMAN
CLOCK_HUMAN,GSAP_HUMAN
CLOCK_HUMAN,A8MUN2_HUMAN
CLOCK_HUMAN,A0A8I5KNN2_HUMAN
CLOCK_HUMAN,AKAP4_HUMAN
CLOCK_HUMAN,RIPK4_HUMAN
CLOCK_HUMAN,A0A2U3TZH6_HUMAN
CLOCK_HUMAN,BACH2_HUMAN
CLOCK_HUMAN,A0A3B3IU06_HUMAN
CLOCK_HUMAN,IL4RA_HUMAN
CLOCK_HUMAN,SPB1_HUMAN
CLOCK_HUMAN,CAD24_HUMAN
CLOCK_HUMAN,NCAM2_HUMAN
CLOCK_HUMAN,MOGS_HUMAN
CLOCK_HUMAN,CAD17_HUMAN
CLOCK_HUMAN,ANC2_HUMAN
CLOCK_HUMAN,DGKB_HUMAN
CLOCK_HUMAN,A0A494BZT8_HUMAN
CLOCK_HUMAN,SO5A1_HUMAN
CLOCK_HUMAN,PNISR_HUMAN
CLOCK_HUMAN,PK2L1_HUMAN
CLOCK_HUMAN,A0A140VJL7_HUMAN
CLOCK_HUMAN,A0A7P0TBF0_HUMAN
CLOCK_HUMAN,MPP8_HUMAN
CLOCK_HUMAN,C9J637_HUMAN
CLOCK_HUMAN,PLPL9_HUMAN
CLOCK_HUMAN,TELO2_HUMAN
CLOCK_HUMAN,A0A2U3TZL8_HUMAN
CLOCK_HUMAN,KTU_HUMAN
CLOCK_HUMAN,ATX1_HUMAN
CLOCK_HUMAN,H7C179_HUMAN
CLOCK_HUMAN,A0A140VKG8_HUMAN
CLOCK_HUMAN,TTC7B_HUMAN
CLOCK_HUMAN,HS105_HUMAN
CLOCK_HUMAN,A0A590UJD8_HUMAN
CLOCK_HUMAN,STAT6_HUMAN
CLOCK_HUMAN,D0VY79_HUMAN
CLOCK_HUMAN,A0A3B3IU23_HUMAN
CLOCK_HUMAN,Q5T670_HUMAN
CLOCK_HUMAN,JADE3_HUMAN
CLOCK_HUMAN,H0Y6W5_HUMAN
CLOCK_HUMAN,CLCN3_HUMAN
CLOCK_HUMAN,OSBP1_HUMAN
CLOCK_HUMAN,H7C128_HUMAN
CLOCK_HUMAN,TF3C4_HUMAN
CLOCK_HUMAN,H0Y343_HUMAN
CLOCK_HUMAN,TACC1_HUMAN
CLOCK_HUMAN,KI18B_HUMAN
CLOCK_HUMAN,TS1R3_HUMAN
CLOCK_HUMAN,K7EKZ1_HUMAN
CLOCK_HUMAN,SLIK4_HUMAN
CLOCK_HUMAN,GASP2_HUMAN
CLOCK_HUMAN,FA83G_HUMAN
CLOCK_HUMAN,NOP14_HUMAN
CLOCK_HUMAN,EXO1_HUMAN
CLOCK_HUMAN,UBP45_HUMAN
CLOCK_HUMAN,TLR10_HUMAN
CLOCK_HUMAN,SHLD2_HUMAN
CLOCK_HUMAN,ARMC9_HUMAN
PHC2_HUMAN,D6R9G8_HUMAN
PHC2_HUMAN,VPS53_HUMAN
PHC2_HUMAN,DAAF5_HUMAN
PHC2_HUMAN,CSF3R_HUMAN
PHC2_HUMAN,P4R3A_HUMAN
PHC2_HUMAN,PYGB_HUMAN
PHC2_HUMAN,AGRE5_HUMAN
PHC2_HUMAN,FIRRM_HUMAN
PHC2_HUMAN,MCM6_HUMAN
PHC2_HUMAN,BICD2_HUMAN
PHC2_HUMAN,CRCM_HUMAN
PHC2_HUMAN,M4K5_HUMAN
PHC2_HUMAN,RHG12_HUMAN
PHC2_HUMAN,TACC3_HUMAN
PHC2_HUMAN,TGS1_HUMAN
PHC2_HUMAN,NLGN3_HUMAN
PHC2_HUMAN,MYSM1_HUMAN
PHC2_HUMAN,RASA3_HUMAN
PHC2_HUMAN,DLGP5_HUMAN
PHC2_HUMAN,ABCF1_HUMAN
PHC2_HUMAN,F5H7T0_HUMAN
PHC2_HUMAN,EF2_HUMAN
PHC2_HUMAN,PRDM1_HUMAN
PHC2_HUMAN,J3KSW8_HUMAN
PHC2_HUMAN,H9KV31_HUMAN
PHC2_HUMAN,ZN341_HUMAN
PHC2_HUMAN,E7ENX8_HUMAN
PHC2_HUMAN,STRP2_HUMAN
PHC2_HUMAN,E9PHI4_HUMAN
PHC2_HUMAN,ODFP2_HUMAN
PHC2_HUMAN,ZXDC_HUMAN
PHC2_HUMAN,AF1L2_HUMAN
PHC2_HUMAN,VPP1_HUMAN
PHC2_HUMAN,ATG9A_HUMAN
PHC2_HUMAN,CO7_HUMAN
PHC2_HUMAN,NLGNY_HUMAN
PHC2_HUMAN,POSTN_HUMAN
PHC2_HUMAN,SPICE_HUMAN
PHC2_HUMAN,SYF1_HUMAN
PHC2_HUMAN,DISC1_HUMAN
PHC2_HUMAN,JIP2_HUMAN
PHC2_HUMAN,CRNL1_HUMAN
PHC2_HUMAN,STT3B_HUMAN
PHC2_HUMAN,DNM3B_HUMAN
PHC2_HUMAN,P4R3B_HUMAN
PHC2_HUMAN,COG3_HUMAN
PHC2_HUMAN,JADE1_HUMAN
PHC2_HUMAN,COG5_HUMAN
PHC2_HUMAN,VPP3_HUMAN
PHC2_HUMAN,NTRK3_HUMAN
PHC2_HUMAN,CASL_HUMAN
PHC2_HUMAN,ELP2_HUMAN
PHC2_HUMAN,HNRPU_HUMAN
PHC2_HUMAN,DCAF6_HUMAN
PHC2_HUMAN,OSBL7_HUMAN
PHC2_HUMAN,MCM8_HUMAN
PHC2_HUMAN,NEB2_HUMAN
PHC2_HUMAN,EFR3B_HUMAN
PHC2_HUMAN,LYAM3_HUMAN
PHC2_HUMAN,P_HUMAN
PHC2_HUMAN,CRNS1_HUMAN
PHC2_HUMAN,ATS4_HUMAN
PHC2_HUMAN,MATR3_HUMAN
PHC2_HUMAN,NLGNX_HUMAN
PHC2_HUMAN,HNRL1_HUMAN
PHC2_HUMAN,TM63B_HUMAN
PHC2_HUMAN,AP1G1_HUMAN
PHC2_HUMAN,CDC27_HUMAN
PHC2_HUMAN,DDX20_HUMAN
PHC2_HUMAN,CDHR1_HUMAN
PHC2_HUMAN,TGM1_HUMAN
PHC2_HUMAN,NELL2_HUMAN
PHC2_HUMAN,RADX_HUMAN
PHC2_HUMAN,VPP2_HUMAN
PHC2_HUMAN,S39AA_HUMAN
PHC2_HUMAN,DDX23_HUMAN
PHC2_HUMAN,EFR3A_HUMAN
PHC2_HUMAN,MLXPL_HUMAN
PHC2_HUMAN,KDM1B_HUMAN
PHC2_HUMAN,KDM1A_HUMAN
PHC2_HUMAN,VAV_HUMAN
PHC2_HUMAN,LRC8D_HUMAN
PHC2_HUMAN,LMBL1_HUMAN
PHC2_HUMAN,APBA1_HUMAN
PHC2_HUMAN,AGO3_HUMAN
PHC2_HUMAN,PYGL_HUMAN
PHC2_HUMAN,ADA17_HUMAN
PHC2_HUMAN,SLIK2_HUMAN
PHC2_HUMAN,F91A1_HUMAN
PHC2_HUMAN,THSD1_HUMAN
PHC2_HUMAN,VPP4_HUMAN
PHC2_HUMAN,LRP12_HUMAN
PHC2_HUMAN,CD22_HUMAN
PHC2_HUMAN,MALT1_HUMAN
PHC2_HUMAN,SORT_HUMAN
PHC2_HUMAN,TFP11_HUMAN
PHC2_HUMAN,BCAR3_HUMAN
PHC2_HUMAN,AGRE2_HUMAN
PHC2_HUMAN,VPS41_HUMAN
PHC2_HUMAN,NPAS2_HUMAN
EF2_HUMAN,PHC2_HUMAN
EF2_HUMAN,NLGN2_HUMAN
EF2_HUMAN,HSP74_HUMAN
EF2_HUMAN,PDE6B_HUMAN
EF2_HUMAN,SOX6_HUMAN
EF2_HUMAN,ADA23_HUMAN
EF2_HUMAN,US6NL_HUMAN
EF2_HUMAN,AHR_HUMAN
EF2_HUMAN,ABCB6_HUMAN
EF2_HUMAN,BRAT1_HUMAN
EF2_HUMAN,IWS1_HUMAN
EF2_HUMAN,FES_HUMAN
EF2_HUMAN,CLOCK_HUMAN
EF2_HUMAN,AGO4_HUMAN
EF2_HUMAN,DDR2_HUMAN
EF2_HUMAN,TPC1_HUMAN
EF2_HUMAN,DACT1_HUMAN
EF2_HUMAN,LDLR_HUMAN
EF2_HUMAN,RBM25_HUMAN
EF2_HUMAN,LZTR1_HUMAN
EF2_HUMAN,CADH3_HUMAN
EF2_HUMAN,VPS16_HUMAN
EF2_HUMAN,ABR_HUMAN
EF2_HUMAN,LONP2_HUMAN
EF2_HUMAN,CAN3_HUMAN
EF2_HUMAN,ESCO1_HUMAN
EF2_HUMAN,AREL1_HUMAN
EF2_HUMAN,PROM2_HUMAN
EF2_HUMAN,KAT2A_HUMAN
EF2_HUMAN,TGBR3_HUMAN
EF2_HUMAN,STRP1_HUMAN
EF2_HUMAN,WDR75_HUMAN
EF2_HUMAN,SLMAP_HUMAN
EF2_HUMAN,STAT2_HUMAN
EF2_HUMAN,PI4KB_HUMAN
EF2_HUMAN,AGO1_HUMAN
EF2_HUMAN,NTRK2_HUMAN
EF2_HUMAN,ST14_HUMAN
EF2_HUMAN,ADAM8_HUMAN
EF2_HUMAN,FGFR2_HUMAN
EF2_HUMAN,M3K11_HUMAN
EF2_HUMAN,NEK4_HUMAN
EF2_HUMAN,MK07_HUMAN
EF2_HUMAN,PHLD_HUMAN
EF2_HUMAN,KIFC3_HUMAN
EF2_HUMAN,AXIN2_HUMAN
EF2_HUMAN,M4K1_HUMAN
EF2_HUMAN,FGFR1_HUMAN
EF2_HUMAN,SL9A3_HUMAN
EF2_HUMAN,PARP9_HUMAN
EF2_HUMAN,FER_HUMAN
EF2_HUMAN,ADAM9_HUMAN
EF2_HUMAN,KANK2_HUMAN
EF2_HUMAN,VAV3_HUMAN
EF2_HUMAN,TRPV1_HUMAN
EF2_HUMAN,EPC1_HUMAN
EF2_HUMAN,TLR4_HUMAN
EF2_HUMAN,TIF1B_HUMAN
EF2_HUMAN,AMPD2_HUMAN
EF2_HUMAN,BEND3_HUMAN
EF2_HUMAN,TNI3K_HUMAN
EF2_HUMAN,NVL_HUMAN
EF2_HUMAN,TTK_HUMAN
EF2_HUMAN,AVIL_HUMAN
EF2_HUMAN,TGFA1_HUMAN
EF2_HUMAN,KCNB1_HUMAN
EF2_HUMAN,MYLK3_HUMAN
EF2_HUMAN,TMTC2_HUMAN
EF2_HUMAN,M3K12_HUMAN
EF2_HUMAN,FAKD1_HUMAN
EF2_HUMAN,VILI_HUMAN
EF2_HUMAN,HIF1A_HUMAN
EF2_HUMAN,PDE8A_HUMAN
EF2_HUMAN,SNX25_HUMAN
EF2_HUMAN,ZN777_HUMAN
EF2_HUMAN,EFHB_HUMAN
EF2_HUMAN,UBP16_HUMAN
EF2_HUMAN,M4K2_HUMAN
EF2_HUMAN,PRIC1_HUMAN
EF2_HUMAN,SEM4C_HUMAN
EF2_HUMAN,UBP5_HUMAN
EF2_HUMAN,TLR5_HUMAN
EF2_HUMAN,OTU7B_HUMAN
TLR4_HUMAN,A0A7I2RW32_HUMAN
TLR4_HUMAN,A0A8I5KSH0_HUMAN
TLR4_HUMAN,BEND2_HUMAN
TLR4_HUMAN,CTSRD_HUMAN
TLR4_HUMAN,CADH8_HUMAN
TLR4_HUMAN,CPT1C_HUMAN
TLR4_HUMAN,ZFY_HUMAN
TLR4_HUMAN,H0YCN2_HUMAN
TLR4_HUMAN,PRDM4_HUMAN
TLR4_HUMAN,V9HWP2_HUMAN
TLR4_HUMAN,A0A7I2V3V0_HUMAN
TLR4_HUMAN,A0A804HIK0_HUMAN
TLR4_HUMAN,A0A087X287_HUMAN
TLR4_HUMAN,RBG1L_HUMAN
TLR4_HUMAN,A0A804HJN3_HUMAN
TLR4_HUMAN,SL9A4_HUMAN
TLR4_HUMAN,DEN1C_HUMAN
TLR4_HUMAN,A0A2R8Y523_HUMAN
TLR4_HUMAN,K7EJD2_HUMAN
TLR4_HUMAN,LRC8C_HUMAN
TLR4_HUMAN,NOC3L_HUMAN
TLR4_HUMAN,A0A7G6J4N4_HUMAN
TLR4_HUMAN,A0A6Q8PGW0_HUMAN
TLR4_HUMAN,A0A0U1RRM6_HUMAN
TLR4_HUMAN,LRC8B_HUMAN
TLR4_HUMAN,PTPRA_HUMAN
TLR4_HUMAN,ITB7_HUMAN
TLR4_HUMAN,A0A804HL01_HUMAN
TLR4_HUMAN,CAD15_HUMAN
TLR4_HUMAN,NPAS4_HUMAN
TLR4_HUMAN,CHAP1_HUMAN
TLR4_HUMAN,TM63A_HUMAN
TLR4_HUMAN,PRGC1_HUMAN
TLR4_HUMAN,SCYL1_HUMAN
TLR4_HUMAN,TM63C_HUMAN
TLR4_HUMAN,B5MBY2_HUMAN
TLR4_HUMAN,AP5Z1_HUMAN
TLR4_HUMAN,LRRF1_HUMAN
TLR4_HUMAN,TERA_HUMAN
TLR4_HUMAN,EIF3B_HUMAN
TLR4_HUMAN,NELL1_HUMAN
TLR4_HUMAN,PLMN_HUMAN
TLR4_HUMAN,RASL1_HUMAN
TLR4_HUMAN,TMC6_HUMAN
TLR4_HUMAN,CAN7_HUMAN
TLR4_HUMAN,PPR3F_HUMAN
TLR4_HUMAN,TBL3_HUMAN
TLR4_HUMAN,OPHN1_HUMAN
TLR4_HUMAN,ARHG7_HUMAN
TLR4_HUMAN,MCM3_HUMAN
TLR4_HUMAN,A0A7I2V5A3_HUMAN
TLR4_HUMAN,ZFX_HUMAN
TLR4_HUMAN,H0Y6K2_HUMAN
TLR4_HUMAN,APC4_HUMAN
TLR4_HUMAN,RHG26_HUMAN
TLR4_HUMAN,SNUT1_HUMAN
TLR4_HUMAN,RBM5_HUMAN
TLR4_HUMAN,PCDBA_HUMAN
TLR4_HUMAN,CHSS1_HUMAN
TLR4_HUMAN,FCHO2_HUMAN
TLR4_HUMAN,CDC5L_HUMAN
TLR4_HUMAN,ENPL_HUMAN
TLR4_HUMAN,ITB5_HUMAN
TLR4_HUMAN,ARHGJ_HUMAN
TLR4_HUMAN,ECE2_HUMAN
TLR4_HUMAN,ZBT17_HUMAN
TLR4_HUMAN,DEP1A_HUMAN
TLR4_HUMAN,ITB1_HUMAN
TLR4_HUMAN,ZXDA_HUMAN
TLR4_HUMAN,LRC8A_HUMAN
TLR4_HUMAN,SCNND_HUMAN
TLR4_HUMAN,UHRF2_HUMAN
TLR4_HUMAN,WHAMM_HUMAN
TLR4_HUMAN,RNF10_HUMAN
TLR4_HUMAN,MAP6_HUMAN
TLR4_HUMAN,UBP10_HUMAN
TLR4_HUMAN,CSDE1_HUMAN
TLR4_HUMAN,ACE2_HUMAN
TLR4_HUMAN,KS6A5_HUMAN
TLR4_HUMAN,TAF5_HUMAN
TLR4_HUMAN,PCDBD_HUMAN
TLR4_HUMAN,EPC2_HUMAN
TLR4_HUMAN,FGFR4_HUMAN
TLR4_HUMAN,HASP_HUMAN
TLR4_HUMAN,PTN22_HUMAN
TLR4_HUMAN,NOP2_HUMAN
TLR4_HUMAN,FGFR3_HUMAN
TLR4_HUMAN,TMPS6_HUMAN
TLR4_HUMAN,CNGB3_HUMAN
TLR4_HUMAN,M3K20_HUMAN
TLR4_HUMAN,SL9A1_HUMAN
TLR4_HUMAN,RASL2_HUMAN
TLR4_HUMAN,TB10B_HUMAN
TLR4_HUMAN,PCDBE_HUMAN
TLR4_HUMAN,EVI5_HUMAN
TLR4_HUMAN,TFR2_HUMAN
TLR4_HUMAN,PCDB2_HUMAN
TLR4_HUMAN,BRD2_HUMAN
TLR4_HUMAN,UNK_HUMAN
TLR4_HUMAN,CLCN7_HUMAN
HPGDS_HUMAN,Q5JXH8_HUMAN
HPGDS_HUMAN,A0A087X1P5_HUMAN
HPGDS_HUMAN,A0A804HJ46_HUMAN
HPGDS_HUMAN,A0A140VK94_HUMAN
HPGDS_HUMAN,X6REK4_HUMAN
HPGDS_HUMAN,A0A1W2PPT8_HUMAN
HPGDS_HUMAN,A0A3B3ITY8_HUMAN
HPGDS_HUMAN,Q5TIJ2_HUMAN
HPGDS_HUMAN,A0A140VJS6_HUMAN
HPGDS_HUMAN,E7EX47_HUMAN
HPGDS_HUMAN,COA8_HUMAN
HPGDS_HUMAN,A0A286YFE2_HUMAN
HPGDS_HUMAN,A0A669KAE5_HUMAN
HPGDS_HUMAN,A8K5R1_HUMAN
HPGDS_HUMAN,A0A384P5U7_HUMAN
HPGDS_HUMAN,A0A494C114_HUMAN
HPGDS_HUMAN,A0A8I5KW10_HUMAN
HPGDS_HUMAN,AMELY_HUMAN
HPGDS_HUMAN,ATP5S_HUMAN
HPGDS_HUMAN,AMTN_HUMAN
HPGDS_HUMAN,LIN7B_HUMAN
HPGDS_HUMAN,CRIP2_HUMAN
HPGDS_HUMAN,AT8OS_HUMAN
HPGDS_HUMAN,COMDA_HUMAN
HPGDS_HUMAN,CRBB2_HUMAN
HPGDS_HUMAN,J3QRZ6_HUMAN
HPGDS_HUMAN,B0QYY7_HUMAN
HPGDS_HUMAN,C9J2Q2_HUMAN
HPGDS_HUMAN,VTM2L_HUMAN
HPGDS_HUMAN,A0A096LP02_HUMAN
HPGDS_HUMAN,E9PLQ2_HUMAN
HPGDS_HUMAN,F8VYN3_HUMAN
HPGDS_HUMAN,C9JCN8_HUMAN
HPGDS_HUMAN,CLM7_HUMAN
HPGDS_HUMAN,C9JPX5_HUMAN
HPGDS_HUMAN,CC28B_HUMAN
HPGDS_HUMAN,H7C5P0_HUMAN
HPGDS_HUMAN,CD3CH_HUMAN
HPGDS_HUMAN,D6RHE3_HUMAN
HPGDS_HUMAN,C9JNK6_HUMAN
HPGDS_HUMAN,CMI2C_HUMAN
HPGDS_HUMAN,SOSD1_HUMAN
HPGDS_HUMAN,ITBP1_HUMAN
HPGDS_HUMAN,E7ERK6_HUMAN
HPGDS_HUMAN,D6RCM8_HUMAN
HPGDS_HUMAN,DUXA_HUMAN
HPGDS_HUMAN,E9PKQ5_HUMAN
HPGDS_HUMAN,E5RIL9_HUMAN
HPGDS_HUMAN,DTD1_HUMAN
HPGDS_HUMAN,MED18_HUMAN
HPGDS_HUMAN,E9PNX1_HUMAN
HPGDS_HUMAN,H3BMU1_HUMAN
HPGDS_HUMAN,E9PNY1_HUMAN
HPGDS_HUMAN,F8W9Z6_HUMAN
HPGDS_HUMAN,TPD54_HUMAN
HPGDS_HUMAN,E9PQS6_HUMAN
HPGDS_HUMAN,EBPL_HUMAN
HPGDS_HUMAN,H0YBX2_HUMAN
HPGDS_HUMAN,I3L1D9_HUMAN
HPGDS_HUMAN,H7C306_HUMAN
HPGDS_HUMAN,F8VSL3_HUMAN
HPGDS_HUMAN,F1T0I5_HUMAN
HPGDS_HUMAN,Q5JSK9_HUMAN
HPGDS_HUMAN,M0QXD0_HUMAN
HPGDS_HUMAN,G3V438_HUMAN
HPGDS_HUMAN,SPRNG_HUMAN
HPGDS_HUMAN,GPX8_HUMAN
HPGDS_HUMAN,H0Y7Y4_HUMAN
HPGDS_HUMAN,F8W9J5_HUMAN
HPGDS_HUMAN,H0YLI7_HUMAN
HPGDS_HUMAN,H7C5H3_HUMAN
HPGDS_HUMAN,G3V2J7_HUMAN
HPGDS_HUMAN,I3L3K5_HUMAN
HPGDS_HUMAN,PTCA_HUMAN
HPGDS_HUMAN,K7ERZ7_HUMAN
HPGDS_HUMAN,J3QLD5_HUMAN
HPGDS_HUMAN,H7C0Q6_HUMAN
HPGDS_HUMAN,H0YGH8_HUMAN
HPGDS_HUMAN,IQCF1_HUMAN
HPGDS_HUMAN,Q7L4Q3_HUMAN
HPGDS_HUMAN,IL24_HUMAN
HPGDS_HUMAN,I3L410_HUMAN
HPGDS_HUMAN,H3BRB6_HUMAN
HPGDS_HUMAN,Q7Z6S5_HUMAN
HPGDS_HUMAN,JOS1_HUMAN
HPGDS_HUMAN,H7C3G1_HUMAN
HPGDS_HUMAN,LY65B_HUMAN
HPGDS_HUMAN,NRSN2_HUMAN
HPGDS_HUMAN,TRML4_HUMAN
HPGDS_HUMAN,NAT9_HUMAN
HPGDS_HUMAN,J3KQ99_HUMAN
HPGDS_HUMAN,KRA46_HUMAN
HPGDS_HUMAN,E7ENX0_HUMAN
HPGDS_HUMAN,KR271_HUMAN
HPGDS_HUMAN,KR510_HUMAN
HPGDS_HUMAN,IFNL2_HUMAN
HPGDS_HUMAN,B1APM2_HUMAN
HPGDS_HUMAN,M0QX65_HUMAN
HPGDS_HUMAN,Q6FHT8_HUMAN
HPGDS_HUMAN,MXRA7_HUMAN
ITBP1_HUMAN,CTAG2_HUMAN
ITBP1_HUMAN,NTF4_HUMAN
ITBP1_HUMAN,AKIP1_HUMAN
ITBP1_HUMAN,KRA49_HUMAN
ITBP1_HUMAN,T4S1_HUMAN
ITBP1_HUMAN,Q5U071_HUMAN
ITBP1_HUMAN,DRC12_HUMAN
ITBP1_HUMAN,Q5JXI2_HUMAN
ITBP1_HUMAN,Q53YM3_HUMAN
ITBP1_HUMAN,B9D1_HUMAN
ITBP1_HUMAN,H7C430_HUMAN
ITBP1_HUMAN,M0R1U8_HUMAN
ITBP1_HUMAN,GUC1A_HUMAN
ITBP1_HUMAN,CCD25_HUMAN
ITBP1_HUMAN,KR261_HUMAN
ITBP1_HUMAN,E5KT65_HUMAN
ITBP1_HUMAN,MAD4_HUMAN
ITBP1_HUMAN,PORIM_HUMAN
ITBP1_HUMAN,F5H4K7_HUMAN
ITBP1_HUMAN,PTPM1_HUMAN
ITBP1_HUMAN,Q5TBG1_HUMAN
ITBP1_HUMAN,Q5JSD1_HUMAN
ITBP1_HUMAN,TMG2_HUMAN
ITBP1_HUMAN,Q5T0W7_HUMAN
ITBP1_HUMAN,RGS17_HUMAN
ITBP1_HUMAN,Q8N1B9_HUMAN
ITBP1_HUMAN,RRAS2_HUMAN
ITBP1_HUMAN,C9IZL7_HUMAN
ITBP1_HUMAN,BTF3_HUMAN
ITBP1_HUMAN,RSLAA_HUMAN
ITBP1_HUMAN,T4S19_HUMAN
ITBP1_HUMAN,TM222_HUMAN
ITBP1_HUMAN,J3KN38_HUMAN
ITBP1_HUMAN,C9JEM7_HUMAN
ITBP1_HUMAN,V9GYX6_HUMAN
ITBP1_HUMAN,E9PLL1_HUMAN
ITBP1_HUMAN,M0QZ34_HUMAN
ITBP1_HUMAN,SACDR_HUMAN
ITBP1_HUMAN,U3KQS5_HUMAN
ITBP1_HUMAN,RAB24_HUMAN
ITBP1_HUMAN,C9JZI9_HUMAN
ITBP1_HUMAN,A0A3B3IUC0_HUMAN
ITBP1_HUMAN,A0A7I2V484_HUMAN
ITBP1_HUMAN,V9HWF3_HUMAN
ITBP1_HUMAN,K7EM91_HUMAN
ITBP1_HUMAN,C9J858_HUMAN
ITBP1_HUMAN,X6R4J9_HUMAN
ITBP1_HUMAN,E5RHT4_HUMAN
ITBP1_HUMAN,Q5JPU1_HUMAN
ITBP1_HUMAN,SPRY4_HUMAN
ITBP1_HUMAN,TSN31_HUMAN
ITBP1_HUMAN,TSN13_HUMAN
ITBP1_HUMAN,G3V2N3_HUMAN
ITBP1_HUMAN,E9PIA8_HUMAN
ITBP1_HUMAN,F8WDU6_HUMAN
ITBP1_HUMAN,PPR1B_HUMAN
ITBP1_HUMAN,A0A1B0GTK8_HUMAN
ITBP1_HUMAN,J3KNE2_HUMAN
ITBP1_HUMAN,NOL3_HUMAN
ITBP1_HUMAN,Q53Y03_HUMAN
ITBP1_HUMAN,C9JCS0_HUMAN
ITBP1_HUMAN,RPC8_HUMAN
ITBP1_HUMAN,PYM1_HUMAN
ITBP1_HUMAN,C9JJ16_HUMAN
ITBP1_HUMAN,CF418_HUMAN
ITBP1_HUMAN,CTSRZ_HUMAN
ITBP1_HUMAN,MND1_HUMAN
ITBP1_HUMAN,D6RE83_HUMAN
ITBP1_HUMAN,H7C4Y1_HUMAN
ITBP1_HUMAN,F5H092_HUMAN
ITBP1_HUMAN,H0Y8S7_HUMAN
ITBP1_HUMAN,SPA24_HUMAN
ITBP1_HUMAN,H0YF10_HUMAN
ITBP1_HUMAN,E9PSH8_HUMAN
ITBP1_HUMAN,H3BT22_HUMAN
ITBP1_HUMAN,C9JMQ4_HUMAN
ITBP1_HUMAN,Q5T3N1_HUMAN
ITBP1_HUMAN,I3L4Q4_HUMAN
ITBP1_HUMAN,K7EIK1_HUMAN
ITBP1_HUMAN,MACIR_HUMAN
ITBP1_HUMAN,Q5T2Z0_HUMAN
ITBP1_HUMAN,Q6FGU7_HUMAN
ITBP1_HUMAN,H9KVC9_HUMAN
ITBP1_HUMAN,A6NDI8_HUMAN
ITBP1_HUMAN,PLET1_HUMAN
ITBP1_HUMAN,Q5JXH7_HUMAN
ITBP1_HUMAN,A0A158RFU6_HUMAN
ITBP1_HUMAN,F5H1B0_HUMAN
ITBP1_HUMAN,UB2E3_HUMAN
ITBP1_HUMAN,H3BV22_HUMAN
ITBP1_HUMAN,ASF1B_HUMAN
ITBP1_HUMAN,Q5JXI3_HUMAN
ITBP1_HUMAN,H0YMA1_HUMAN
ITBP1_HUMAN,E9PRJ8_HUMAN
ITBP1_HUMAN,V9HW87_HUMAN
ITBP1_HUMAN,H0YN40_HUMAN
ITBP1_HUMAN,ARL4D_HUMAN
ITBP1_HUMAN,V9HWI1_HUMAN
ITBP1_HUMAN,E7ES52_HUMAN
ITBP1_HUMAN,F8W9U3_HUMAN
UBE2K_HUMAN,E9PRV8_HUMAN
UBE2K_HUMAN,D6RHD2_HUMAN
UBE2K_HUMAN,M0R2K3_HUMAN
UBE2K_HUMAN,EMC9_HUMAN
UBE2K_HUMAN,Q5JPT9_HUMAN
UBE2K_HUMAN,PMF1_HUMAN
UBE2K_HUMAN,Q9P1I2_HUMAN
UBE2K_HUMAN,A0A8J8YV97_HUMAN
UBE2K_HUMAN,I3L4Z6_HUMAN
UBE2K_HUMAN,PTTG1_HUMAN
UBE2K_HUMAN,H0YHR2_HUMAN
UBE2K_HUMAN,B7Z3U5_HUMAN
UBE2K_HUMAN,VATO_HUMAN
UBE2K_HUMAN,AIRIM_HUMAN
UBE2K_HUMAN,IPP2_HUMAN
UBE2K_HUMAN,Q5JV98_HUMAN
UBE2K_HUMAN,CLD11_HUMAN
UBE2K_HUMAN,SDC2_HUMAN
UBE2K_HUMAN,E9PFI5_HUMAN
UBE2K_HUMAN,ARL4A_HUMAN
UBE2K_HUMAN,A0A0C4DFX0_HUMAN
UBE2K_HUMAN,A0A024R5J5_HUMAN
UBE2K_HUMAN,H0Y9Y4_HUMAN
UBE2K_HUMAN,H7C4I5_HUMAN
UBE2K_HUMAN,B1AQT4_HUMAN
UBE2K_HUMAN,E7ENF8_HUMAN
UBE2K_HUMAN,GLTP_HUMAN
UBE2K_HUMAN,EMC8_HUMAN
UBE2K_HUMAN,GSC2_HUMAN
UBE2K_HUMAN,H0YNB7_HUMAN
UBE2K_HUMAN,C9JHD8_HUMAN
UBE2K_HUMAN,H7C5H7_HUMAN
UBE2K_HUMAN,E5RJ95_HUMAN
UBE2K_HUMAN,B8ZZH7_HUMAN
UBE2K_HUMAN,H0Y886_HUMAN
UBE2K_HUMAN,H0YCG9_HUMAN
UBE2K_HUMAN,K7ESM7_HUMAN
UBE2K_HUMAN,NC2A_HUMAN
UBE2K_HUMAN,HDGR3_HUMAN
UBE2K_HUMAN,M0R2Q2_HUMAN
UBE2K_HUMAN,X1WI28_HUMAN
UBE2K_HUMAN,RANG_HUMAN
UBE2K_HUMAN,MD2L1_HUMAN
UBE2K_HUMAN,A0A140T9K6_HUMAN
UBE2K_HUMAN,V9HWE9_HUMAN
UBE2K_HUMAN,RBPS2_HUMAN
UBE2K_HUMAN,RAB6A_HUMAN
UBE2K_HUMAN,PSB3_HUMAN
UBE2K_HUMAN,V9GYA7_HUMAN
UBE2K_HUMAN,Q5JR94_HUMAN
UBE2K_HUMAN,X6R4A7_HUMAN
UBE2K_HUMAN,GUC1B_HUMAN
UBE2K_HUMAN,SHLD1_HUMAN
UBE2K_HUMAN,MRAP2_HUMAN
UBE2K_HUMAN,PAXX_HUMAN
UBE2K_HUMAN,BLVRB_HUMAN
UBE2K_HUMAN,CLC6A_HUMAN
UBE2K_HUMAN,ISOC2_HUMAN
UBE2K_HUMAN,TNFB_HUMAN
UBE2K_HUMAN,TMA16_HUMAN
UBE2K_HUMAN,E9PS97_HUMAN
UBE2K_HUMAN,CDIP1_HUMAN
UBE2K_HUMAN,D6RAW2_HUMAN
UBE2K_HUMAN,RAB18_HUMAN
UBE2K_HUMAN,VCX1_HUMAN
UBE2K_HUMAN,IFT43_HUMAN
UBE2K_HUMAN,E9PGR3_HUMAN
UBE2K_HUMAN,HEBP2_HUMAN
UBE2K_HUMAN,K7ERG7_HUMAN
UBE2K_HUMAN,RAB30_HUMAN
UBE2K_HUMAN,SRY_HUMAN
UBE2K_HUMAN,E9PQP0_HUMAN
UBE2K_HUMAN,REEP1_HUMAN
UBE2K_HUMAN,MED22_HUMAN
UBE2K_HUMAN,SIKE1_HUMAN
UBE2K_HUMAN,THOC7_HUMAN
UBE2K_HUMAN,TETN_HUMAN
UBE2K_HUMAN,ARFRP_HUMAN
UBE2K_HUMAN,MTHFS_HUMAN
UBE2K_HUMAN,METL5_HUMAN
UBE2K_HUMAN,MIS12_HUMAN
UBE2K_HUMAN,HSPB1_HUMAN
UBE2K_HUMAN,C9JW47_HUMAN
UBE2K_HUMAN,PSB2_HUMAN
UBE2K_HUMAN,RT26_HUMAN
UBE2K_HUMAN,ASF1A_HUMAN
UBE2K_HUMAN,NFYB_HUMAN
UBE2K_HUMAN,MED29_HUMAN
UBE2K_HUMAN,TAGL_HUMAN
UBE2K_HUMAN,ECSCR_HUMAN
UBE2K_HUMAN,CD83_HUMAN
UBE2K_HUMAN,B2L10_HUMAN
UBE2K_HUMAN,MYL6B_HUMAN
UBE2K_HUMAN,CO8G_HUMAN
UBE2K_HUMAN,RS8_HUMAN
UBE2K_HUMAN,RS5_HUMAN
UBE2K_HUMAN,RAB6B_HUMAN
UBE2K_HUMAN,RAB8A_HUMAN
UBE2K_HUMAN,MGMT_HUMAN
UBE2K_HUMAN,RGS1_HUMAN
PEMT_HUMAN,HMGB2_HUMAN
PEMT_HUMAN,RAB1B_HUMAN
PEMT_HUMAN,MUSC_HUMAN
PEMT_HUMAN,RL13A_HUMAN
PEMT_HUMAN,RL15_HUMAN
PEMT_HUMAN,CLD4_HUMAN
PEMT_HUMAN,NT5C_HUMAN
PEMT_HUMAN,A0A6Q8PGI1_HUMAN
PEMT_HUMAN,RAB13_HUMAN
PEMT_HUMAN,BL1S3_HUMAN
PEMT_HUMAN,CSN8_HUMAN
PEMT_HUMAN,RAB35_HUMAN
PEMT_HUMAN,SNP25_HUMAN
PEMT_HUMAN,A1AG2_HUMAN
PEMT_HUMAN,A0A0A0MT09_HUMAN
PEMT_HUMAN,FGF9_HUMAN
PEMT_HUMAN,G3V2W9_HUMAN
PEMT_HUMAN,BCL7B_HUMAN
PEMT_HUMAN,RAB10_HUMAN
PEMT_HUMAN,TMED2_HUMAN
PEMT_HUMAN,LIF_HUMAN
PEMT_HUMAN,ICT1_HUMAN
PEMT_HUMAN,TWST1_HUMAN
PEMT_HUMAN,FGF6_HUMAN
PEMT_HUMAN,AKIR2_HUMAN
PEMT_HUMAN,RGS4_HUMAN
PEMT_HUMAN,CC85B_HUMAN
PEMT_HUMAN,RAB9A_HUMAN
PEMT_HUMAN,SOSB2_HUMAN
PEMT_HUMAN,ALR_HUMAN
PEMT_HUMAN,GDIR2_HUMAN
PEMT_HUMAN,AP5S1_HUMAN
PEMT_HUMAN,HBEGF_HUMAN
PEMT_HUMAN,FGF16_HUMAN
PEMT_HUMAN,FGF21_HUMAN
PEMT_HUMAN,TPD53_HUMAN
PEMT_HUMAN,COAC_HUMAN
PEMT_HUMAN,RAB7L_HUMAN
PEMT_HUMAN,CD3E_HUMAN
PEMT_HUMAN,SCX_HUMAN
PEMT_HUMAN,FGF4_HUMAN
PEMT_HUMAN,RM40_HUMAN
PEMT_HUMAN,GEMI_HUMAN
PEMT_HUMAN,GDIR1_HUMAN
PEMT_HUMAN,IL17D_HUMAN
PEMT_HUMAN,TM223_HUMAN
PEMT_HUMAN,VEGFB_HUMAN
PEMT_HUMAN,CNTF_HUMAN
PEMT_HUMAN,A1AG1_HUMAN
PEMT_HUMAN,GP1BB_HUMAN
PEMT_HUMAN,RAB9B_HUMAN
PEMT_HUMAN,AR6P1_HUMAN
PEMT_HUMAN,LN28A_HUMAN
PEMT_HUMAN,TIMP1_HUMAN
PEMT_HUMAN,RAB8B_HUMAN
PEMT_HUMAN,SNAT_HUMAN
PEMT_HUMAN,FGF18_HUMAN
PEMT_HUMAN,PPIF_HUMAN
PEMT_HUMAN,RGS16_HUMAN
PEMT_HUMAN,EFNA1_HUMAN
PEMT_HUMAN,RALA_HUMAN
PEMT_HUMAN,MB3L2_HUMAN
PEMT_HUMAN,CDO1_HUMAN
PEMT_HUMAN,SNX10_HUMAN
PEMT_HUMAN,FADD_HUMAN
PEMT_HUMAN,UB2E2_HUMAN
PEMT_HUMAN,MRGBP_HUMAN
PEMT_HUMAN,KLRF2_HUMAN
PEMT_HUMAN,TIM23_HUMAN
PEMT_HUMAN,CTF1_HUMAN
PEMT_HUMAN,STAR4_HUMAN
PEMT_HUMAN,NCTR3_HUMAN
PEMT_HUMAN,RT10_HUMAN
PEMT_HUMAN,RAB1A_HUMAN
PEMT_HUMAN,CHMP6_HUMAN
PEMT_HUMAN,IFNL1_HUMAN
PEMT_HUMAN,RM21_HUMAN
PEMT_HUMAN,GUC1C_HUMAN
PEMT_HUMAN,ABC3H_HUMAN
PEMT_HUMAN,RECO_HUMAN
PEMT_HUMAN,RET4_HUMAN
PEMT_HUMAN,RM22_HUMAN
PEMT_HUMAN,RAB7A_HUMAN
PEMT_HUMAN,RALB_HUMAN
PEMT_HUMAN,IFNK_HUMAN
PEMT_HUMAN,FGF10_HUMAN
PEMT_HUMAN,GPX1_HUMAN
PEMT_HUMAN,RASM_HUMAN
PEMT_HUMAN,CSF3_HUMAN
PEMT_HUMAN,RHOQ_HUMAN
PEMT_HUMAN,ZFAN6_HUMAN
PEMT_HUMAN,RN152_HUMAN
PEMT_HUMAN,UBE2K_HUMAN
PEMT_HUMAN,COMD7_HUMAN
PEMT_HUMAN,VMA12_HUMAN
PEMT_HUMAN,EFNA4_HUMAN
PEMT_HUMAN,M17L2_HUMAN
KAT2A_HUMAN,AGRG7_HUMAN
KAT2A_HUMAN,A0A087WYC0_HUMAN
KAT2A_HUMAN,M0QZQ2_HUMAN
KAT2A_HUMAN,H0YIV0_HUMAN
KAT2A_HUMAN,CASD1_HUMAN
KAT2A_HUMAN,H7BYI2_HUMAN
KAT2A_HUMAN,IMPG1_HUMAN
KAT2A_HUMAN,G3V1J5_HUMAN
KAT2A_HUMAN,H0Y895_HUMAN
KAT2A_HUMAN,E7EWK3_HUMAN
KAT2A_HUMAN,PKP3_HUMAN
KAT2A_HUMAN,CAD11_HUMAN
KAT2A_HUMAN,A0A1W2PPR7_HUMAN
KAT2A_HUMAN,Q15156_HUMAN
KAT2A_HUMAN,A0A0B4J269_HUMAN
KAT2A_HUMAN,A0A087WT45_HUMAN
KAT2A_HUMAN,YYAP1_HUMAN
KAT2A_HUMAN,B5MCD5_HUMAN
KAT2A_HUMAN,S4R3N7_HUMAN
KAT2A_HUMAN,NTRK1_HUMAN
KAT2A_HUMAN,REPS1_HUMAN
KAT2A_HUMAN,TP4AP_HUMAN
KAT2A_HUMAN,STRN3_HUMAN
KAT2A_HUMAN,TLR6_HUMAN
KAT2A_HUMAN,SC6A5_HUMAN
KAT2A_HUMAN,LRC8E_HUMAN
KAT2A_HUMAN,SLIP_HUMAN
KAT2A_HUMAN,GRP1_HUMAN
KAT2A_HUMAN,DPP10_HUMAN
KAT2A_HUMAN,AFG32_HUMAN
KAT2A_HUMAN,VPS35_HUMAN
KAT2A_HUMAN,I2BPL_HUMAN
KAT2A_HUMAN,PCDB3_HUMAN
KAT2A_HUMAN,PCDB9_HUMAN
KAT2A_HUMAN,PCDBB_HUMAN
KAT2A_HUMAN,TRIL_HUMAN
KAT2B_HUMAN,F8W9L4_HUMAN
KAT2B_HUMAN,A0A0C4DFT8_HUMAN
KAT2B_HUMAN,A0A2U3TZJ5_HUMAN
KAT2B_HUMAN,A0A494C1P7_HUMAN
KAT2B_HUMAN,A0A7I2YQY3_HUMAN
KAT2B_HUMAN,UHRF1_HUMAN
KAT2B_HUMAN,CAD12_HUMAN
KAT2B_HUMAN,A0A804HK02_HUMAN
KAT2B_HUMAN,A0A8I5QKM3_HUMAN
KAT2B_HUMAN,G0XQ39_HUMAN
KAT2B_HUMAN,PCDBC_HUMAN
KAT2B_HUMAN,GPAT2_HUMAN
KAT2B_HUMAN,RINT1_HUMAN
KAT2B_HUMAN,NADL2_HUMAN
KAT2B_HUMAN,SF3A1_HUMAN
KAT2B_HUMAN,A0A669KB53_HUMAN
KAT2B_HUMAN,KIF3C_HUMAN
KAT2B_HUMAN,ZN606_HUMAN
KAT2B_HUMAN,B9A6K1_HUMAN
KAT2B_HUMAN,A0A384N5W4_HUMAN
KAT2B_HUMAN,A0A6Q8PF27_HUMAN
KAT2B_HUMAN,Q2M3L1_HUMAN
KAT2B_HUMAN,EVI5L_HUMAN
KAT2B_HUMAN,ATRIP_HUMAN
KAT2B_HUMAN,S26A9_HUMAN
KAT2B_HUMAN,PLAP_HUMAN
KAT2B_HUMAN,H0YFD6_HUMAN
KAT2B_HUMAN,Q13876_HUMAN
KAT2B_HUMAN,I17RC_HUMAN
KAT2B_HUMAN,XRRA1_HUMAN
KAT2B_HUMAN,STA5A_HUMAN
KAT2B_HUMAN,C9JEA7_HUMAN
KAT2B_HUMAN,DJC10_HUMAN
KAT2B_HUMAN,DGKG_HUMAN
KAT2B_HUMAN,CALD1_HUMAN
KAT2B_HUMAN,HCFC2_HUMAN
KAT2B_HUMAN,SPG7_HUMAN
KAT2B_HUMAN,KIFA3_HUMAN
KAT2B_HUMAN,IQUB_HUMAN
KAT2B_HUMAN,TBCD5_HUMAN
KAT2B_HUMAN,A0A7I2V637_HUMAN
KAT2B_HUMAN,P5CS_HUMAN
KAT2B_HUMAN,MGT5B_HUMAN
KAT2B_HUMAN,MARK1_HUMAN
KAT2B_HUMAN,ZN148_HUMAN
KAT2B_HUMAN,SE1L1_HUMAN
KAT2B_HUMAN,DHX15_HUMAN
KAT2B_HUMAN,PAPD7_HUMAN
KAT2B_HUMAN,TRPC1_HUMAN
KAT2B_HUMAN,FURIN_HUMAN
KAT2B_HUMAN,PCDB6_HUMAN
KAT2B_HUMAN,CD11B_HUMAN
KAT2B_HUMAN,RIR1_HUMAN
KAT2B_HUMAN,UFL1_HUMAN
KAT2B_HUMAN,PCDB4_HUMAN
KAT2B_HUMAN,G6PE_HUMAN
KAT2B_HUMAN,PCDB5_HUMAN
ODFP2_HUMAN,A0A7P0TAE1_HUMAN
ODFP2_HUMAN,A0A3B3ISQ4_HUMAN
ODFP2_HUMAN,PERM1_HUMAN
ODFP2_HUMAN,MED15_HUMAN
ODFP2_HUMAN,A0A804CCZ3_HUMAN
ODFP2_HUMAN,CAD18_HUMAN
ODFP2_HUMAN,A0A8I5QJJ5_HUMAN
ODFP2_HUMAN,NASP_HUMAN
ODFP2_HUMAN,CAD10_HUMAN
ODFP2_HUMAN,LRFN2_HUMAN
ODFP2_HUMAN,CADH9_HUMAN
ODFP2_HUMAN,G3V5N8_HUMAN
ODFP2_HUMAN,A0A2X0TW08_HUMAN
ODFP2_HUMAN,TAXB1_HUMAN
ODFP2_HUMAN,PKHG6_HUMAN
ODFP2_HUMAN,SH319_HUMAN
ODFP2_HUMAN,PDXD1_HUMAN
ODFP2_HUMAN,JADE2_HUMAN
ODFP2_HUMAN,E9PFK5_HUMAN
ODFP2_HUMAN,CADH6_HUMAN
ODFP2_HUMAN,ITB6_HUMAN
ODFP2_HUMAN,TRPV3_HUMAN
ODFP2_HUMAN,HID1_HUMAN
ODFP2_HUMAN,KIF9_HUMAN
ODFP2_HUMAN,MARK2_HUMAN
ODFP2_HUMAN,Q5T4E8_HUMAN
ODFP2_HUMAN,ITB3_HUMAN
ODFP2_HUMAN,WDR24_HUMAN
ODFP2_HUMAN,ARNT_HUMAN
ODFP2_HUMAN,ADA30_HUMAN
ODFP2_HUMAN,NCBP1_HUMAN
ODFP2_HUMAN,TNAP3_HUMAN
PTPM1_HUMAN,A0A0U1RQD1_HUMAN
PTPM1_HUMAN,Q68CX2_HUMAN
PTPM1_HUMAN,F5GX80_HUMAN
PTPM1_HUMAN,A0A7I2V2E6_HUMAN
PTPM1_HUMAN,D3YTC7_HUMAN
PTPM1_HUMAN,H7C0S3_HUMAN
PTPM1_HUMAN,TIRR_HUMAN
PTPM1_HUMAN,E9PH18_HUMAN
PTPM1_HUMAN,C9J4G7_HUMAN
PTPM1_HUMAN,RIPL2_HUMAN
PTPM1_HUMAN,FKB14_HUMAN
PTPM1_HUMAN,DUS26_HUMAN
PTPM1_HUMAN,REEP6_HUMAN
PTPM1_HUMAN,U3KQ54_HUMAN
PTPM1_HUMAN,CLD7_HUMAN
PTPM1_HUMAN,I3L2T9_HUMAN
PTPM1_HUMAN,CLXN_HUMAN
PTPM1_HUMAN,A0A1W2PRC2_HUMAN
PTPM1_HUMAN,Q5TCT4_HUMAN
PTPM1_HUMAN,Q4JHT5_HUMAN
PTPM1_HUMAN,H3BM91_HUMAN
PTPM1_HUMAN,KCMB4_HUMAN
PTPM1_HUMAN,A8K287_HUMAN
PTPM1_HUMAN,PDGFA_HUMAN
PTPM1_HUMAN,BAG2_HUMAN
PTPM1_HUMAN,SPP24_HUMAN
PTPM1_HUMAN,SARNP_HUMAN
PTPM1_HUMAN,A8K4C8_HUMAN
PTPM1_HUMAN,TNNI3_HUMAN
PTPM1_HUMAN,A0A6Q8PG52_HUMAN
PTPM1_HUMAN,FGF20_HUMAN
PTPM1_HUMAN,RL13_HUMAN
PTPM1_HUMAN,ABHEB_HUMAN
PTPM1_HUMAN,TIMP3_HUMAN
PTPM1_HUMAN,RGS2_HUMAN
PTPM1_HUMAN,BCL7A_HUMAN
PTPM1_HUMAN,RPAB1_HUMAN
PTPM1_HUMAN,BORG1_HUMAN
PTPM1_HUMAN,SOCS1_HUMAN
PTPM1_HUMAN,RAB38_HUMAN
PTPM1_HUMAN,COPZ2_HUMAN
PTPM1_HUMAN,GDNF_HUMAN
PTPM1_HUMAN,SNP23_HUMAN
PTPM1_HUMAN,RHOD_HUMAN
PTPM1_HUMAN,SDF2_HUMAN
PTPM1_HUMAN,FRDA_HUMAN
PTPM1_HUMAN,SOSB1_HUMAN
PTPM1_HUMAN,CLD1_HUMAN
PTPM1_HUMAN,CD8B_HUMAN
PTPM1_HUMAN,BAK_HUMAN
PTPM1_HUMAN,DYNAP_HUMAN
PTPM1_HUMAN,NDUS8_HUMAN
PTPM1_HUMAN,STXB6_HUMAN
PTPM1_HUMAN,TAF11_HUMAN
PTPM1_HUMAN,GSTP1_HUMAN
PTPM1_HUMAN,MD2L2_HUMAN
PTPM1_HUMAN,PITH1_HUMAN
PTPM1_HUMAN,RHOF_HUMAN
BLVRB_HUMAN,A0A2R8YFH6_HUMAN
BLVRB_HUMAN,C9JSE3_HUMAN
BLVRB_HUMAN,A0A0S2Z5L0_HUMAN
BLVRB_HUMAN,MS4A3_HUMAN
BLVRB_HUMAN,D6RDG1_HUMAN
BLVRB_HUMAN,A0A2R8Y762_HUMAN
BLVRB_HUMAN,A0A669KBC8_HUMAN
BLVRB_HUMAN,B2R7Q3_HUMAN
BLVRB_HUMAN,NACA_HUMAN
BLVRB_HUMAN,A0A8I5KXI2_HUMAN
BLVRB_HUMAN,C9J6H2_HUMAN
BLVRB_HUMAN,B2RE76_HUMAN
BLVRB_HUMAN,C9JHH5_HUMAN
BLVRB_HUMAN,CINP_HUMAN
BLVRB_HUMAN,A0A5H1ZRR1_HUMAN
BLVRB_HUMAN,CABP7_HUMAN
BLVRB_HUMAN,PLAC1_HUMAN
BLVRB_HUMAN,E7EW06_HUMAN
BLVRB_HUMAN,C9J057_HUMAN
BLVRB_HUMAN,C9JXQ7_HUMAN
BLVRB_HUMAN,F8VR84_HUMAN
BLVRB_HUMAN,A0A024R2F2_HUMAN
BLVRB_HUMAN,D6RBM0_HUMAN
BLVRB_HUMAN,C9JKL2_HUMAN
BLVRB_HUMAN,E9PCW0_HUMAN
BLVRB_HUMAN,EDAD_HUMAN
BLVRB_HUMAN,F8VXU5_HUMAN
BLVRB_HUMAN,F5GYF7_HUMAN
BLVRB_HUMAN,PPIC_HUMAN
BLVRB_HUMAN,FA156_HUMAN
BLVRB_HUMAN,H0YAZ1_HUMAN
BLVRB_HUMAN,H0YNE0_HUMAN
BLVRB_HUMAN,EFNA2_HUMAN
BLVRB_HUMAN,H7C1G3_HUMAN
BLVRB_HUMAN,G3V277_HUMAN
BLVRB_HUMAN,H3BPN4_HUMAN
BLVRB_HUMAN,DEPP1_HUMAN
BLVRB_HUMAN,RCAS1_HUMAN
BLVRB_HUMAN,IGLL1_HUMAN
BLVRB_HUMAN,K7ER60_HUMAN
BLVRB_HUMAN,J3KR59_HUMAN
BLVRB_HUMAN,S4S694_HUMAN
BLVRB_HUMAN,E5RIA9_HUMAN
BLVRB_HUMAN,C9J4U1_HUMAN
BLVRB_HUMAN,ROP1A_HUMAN
BLVRB_HUMAN,I3L1Q9_HUMAN
BLVRB_HUMAN,NICN1_HUMAN
BLVRB_HUMAN,NXNL1_HUMAN
BLVRB_HUMAN,NOL12_HUMAN
BLVRB_HUMAN,K7EJ49_HUMAN
BLVRB_HUMAN,PTH_HUMAN
BLVRB_HUMAN,MOB3B_HUMAN
BLVRB_HUMAN,Q5W011_HUMAN
BLVRB_HUMAN,RB11A_HUMAN
BLVRB_HUMAN,Q29RY0_HUMAN
BLVRB_HUMAN,C9JBS2_HUMAN
BLVRB_HUMAN,RFLB_HUMAN
BLVRB_HUMAN,Q9UL32_HUMAN
BLVRB_HUMAN,H0YF17_HUMAN
BLVRB_HUMAN,MOB1A_HUMAN
BLVRB_HUMAN,H0YNM5_HUMAN
BLVRB_HUMAN,H0YA46_HUMAN
BLVRB_HUMAN,V9GZ44_HUMAN
BLVRB_HUMAN,LYG2_HUMAN
BLVRB_HUMAN,CDKN3_HUMAN
BLVRB_HUMAN,K7EJD8_HUMAN
BLVRB_HUMAN,CDIPT_HUMAN
BLVRB_HUMAN,Q5JX61_HUMAN
BLVRB_HUMAN,N0E4C7_HUMAN
BLVRB_HUMAN,EFMT1_HUMAN
BLVRB_HUMAN,H3BS86_HUMAN
BLVRB_HUMAN,H11_HUMAN
BLVRB_HUMAN,F8VZQ9_HUMAN
BLVRB_HUMAN,TF3C6_HUMAN
BLVRB_HUMAN,C9J3B7_HUMAN
BLVRB_HUMAN,Q5TAQ8_HUMAN
BLVRB_HUMAN,CSK2B_HUMAN
BLVRB_HUMAN,OSTF1_HUMAN
BLVRB_HUMAN,CLC4C_HUMAN
BLVRB_HUMAN,C9JXK0_HUMAN
BLVRB_HUMAN,SENP8_HUMAN
BLVRB_HUMAN,A0A087X2I4_HUMAN
BLVRB_HUMAN,F5H7N8_HUMAN
BLVRB_HUMAN,RM24_HUMAN
BLVRB_HUMAN,RAB5B_HUMAN
BLVRB_HUMAN,D6RA26_HUMAN
BLVRB_HUMAN,MPZL2_HUMAN
BLVRB_HUMAN,A0A1W2PQP2_HUMAN
BLVRB_HUMAN,B4DPU0_HUMAN
BLVRB_HUMAN,ERD21_HUMAN
BLVRB_HUMAN,H1X_HUMAN
BLVRB_HUMAN,7B2_HUMAN
BLVRB_HUMAN,C9J5V9_HUMAN
BLVRB_HUMAN,U3KPS2_HUMAN
BLVRB_HUMAN,A0A7I2YQG2_HUMAN
BLVRB_HUMAN,RAB4B_HUMAN
BLVRB_HUMAN,I3L3C6_HUMAN
BLVRB_HUMAN,H0YN10_HUMAN
BLVRB_HUMAN,F8W022_HUMAN
BLVRB_HUMAN,Q5T8R4_HUMAN
RM22_HUMAN,ROP1B_HUMAN
RM22_HUMAN,G3V5L0_HUMAN
RM22_HUMAN,C9J8X5_HUMAN
RM22_HUMAN,A0A0S2Z5V6_HUMAN
RM22_HUMAN,A0A7P0TB45_HUMAN
RM22_HUMAN,K7EJ57_HUMAN
RM22_HUMAN,CLC4D_HUMAN
RM22_HUMAN,FAP24_HUMAN
RM22_HUMAN,CHP3_HUMAN
RM22_HUMAN,X5D2T3_HUMAN
RM22_HUMAN,MOB1B_HUMAN
RM22_HUMAN,J3QRQ7_HUMAN
RM22_HUMAN,GOSR2_HUMAN
RM22_HUMAN,J3KP15_HUMAN
RM22_HUMAN,O75889_HUMAN
RM22_HUMAN,FGF17_HUMAN
RM22_HUMAN,A0A0D9SF36_HUMAN
RM22_HUMAN,PSF3_HUMAN
RM22_HUMAN,B4DZ74_HUMAN
RM22_HUMAN,DAAF6_HUMAN
RM22_HUMAN,RB39B_HUMAN
RM22_HUMAN,TCP1L_HUMAN
RM22_HUMAN,PPCT_HUMAN
RM22_HUMAN,MAAI_HUMAN
RM22_HUMAN,ERD23_HUMAN
RM22_HUMAN,BOK_HUMAN
RM22_HUMAN,SCN3B_HUMAN
RM22_HUMAN,E9PKY5_HUMAN
RM22_HUMAN,PRDX5_HUMAN
RM22_HUMAN,RAB15_HUMAN
RM22_HUMAN,RAB2A_HUMAN
RM22_HUMAN,ERD22_HUMAN
RM22_HUMAN,ATPO_HUMAN
RM22_HUMAN,RL10L_HUMAN
RM22_HUMAN,MED20_HUMAN
RM22_HUMAN,RAB43_HUMAN
RM22_HUMAN,C9JEZ4_HUMAN
RM22_HUMAN,NDK5_HUMAN
RM22_HUMAN,A0A804HIV7_HUMAN
RM22_HUMAN,ALG14_HUMAN
RM22_HUMAN,SC22B_HUMAN
RM22_HUMAN,PXMP4_HUMAN
RM22_HUMAN,RAB25_HUMAN
RM22_HUMAN,RAN_HUMAN
RM22_HUMAN,DCA16_HUMAN
RM22_HUMAN,RL14_HUMAN
RM22_HUMAN,HEMK2_HUMAN
RM22_HUMAN,TM186_HUMAN
RM22_HUMAN,PPIB_HUMAN
RM22_HUMAN,NPM2_HUMAN
RM22_HUMAN,TALAN_HUMAN
RM22_HUMAN,HAND1_HUMAN
RM22_HUMAN,SOST_HUMAN
RM22_HUMAN,H12_HUMAN
RM22_HUMAN,NKG2D_HUMAN
RM22_HUMAN,FGF19_HUMAN
RM22_HUMAN,NDUS7_HUMAN
RM22_HUMAN,RL10_HUMAN
RM22_HUMAN,EDN1_HUMAN
RM22_HUMAN,RM48_HUMAN
RM22_HUMAN,CPTP_HUMAN
RM22_HUMAN,THAP1_HUMAN
RM22_HUMAN,PDC10_HUMAN
RM22_HUMAN,TCF23_HUMAN
RM22_HUMAN,PANO1_HUMAN
RM22_HUMAN,CHM2B_HUMAN
RM22_HUMAN,RHOJ_HUMAN
RM22_HUMAN,VHL_HUMAN
RM22_HUMAN,SCN2B_HUMAN
RM22_HUMAN,RAB14_HUMAN
RM22_HUMAN,HMGB1_HUMAN
RM22_HUMAN,RAB5A_HUMAN
RM22_HUMAN,NGN3_HUMAN
RM22_HUMAN,RAB5C_HUMAN
RM22_HUMAN,SACA3_HUMAN
RM22_HUMAN,STAR5_HUMAN
RM22_HUMAN,KTHY_HUMAN
RM22_HUMAN,RAB17_HUMAN
RM22_HUMAN,RM43_HUMAN
RM22_HUMAN,IL6_HUMAN
RM22_HUMAN,RAB2B_HUMAN
JIP2_HUMAN,A0A096LNR9_HUMAN
JIP2_HUMAN,PCDBF_HUMAN
JIP2_HUMAN,FYB1_HUMAN
JIP2_HUMAN,RIN1_HUMAN
JIP2_HUMAN,CADH7_HUMAN
JIP2_HUMAN,K1586_HUMAN
JIP2_HUMAN,Q9H4D1_HUMAN
JIP2_HUMAN,Q86T42_HUMAN
JIP2_HUMAN,PCSK7_HUMAN
JIP2_HUMAN,ELN_HUMAN
JIP2_HUMAN,SUN1_HUMAN
JIP2_HUMAN,RPTN_HUMAN
JIP2_HUMAN,AP1G2_HUMAN
JIP2_HUMAN,SEM3F_HUMAN
JIP2_HUMAN,J3QS22_HUMAN
JIP2_HUMAN,VMA5A_HUMAN
JIP2_HUMAN,PHTF2_HUMAN
JIP2_HUMAN,CASS4_HUMAN
JIP2_HUMAN,X6R3Q3_HUMAN
JIP2_HUMAN,A0A2R8Y5A3_HUMAN
JIP2_HUMAN,PFKAP_HUMAN
JIP2_HUMAN,A0A087WX23_HUMAN
JIP2_HUMAN,A0A7P0TAS3_HUMAN
JIP2_HUMAN,SP4_HUMAN
JIP2_HUMAN,A0A590UJ84_HUMAN
JIP2_HUMAN,A0A0S2Z4S4_HUMAN
JIP2_HUMAN,CEP89_HUMAN
JIP2_HUMAN,RHG10_HUMAN
JIP2_HUMAN,A0A7I2V307_HUMAN
JIP2_HUMAN,K7ERA6_HUMAN
JIP2_HUMAN,SIK1_HUMAN
JIP2_HUMAN,A0A8I5KW72_HUMAN
JIP2_HUMAN,A0A8I5KX72_HUMAN
JIP2_HUMAN,A0A2R8Y5Z6_HUMAN
JIP2_HUMAN,SP1_HUMAN
JIP2_HUMAN,COG4_HUMAN
JIP2_HUMAN,SMO_HUMAN
JIP2_HUMAN,BANK1_HUMAN
JIP2_HUMAN,STA5B_HUMAN
JIP2_HUMAN,RBNS5_HUMAN
JIP2_HUMAN,CCNF_HUMAN
JIP2_HUMAN,E4F1_HUMAN
JIP2_HUMAN,SUV3_HUMAN
JIP2_HUMAN,TLR2_HUMAN
JIP2_HUMAN,DDX21_HUMAN
JIP2_HUMAN,CADH5_HUMAN
JIP2_HUMAN,TLR1_HUMAN
JIP2_HUMAN,RNF43_HUMAN
JIP2_HUMAN,CD11A_HUMAN
JIP2_HUMAN,UBP1_HUMAN
JIP2_HUMAN,IF16_HUMAN
JIP2_HUMAN,PNPT1_HUMAN
FGF21_HUMAN,A0A024R6I3_HUMAN
FGF21_HUMAN,A0A0C4DG62_HUMAN
FGF21_HUMAN,A0A140VJL3_HUMAN
FGF21_HUMAN,A0A140VKD1_HUMAN
FGF21_HUMAN,A0A1U9X8D7_HUMAN
FGF21_HUMAN,C9JBX5_HUMAN
FGF21_HUMAN,A0A158RUX1_HUMAN
FGF21_HUMAN,F5H6F8_HUMAN
FGF21_HUMAN,A0A384P5E9_HUMAN
FGF21_HUMAN,A0A140VKE3_HUMAN
FGF21_HUMAN,C9JZ20_HUMAN
FGF21_HUMAN,A0A8I5QJI2_HUMAN
FGF21_HUMAN,B4E227_HUMAN
FGF21_HUMAN,DUS19_HUMAN
FGF21_HUMAN,CD53_HUMAN
FGF21_HUMAN,H7C505_HUMAN
FGF21_HUMAN,B7ZBM8_HUMAN
FGF21_HUMAN,Q32Q75_HUMAN
FGF21_HUMAN,M0QY61_HUMAN
FGF21_HUMAN,H0Y6E5_HUMAN
FGF21_HUMAN,B8ZZ87_HUMAN
FGF21_HUMAN,E9PN30_HUMAN
FGF21_HUMAN,E9PME6_HUMAN
FGF21_HUMAN,H0YAN9_HUMAN
FGF21_HUMAN,H7BYN3_HUMAN
FGF21_HUMAN,H7C5E5_HUMAN
FGF21_HUMAN,MAGH1_HUMAN
FGF21_HUMAN,Q5HY57_HUMAN
FGF21_HUMAN,SOM2_HUMAN
FGF21_HUMAN,GAR1_HUMAN
FGF21_HUMAN,UFSP1_HUMAN
FGF21_HUMAN,ATGA1_HUMAN
FGF21_HUMAN,F8VQQ4_HUMAN
FGF21_HUMAN,F8VUY0_HUMAN
FGF21_HUMAN,Q5T8R1_HUMAN
FGF21_HUMAN,CLD9_HUMAN
FGF21_HUMAN,Q5T8R2_HUMAN
FGF21_HUMAN,Q5T852_HUMAN
FGF21_HUMAN,H0YKA2_HUMAN
FGF21_HUMAN,PIGF_HUMAN
FGF21_HUMAN,A0A494C0A3_HUMAN
FGF21_HUMAN,SYCE2_HUMAN
FGF21_HUMAN,TTMP_HUMAN
FGF21_HUMAN,TMG1_HUMAN
FGF21_HUMAN,J3QKP0_HUMAN
FGF21_HUMAN,H0Y6Y4_HUMAN
FGF21_HUMAN,Q5TBG7_HUMAN
FGF21_HUMAN,A0A075B729_HUMAN
FGF21_HUMAN,X5DR03_HUMAN
FGF21_HUMAN,ZCRB1_HUMAN
FGF21_HUMAN,B0LPF3_HUMAN
FGF21_HUMAN,F8VWK8_HUMAN
FGF21_HUMAN,A0A140VKA2_HUMAN
FGF21_HUMAN,CSH2_HUMAN
FGF21_HUMAN,RIT2_HUMAN
FGF21_HUMAN,RGS19_HUMAN
FGF21_HUMAN,D6RAG5_HUMAN
FGF21_HUMAN,B1ANN8_HUMAN
FGF21_HUMAN,RAB3B_HUMAN
FGF21_HUMAN,Q4L233_HUMAN
FGF21_HUMAN,M0R193_HUMAN
FGF21_HUMAN,EIF3K_HUMAN
FGF21_HUMAN,KHDC3_HUMAN
FGF21_HUMAN,A2A3R5_HUMAN
FGF21_HUMAN,CSH1_HUMAN
FGF21_HUMAN,A0A6Q8PH84_HUMAN
FGF21_HUMAN,EPCIP_HUMAN
FGF21_HUMAN,H3BV55_HUMAN
FGF21_HUMAN,B8ZZL6_HUMAN
FGF21_HUMAN,IL37_HUMAN
FGF21_HUMAN,RIT1_HUMAN
FGF21_HUMAN,X6RKS3_HUMAN
FGF21_HUMAN,GRAN_HUMAN
FGF21_HUMAN,TMED3_HUMAN
FGF21_HUMAN,H0YM11_HUMAN
FGF21_HUMAN,PSB9_HUMAN
FGF21_HUMAN,MT21A_HUMAN
FGF21_HUMAN,E9PBI2_HUMAN
FGF21_HUMAN,Q9UPF3_HUMAN
FGF21_HUMAN,TPPC4_HUMAN
FGF21_HUMAN,GSTM1_HUMAN
FGF21_HUMAN,BL1S4_HUMAN
FGF21_HUMAN,VTI1A_HUMAN
FGF21_HUMAN,GRPE1_HUMAN
FGF21_HUMAN,RIP_HUMAN
FGF21_HUMAN,RT34_HUMAN
FGF21_HUMAN,CLD20_HUMAN
FGF21_HUMAN,Q6IBV1_HUMAN
FGF21_HUMAN,CALY_HUMAN
FGF21_HUMAN,FIGLA_HUMAN
FGF21_HUMAN,H14_HUMAN
FGF21_HUMAN,NUDT5_HUMAN
FGF21_HUMAN,T179B_HUMAN
FGF21_HUMAN,RPC7L_HUMAN
FGF21_HUMAN,SOMA_HUMAN
FGF21_HUMAN,GSTM4_HUMAN
FGF21_HUMAN,IF4E_HUMAN
FGF21_HUMAN,BCL7C_HUMAN
FGF21_HUMAN,RAB4A_HUMAN
FGF21_HUMAN,CIDEB_HUMAN
TIMP1_HUMAN,RB39A_HUMAN
TIMP1_HUMAN,COQ7_HUMAN
TIMP1_HUMAN,RL10A_HUMAN
TIMP1_HUMAN,HAND2_HUMAN
TIMP1_HUMAN,HXB7_HUMAN
TIMP1_HUMAN,GRB2_HUMAN
TIMP1_HUMAN,HOP2_HUMAN
TIMP1_HUMAN,GRAP_HUMAN
ATX1_HUMAN,A0A2Z2CIT2_HUMAN
ATX1_HUMAN,ECEL1_HUMAN
ATX1_HUMAN,ARHG6_HUMAN
ATX1_HUMAN,LRCH3_HUMAN
ATX1_HUMAN,A0A8I5KVH8_HUMAN
ATX1_HUMAN,CNNM4_HUMAN
ATX1_HUMAN,DJC16_HUMAN
ATX1_HUMAN,GCC1_HUMAN
ATX1_HUMAN,E9PK59_HUMAN
ATX1_HUMAN,H0YL70_HUMAN
ATX1_HUMAN,A0A7P0T9B2_HUMAN
ATX1_HUMAN,PA24B_HUMAN
ATX1_HUMAN,E7ERH1_HUMAN
ATX1_HUMAN,HECD2_HUMAN
ATX1_HUMAN,PPR21_HUMAN
ATX1_HUMAN,ACON_HUMAN
ATX1_HUMAN,PLPL8_HUMAN
ATX1_HUMAN,E9PS17_HUMAN
ATX1_HUMAN,ZSC10_HUMAN
ATX1_HUMAN,KIRR3_HUMAN
ATX1_HUMAN,H0YKN8_HUMAN
ATX1_HUMAN,RGL2_HUMAN
ATX1_HUMAN,SP20H_HUMAN
ATX1_HUMAN,TROAP_HUMAN
ATX1_HUMAN,SIX4_HUMAN
ATX1_HUMAN,E5KQF6_HUMAN
ATX1_HUMAN,T22D2_HUMAN
ATX1_HUMAN,A0A7I2V5N9_HUMAN
ATX1_HUMAN,ZN786_HUMAN
ATX1_HUMAN,A0A0A0MSM0_HUMAN
ATX1_HUMAN,A0A7P0T9L3_HUMAN
ATX1_HUMAN,A0A7I2V380_HUMAN
ATX1_HUMAN,VEZA_HUMAN
ATX1_HUMAN,F1D8N4_HUMAN
ATX1_HUMAN,A0A6Q8PGP4_HUMAN
ATX1_HUMAN,MTMRA_HUMAN
ATX1_HUMAN,ACD11_HUMAN
ATX1_HUMAN,IFT80_HUMAN
ATX1_HUMAN,MMEL1_HUMAN
ATX1_HUMAN,E9PC69_HUMAN
ATX1_HUMAN,A0A7I2U302_HUMAN
ATX1_HUMAN,A0A669KBA4_HUMAN
ATX1_HUMAN,G3V4R8_HUMAN
ATX1_HUMAN,E9PMS7_HUMAN
ATX1_HUMAN,A0A590UK44_HUMAN
ATX1_HUMAN,QRIC1_HUMAN
ATX1_HUMAN,AMOL2_HUMAN
ATX1_HUMAN,CHSS2_HUMAN
ATX1_HUMAN,SP3_HUMAN
ATX1_HUMAN,ASAH2_HUMAN
ATX1_HUMAN,VAC14_HUMAN
ATX1_HUMAN,A0A2R8Y695_HUMAN
ATX1_HUMAN,Q5TA58_HUMAN
ATX1_HUMAN,A0A2R8Y7Z0_HUMAN
ATX1_HUMAN,KAZRN_HUMAN
ATX1_HUMAN,A0A087WZ40_HUMAN
ATX1_HUMAN,A0A2R8Y5G2_HUMAN
ATX1_HUMAN,LMBL3_HUMAN
ATX1_HUMAN,A0A2R8YCH5_HUMAN
ATX1_HUMAN,H0YN34_HUMAN
ATX1_HUMAN,PKHA4_HUMAN
ATX1_HUMAN,BAHD1_HUMAN
ATX1_HUMAN,A0A804HLD5_HUMAN
ATX1_HUMAN,S26A4_HUMAN
ATX1_HUMAN,CPSF2_HUMAN
ATX1_HUMAN,CCHCR_HUMAN
ATX1_HUMAN,ACAP2_HUMAN
ATX1_HUMAN,E7ESK9_HUMAN
ATX1_HUMAN,GCFC2_HUMAN
ATX1_HUMAN,HPS6_HUMAN
ATX1_HUMAN,ZFYV1_HUMAN
ATX1_HUMAN,ERCC3_HUMAN
ATX1_HUMAN,A0A7I2V3J3_HUMAN
ATX1_HUMAN,STRN_HUMAN
ATX1_HUMAN,VPS51_HUMAN
ATX1_HUMAN,MAGD1_HUMAN
ATX1_HUMAN,ADA28_HUMAN
ATX1_HUMAN,CSR2B_HUMAN
ATX1_HUMAN,A0A0S2Z4R4_HUMAN
ATX1_HUMAN,CTNB1_HUMAN
ATX1_HUMAN,DCBD2_HUMAN
ATX1_HUMAN,RTN1_HUMAN
ATX1_HUMAN,ABLM1_HUMAN
ATX1_HUMAN,CUL1_HUMAN
ATX1_HUMAN,ANO9_HUMAN
ATX1_HUMAN,PFKAL_HUMAN
ATX1_HUMAN,GCR_HUMAN
ATX1_HUMAN,PTN12_HUMAN
ATX1_HUMAN,BRSK1_HUMAN
ATX1_HUMAN,DEN1B_HUMAN
ATX1_HUMAN,HGS_HUMAN
ATX1_HUMAN,CUL5_HUMAN
ATX1_HUMAN,SYQ_HUMAN
ATX1_HUMAN,ZW10_HUMAN
ATX1_HUMAN,CTSR1_HUMAN
ATX1_HUMAN,RRF2M_HUMAN
ATX1_HUMAN,MEFV_HUMAN
ATX1_HUMAN,PFKAM_HUMAN
ATX1_HUMAN,BARD1_HUMAN
ATX1_HUMAN,PCDBG_HUMAN
RAB6A_HUMAN,RB27B_HUMAN
RAB6A_HUMAN,HPRT_HUMAN
RAB6A_HUMAN,TAF10_HUMAN
RAB6A_HUMAN,GSTM5_HUMAN
RAB6A_HUMAN,ZBED2_HUMAN
RAB6A_HUMAN,CLD5_HUMAN
RAB6A_HUMAN,RRAS_HUMAN
RAB6A_HUMAN,SCN1B_HUMAN
RAB6A_HUMAN,GSTM2_HUMAN
RAB6A_HUMAN,RB11B_HUMAN
NUP93_HUMAN,GELS_HUMAN
GSTK1_HUMAN,A0A024RAA1_HUMAN
GSTK1_HUMAN,A0A087WW88_HUMAN
GSTK1_HUMAN,A0A087X1K7_HUMAN
GSTK1_HUMAN,A0A0A0MS29_HUMAN
GSTK1_HUMAN,A0A0S2Z565_HUMAN
GSTK1_HUMAN,A0A087X1Q1_HUMAN
GSTK1_HUMAN,A0A0J9YVQ7_HUMAN
GSTK1_HUMAN,A0A0A0MT12_HUMAN
GSTK1_HUMAN,A0A3B3ISV4_HUMAN
GSTK1_HUMAN,A0A1W2PNW2_HUMAN
GSTK1_HUMAN,A0A2R8Y6E6_HUMAN
GSTK1_HUMAN,A0A2R8Y5P6_HUMAN
GSTK1_HUMAN,F8VS35_HUMAN
GSTK1_HUMAN,A0A140VJK4_HUMAN
GSTK1_HUMAN,A0A384NL29_HUMAN
GSTK1_HUMAN,A8MYR2_HUMAN
GSTK1_HUMAN,A0A590UJ71_HUMAN
GSTK1_HUMAN,TFPI2_HUMAN
GSTK1_HUMAN,A0A2R8YEC1_HUMAN
GSTK1_HUMAN,A0A494BZS1_HUMAN
GSTK1_HUMAN,A0A140VKE2_HUMAN
GSTK1_HUMAN,A0A8C8KIA0_HUMAN
GSTK1_HUMAN,A0A384MDK7_HUMAN
GSTK1_HUMAN,A0A5F9ZGX7_HUMAN
GSTK1_HUMAN,A0A8I5KUS0_HUMAN
GSTK1_HUMAN,A0A8I5KW96_HUMAN
GSTK1_HUMAN,A0A669K9T0_HUMAN
GSTK1_HUMAN,B4DUA7_HUMAN
GSTK1_HUMAN,ANKMT_HUMAN
GSTK1_HUMAN,A0A7I2V3J2_HUMAN
GSTK1_HUMAN,A2A2F5_HUMAN
GSTK1_HUMAN,C9J2I0_HUMAN
GSTK1_HUMAN,A8MW57_HUMAN
GSTK1_HUMAN,A0A804HKI4_HUMAN
GSTK1_HUMAN,A4D1N4_HUMAN
GSTK1_HUMAN,B4DZU5_HUMAN
GSTK1_HUMAN,G3V3R6_HUMAN
GSTK1_HUMAN,C1K3N5_HUMAN
GSTK1_HUMAN,A0A804HKC5_HUMAN
GSTK1_HUMAN,B1AK44_HUMAN
GSTK1_HUMAN,J3KQE5_HUMAN
GSTK1_HUMAN,A6PVC3_HUMAN
GSTK1_HUMAN,BNI3L_HUMAN
GSTK1_HUMAN,A0A0C4DFS2_HUMAN
GSTK1_HUMAN,AR6P4_HUMAN
GSTK1_HUMAN,B1AKI5_HUMAN
GSTK1_HUMAN,B1AVQ7_HUMAN
GSTK1_HUMAN,FRAT2_HUMAN
GSTK1_HUMAN,BHA09_HUMAN
GSTK1_HUMAN,BHE23_HUMAN
GSTK1_HUMAN,C9JRD2_HUMAN
GSTK1_HUMAN,DJC30_HUMAN
GSTK1_HUMAN,B1AKB1_HUMAN
GSTK1_HUMAN,C9JPI5_HUMAN
GSTK1_HUMAN,B5MDF5_HUMAN
GSTK1_HUMAN,C9J5N7_HUMAN
GSTK1_HUMAN,C9J8G5_HUMAN
GSTK1_HUMAN,C9JJ19_HUMAN
GSTK1_HUMAN,C9JAB2_HUMAN
GSTK1_HUMAN,BSH_HUMAN
GSTK1_HUMAN,C9JRH2_HUMAN
GSTK1_HUMAN,C9JRZ6_HUMAN
GSTK1_HUMAN,CCD43_HUMAN
GSTK1_HUMAN,E7EUV9_HUMAN
GSTK1_HUMAN,C9K0E3_HUMAN
GSTK1_HUMAN,F1T0H7_HUMAN
GSTK1_HUMAN,E7ES87_HUMAN
GSTK1_HUMAN,CLRN2_HUMAN
GSTK1_HUMAN,CXB7_HUMAN
GSTK1_HUMAN,GSTA5_HUMAN
GSTK1_HUMAN,CAR19_HUMAN
GSTK1_HUMAN,CLD15_HUMAN
GSTK1_HUMAN,E7ESH4_HUMAN
GSTK1_HUMAN,CLM6_HUMAN
GSTK1_HUMAN,H3BN98_HUMAN
GSTK1_HUMAN,CCD70_HUMAN
GSTK1_HUMAN,E7EXB4_HUMAN
GSTK1_HUMAN,D6RAF8_HUMAN
GSTK1_HUMAN,CHCT1_HUMAN
GSTK1_HUMAN,CLD25_HUMAN
GSTK1_HUMAN,E7EVL7_HUMAN
GSTK1_HUMAN,Q66K91_HUMAN
GSTK1_HUMAN,E5RIZ4_HUMAN
GSTK1_HUMAN,H7C0J8_HUMAN
GSTK1_HUMAN,CLD6_HUMAN
GSTK1_HUMAN,CFC1_HUMAN
GSTK1_HUMAN,DCAKD_HUMAN
GSTK1_HUMAN,E5RJ05_HUMAN
GSTK1_HUMAN,E7ENR5_HUMAN
GSTK1_HUMAN,E7EWW9_HUMAN
GSTK1_HUMAN,G3V2Q3_HUMAN
GSTK1_HUMAN,GPX5_HUMAN
GSTK1_HUMAN,E5RJ11_HUMAN
GSTK1_HUMAN,E9PML7_HUMAN
GSTK1_HUMAN,E9PPX2_HUMAN
GSTK1_HUMAN,F5H755_HUMAN
GSTK1_HUMAN,EF1B_HUMAN
GSTK1_HUMAN,ESRG_HUMAN
GSTK1_HUMAN,J3QL36_HUMAN
GSTK1_HUMAN,I3L3H6_HUMAN
GSTM3_HUMAN,F5GX45_HUMAN
GSTM3_HUMAN,F6RTR7_HUMAN
GSTM3_HUMAN,F6S4E6_HUMAN
GSTM3_HUMAN,HXB6_HUMAN
GSTM3_HUMAN,FAM3D_HUMAN
GSTM3_HUMAN,F5H155_HUMAN
GSTM3_HUMAN,H3BRT4_HUMAN
GSTM3_HUMAN,FAM3B_HUMAN
GSTM3_HUMAN,F6V107_HUMAN
GSTM3_HUMAN,G3V3H8_HUMAN
GSTM3_HUMAN,G3XAL0_HUMAN
GSTM3_HUMAN,G3V3Y5_HUMAN
GSTM3_HUMAN,FNDC4_HUMAN
GSTM3_HUMAN,GRPE2_HUMAN
GSTM3_HUMAN,G3V576_HUMAN
GSTM3_HUMAN,J3KTG7_HUMAN
GSTM3_HUMAN,GSTA2_HUMAN
GSTM3_HUMAN,GSTA3_HUMAN
GSTM3_HUMAN,H3BVI2_HUMAN
GSTM3_HUMAN,K7ER89_HUMAN
GSTM3_HUMAN,PILRB_HUMAN
GSTM3_HUMAN,H0YE57_HUMAN
GSTM3_HUMAN,H0Y735_HUMAN
GSTM3_HUMAN,J3KT17_HUMAN
GSTM3_HUMAN,I3L4R4_HUMAN
GSTM3_HUMAN,H0YAU2_HUMAN
GSTM3_HUMAN,F8VRY0_HUMAN
GSTM3_HUMAN,H0YB56_HUMAN
GSTM3_HUMAN,HAUS2_HUMAN
GSTM3_HUMAN,THAP2_HUMAN
GSTM3_HUMAN,IFTAP_HUMAN
GSTM3_HUMAN,E9PSA5_HUMAN
GSTM3_HUMAN,K7EMM4_HUMAN
GSTM3_HUMAN,H0YK49_HUMAN
GSTM3_HUMAN,H3BS70_HUMAN
GSTM3_HUMAN,H0YKC5_HUMAN
GSTM3_HUMAN,H7C0V0_HUMAN
GSTM3_HUMAN,MYMK_HUMAN
GSTM3_HUMAN,H7C3Q6_HUMAN
GSTM3_HUMAN,HDHD1_HUMAN
GSTM3_HUMAN,J3KQ34_HUMAN
GSTM3_HUMAN,A0A7P0Z4L6_HUMAN
GSTM3_HUMAN,H3BN14_HUMAN
GSTM3_HUMAN,HES7_HUMAN
GSTM3_HUMAN,HES6_HUMAN
GSTM3_HUMAN,NT5M_HUMAN
GSTM3_HUMAN,I3L4B2_HUMAN
GSTM3_HUMAN,M0R2G1_HUMAN
GSTM3_HUMAN,IF4E3_HUMAN
GSTM3_HUMAN,K7EIE8_HUMAN
GSTM3_HUMAN,A0A0C4DGU5_HUMAN
GSTM3_HUMAN,K7EMC7_HUMAN
GSTM3_HUMAN,KCD11_HUMAN
GSTM3_HUMAN,K7EPJ9_HUMAN
GSTM3_HUMAN,LYSM1_HUMAN
GSTM3_HUMAN,NUD14_HUMAN
GSTM3_HUMAN,KR103_HUMAN
GSTM3_HUMAN,K7ER90_HUMAN
GSTM3_HUMAN,OVCA2_HUMAN
GSTM3_HUMAN,Q5SSV3_HUMAN
GSTM3_HUMAN,T150B_HUMAN
GSTM3_HUMAN,PROP1_HUMAN
GSTM3_HUMAN,Q5H919_HUMAN
GSTM3_HUMAN,M0R011_HUMAN
GSTM3_HUMAN,PKHB2_HUMAN
GSTM3_HUMAN,PR20D_HUMAN
GSTM3_HUMAN,PSMD9_HUMAN
GSTM3_HUMAN,PXL2A_HUMAN
GSTM3_HUMAN,Q5T7U0_HUMAN
GSTM3_HUMAN,Q5W010_HUMAN
GSTM3_HUMAN,FCG3B_HUMAN
GSTM3_HUMAN,Q5JSB5_HUMAN
GSTM3_HUMAN,RGS18_HUMAN
GSTM3_HUMAN,XNDC1_HUMAN
GSTM3_HUMAN,Q6IAZ5_HUMAN
GSTM3_HUMAN,Q5SRR8_HUMAN
GSTM3_HUMAN,Q5SZR1_HUMAN
GSTM3_HUMAN,Q5T853_HUMAN
GSTM3_HUMAN,Q86WV7_HUMAN
GSTM3_HUMAN,YAE1_HUMAN
GSTM3_HUMAN,Q6FII1_HUMAN
GSTM3_HUMAN,Q86XA6_HUMAN
GSTM3_HUMAN,U2AF4_HUMAN
GSTM3_HUMAN,A0A7P0TB54_HUMAN
GSTM3_HUMAN,S4R469_HUMAN
GSTM3_HUMAN,VATE2_HUMAN
GSTM3_HUMAN,RTP2_HUMAN
GSTM3_HUMAN,RN141_HUMAN
GSTM3_HUMAN,SHCAF_HUMAN
GSTM3_HUMAN,TMG4_HUMAN
GSTM3_HUMAN,H0YL55_HUMAN
GSTM3_HUMAN,SCNM1_HUMAN
GSTM3_HUMAN,THAP6_HUMAN
GSTM3_HUMAN,TDH_HUMAN
GSTM3_HUMAN,TXND9_HUMAN
GSTM3_HUMAN,SPT25_HUMAN
GSTM3_HUMAN,TRI48_HUMAN
GSTM3_HUMAN,H7C244_HUMAN
GSTM3_HUMAN,E7EPI9_HUMAN
GSTM3_HUMAN,ZMAT4_HUMAN
CXB2_HUMAN,KRA55_HUMAN
CXB2_HUMAN,TEX35_HUMAN
CXB2_HUMAN,X6R700_HUMAN
CXB2_HUMAN,Q5SR36_HUMAN
CXB2_HUMAN,CD79A_HUMAN
CXB2_HUMAN,E9PRQ1_HUMAN
CXB2_HUMAN,ZNF22_HUMAN
CXB2_HUMAN,X6RCL8_HUMAN
CXB2_HUMAN,K7ERY2_HUMAN
CXB2_HUMAN,OTUB2_HUMAN
CXB2_HUMAN,RB33A_HUMAN
CXB2_HUMAN,C9JU29_HUMAN
CXB2_HUMAN,A0A024R7P0_HUMAN
CXB2_HUMAN,M0R299_HUMAN
CXB2_HUMAN,H7C1F0_HUMAN
CXB2_HUMAN,H0YCV2_HUMAN
CXB2_HUMAN,C9JSF2_HUMAN
CXB2_HUMAN,Q5QPQ2_HUMAN
CXB2_HUMAN,SACA9_HUMAN
CXB2_HUMAN,H13_HUMAN
CXB2_HUMAN,A0A087WWW9_HUMAN
CXB2_HUMAN,A0A1W2PSB5_HUMAN
CXB2_HUMAN,A0A140VJC9_HUMAN
CXB2_HUMAN,A8KAI7_HUMAN
CXB2_HUMAN,A0A087X0X5_HUMAN
CXB2_HUMAN,LYPD8_HUMAN
CXB2_HUMAN,A0A1X7SBW3_HUMAN
CXB2_HUMAN,A0A7I2YQ78_HUMAN
CXB2_HUMAN,C9J2C4_HUMAN
CXB2_HUMAN,C9JWV4_HUMAN
CXB2_HUMAN,A2AB23_HUMAN
CXB2_HUMAN,B4E3T4_HUMAN
CXB2_HUMAN,C9J6G3_HUMAN
CXB2_HUMAN,Q5SRQ6_HUMAN
CXB2_HUMAN,X6RI37_HUMAN
CXB2_HUMAN,E5RFV8_HUMAN
CXB2_HUMAN,Q5TBH1_HUMAN
CXB2_HUMAN,TSN2_HUMAN
CXB2_HUMAN,COMD5_HUMAN
CXB2_HUMAN,MSRA_HUMAN
CXB2_HUMAN,F2Z3L2_HUMAN
CXB2_HUMAN,D6R9Z1_HUMAN
CXB2_HUMAN,E5RIN7_HUMAN
CXB2_HUMAN,H0Y403_HUMAN
CXB2_HUMAN,H0YIS7_HUMAN
CXB2_HUMAN,LRAT_HUMAN
CXB2_HUMAN,I3L437_HUMAN
CXB2_HUMAN,C9JCY2_HUMAN
CXB2_HUMAN,Q5SSZ2_HUMAN
CXB2_HUMAN,Q5T2Z1_HUMAN
CXB2_HUMAN,HXC5_HUMAN
CXB2_HUMAN,H7C1B4_HUMAN
CXB2_HUMAN,J3KTD6_HUMAN
CXB2_HUMAN,X6RF29_HUMAN
CXB2_HUMAN,HXC6_HUMAN
CXB2_HUMAN,J3QLI2_HUMAN
CXB2_HUMAN,H0YAE8_HUMAN
CXB2_HUMAN,J3KTN3_HUMAN
CXB2_HUMAN,K7EIJ1_HUMAN
CXB2_HUMAN,J3QRA0_HUMAN
CXB2_HUMAN,H0YMZ1_HUMAN
CXB2_HUMAN,Q5TBH2_HUMAN
CXB2_HUMAN,M0R0P1_HUMAN
CXB2_HUMAN,Q53GC0_HUMAN
CXB2_HUMAN,V9HW74_HUMAN
CXB2_HUMAN,Q6IAQ1_HUMAN
CXB2_HUMAN,F8VPA6_HUMAN
CXB2_HUMAN,NRK2_HUMAN
CXB2_HUMAN,MS18A_HUMAN
CXB2_HUMAN,LYPL1_HUMAN
CXB2_HUMAN,OAZ3_HUMAN
CXB2_HUMAN,TIRAP_HUMAN
CXB2_HUMAN,Q5SVL2_HUMAN
CXB2_HUMAN,E5RFS5_HUMAN
CXB2_HUMAN,U3KQ86_HUMAN
CXB2_HUMAN,TMED1_HUMAN
CXB2_HUMAN,HXA6_HUMAN
CXB2_HUMAN,TM86B_HUMAN
CXB2_HUMAN,A0A0S2Z5K9_HUMAN
CXB2_HUMAN,A0A087X1V2_HUMAN
CXB2_HUMAN,NAA40_HUMAN
CXB2_HUMAN,C9J0Y1_HUMAN
CXB2_HUMAN,HXA7_HUMAN
CXB2_HUMAN,B1AL12_HUMAN
CXB2_HUMAN,X5D7E3_HUMAN
CXB2_HUMAN,CC124_HUMAN
CXB2_HUMAN,C9JF79_HUMAN
CXB2_HUMAN,K7ENN8_HUMAN
CXB2_HUMAN,A0A075B727_HUMAN
CXB2_HUMAN,RN114_HUMAN
CXB2_HUMAN,KCTD5_HUMAN
CXB2_HUMAN,IL12A_HUMAN
CXB2_HUMAN,H0YDL9_HUMAN
CXB2_HUMAN,ROP1L_HUMAN
CXB2_HUMAN,D6R981_HUMAN
CXB2_HUMAN,C9JVW8_HUMAN
CXB2_HUMAN,A0A384NYJ4_HUMAN
CXB2_HUMAN,PSA2_HUMAN
CXB2_HUMAN,EFMT2_HUMAN
CXB2_HUMAN,MYCT1_HUMAN
YETS4_HUMAN,A0A8I5KVE2_HUMAN
YETS4_HUMAN,AIG1_HUMAN
YETS4_HUMAN,DOPP1_HUMAN
YETS4_HUMAN,B4DEE8_HUMAN
YETS4_HUMAN,B7Z8R7_HUMAN
YETS4_HUMAN,FEV_HUMAN
YETS4_HUMAN,CQ10B_HUMAN
YETS4_HUMAN,E7EVA2_HUMAN
YETS4_HUMAN,Q5U058_HUMAN
YETS4_HUMAN,UB2R2_HUMAN
YETS4_HUMAN,PA1B2_HUMAN
YETS4_HUMAN,RASF3_HUMAN
YETS4_HUMAN,H0YDE4_HUMAN
YETS4_HUMAN,ICLN_HUMAN
YETS4_HUMAN,V9HW44_HUMAN
YETS4_HUMAN,F6TRA5_HUMAN
YETS4_HUMAN,KRA53_HUMAN
YETS4_HUMAN,PA1B3_HUMAN
YETS4_HUMAN,H0YL69_HUMAN
YETS4_HUMAN,DNJB8_HUMAN
YETS4_HUMAN,M0R0I0_HUMAN
YETS4_HUMAN,B3KME9_HUMAN
YETS4_HUMAN,RP9_HUMAN
YETS4_HUMAN,H0YDJ9_HUMAN
YETS4_HUMAN,A0A087WTZ5_HUMAN
YETS4_HUMAN,B0V023_HUMAN
YETS4_HUMAN,E7ESI2_HUMAN
YETS4_HUMAN,R4GN60_HUMAN
YETS4_HUMAN,SEC20_HUMAN
YETS4_HUMAN,M0R2I2_HUMAN
YETS4_HUMAN,B3KVZ3_HUMAN
YETS4_HUMAN,K9J957_HUMAN
YETS4_HUMAN,EPCR_HUMAN
YETS4_HUMAN,HSC20_HUMAN
YETS4_HUMAN,MOB2_HUMAN
YETS4_HUMAN,CYBP_HUMAN
YETS4_HUMAN,CLCB_HUMAN
YETS4_HUMAN,F5GX11_HUMAN
YETS4_HUMAN,D6R9U7_HUMAN
YETS4_HUMAN,MIC19_HUMAN
YETS4_HUMAN,A0A140VJZ4_HUMAN
YETS4_HUMAN,K7EP28_HUMAN
YETS4_HUMAN,B7ZLJ5_HUMAN
YETS4_HUMAN,SRA1_HUMAN
YETS4_HUMAN,C9JAZ1_HUMAN
YETS4_HUMAN,FKBP3_HUMAN
YETS4_HUMAN,EVI2A_HUMAN
YETS4_HUMAN,SODM_HUMAN
YETS4_HUMAN,F6U3F6_HUMAN
YETS4_HUMAN,Q5JX60_HUMAN
YETS4_HUMAN,YIPF6_HUMAN
YETS4_HUMAN,V9GYB7_HUMAN
YETS4_HUMAN,TREM1_HUMAN
YETS4_HUMAN,EFMT3_HUMAN
YETS4_HUMAN,E5RFS0_HUMAN
YETS4_HUMAN,CHMP3_HUMAN
YETS4_HUMAN,F5H457_HUMAN
YETS4_HUMAN,A0A087WYQ3_HUMAN
YETS4_HUMAN,K7EJ48_HUMAN
YETS4_HUMAN,TMED5_HUMAN
YETS4_HUMAN,C9JZP6_HUMAN
YETS4_HUMAN,D6RBR7_HUMAN
YETS4_HUMAN,PIMT_HUMAN
YETS4_HUMAN,IDI2_HUMAN
YETS4_HUMAN,ZNRF1_HUMAN
YETS4_HUMAN,T126B_HUMAN
YETS4_HUMAN,H7C488_HUMAN
YETS4_HUMAN,C9JA91_HUMAN
YETS4_HUMAN,MYL10_HUMAN
YETS4_HUMAN,MESD_HUMAN
YETS4_HUMAN,PLGF_HUMAN
YETS4_HUMAN,A0A2R8Y6J3_HUMAN
YETS4_HUMAN,VATE1_HUMAN
YETS4_HUMAN,CLD2_HUMAN
YETS4_HUMAN,M0QX71_HUMAN
YETS4_HUMAN,D6RG13_HUMAN
YETS4_HUMAN,C56D2_HUMAN
YETS4_HUMAN,C9IY40_HUMAN
YETS4_HUMAN,TSN4_HUMAN
YETS4_HUMAN,GID8_HUMAN
YETS4_HUMAN,A0A0A0MRF5_HUMAN
YETS4_HUMAN,RAB41_HUMAN
YETS4_HUMAN,Q5TH58_HUMAN
YETS4_HUMAN,D6RAT0_HUMAN
YETS4_HUMAN,E7EWX6_HUMAN
YETS4_HUMAN,S4R3L2_HUMAN
YETS4_HUMAN,G3V2G1_HUMAN
YETS4_HUMAN,K7EMN4_HUMAN
YETS4_HUMAN,G3V4W5_HUMAN
YETS4_HUMAN,A0A804HKA7_HUMAN
YETS4_HUMAN,C9JJQ0_HUMAN
YETS4_HUMAN,MS18B_HUMAN
YETS4_HUMAN,C9JPE1_HUMAN
YETS4_HUMAN,ALKB6_HUMAN
YETS4_HUMAN,UCHL3_HUMAN
YETS4_HUMAN,A0A0S2Z5C7_HUMAN
YETS4_HUMAN,K7EQ25_HUMAN
YETS4_HUMAN,HACD4_HUMAN
YETS4_HUMAN,TGIF2_HUMAN
YETS4_HUMAN,E9PES2_HUMAN
NAT8_HUMAN,NUDT7_HUMAN
NAT8_HUMAN,CLD17_HUMAN
NAT8_HUMAN,D6RBN1_HUMAN
NAT8_HUMAN,GSTA4_HUMAN
NAT8_HUMAN,H3BNM4_HUMAN
NAT8_HUMAN,A0A1W2PQW8_HUMAN
NAT8_HUMAN,MXI1_HUMAN
NAT8_HUMAN,M0R047_HUMAN
NAT8_HUMAN,C9JAK3_HUMAN
NAT8_HUMAN,A0A8I5KS71_HUMAN
NAT8_HUMAN,SPC25_HUMAN
NAT8_HUMAN,F8VZ57_HUMAN
NAT8_HUMAN,CREG1_HUMAN
NAT8_HUMAN,B1AKM8_HUMAN
NAT8_HUMAN,B1APE1_HUMAN
NAT8_HUMAN,E5RI98_HUMAN
NAT8_HUMAN,B1APE2_HUMAN
NAT8_HUMAN,F8VXS0_HUMAN
NAT8_HUMAN,MT21D_HUMAN
NAT8_HUMAN,E9PM62_HUMAN
NAT8_HUMAN,STX8_HUMAN
NAT8_HUMAN,E9PL09_HUMAN
NAT8_HUMAN,E9PQV1_HUMAN
NAT8_HUMAN,F5GXJ8_HUMAN
NAT8_HUMAN,V9GZ52_HUMAN
NAT8_HUMAN,RU2B_HUMAN
NAT8_HUMAN,H7C0T3_HUMAN
NAT8_HUMAN,SAP30_HUMAN
NAT8_HUMAN,DGCR6_HUMAN
NAT8_HUMAN,TREX2_HUMAN
NAT8_HUMAN,PRG2_HUMAN
NAT8_HUMAN,STEEP_HUMAN
NAT8_HUMAN,KLRB1_HUMAN
NAT8_HUMAN,H0Y5F3_HUMAN
NAT8_HUMAN,SGMR1_HUMAN
NAT8_HUMAN,SLD5_HUMAN
NAT8_HUMAN,INCA1_HUMAN
NAT8_HUMAN,CLC1B_HUMAN
NAT8_HUMAN,TM147_HUMAN
NAT8_HUMAN,RBL2B_HUMAN
NAT8_HUMAN,SRSF2_HUMAN
NAT8_HUMAN,ACKMT_HUMAN
NAT8_HUMAN,F8W0F6_HUMAN
NAT8_HUMAN,CFA95_HUMAN
NAT8_HUMAN,NQO2_HUMAN
NAT8_HUMAN,V9GY01_HUMAN
NAT8_HUMAN,TMM98_HUMAN
NAT8_HUMAN,T4S20_HUMAN
NAT8_HUMAN,GDIR3_HUMAN
NAT8_HUMAN,TSN_HUMAN
NAT8_HUMAN,CLCF1_HUMAN
NAT8_HUMAN,NAA11_HUMAN
NAT8_HUMAN,TPD52_HUMAN
NAT8_HUMAN,VTM2A_HUMAN
NAT8_HUMAN,B2R7W3_HUMAN
NAT8_HUMAN,LYPA1_HUMAN
NAT8_HUMAN,MI4GD_HUMAN
NAT8_HUMAN,G3V5X9_HUMAN
NAT8_HUMAN,BASP1_HUMAN
NAT8_HUMAN,SPEF1_HUMAN
NAT8_HUMAN,KLRF1_HUMAN
NAT8_HUMAN,KCTD6_HUMAN
NAT8_HUMAN,PGRC2_HUMAN
NAT8_HUMAN,MAD1_HUMAN
NAT8_HUMAN,EBP_HUMAN
NAT8_HUMAN,G45IP_HUMAN
NAT8_HUMAN,THTPA_HUMAN
NAT8_HUMAN,GPX3_HUMAN
NAT8_HUMAN,LHPL2_HUMAN
NAT8_HUMAN,Q5TA56_HUMAN
NAT8_HUMAN,ARTN_HUMAN
NAT8_HUMAN,SYCP3_HUMAN
NAT8_HUMAN,DYLT4_HUMAN
NAT8_HUMAN,EPDR1_HUMAN
NAT8_HUMAN,ASHWN_HUMAN
NAT8_HUMAN,Q86SR2_HUMAN
NAT8_HUMAN,Q5QNY5_HUMAN
NAT8_HUMAN,SPF27_HUMAN
NAT8_HUMAN,STR3N_HUMAN
NAT8_HUMAN,FAHD1_HUMAN
NAT8_HUMAN,PAQRB_HUMAN
NAT8_HUMAN,D6RID1_HUMAN
NAT8_HUMAN,CD8A_HUMAN
NAT8_HUMAN,H3BUL5_HUMAN
NAT8_HUMAN,TIMP2_HUMAN
NAT8_HUMAN,ASCL1_HUMAN
NAT8_HUMAN,RN187_HUMAN
NAT8_HUMAN,ZBED3_HUMAN
NAT8_HUMAN,CD79B_HUMAN
NAT8_HUMAN,CD302_HUMAN
NAT8_HUMAN,CABP2_HUMAN
NAT8_HUMAN,SNG1_HUMAN
NAT8_HUMAN,ALKB7_HUMAN
NAT8_HUMAN,CWC15_HUMAN
NAT8_HUMAN,GSTM3_HUMAN
NAT8_HUMAN,SCAM5_HUMAN
NAT8_HUMAN,SWET1_HUMAN
NAT8_HUMAN,UBB_HUMAN
NAT8_HUMAN,MYOG_HUMAN
NAT8_HUMAN,TM127_HUMAN
GSTT1_HUMAN,A0A087WTV6_HUMAN
GSTT1_HUMAN,A0A087X0L2_HUMAN
GSTT1_HUMAN,A0A075B6G7_HUMAN
GSTT1_HUMAN,CLD14_HUMAN
GSTT1_HUMAN,A0A0C4DGV3_HUMAN
GSTT1_HUMAN,A0A0A0MRB3_HUMAN
GSTT1_HUMAN,A0A109NGN6_HUMAN
GSTT1_HUMAN,CTHR1_HUMAN
GSTT1_HUMAN,A0A087X1W1_HUMAN
GSTT1_HUMAN,F8VRJ4_HUMAN
GSTT1_HUMAN,M4A8_HUMAN
GSTT1_HUMAN,A0A090N8Y8_HUMAN
GSTT1_HUMAN,A0A140VK45_HUMAN
GSTT1_HUMAN,A0A0S2Z5U7_HUMAN
GSTT1_HUMAN,A0A384NPW1_HUMAN
GSTT1_HUMAN,A0A3F2YNX8_HUMAN
GSTT1_HUMAN,A0A286YEV8_HUMAN
GSTT1_HUMAN,ANR49_HUMAN
GSTT1_HUMAN,A0A7P0T904_HUMAN
GSTT1_HUMAN,H7C0G2_HUMAN
GSTT1_HUMAN,A0A669KB34_HUMAN
GSTT1_HUMAN,BRI3B_HUMAN
GSTT1_HUMAN,CEAM4_HUMAN
GSTT1_HUMAN,CLD12_HUMAN
GSTT1_HUMAN,M0R3B2_HUMAN
GSTT1_HUMAN,C9JN51_HUMAN
GSTT1_HUMAN,H0YAM7_HUMAN
GSTT1_HUMAN,A0A804HID7_HUMAN
GSTT1_HUMAN,B0QYZ7_HUMAN
GSTT1_HUMAN,A0A7P0T887_HUMAN
GSTT1_HUMAN,A0A8I5KYN5_HUMAN
GSTT1_HUMAN,A8K1P5_HUMAN
GSTT1_HUMAN,B0V3J0_HUMAN
GSTT1_HUMAN,B1AKB2_HUMAN
GSTT1_HUMAN,B4DW98_HUMAN
GSTT1_HUMAN,C1QT5_HUMAN
GSTT1_HUMAN,TRI73_HUMAN
GSTT1_HUMAN,C1QT8_HUMAN
GSTT1_HUMAN,DKKL1_HUMAN
GSTT1_HUMAN,C9J081_HUMAN
GSTT1_HUMAN,X5DP00_HUMAN
GSTT1_HUMAN,Q9HBN3_HUMAN
GSTT1_HUMAN,CMBL_HUMAN
GSTT1_HUMAN,CQ10A_HUMAN
GSTT1_HUMAN,C9J0Y7_HUMAN
GSTT1_HUMAN,ULBP1_HUMAN
GSTT1_HUMAN,PKHB1_HUMAN
GSTT1_HUMAN,SOX14_HUMAN
GSTT1_HUMAN,CRIS1_HUMAN
GSTT1_HUMAN,C9J7P5_HUMAN
GSTT1_HUMAN,SYC1L_HUMAN
GSTT1_HUMAN,C9J6X0_HUMAN
GSTT1_HUMAN,CCNQ_HUMAN
GSTT1_HUMAN,C9J896_HUMAN
GSTT1_HUMAN,Q5T6F7_HUMAN
GSTT1_HUMAN,C9JK89_HUMAN
GSTT1_HUMAN,C9JW96_HUMAN
GSTT1_HUMAN,D6RCB1_HUMAN
GSTT1_HUMAN,F6VD24_HUMAN
GSTT1_HUMAN,E7EW82_HUMAN
GSTT1_HUMAN,CA174_HUMAN
GSTT1_HUMAN,CEAM3_HUMAN
GSTT1_HUMAN,FCERB_HUMAN
GSTT1_HUMAN,LYPA2_HUMAN
GSTT1_HUMAN,H7C4S4_HUMAN
GSTT1_HUMAN,D6RHI0_HUMAN
GSTT1_HUMAN,A0A0A0MRA0_HUMAN
GSTT1_HUMAN,D6R9Q1_HUMAN
GSTT1_HUMAN,E9PK86_HUMAN
GSTT1_HUMAN,E5KSU5_HUMAN
GSTT1_HUMAN,E9PMI5_HUMAN
GSTT1_HUMAN,H3BND2_HUMAN
GSTT1_HUMAN,E9PQU5_HUMAN
GSTT1_HUMAN,DNJC4_HUMAN
GSTT1_HUMAN,CNPY4_HUMAN
GSTT1_HUMAN,E9PMU7_HUMAN
GSTT1_HUMAN,F5H1Z6_HUMAN
GSTT1_HUMAN,E9PRU3_HUMAN
GSTT1_HUMAN,EFHD1_HUMAN
GSTT1_HUMAN,G3V4A5_HUMAN
GSTT1_HUMAN,GST2_HUMAN
GSTT1_HUMAN,HXB9_HUMAN
GSTT1_HUMAN,F5H3K6_HUMAN
GSTT1_HUMAN,A2IDA3_HUMAN
GSTT1_HUMAN,Q8N241_HUMAN
GSTT1_HUMAN,LIN37_HUMAN
GSTT1_HUMAN,G3XAP5_HUMAN
GSTT1_HUMAN,F168A_HUMAN
GSTT1_HUMAN,CLRN1_HUMAN
GSTT1_HUMAN,EMX2_HUMAN
GSTT1_HUMAN,F5GY11_HUMAN
GSTT1_HUMAN,F8VVS9_HUMAN
GSTT1_HUMAN,F5H4F1_HUMAN
GSTT1_HUMAN,EXOS4_HUMAN
GSTT1_HUMAN,H0YFE4_HUMAN
GSTT1_HUMAN,H0Y7B8_HUMAN
GSTT1_HUMAN,HXB8_HUMAN
GSTT1_HUMAN,GSTT2_HUMAN
GSTT1_HUMAN,F6S8N6_HUMAN
GSTT1_HUMAN,HUMMR_HUMAN
DBLOH_HUMAN,K7EPR4_HUMAN
DBLOH_HUMAN,H0YMJ0_HUMAN
DBLOH_HUMAN,MORN3_HUMAN
DBLOH_HUMAN,F8W6A4_HUMAN
DBLOH_HUMAN,GRCR2_HUMAN
DBLOH_HUMAN,H7C277_HUMAN
DBLOH_HUMAN,H7C4P7_HUMAN
DBLOH_HUMAN,TRYD_HUMAN
DBLOH_HUMAN,TM174_HUMAN
DBLOH_HUMAN,I3L0H3_HUMAN
DBLOH_HUMAN,J3QKY8_HUMAN
DBLOH_HUMAN,NKG2E_HUMAN
DBLOH_HUMAN,H7C3V9_HUMAN
DBLOH_HUMAN,I3L325_HUMAN
DBLOH_HUMAN,CLD10_HUMAN
DBLOH_HUMAN,KR10C_HUMAN
DBLOH_HUMAN,RBM24_HUMAN
DBLOH_HUMAN,IAH1_HUMAN
DBLOH_HUMAN,Q549M8_HUMAN
DBLOH_HUMAN,I3L3R1_HUMAN
DBLOH_HUMAN,ISX_HUMAN
DBLOH_HUMAN,KRA91_HUMAN
DBLOH_HUMAN,KAD2_HUMAN
DBLOH_HUMAN,J3QR96_HUMAN
DBLOH_HUMAN,KR10A_HUMAN
DBLOH_HUMAN,LYPD5_HUMAN
DBLOH_HUMAN,Q96DC0_HUMAN
DBLOH_HUMAN,NOTO_HUMAN
DBLOH_HUMAN,M4A6A_HUMAN
DBLOH_HUMAN,MOG_HUMAN
DBLOH_HUMAN,MS4A7_HUMAN
DBLOH_HUMAN,Q5W012_HUMAN
DBLOH_HUMAN,PKHF2_HUMAN
DBLOH_HUMAN,TMUB1_HUMAN
DBLOH_HUMAN,Q5H918_HUMAN
DBLOH_HUMAN,Q5SQT3_HUMAN
DBLOH_HUMAN,CPNS2_HUMAN
DBLOH_HUMAN,TM219_HUMAN
DBLOH_HUMAN,Q5T1S5_HUMAN
DBLOH_HUMAN,C9JVE2_HUMAN
DBLOH_HUMAN,RAB12_HUMAN
DBLOH_HUMAN,X6RCY3_HUMAN
DBLOH_HUMAN,SODE_HUMAN
DBLOH_HUMAN,TM2D3_HUMAN
DBLOH_HUMAN,RN138_HUMAN
DBLOH_HUMAN,Q5T5E6_HUMAN
DBLOH_HUMAN,THAP3_HUMAN
DBLOH_HUMAN,RN182_HUMAN
DBLOH_HUMAN,Q5T7U4_HUMAN
DBLOH_HUMAN,Q96CP1_HUMAN
DBLOH_HUMAN,RWDD1_HUMAN
DBLOH_HUMAN,TRY6_HUMAN
DBLOH_HUMAN,TM86A_HUMAN
DBLOH_HUMAN,TNF15_HUMAN
DBLOH_HUMAN,SHSA5_HUMAN
DBLOH_HUMAN,THEM5_HUMAN
DBLOH_HUMAN,FOLR3_HUMAN
DBLOH_HUMAN,TF2LX_HUMAN
DBLOH_HUMAN,A6NGW1_HUMAN
DBLOH_HUMAN,H3BNF0_HUMAN
DBLOH_HUMAN,K7EK03_HUMAN
DBLOH_HUMAN,TSN16_HUMAN
DBLOH_HUMAN,H7C0I2_HUMAN
DBLOH_HUMAN,TRI74_HUMAN
DBLOH_HUMAN,C9J370_HUMAN
DBLOH_HUMAN,TAP26_HUMAN
DBLOH_HUMAN,TRY1_HUMAN
DBLOH_HUMAN,TSN18_HUMAN
DBLOH_HUMAN,TSN6_HUMAN
DBLOH_HUMAN,TMT1B_HUMAN
DBLOH_HUMAN,V9HWD6_HUMAN
DBLOH_HUMAN,ZCC17_HUMAN
DBLOH_HUMAN,IF4H_HUMAN
DBLOH_HUMAN,A0A7P0TA53_HUMAN
DBLOH_HUMAN,A0A0S2Z5I7_HUMAN
DBLOH_HUMAN,A6NG10_HUMAN
DBLOH_HUMAN,UTP23_HUMAN
DBLOH_HUMAN,KLK12_HUMAN
DBLOH_HUMAN,SPIN4_HUMAN
DBLOH_HUMAN,PROL1_HUMAN
DBLOH_HUMAN,A0A7P0TB08_HUMAN
DBLOH_HUMAN,A0A590UJU2_HUMAN
DBLOH_HUMAN,D6R956_HUMAN
DBLOH_HUMAN,C9J7M1_HUMAN
DBLOH_HUMAN,H0YBS5_HUMAN
DBLOH_HUMAN,A0A024R693_HUMAN
DBLOH_HUMAN,J3QKT2_HUMAN
DBLOH_HUMAN,B1AKI4_HUMAN
DBLOH_HUMAN,D6RCL5_HUMAN
DBLOH_HUMAN,H0YGS7_HUMAN
DBLOH_HUMAN,TSN9_HUMAN
DBLOH_HUMAN,Q5JZB8_HUMAN
DBLOH_HUMAN,CDCA4_HUMAN
DBLOH_HUMAN,H0YFS2_HUMAN
DBLOH_HUMAN,E9PIF1_HUMAN
DBLOH_HUMAN,X6RBL6_HUMAN
DBLOH_HUMAN,M0QXL5_HUMAN
DBLOH_HUMAN,BPIA2_HUMAN
DBLOH_HUMAN,E9PP68_HUMAN
DBLOH_HUMAN,CYAC3_HUMAN
TERA_HUMAN,RGL1_HUMAN
TERA_HUMAN,E2QRF0_HUMAN
TERA_HUMAN,A0A0A0MRA5_HUMAN
TERA_HUMAN,A0A494C0X7_HUMAN
TERA_HUMAN,ARMD4_HUMAN
TERA_HUMAN,A0A7I2Y1J6_HUMAN
TERA_HUMAN,A0A8I5KRB8_HUMAN
TERA_HUMAN,A0A0C4DGH5_HUMAN
TERA_HUMAN,A0A8I5KT29_HUMAN
TERA_HUMAN,UT14C_HUMAN
TERA_HUMAN,FGD4_HUMAN
TERA_HUMAN,LONF1_HUMAN
TERA_HUMAN,A0A8I5KVT9_HUMAN
TERA_HUMAN,A0A8I5KVV1_HUMAN
TERA_HUMAN,CHPF2_HUMAN
TERA_HUMAN,B7Z4B8_HUMAN
TERA_HUMAN,CAD19_HUMAN
TERA_HUMAN,D6RBC4_HUMAN
TERA_HUMAN,D9YZV9_HUMAN
TERA_HUMAN,EMIL3_HUMAN
TERA_HUMAN,E7EUL7_HUMAN
TERA_HUMAN,H0YKT5_HUMAN
TERA_HUMAN,H7BYG8_HUMAN
TERA_HUMAN,A0A140VJC8_HUMAN
TERA_HUMAN,STAT3_HUMAN
TERA_HUMAN,LRFN1_HUMAN
TERA_HUMAN,PANK4_HUMAN
TERA_HUMAN,CMIP_HUMAN
TERA_HUMAN,GOGA1_HUMAN
TERA_HUMAN,A0A804HIT3_HUMAN
TERA_HUMAN,E9PCM6_HUMAN
TERA_HUMAN,REXO5_HUMAN
TERA_HUMAN,D6REY2_HUMAN
TERA_HUMAN,TTLL3_HUMAN
TERA_HUMAN,H7C560_HUMAN
TERA_HUMAN,UT14A_HUMAN
TERA_HUMAN,ITB2_HUMAN
TERA_HUMAN,A0A3B3IRW4_HUMAN
TERA_HUMAN,A0A0S2Z652_HUMAN
TERA_HUMAN,S7A14_HUMAN
TERA_HUMAN,B4DGU4_HUMAN
TERA_HUMAN,MAMD1_HUMAN
TERA_HUMAN,H3BS09_HUMAN
TERA_HUMAN,K7ES92_HUMAN
TERA_HUMAN,A0A1B0GV05_HUMAN
TERA_HUMAN,A0A8I5KNP3_HUMAN
TERA_HUMAN,A0A7I2V2D8_HUMAN
TERA_HUMAN,A0A2R8Y570_HUMAN
TERA_HUMAN,H3BS25_HUMAN
TERA_HUMAN,AMPD3_HUMAN
TERA_HUMAN,CMTR2_HUMAN
TERA_HUMAN,SC23B_HUMAN
TERA_HUMAN,A0A7I2V2W5_HUMAN
TERA_HUMAN,A0A7P0TBH9_HUMAN
TERA_HUMAN,A0A087WV57_HUMAN
TERA_HUMAN,A0A8I5QKX0_HUMAN
TERA_HUMAN,K7EQD6_HUMAN
TERA_HUMAN,DZI1L_HUMAN
TERA_HUMAN,SIM1_HUMAN
TERA_HUMAN,SEM3E_HUMAN
TERA_HUMAN,NF2L1_HUMAN
TERA_HUMAN,COG7_HUMAN
TERA_HUMAN,CUL3_HUMAN
TERA_HUMAN,PATL1_HUMAN
TERA_HUMAN,SEM4F_HUMAN
TERA_HUMAN,LRIF1_HUMAN
TERA_HUMAN,TLE4_HUMAN
TERA_HUMAN,A0A7I2V2R9_HUMAN
TERA_HUMAN,YMEL1_HUMAN
TERA_HUMAN,DGCR8_HUMAN
TERA_HUMAN,TLE1_HUMAN
TERA_HUMAN,NSUN2_HUMAN
TERA_HUMAN,DAB2_HUMAN
TERA_HUMAN,TLE3_HUMAN
TERA_HUMAN,PASD1_HUMAN
TERA_HUMAN,DPP4_HUMAN
TERA_HUMAN,LRP3_HUMAN
TERA_HUMAN,RFWD3_HUMAN
TERA_HUMAN,A4_HUMAN
TERA_HUMAN,ABCB9_HUMAN
TERA_HUMAN,ADA11_HUMAN
TERA_HUMAN,TBC16_HUMAN
TERA_HUMAN,ITB8_HUMAN
TERA_HUMAN,TLK1_HUMAN
TERA_HUMAN,ECE1_HUMAN
TERA_HUMAN,KS6A4_HUMAN
TERA_HUMAN,ZER1_HUMAN
TERA_HUMAN,BRAF_HUMAN
TERA_HUMAN,CPT1A_HUMAN
TERA_HUMAN,TLK2_HUMAN
TERA_HUMAN,LOXL2_HUMAN
TERA_HUMAN,SEM3A_HUMAN
TERA_HUMAN,HCN3_HUMAN
TERA_HUMAN,CFA91_HUMAN
TERA_HUMAN,ELOA1_HUMAN
TERA_HUMAN,CPT1B_HUMAN
EGLN3_HUMAN,D6RJC2_HUMAN
EGLN3_HUMAN,H0YE96_HUMAN
EGLN3_HUMAN,K7EMI9_HUMAN
EGLN3_HUMAN,A0A1B0GTU6_HUMAN
EGLN3_HUMAN,A0A087WTK8_HUMAN
EGLN3_HUMAN,Q86VL0_HUMAN
EGLN3_HUMAN,KLK6_HUMAN
EGLN3_HUMAN,HDHD3_HUMAN
EGLN3_HUMAN,H7C324_HUMAN
EGLN3_HUMAN,E9PFY5_HUMAN
EGLN3_HUMAN,G3V5Q1_HUMAN
EGLN3_HUMAN,Q5TGM0_HUMAN
EGLN3_HUMAN,TSN1_HUMAN
EGLN3_HUMAN,BI1_HUMAN
EGLN3_HUMAN,A2A2V1_HUMAN
EGLN3_HUMAN,LYPD4_HUMAN
EGLN3_HUMAN,F8W9I4_HUMAN
EGLN3_HUMAN,AN32A_HUMAN
EGLN3_HUMAN,CLIC1_HUMAN
EGLN3_HUMAN,GNAS3_HUMAN
EGLN3_HUMAN,B3KNW1_HUMAN
EGLN3_HUMAN,DIRA3_HUMAN
EGLN3_HUMAN,D6RHG0_HUMAN
EGLN3_HUMAN,A0A140VK44_HUMAN
EGLN3_HUMAN,PSA7_HUMAN
EGLN3_HUMAN,H3BNR2_HUMAN
EGLN3_HUMAN,IOD1_HUMAN
EGLN3_HUMAN,C9JTA6_HUMAN
EGLN3_HUMAN,1433Z_HUMAN
EGLN3_HUMAN,PHOS_HUMAN
EGLN3_HUMAN,NKX28_HUMAN
EGLN3_HUMAN,Q5SY34_HUMAN
EGLN3_HUMAN,B2CIS9_HUMAN
EGLN3_HUMAN,CSKMT_HUMAN
EGLN3_HUMAN,A0A8I5KRG4_HUMAN
EGLN3_HUMAN,YIPF4_HUMAN
EGLN3_HUMAN,A0A0C4DGL4_HUMAN
EGLN3_HUMAN,A0A2R8YEP4_HUMAN
EGLN3_HUMAN,ZNRF2_HUMAN
EGLN3_HUMAN,ATP23_HUMAN
EGLN3_HUMAN,U119B_HUMAN
EGLN3_HUMAN,JAZF1_HUMAN
EGLN3_HUMAN,Q5JW53_HUMAN
EGLN3_HUMAN,PMM2_HUMAN
EGLN3_HUMAN,A0A0S2Z5T0_HUMAN
EGLN3_HUMAN,A0A0A0MTJ1_HUMAN
EGLN3_HUMAN,Q6IAT9_HUMAN
EGLN3_HUMAN,H0Y9X1_HUMAN
EGLN3_HUMAN,TRH_HUMAN
EGLN3_HUMAN,E9PRW2_HUMAN
EGLN3_HUMAN,D6RBW1_HUMAN
EGLN3_HUMAN,RSMN_HUMAN
EGLN3_HUMAN,B8ZZC8_HUMAN
EGLN3_HUMAN,H0YEV3_HUMAN
EGLN3_HUMAN,ULBP6_HUMAN
EGLN3_HUMAN,E9PFX5_HUMAN
EGLN3_HUMAN,H3BP13_HUMAN
EGLN3_HUMAN,H3BPG7_HUMAN
EGLN3_HUMAN,TNF13_HUMAN
EGLN3_HUMAN,EMC7_HUMAN
EGLN3_HUMAN,K7EN65_HUMAN
EGLN3_HUMAN,F8VP71_HUMAN
EGLN3_HUMAN,T150C_HUMAN
EGLN3_HUMAN,OCAT2_HUMAN
EGLN3_HUMAN,CLIC2_HUMAN
EGLN3_HUMAN,PX11A_HUMAN
EGLN3_HUMAN,TNFC_HUMAN
EGLN3_HUMAN,1433T_HUMAN
EGLN3_HUMAN,C1QA_HUMAN
EGLN3_HUMAN,A0A0S2Z4J6_HUMAN
EGLN3_HUMAN,A0A7P0TBJ6_HUMAN
EGLN3_HUMAN,F8VU65_HUMAN
EGLN3_HUMAN,CBX7_HUMAN
EGLN3_HUMAN,TPMT_HUMAN
EGLN3_HUMAN,B8ZZ47_HUMAN
EGLN3_HUMAN,TBCB_HUMAN
EGLN3_HUMAN,DHPR_HUMAN
EGLN3_HUMAN,CENPH_HUMAN
EGLN3_HUMAN,PSB1_HUMAN
EGLN3_HUMAN,SCTM1_HUMAN
EGLN3_HUMAN,SFR1_HUMAN
EGLN3_HUMAN,MMAB_HUMAN
EGLN3_HUMAN,A0A7I2V673_HUMAN
EGLN3_HUMAN,A0A1W2PRI7_HUMAN
EGLN3_HUMAN,Q5T282_HUMAN
EGLN3_HUMAN,C9J9P4_HUMAN
EGLN3_HUMAN,LURA1_HUMAN
EGLN3_HUMAN,SHLD3_HUMAN
EGLN3_HUMAN,C9JE06_HUMAN
EGLN3_HUMAN,DLX4_HUMAN
EGLN3_HUMAN,RCAN3_HUMAN
EGLN3_HUMAN,GEMI8_HUMAN
EGLN3_HUMAN,ADTRP_HUMAN
EGLN3_HUMAN,MPU1_HUMAN
EGLN3_HUMAN,J3QLJ5_HUMAN
EGLN3_HUMAN,A0A0S2Z5F0_HUMAN
EGLN3_HUMAN,A0A0S2Z4N4_HUMAN
EGLN3_HUMAN,U3KQ35_HUMAN
EGLN3_HUMAN,CCN5_HUMAN
EGLN3_HUMAN,F5H3X7_HUMAN
DUS29_HUMAN,CPSF5_HUMAN
DUS29_HUMAN,KCIP1_HUMAN
DUS29_HUMAN,RPP29_HUMAN
DUS29_HUMAN,IER2_HUMAN
DUS29_HUMAN,NAT8_HUMAN
DUS29_HUMAN,VPS28_HUMAN
DUS29_HUMAN,CXB2_HUMAN
DUS29_HUMAN,VAMP7_HUMAN
DUS29_HUMAN,RAB3C_HUMAN
DUS29_HUMAN,BTG4_HUMAN
DUS29_HUMAN,FGF11_HUMAN
DUS29_HUMAN,GSTK1_HUMAN
DUS29_HUMAN,CC134_HUMAN
DUS29_HUMAN,PHOCN_HUMAN
DUS29_HUMAN,CASB_HUMAN
DUS29_HUMAN,RAB32_HUMAN
DUS29_HUMAN,COA7_HUMAN
DUS29_HUMAN,NTM1A_HUMAN
DUS29_HUMAN,H15_HUMAN
DUS29_HUMAN,F5GYG5_HUMAN
DUS29_HUMAN,SERB_HUMAN
DUS29_HUMAN,A0A024QYX0_HUMAN
DUS29_HUMAN,CHAC1_HUMAN
DUS29_HUMAN,DNJB9_HUMAN
DUS29_HUMAN,RPE_HUMAN
DUS29_HUMAN,COX2_HUMAN
DUS29_HUMAN,T53I2_HUMAN
DUS29_HUMAN,RAB37_HUMAN
DUS29_HUMAN,SOCS3_HUMAN
DUS29_HUMAN,EFNA5_HUMAN
DUS29_HUMAN,FAM3C_HUMAN
DUS29_HUMAN,TMED7_HUMAN
DUS29_HUMAN,CHM2A_HUMAN
DUS29_HUMAN,CTLA4_HUMAN
DUS29_HUMAN,LIPT2_HUMAN
DUS29_HUMAN,KAD3_HUMAN
DUS29_HUMAN,PRDC1_HUMAN
DUS29_HUMAN,IDI1_HUMAN
DUS29_HUMAN,RAB21_HUMAN
DUS29_HUMAN,IL27B_HUMAN
DUS29_HUMAN,PRDX6_HUMAN
DUS29_HUMAN,YETS4_HUMAN
DUS29_HUMAN,CD28_HUMAN
DUS29_HUMAN,RB33B_HUMAN
DUS29_HUMAN,CLD19_HUMAN
DUS29_HUMAN,PRL_HUMAN
DUS29_HUMAN,SDF2L_HUMAN
DUS29_HUMAN,KCNE4_HUMAN
DUS29_HUMAN,KAD4_HUMAN
DUS29_HUMAN,ARAID_HUMAN
DUS29_HUMAN,TPPP_HUMAN
DUS29_HUMAN,CHM4A_HUMAN
DUS29_HUMAN,NKG2C_HUMAN
DUS29_HUMAN,RAB3A_HUMAN
DUS29_HUMAN,STYX_HUMAN
DUS29_HUMAN,CHM4B_HUMAN
DUS29_HUMAN,CD9_HUMAN
DUS29_HUMAN,UCHL1_HUMAN
DUS29_HUMAN,CLC4E_HUMAN
DUS29_HUMAN,NAT8B_HUMAN
DUS29_HUMAN,INSI2_HUMAN
DUS29_HUMAN,PXL2C_HUMAN
DUS29_HUMAN,XLRS1_HUMAN
DUS29_HUMAN,PRLD1_HUMAN
DUS29_HUMAN,ZC4H2_HUMAN
DUS29_HUMAN,CHMP5_HUMAN
DUS29_HUMAN,TREM2_HUMAN
DUS29_HUMAN,SRSF9_HUMAN
DUS29_HUMAN,CRP_HUMAN
DUS29_HUMAN,PRG3_HUMAN
DUS29_HUMAN,RPC7_HUMAN
DUS29_HUMAN,CIDEA_HUMAN
DUS29_HUMAN,TWSG1_HUMAN
DUS29_HUMAN,GSTA1_HUMAN
DUS29_HUMAN,CLD3_HUMAN
DUS29_HUMAN,ARPIN_HUMAN
DUS29_HUMAN,HILS1_HUMAN
DUS29_HUMAN,TMEDA_HUMAN
DUS29_HUMAN,PSD10_HUMAN
DUS29_HUMAN,RB27A_HUMAN
DUS29_HUMAN,ABEC2_HUMAN
DUS29_HUMAN,RN186_HUMAN
DUS29_HUMAN,RYBP_HUMAN
DUS29_HUMAN,SAMP_HUMAN
DUS29_HUMAN,SCN4B_HUMAN
DUS29_HUMAN,SPCS2_HUMAN
DUS29_HUMAN,NFIP1_HUMAN
DUS29_HUMAN,UBE2S_HUMAN
DUS29_HUMAN,RAB28_HUMAN
DUS29_HUMAN,CLTRN_HUMAN
DUS29_HUMAN,SWAP1_HUMAN
DUS29_HUMAN,ATG10_HUMAN
DUS29_HUMAN,ATP6_HUMAN
DUS29_HUMAN,FAM3A_HUMAN
DUS29_HUMAN,Q99415_HUMAN
DUS29_HUMAN,RAB3D_HUMAN
DUS29_HUMAN,OAZ1_HUMAN
PLPL9_HUMAN,A0A7P0TAW3_HUMAN
KAD4_HUMAN,FGFP1_HUMAN
KAD4_HUMAN,IL32_HUMAN
KAD4_HUMAN,B2CL1_HUMAN
KAD4_HUMAN,RAB20_HUMAN
KAD4_HUMAN,MED7_HUMAN
KAD4_HUMAN,NOGG_HUMAN
KAD4_HUMAN,RND1_HUMAN
KAD4_HUMAN,TNFA_HUMAN
KAD4_HUMAN,TNFL8_HUMAN
KAD4_HUMAN,VTI1B_HUMAN
KAD4_HUMAN,MIXL1_HUMAN
KAD4_HUMAN,LAP4A_HUMAN
KAD4_HUMAN,FGF8_HUMAN
KAD4_HUMAN,DDIT4_HUMAN
KAD4_HUMAN,NKG2A_HUMAN
KAD4_HUMAN,LIN7A_HUMAN
KAD4_HUMAN,KITH_HUMAN
KAD4_HUMAN,BCL10_HUMAN
KAD4_HUMAN,NKX31_HUMAN
KAD4_HUMAN,CHM4C_HUMAN
KAD4_HUMAN,RSPO4_HUMAN
KAD4_HUMAN,MASU1_HUMAN
KAD4_HUMAN,DUS29_HUMAN
KAD4_HUMAN,RTP3_HUMAN
KAD4_HUMAN,SOX15_HUMAN
KAD4_HUMAN,RN125_HUMAN
PRDX6_HUMAN,EXOS5_HUMAN
PRDX6_HUMAN,TMED9_HUMAN
PRDX6_HUMAN,FLT3L_HUMAN
PRDX6_HUMAN,CLD16_HUMAN
PRDX6_HUMAN,MIC25_HUMAN
PRDX6_HUMAN,DERL3_HUMAN
PRDX6_HUMAN,NAA10_HUMAN
PRDX6_HUMAN,PRS37_HUMAN
PRDX6_HUMAN,TCAM2_HUMAN
PRDX6_HUMAN,KCMB2_HUMAN
PRDX6_HUMAN,SWI5_HUMAN
PKP3_HUMAN,A0A7P0T9U7_HUMAN
PKP3_HUMAN,GIT2_HUMAN
PKP3_HUMAN,E7EMA9_HUMAN
PKP3_HUMAN,A0A0S2Z5M1_HUMAN
PKP3_HUMAN,E9KL44_HUMAN
PKP3_HUMAN,A0A087WW92_HUMAN
PKP3_HUMAN,A0A0A0MTN0_HUMAN
PKP3_HUMAN,A0A8I5QJI3_HUMAN
PKP3_HUMAN,A0A7I2YQI1_HUMAN
PKP3_HUMAN,D19L2_HUMAN
PKP3_HUMAN,A0A024R753_HUMAN
PKP3_HUMAN,CHADL_HUMAN
PKP3_HUMAN,ANKK1_HUMAN
PKP3_HUMAN,E9PJN1_HUMAN
PKP3_HUMAN,K7EK35_HUMAN
PKP3_HUMAN,SC23A_HUMAN
PKP3_HUMAN,BRNP1_HUMAN
PKP3_HUMAN,S26A3_HUMAN
PKP3_HUMAN,RBM28_HUMAN
PKP3_HUMAN,PLPR4_HUMAN
PKP3_HUMAN,TATD2_HUMAN
PKP3_HUMAN,DMTF1_HUMAN
PKP3_HUMAN,A0A7I2YQR5_HUMAN
PKP3_HUMAN,A0A7I2V2G1_HUMAN
PKP3_HUMAN,A0A7P0T8A3_HUMAN
PKP3_HUMAN,FAKD5_HUMAN
PKP3_HUMAN,C9J266_HUMAN
PKP3_HUMAN,SATB1_HUMAN
PKP3_HUMAN,J9JIE5_HUMAN
PKP3_HUMAN,TOP1_HUMAN
PKP3_HUMAN,CFAB_HUMAN
PKP3_HUMAN,A0A7I2V444_HUMAN
PKP3_HUMAN,Q5JT35_HUMAN
PKP3_HUMAN,C9JUP7_HUMAN
PKP3_HUMAN,E7ETY4_HUMAN
PKP3_HUMAN,A0A499FIZ0_HUMAN
PKP3_HUMAN,B1AL16_HUMAN
PKP3_HUMAN,SEC63_HUMAN
PKP3_HUMAN,A0A5F9ZGY2_HUMAN
PKP3_HUMAN,DDX27_HUMAN
PKP3_HUMAN,AOC3_HUMAN
PKP3_HUMAN,P52K_HUMAN
PKP3_HUMAN,NOX5_HUMAN
PKP3_HUMAN,B1AUU8_HUMAN
PKP3_HUMAN,RRP1B_HUMAN
PKP3_HUMAN,G3V3I7_HUMAN
PKP3_HUMAN,TRPV6_HUMAN
PKP3_HUMAN,A0A8I5KV85_HUMAN
PKP3_HUMAN,GIT1_HUMAN
PKP3_HUMAN,A0A590UJC7_HUMAN
PKP3_HUMAN,ZN711_HUMAN
PKP3_HUMAN,PIGQ_HUMAN
PKP3_HUMAN,CEP85_HUMAN
PKP3_HUMAN,TSHR_HUMAN
PKP3_HUMAN,H3BLW6_HUMAN
PKP3_HUMAN,APBB2_HUMAN
PKP3_HUMAN,ZBT49_HUMAN
PKP3_HUMAN,APLP2_HUMAN
PKP3_HUMAN,ZNT5_HUMAN
PKP3_HUMAN,SOX5_HUMAN
PKP3_HUMAN,OSB10_HUMAN
PKP3_HUMAN,PLCD4_HUMAN
PKP3_HUMAN,S26A6_HUMAN
PKP3_HUMAN,DACH1_HUMAN
PKP3_HUMAN,CATIN_HUMAN
PKP3_HUMAN,A0A3B3ISU0_HUMAN
PKP3_HUMAN,A0A7I2V3F9_HUMAN
PKP3_HUMAN,TRPV2_HUMAN
PKP3_HUMAN,UBF1_HUMAN
PKP3_HUMAN,A0A7I2V3I8_HUMAN
PKP3_HUMAN,VKGC_HUMAN
PKP3_HUMAN,KGP2_HUMAN
PKP3_HUMAN,SEPR_HUMAN
PKP3_HUMAN,FOXM1_HUMAN
PKP3_HUMAN,LIMA1_HUMAN
PKP3_HUMAN,MIC60_HUMAN
PKP3_HUMAN,DYR1A_HUMAN
PKP3_HUMAN,TAU_HUMAN
PKP3_HUMAN,ERCC2_HUMAN
PKP3_HUMAN,TFR1_HUMAN
PKP3_HUMAN,ECHA_HUMAN
PKP3_HUMAN,CLCN4_HUMAN
PKP3_HUMAN,PIGR_HUMAN
PKP3_HUMAN,ASPH_HUMAN
PKP3_HUMAN,CUL4A_HUMAN
PKP3_HUMAN,SNRK_HUMAN
PKP3_HUMAN,ZDHC8_HUMAN
LYPA2_HUMAN,CASPE_HUMAN
LYPA2_HUMAN,EGLN3_HUMAN
LYPA2_HUMAN,K7ER27_HUMAN
LYPA2_HUMAN,IBP6_HUMAN
LYPA2_HUMAN,PSA5_HUMAN
LYPA2_HUMAN,T53I1_HUMAN
LYPA2_HUMAN,A0A7P0TA11_HUMAN
LYPA2_HUMAN,CD48_HUMAN
LYPA2_HUMAN,A0A0J9YW36_HUMAN
LYPA2_HUMAN,C9JA32_HUMAN
LYPA2_HUMAN,E9PQS1_HUMAN
LYPA2_HUMAN,RSMB_HUMAN
LYPA2_HUMAN,UB2R1_HUMAN
LYPA2_HUMAN,RAB23_HUMAN
LYPA2_HUMAN,A0A1B0GUU7_HUMAN
LYPA2_HUMAN,G6B_HUMAN
LYPA2_HUMAN,MYF6_HUMAN
LYPA2_HUMAN,E5RHD2_HUMAN
LYPA2_HUMAN,PCGF3_HUMAN
LYPA2_HUMAN,SSPN_HUMAN
LYPA2_HUMAN,CLC4A_HUMAN
LYPA2_HUMAN,HXC8_HUMAN
LYPA2_HUMAN,GSTT1_HUMAN
LYPA2_HUMAN,H3BVF8_HUMAN
LYPA2_HUMAN,PSB6_HUMAN
LYPA2_HUMAN,DBLOH_HUMAN
LYPA2_HUMAN,GSTO2_HUMAN
LYPA2_HUMAN,RBM38_HUMAN
LYPA2_HUMAN,M4A4A_HUMAN
LYPA2_HUMAN,HDGF_HUMAN
LYPA2_HUMAN,TMM65_HUMAN
LYPA2_HUMAN,EDN3_HUMAN
LYPA2_HUMAN,NRL_HUMAN
LYPA2_HUMAN,CD7_HUMAN
LYPA2_HUMAN,IGSF6_HUMAN
LYPA2_HUMAN,U2AF1_HUMAN
LYPA2_HUMAN,FGF3_HUMAN
LYPA2_HUMAN,RS3_HUMAN
LYPA2_HUMAN,ORN_HUMAN
LYPA2_HUMAN,VAPB_HUMAN
LYPA2_HUMAN,LFG4_HUMAN
LYPA2_HUMAN,TNR18_HUMAN
LYPA2_HUMAN,PDCL3_HUMAN
LYPA2_HUMAN,ING5_HUMAN
LYPA2_HUMAN,SRSF7_HUMAN
LYPA2_HUMAN,CIDEC_HUMAN
LYPA2_HUMAN,PDGFB_HUMAN
LYPA2_HUMAN,O15302_HUMAN
LYPA2_HUMAN,THEM4_HUMAN
LYPA2_HUMAN,PSME2_HUMAN
LYPA2_HUMAN,DRAM1_HUMAN
LYPA2_HUMAN,DAA19_HUMAN
LYPA2_HUMAN,IL27A_HUMAN
LYPA2_HUMAN,SYF2_HUMAN
LYPA2_HUMAN,PX11C_HUMAN
LYPA2_HUMAN,CLIC3_HUMAN
LYPA2_HUMAN,NTAL_HUMAN
LYPA2_HUMAN,GAMT_HUMAN
LYPA2_HUMAN,NAA60_HUMAN
LYPA2_HUMAN,MRES1_HUMAN
LYPA2_HUMAN,SPF30_HUMAN
LYPA2_HUMAN,CD63_HUMAN
LYPA2_HUMAN,NEUM_HUMAN
LYPA2_HUMAN,IL34_HUMAN
LYPA2_HUMAN,ABEC1_HUMAN
LYPA2_HUMAN,NGF_HUMAN
LYPA2_HUMAN,CD81_HUMAN
LYPA2_HUMAN,NGN1_HUMAN
LYPA2_HUMAN,U119A_HUMAN
LYPA2_HUMAN,TNF14_HUMAN
LYPA2_HUMAN,DEFM_HUMAN
LYPA2_HUMAN,EID2_HUMAN
LYPA2_HUMAN,RABL3_HUMAN
LYPA2_HUMAN,DCNL5_HUMAN
LYPA2_HUMAN,TPK1_HUMAN
LYPA2_HUMAN,FGF12_HUMAN
LYPA2_HUMAN,BCL2_HUMAN
LYPA2_HUMAN,RSPO2_HUMAN
LYPA2_HUMAN,GSTO1_HUMAN
LYPA2_HUMAN,NUCKS_HUMAN
LYPA2_HUMAN,DERL2_HUMAN
LYPA2_HUMAN,RHNO1_HUMAN
LYPA2_HUMAN,SRTD1_HUMAN
LYPA2_HUMAN,CBR4_HUMAN
LYPA2_HUMAN,FTMT_HUMAN
LYPA2_HUMAN,REP15_HUMAN
LYPA2_HUMAN,EFNA3_HUMAN
LYPA2_HUMAN,HTAI2_HUMAN
LYPA2_HUMAN,CLC9A_HUMAN
LYPA2_HUMAN,NT2NA_HUMAN
LYPA2_HUMAN,TM109_HUMAN
LYPA2_HUMAN,TMCO1_HUMAN
LYPA2_HUMAN,MTNB_HUMAN
LYPA2_HUMAN,RT07_HUMAN
MARK1_HUMAN,G3V1D3_HUMAN
MARK1_HUMAN,B1ALB4_HUMAN
MARK1_HUMAN,A0A8I5KRX9_HUMAN
MARK1_HUMAN,CD248_HUMAN
MARK1_HUMAN,C9J6B6_HUMAN
MARK1_HUMAN,IKKB_HUMAN
MARK1_HUMAN,G3V180_HUMAN
MARK1_HUMAN,LOXL4_HUMAN
MARK1_HUMAN,RXFP1_HUMAN
MARK1_HUMAN,Q5T2X5_HUMAN
MARK1_HUMAN,CCPG1_HUMAN
MARK1_HUMAN,J3KMX1_HUMAN
MARK1_HUMAN,CEP68_HUMAN
MARK1_HUMAN,LINES_HUMAN
MARK1_HUMAN,KCNC3_HUMAN
MARK1_HUMAN,LARG1_HUMAN
MARK1_HUMAN,MFN2_HUMAN
MARK1_HUMAN,SH2B1_HUMAN
MARK1_HUMAN,A8K968_HUMAN
MARK1_HUMAN,CENPI_HUMAN
MARK1_HUMAN,MLH1_HUMAN
MARK1_HUMAN,KIRR1_HUMAN
MARK1_HUMAN,COMP_HUMAN
MARK1_HUMAN,TDIF2_HUMAN
MARK1_HUMAN,RFIP3_HUMAN
MARK1_HUMAN,SMUF1_HUMAN
MARK1_HUMAN,UTP25_HUMAN
MARK1_HUMAN,AOC2_HUMAN
MARK1_HUMAN,ASCC2_HUMAN
MARK1_HUMAN,PLCD1_HUMAN
MARK1_HUMAN,SPIR1_HUMAN
MARK1_HUMAN,PIBF1_HUMAN
CBR4_HUMAN,A0A6Q8PHC1_HUMAN
CBR4_HUMAN,A0A0S2Z4G4_HUMAN
CBR4_HUMAN,ULBP2_HUMAN
CBR4_HUMAN,F8VW21_HUMAN
CBR4_HUMAN,A2A3R6_HUMAN
CBR4_HUMAN,CEMP1_HUMAN
CBR4_HUMAN,PSA6_HUMAN
CBR4_HUMAN,H3BV90_HUMAN
CBR4_HUMAN,D6RHY4_HUMAN
CBR4_HUMAN,E7EW93_HUMAN
CBR4_HUMAN,I3L419_HUMAN
CBR4_HUMAN,RND3_HUMAN
CBR4_HUMAN,M0QYI1_HUMAN
CBR4_HUMAN,FXL22_HUMAN
CBR4_HUMAN,X6RFN3_HUMAN
CBR4_HUMAN,MDFI_HUMAN
CBR4_HUMAN,BAP31_HUMAN
CBR4_HUMAN,MED19_HUMAN
CBR4_HUMAN,Q5TBN3_HUMAN
CBR4_HUMAN,PIMRE_HUMAN
CBR4_HUMAN,TLCD1_HUMAN
CBR4_HUMAN,D9YZV7_HUMAN
CBR4_HUMAN,STX10_HUMAN
CBR4_HUMAN,H0YKJ4_HUMAN
CBR4_HUMAN,MITD1_HUMAN
CBR4_HUMAN,H7BYY1_HUMAN
CBR4_HUMAN,TMT1A_HUMAN
CBR4_HUMAN,U1SBP_HUMAN
CBR4_HUMAN,F5H7S3_HUMAN
CBR4_HUMAN,MDFIC_HUMAN
CBR4_HUMAN,TPM4_HUMAN
CBR4_HUMAN,F8VVB9_HUMAN
CBR4_HUMAN,BRMS1_HUMAN
CBR4_HUMAN,H0YK48_HUMAN
CBR4_HUMAN,MYP0_HUMAN
CBR4_HUMAN,MED6_HUMAN
CBR4_HUMAN,KLF9_HUMAN
CBR4_HUMAN,SIX6_HUMAN
CBR4_HUMAN,NEP1_HUMAN
CBR4_HUMAN,H3BRL8_HUMAN
CBR4_HUMAN,RL7_HUMAN
CBR4_HUMAN,SRSF1_HUMAN
CBR4_HUMAN,RS6_HUMAN
CBR4_HUMAN,VATD_HUMAN
CBR4_HUMAN,TFAM_HUMAN
CBR4_HUMAN,PSME1_HUMAN
CBR4_HUMAN,MARH2_HUMAN
CBR4_HUMAN,IF4E2_HUMAN
CBR4_HUMAN,DCNP1_HUMAN
CBR4_HUMAN,CLCA_HUMAN
CBR4_HUMAN,CHTOP_HUMAN
CBR4_HUMAN,C1QC_HUMAN
CBR4_HUMAN,CLC7A_HUMAN
CBR4_HUMAN,1433G_HUMAN
CBR4_HUMAN,TNF12_HUMAN
CBR4_HUMAN,RTRAF_HUMAN
CBR4_HUMAN,TIGIT_HUMAN
CBR4_HUMAN,FGF14_HUMAN
CBR4_HUMAN,TMM33_HUMAN
CBR4_HUMAN,SESQ1_HUMAN
CBR4_HUMAN,VAPA_HUMAN
CBR4_HUMAN,1433S_HUMAN
CBR4_HUMAN,CRIS3_HUMAN
CBR4_HUMAN,TPIS_HUMAN
CBR4_HUMAN,CNEP1_HUMAN
CBR4_HUMAN,TRY2_HUMAN
CBR4_HUMAN,1433F_HUMAN
CBR4_HUMAN,SFPA2_HUMAN
CBR4_HUMAN,PRRX1_HUMAN
CBR4_HUMAN,IN80E_HUMAN
CBR4_HUMAN,SFTA1_HUMAN
CBR4_HUMAN,MBL2_HUMAN
CBR4_HUMAN,DCXR_HUMAN
CBR4_HUMAN,STC1_HUMAN
CBR4_HUMAN,BDNF_HUMAN
CBR4_HUMAN,CMA1_HUMAN
CBR4_HUMAN,FGF13_HUMAN
CBR4_HUMAN,ING4_HUMAN
CBR4_HUMAN,NANP_HUMAN
CBR4_HUMAN,GRAB_HUMAN
CBR4_HUMAN,TIM21_HUMAN
CBR4_HUMAN,NSE2_HUMAN
CBR4_HUMAN,IF6_HUMAN
CBR4_HUMAN,C1QT3_HUMAN
CBR4_HUMAN,NDUV2_HUMAN
CBR4_HUMAN,T2FB_HUMAN
CBR4_HUMAN,RTP4_HUMAN
CBR4_HUMAN,ADIPO_HUMAN
CBR4_HUMAN,DHRS6_HUMAN
CBR4_HUMAN,MRM2_HUMAN
CBR4_HUMAN,ULBP3_HUMAN
MGT5B_HUMAN,A0A8I5KYP8_HUMAN
MGT5B_HUMAN,MARK3_HUMAN
MGT5B_HUMAN,PCSK4_HUMAN
MGT5B_HUMAN,A0A7P0T8Q5_HUMAN
MGT5B_HUMAN,VWA2_HUMAN
MGT5B_HUMAN,SENP5_HUMAN
MGT5B_HUMAN,MTF1_HUMAN
MGT5B_HUMAN,PPIG_HUMAN
MGT5B_HUMAN,H0YDT0_HUMAN
MGT5B_HUMAN,H0YDE2_HUMAN
MGT5B_HUMAN,PTPC1_HUMAN
MGT5B_HUMAN,CEL_HUMAN
MGT5B_HUMAN,A0A7P0T9T8_HUMAN
MGT5B_HUMAN,E9PEP7_HUMAN
MGT5B_HUMAN,PPM1E_HUMAN
MGT5B_HUMAN,AFG2B_HUMAN
MGT5B_HUMAN,APC5_HUMAN
MGT5B_HUMAN,KLHL5_HUMAN
MGT5B_HUMAN,CNOT3_HUMAN
MGT5B_HUMAN,NEC1_HUMAN
MGT5B_HUMAN,STRN4_HUMAN
MGT5B_HUMAN,PPE2_HUMAN
MGT5B_HUMAN,A0A6Q8PH20_HUMAN
MGT5B_HUMAN,A0A2R8Y2Y1_HUMAN
MGT5B_HUMAN,NBN_HUMAN
MGT5B_HUMAN,PWP2A_HUMAN
MGT5B_HUMAN,TRI56_HUMAN
MGT5B_HUMAN,LOXL3_HUMAN
MGT5B_HUMAN,MTSS1_HUMAN
MGT5B_HUMAN,SOX30_HUMAN
MGT5B_HUMAN,PI3R6_HUMAN
MGT5B_HUMAN,S39A6_HUMAN
MGT5B_HUMAN,ELOA2_HUMAN
MGT5B_HUMAN,HTSF1_HUMAN
TNAP3_HUMAN,A0A090N8E9_HUMAN
TNAP3_HUMAN,E9PKI6_HUMAN
TNAP3_HUMAN,A0A087WT78_HUMAN
TNAP3_HUMAN,SEM3C_HUMAN
TNAP3_HUMAN,DZAN1_HUMAN
TNAP3_HUMAN,AOC1_HUMAN
TNAP3_HUMAN,A0A090N7U3_HUMAN
TNAP3_HUMAN,B4E2A6_HUMAN
TNAP3_HUMAN,A0A0F7NGI8_HUMAN
TNAP3_HUMAN,F8W7S5_HUMAN
TNAP3_HUMAN,ABCB7_HUMAN
TNAP3_HUMAN,A0A1W2PR74_HUMAN
TNAP3_HUMAN,B4E1C1_HUMAN
TNAP3_HUMAN,A0A2R8Y5Z1_HUMAN
TNAP3_HUMAN,ZN425_HUMAN
TNAP3_HUMAN,A0A8I5KPJ6_HUMAN
TNAP3_HUMAN,A0A7I2V5Q5_HUMAN
TNAP3_HUMAN,MARK4_HUMAN
TNAP3_HUMAN,CO2_HUMAN
TNAP3_HUMAN,MYBA_HUMAN
TNAP3_HUMAN,EFGM_HUMAN
TNAP3_HUMAN,TPC2_HUMAN
ARNT_HUMAN,POMT2_HUMAN
ARNT_HUMAN,A0A6Q8PGB2_HUMAN
ARNT_HUMAN,NEP_HUMAN
ARNT_HUMAN,FOLH1_HUMAN
ARNT_HUMAN,RHG09_HUMAN
ARNT_HUMAN,MUTA_HUMAN
ARNT_HUMAN,STAT1_HUMAN
MARK2_HUMAN,APBA2_HUMAN
MARK2_HUMAN,H0YN83_HUMAN
MARK2_HUMAN,A0A3B3IS57_HUMAN
MARK2_HUMAN,E9PLP8_HUMAN
MARK2_HUMAN,MAP7_HUMAN
MARK2_HUMAN,RFX3_HUMAN
MARK2_HUMAN,NOC2L_HUMAN
MARK2_HUMAN,E7EV93_HUMAN
MARK2_HUMAN,PA24A_HUMAN
MARK2_HUMAN,A0A2R8YFH5_HUMAN
MARK2_HUMAN,PHEX_HUMAN
MARK2_HUMAN,LIN54_HUMAN
MARK2_HUMAN,EFHC2_HUMAN
MARK2_HUMAN,SEM3B_HUMAN
MARK2_HUMAN,SGSM3_HUMAN
CLIC1_HUMAN,A0A7P0Z490_HUMAN
CLIC1_HUMAN,H0Y3W3_HUMAN
CLIC1_HUMAN,H3BUI0_HUMAN
CLIC1_HUMAN,H0Y8E8_HUMAN
CLIC1_HUMAN,M0QXT0_HUMAN
CLIC1_HUMAN,KLF16_HUMAN
CLIC1_HUMAN,FGOP2_HUMAN
CLIC1_HUMAN,H7C0R3_HUMAN
CLIC1_HUMAN,H3BNV2_HUMAN
CLIC1_HUMAN,A0A140VJF2_HUMAN
CLIC1_HUMAN,B0QZK4_HUMAN
CLIC1_HUMAN,PIGL_HUMAN
CLIC1_HUMAN,H0YI55_HUMAN
CLIC1_HUMAN,PRRX2_HUMAN
CLIC1_HUMAN,Q5JSC9_HUMAN
CLIC1_HUMAN,H0Y4Q3_HUMAN
CLIC1_HUMAN,Q5QPE7_HUMAN
CLIC1_HUMAN,Q5SV16_HUMAN
CLIC1_HUMAN,H3BTT8_HUMAN
CLIC1_HUMAN,BTG3_HUMAN
CLIC1_HUMAN,RCAN1_HUMAN
CLIC1_HUMAN,G3V5Z7_HUMAN
CLIC1_HUMAN,SPIT2_HUMAN
CLIC1_HUMAN,A0A590UK38_HUMAN
CLIC1_HUMAN,D6R9G1_HUMAN
CLIC1_HUMAN,C9JXK9_HUMAN
CLIC1_HUMAN,C1QB_HUMAN
CLIC1_HUMAN,CD151_HUMAN
CLIC1_HUMAN,DNJC8_HUMAN
CLIC1_HUMAN,CA043_HUMAN
CLIC1_HUMAN,JUNO_HUMAN
CLIC1_HUMAN,A0A669KB22_HUMAN
CLIC1_HUMAN,MARH3_HUMAN
CLIC1_HUMAN,ORC6_HUMAN
CLIC1_HUMAN,CDCA5_HUMAN
CLIC1_HUMAN,CLIC4_HUMAN
CLIC1_HUMAN,E7ENU9_HUMAN
CLIC1_HUMAN,PRPK_HUMAN
CLIC1_HUMAN,D6RA81_HUMAN
CLIC1_HUMAN,Q53YK7_HUMAN
CLIC1_HUMAN,A0A1W2PPD9_HUMAN
CLIC1_HUMAN,H0YNE5_HUMAN
CLIC1_HUMAN,GILT_HUMAN
CLIC1_HUMAN,B4DKD5_HUMAN
CLIC1_HUMAN,E9PMS4_HUMAN
CLIC1_HUMAN,G3V4Z4_HUMAN
CLIC1_HUMAN,AREG_HUMAN
CLIC1_HUMAN,O60595_HUMAN
CLIC1_HUMAN,GCH1_HUMAN
CLIC1_HUMAN,UTP11_HUMAN
CLIC1_HUMAN,PLD6_HUMAN
CLIC1_HUMAN,KCIP4_HUMAN
CLIC1_HUMAN,PRIO_HUMAN
CLIC1_HUMAN,PNO1_HUMAN
CLIC1_HUMAN,CFAD_HUMAN
CLIC1_HUMAN,LFA3_HUMAN
CLIC1_HUMAN,FGF23_HUMAN
CLIC1_HUMAN,GOSR1_HUMAN
CLIC1_HUMAN,PLPL4_HUMAN
CLIC1_HUMAN,DERL1_HUMAN
CLIC1_HUMAN,DOA_HUMAN
CLIC1_HUMAN,PPR35_HUMAN
CLIC1_HUMAN,E9PEQ6_HUMAN
CLIC1_HUMAN,BIN3_HUMAN
CLIC1_HUMAN,DUT_HUMAN
CLIC1_HUMAN,PCLI1_HUMAN
CLIC1_HUMAN,AN32B_HUMAN
CLIC1_HUMAN,SBDS_HUMAN
CLIC1_HUMAN,NMNA3_HUMAN
CLIC1_HUMAN,ONCM_HUMAN
CLIC1_HUMAN,TFPT_HUMAN
CLIC1_HUMAN,KLK7_HUMAN
CLIC1_HUMAN,B2L12_HUMAN
CLIC1_HUMAN,TAF9B_HUMAN
CLIC1_HUMAN,VP37D_HUMAN
CLIC1_HUMAN,RM47_HUMAN
CLIC1_HUMAN,LEG3_HUMAN
CLIC1_HUMAN,PGAM2_HUMAN
CLIC1_HUMAN,REEP2_HUMAN
CLIC1_HUMAN,HXB4_HUMAN
CLIC1_HUMAN,CAP7_HUMAN
CLIC1_HUMAN,C4BPB_HUMAN
CLIC1_HUMAN,RM16_HUMAN
CLIC1_HUMAN,LN28B_HUMAN
RS3_HUMAN,A0A1B0GVT7_HUMAN
RS3_HUMAN,A0A0S2Z5P2_HUMAN
RS3_HUMAN,A0A2R8YCP1_HUMAN
RS3_HUMAN,A0A2R8YGV1_HUMAN
RS3_HUMAN,A0A804DAZ0_HUMAN
RS3_HUMAN,F8W9Y9_HUMAN
RS3_HUMAN,KR241_HUMAN
RS3_HUMAN,M0R0E9_HUMAN
RS3_HUMAN,KR102_HUMAN
RS3_HUMAN,D6RB73_HUMAN
RS3_HUMAN,K7EQN7_HUMAN
RS3_HUMAN,REEP3_HUMAN
RS3_HUMAN,H0YE05_HUMAN
RS3_HUMAN,BORG2_HUMAN
RS3_HUMAN,Q5T857_HUMAN
RS3_HUMAN,CC90B_HUMAN
RS3_HUMAN,PGAM4_HUMAN
RS3_HUMAN,ORAI2_HUMAN
RS3_HUMAN,KLK4_HUMAN
RS3_HUMAN,TMM81_HUMAN
RS3_HUMAN,MEOX1_HUMAN
RS3_HUMAN,PGAP2_HUMAN
RS3_HUMAN,TNFL9_HUMAN
RS3_HUMAN,A0A494BZZ1_HUMAN
RS3_HUMAN,A0A0S2Z5B3_HUMAN
RS3_HUMAN,X5D2F9_HUMAN
RS3_HUMAN,V9HW98_HUMAN
RS3_HUMAN,A0A140VJE5_HUMAN
RS3_HUMAN,A0A8J9FJK1_HUMAN
RS3_HUMAN,PDYN_HUMAN
RS3_HUMAN,SUSD3_HUMAN
RS3_HUMAN,PIP30_HUMAN
RS3_HUMAN,WHR1_HUMAN
RS3_HUMAN,C9JRT6_HUMAN
RS3_HUMAN,HACD2_HUMAN
RS3_HUMAN,ANKR7_HUMAN
RS3_HUMAN,FBX44_HUMAN
RS3_HUMAN,RAB6D_HUMAN
RS3_HUMAN,EFMT4_HUMAN
RS3_HUMAN,RAB6C_HUMAN
RS3_HUMAN,C9JDR0_HUMAN
RS3_HUMAN,J3KQS6_HUMAN
RS3_HUMAN,DQA2_HUMAN
RS3_HUMAN,V9HWJ8_HUMAN
RS3_HUMAN,DQA1_HUMAN
RS3_HUMAN,ETHE1_HUMAN
RS3_HUMAN,K7EKJ9_HUMAN
RS3_HUMAN,FOLR2_HUMAN
RS3_HUMAN,PGAM1_HUMAN
RS3_HUMAN,PSME3_HUMAN
RS3_HUMAN,RU2A_HUMAN
RS3_HUMAN,SKA1_HUMAN
RS3_HUMAN,1433E_HUMAN
RS3_HUMAN,CXL16_HUMAN
RS3_HUMAN,PSA3_HUMAN
RS3_HUMAN,DRA_HUMAN
RS3_HUMAN,HXD4_HUMAN
RS3_HUMAN,MYF5_HUMAN
RS3_HUMAN,EMD_HUMAN
RS3_HUMAN,TNR9_HUMAN
RS3_HUMAN,S5A2_HUMAN
RS3_HUMAN,NFU1_HUMAN
RS3_HUMAN,ETFB_HUMAN
RS3_HUMAN,STX6_HUMAN
RS3_HUMAN,PAGR1_HUMAN
RS3_HUMAN,MFAP4_HUMAN
RS3_HUMAN,DLX1_HUMAN
RS3_HUMAN,CATG_HUMAN
RS3_HUMAN,FCG3A_HUMAN
GSTT2_HUMAN,D6RCD0_HUMAN
GSTT2_HUMAN,Q08ET0_HUMAN
GSTT2_HUMAN,AT5F1_HUMAN
GSTT2_HUMAN,A0A087WTB0_HUMAN
GSTT2_HUMAN,A0A8I5KTT0_HUMAN
GSTT2_HUMAN,PCGF5_HUMAN
GSTT2_HUMAN,A0A087WU62_HUMAN
GSTT2_HUMAN,A7UKX8_HUMAN
GSTT2_HUMAN,E9PD92_HUMAN
GSTT2_HUMAN,A0A8C8MUD1_HUMAN
GSTT2_HUMAN,H0Y721_HUMAN
GSTT2_HUMAN,A8MZI9_HUMAN
GSTT2_HUMAN,E9PI86_HUMAN
GSTT2_HUMAN,F5GWV0_HUMAN
GSTT2_HUMAN,KLK15_HUMAN
GSTT2_HUMAN,M0R268_HUMAN
GSTT2_HUMAN,A0A384MTR2_HUMAN
GSTT2_HUMAN,A0A7I2V5Y9_HUMAN
GSTT2_HUMAN,MAF1_HUMAN
GSTT2_HUMAN,RM28_HUMAN
GSTT2_HUMAN,CF410_HUMAN
GSTT2_HUMAN,A0A087WT99_HUMAN
GSTT2_HUMAN,J3QTA6_HUMAN
GSTT2_HUMAN,SURF2_HUMAN
GSTT2_HUMAN,M0R1Y4_HUMAN
GSTT2_HUMAN,PRDX3_HUMAN
GSTT2_HUMAN,RNT2_HUMAN
GSTT2_HUMAN,PRTN3_HUMAN
GSTT2_HUMAN,ENKUR_HUMAN
GSTT2_HUMAN,OBF1_HUMAN
GSTT2_HUMAN,AKTS1_HUMAN
GSTT2_HUMAN,RAB26_HUMAN
GSTT2_HUMAN,CSEN_HUMAN
GSTT2_HUMAN,BPIA1_HUMAN
ZW10_HUMAN,Q643R0_HUMAN
ZW10_HUMAN,A0A2R8Y750_HUMAN
ZW10_HUMAN,A0A140VKB1_HUMAN
ZW10_HUMAN,E5RFM9_HUMAN
ZW10_HUMAN,OSB11_HUMAN
ZW10_HUMAN,S26A5_HUMAN
ZW10_HUMAN,A0A0A0MRH8_HUMAN
ZW10_HUMAN,A0A3B3ITP6_HUMAN
ZW10_HUMAN,A0A8I5KUA9_HUMAN
ZW10_HUMAN,A0A1X7SBS1_HUMAN
ZW10_HUMAN,J3KRI5_HUMAN
ZW10_HUMAN,H0Y713_HUMAN
ZW10_HUMAN,S45A1_HUMAN
ZW10_HUMAN,TMTC4_HUMAN
ZW10_HUMAN,A0A6Q8PGZ8_HUMAN
ZW10_HUMAN,DAZ1_HUMAN
ZW10_HUMAN,A0A087WUL4_HUMAN
ZW10_HUMAN,ENASE_HUMAN
ZW10_HUMAN,PAPOA_HUMAN
ZW10_HUMAN,E9PKP7_HUMAN
ZW10_HUMAN,H7C4B2_HUMAN
ZW10_HUMAN,FBX30_HUMAN
ZW10_HUMAN,F5GZP6_HUMAN
ZW10_HUMAN,X6R3Y6_HUMAN
ZW10_HUMAN,A0A494C0P1_HUMAN
ZW10_HUMAN,FA83C_HUMAN
ZW10_HUMAN,HNRL2_HUMAN
ZW10_HUMAN,M0R0C6_HUMAN
ZW10_HUMAN,E5KQF5_HUMAN
ZW10_HUMAN,KS6A6_HUMAN
ZW10_HUMAN,EXT1_HUMAN
ZW10_HUMAN,A0A7I2V4C8_HUMAN
ZW10_HUMAN,NUP88_HUMAN
ZW10_HUMAN,TRIM2_HUMAN
ZW10_HUMAN,A0A0C4DGB5_HUMAN
ZW10_HUMAN,KLHL1_HUMAN
ZW10_HUMAN,A0A2R8YCW8_HUMAN
ZW10_HUMAN,POMT1_HUMAN
ZW10_HUMAN,MTMRC_HUMAN
ZW10_HUMAN,A0A8C8KX99_HUMAN
ZW10_HUMAN,WDR91_HUMAN
ZW10_HUMAN,A0A669KB56_HUMAN
ZW10_HUMAN,A0A669KB68_HUMAN
ZW10_HUMAN,A0A0C4DGN6_HUMAN
ZW10_HUMAN,CKP2L_HUMAN
ZW10_HUMAN,MEP1A_HUMAN
ZW10_HUMAN,NADAP_HUMAN
ZW10_HUMAN,ZBT20_HUMAN
ZW10_HUMAN,X5CKB3_HUMAN
ZW10_HUMAN,PACE1_HUMAN
ZW10_HUMAN,A0A140VJQ6_HUMAN
ZW10_HUMAN,BOP1_HUMAN
ZW10_HUMAN,HJURP_HUMAN
ZW10_HUMAN,MTSS2_HUMAN
ZW10_HUMAN,EXOC3_HUMAN
ZW10_HUMAN,CUL2_HUMAN
ZW10_HUMAN,A0A384MTI6_HUMAN
ZW10_HUMAN,CO8A1_HUMAN
ZW10_HUMAN,CNO10_HUMAN
ZW10_HUMAN,PO2F1_HUMAN
ZW10_HUMAN,FRITZ_HUMAN
ZW10_HUMAN,H3BPM0_HUMAN
ZW10_HUMAN,TLE2_HUMAN
ZW10_HUMAN,SYCC_HUMAN
ZW10_HUMAN,RAD54_HUMAN
ZW10_HUMAN,DTNA_HUMAN
ZW10_HUMAN,ZP2_HUMAN
ZW10_HUMAN,K7EMK7_HUMAN
ZW10_HUMAN,RED1_HUMAN
ZW10_HUMAN,CND2_HUMAN
ZW10_HUMAN,COL12_HUMAN
ZW10_HUMAN,QSOX1_HUMAN
ZW10_HUMAN,TPX2_HUMAN
ZW10_HUMAN,PKP1_HUMAN
ZW10_HUMAN,SV2A_HUMAN
ZW10_HUMAN,STAT4_HUMAN
ZW10_HUMAN,PLAK_HUMAN
ZW10_HUMAN,EZH2_HUMAN
ZW10_HUMAN,TAP1_HUMAN
ZW10_HUMAN,EZH1_HUMAN
ZW10_HUMAN,PERM_HUMAN
ZW10_HUMAN,NIBA2_HUMAN
ZW10_HUMAN,NSF_HUMAN
ZW10_HUMAN,MED25_HUMAN
ZW10_HUMAN,SMUF2_HUMAN
ZW10_HUMAN,CD44_HUMAN
ZW10_HUMAN,ZN366_HUMAN
ZW10_HUMAN,AMPD1_HUMAN
ZW10_HUMAN,STIM2_HUMAN
ZW10_HUMAN,MFN1_HUMAN
ZW10_HUMAN,ABCD1_HUMAN
ZW10_HUMAN,JPH3_HUMAN
ZW10_HUMAN,KIF3B_HUMAN
ZW10_HUMAN,CLAT_HUMAN
ZW10_HUMAN,ANAG_HUMAN
ZW10_HUMAN,MGT5A_HUMAN
ZW10_HUMAN,SIR1_HUMAN
ZW10_HUMAN,RN5A_HUMAN
ZW10_HUMAN,TBX3_HUMAN
ZW10_HUMAN,ZY11B_HUMAN
PFKAM_HUMAN,ADA10_HUMAN
PFKAM_HUMAN,Q9HAB4_HUMAN
PFKAM_HUMAN,IKKA_HUMAN
PFKAM_HUMAN,TRIM3_HUMAN
1433G_HUMAN,A0A7I2V575_HUMAN
1433G_HUMAN,6PGL_HUMAN
1433G_HUMAN,A0A087WYL7_HUMAN
1433G_HUMAN,C9IYM5_HUMAN
1433G_HUMAN,A0A0B4J1R1_HUMAN
1433G_HUMAN,A0A669KBC9_HUMAN
1433G_HUMAN,TLC3A_HUMAN
1433G_HUMAN,A7UKY0_HUMAN
1433G_HUMAN,CISH_HUMAN
1433G_HUMAN,EIF3J_HUMAN
1433G_HUMAN,A0A8I5KVK5_HUMAN
1433G_HUMAN,DBND2_HUMAN
1433G_HUMAN,FRG1_HUMAN
1433G_HUMAN,Q30059_HUMAN
1433G_HUMAN,C9JKD9_HUMAN
1433G_HUMAN,D6RDN9_HUMAN
1433G_HUMAN,SPIN3_HUMAN
1433G_HUMAN,C9JXF9_HUMAN
1433G_HUMAN,DMAC2_HUMAN
1433G_HUMAN,F5H4P3_HUMAN
1433G_HUMAN,F5GWD3_HUMAN
1433G_HUMAN,SYNG1_HUMAN
1433G_HUMAN,PIGX_HUMAN
1433G_HUMAN,GSC_HUMAN
1433G_HUMAN,A0A0C4DGX3_HUMAN
1433G_HUMAN,H7C3A2_HUMAN
1433G_HUMAN,K7EP14_HUMAN
1433G_HUMAN,VGLL1_HUMAN
1433G_HUMAN,KR108_HUMAN
1433G_HUMAN,Q5TDE7_HUMAN
1433G_HUMAN,HDHD2_HUMAN
1433G_HUMAN,UPK1A_HUMAN
1433G_HUMAN,DKK2_HUMAN
1433G_HUMAN,IDLC_HUMAN
1433G_HUMAN,A0A7I2V5M3_HUMAN
1433G_HUMAN,GRAM_HUMAN
1433G_HUMAN,SPI2B_HUMAN
1433G_HUMAN,APH1B_HUMAN
1433G_HUMAN,TR10C_HUMAN
1433G_HUMAN,E7EW15_HUMAN
1433G_HUMAN,B0S7P4_HUMAN
1433G_HUMAN,SPI2A_HUMAN
1433G_HUMAN,SYPL1_HUMAN
1433G_HUMAN,CDV3_HUMAN
1433G_HUMAN,E9PRL0_HUMAN
1433G_HUMAN,A0A8I5KX85_HUMAN
1433G_HUMAN,F5H0I7_HUMAN
1433G_HUMAN,H7C316_HUMAN
1433G_HUMAN,A0A494C0D6_HUMAN
1433G_HUMAN,K7EMC9_HUMAN
1433G_HUMAN,Q5JXI8_HUMAN
1433G_HUMAN,M0R102_HUMAN
1433G_HUMAN,DCNL2_HUMAN
1433G_HUMAN,I3NI02_HUMAN
1433G_HUMAN,A0A1B0GVD3_HUMAN
1433G_HUMAN,A0A7I2YQX6_HUMAN
1433G_HUMAN,I3NI20_HUMAN
1433G_HUMAN,Q5LJB0_HUMAN
1433G_HUMAN,IBP1_HUMAN
1433G_HUMAN,IBP4_HUMAN
1433G_HUMAN,DCNL1_HUMAN
1433G_HUMAN,THOC4_HUMAN
1433G_HUMAN,NR0B2_HUMAN
1433G_HUMAN,RT18B_HUMAN
1433G_HUMAN,D6REB0_HUMAN
1433G_HUMAN,UB2J2_HUMAN
1433G_HUMAN,REEP4_HUMAN
1433G_HUMAN,YIPF5_HUMAN
1433G_HUMAN,USE1_HUMAN
1433G_HUMAN,UBX2A_HUMAN
1433G_HUMAN,CPLN2_HUMAN
1433G_HUMAN,A0A140VJQ2_HUMAN
1433G_HUMAN,RL8_HUMAN
1433G_HUMAN,PX11B_HUMAN
1433G_HUMAN,PP4P2_HUMAN
1433G_HUMAN,SESQ2_HUMAN
1433G_HUMAN,VENTX_HUMAN
1433G_HUMAN,M0R003_HUMAN
1433G_HUMAN,RRP36_HUMAN
1433G_HUMAN,KCTD1_HUMAN
1433G_HUMAN,FOLR1_HUMAN
1433G_HUMAN,S5A1_HUMAN
1433G_HUMAN,SNP29_HUMAN
1433G_HUMAN,PMGE_HUMAN
1433G_HUMAN,DPB1_HUMAN
1433G_HUMAN,UTP16_HUMAN
1433G_HUMAN,NTF3_HUMAN
1433G_HUMAN,RT15_HUMAN
1433G_HUMAN,FCERA_HUMAN
1433G_HUMAN,PCGF1_HUMAN
1433G_HUMAN,RAB34_HUMAN
1433G_HUMAN,K7ER80_HUMAN
1433G_HUMAN,TRI40_HUMAN
1433G_HUMAN,SNF8_HUMAN
1433G_HUMAN,ZFN2B_HUMAN
1433G_HUMAN,FGFP3_HUMAN
1433G_HUMAN,RHOU_HUMAN
BRSK1_HUMAN,A4FUA6_HUMAN
BRSK1_HUMAN,NALD2_HUMAN
BRSK1_HUMAN,A0A024RCS3_HUMAN
BRSK1_HUMAN,A0A384MDW3_HUMAN
BRSK1_HUMAN,C9JMN1_HUMAN
BRSK1_HUMAN,POLI_HUMAN
BRSK1_HUMAN,DRC1_HUMAN
BRSK1_HUMAN,A3RJH1_HUMAN
BRSK1_HUMAN,RASEF_HUMAN
BRSK1_HUMAN,DDX1_HUMAN
BRSK1_HUMAN,DCLK1_HUMAN
BRSK1_HUMAN,KS6A3_HUMAN
BRSK1_HUMAN,DAXX_HUMAN
BRSK1_HUMAN,NALDL_HUMAN
BRSK1_HUMAN,ABCD2_HUMAN
BRSK1_HUMAN,FCSD2_HUMAN
BRSK1_HUMAN,DTX3L_HUMAN
DCK_HUMAN,A0A024RA31_HUMAN
DCK_HUMAN,A0A024RDS4_HUMAN
DCK_HUMAN,A0A654IBS8_HUMAN
DCK_HUMAN,A0A087WTR9_HUMAN
DCK_HUMAN,A0A2R8Y6M7_HUMAN
DCK_HUMAN,A0A087WUI2_HUMAN
DCK_HUMAN,A0A0A0MTI6_HUMAN
DCK_HUMAN,A0A140VJG8_HUMAN
DCK_HUMAN,A0A0S2Z595_HUMAN
DCK_HUMAN,SMIP6_HUMAN
DCK_HUMAN,Q96B60_HUMAN
DCK_HUMAN,A8K401_HUMAN
DCK_HUMAN,A0A1V0E3P2_HUMAN
DCK_HUMAN,A0A140VJT2_HUMAN
DCK_HUMAN,A0A0S2Z504_HUMAN
DCK_HUMAN,H0Y8J6_HUMAN
DCK_HUMAN,A0A2R8Y883_HUMAN
DCK_HUMAN,A0A2R8Y687_HUMAN
DCK_HUMAN,A0A0C4DG30_HUMAN
DCK_HUMAN,A0A140VK08_HUMAN
DCK_HUMAN,C9JXJ9_HUMAN
DCK_HUMAN,A0A1U9X845_HUMAN
DCK_HUMAN,A0A2R8YCX2_HUMAN
DCK_HUMAN,A0A1B0GXL9_HUMAN
DCK_HUMAN,E7ETB4_HUMAN
DCK_HUMAN,A0A2R8Y4S2_HUMAN
DCK_HUMAN,E7EU94_HUMAN
DCK_HUMAN,A0A669KBL4_HUMAN
DCK_HUMAN,KLK2_HUMAN
DCK_HUMAN,B1APM4_HUMAN
DCK_HUMAN,A0A7I2V3K7_HUMAN
DCK_HUMAN,A0A804HKK3_HUMAN
DCK_HUMAN,A0A7I2YQD6_HUMAN
DCK_HUMAN,A0A7I2V648_HUMAN
DCK_HUMAN,H7C270_HUMAN
DCK_HUMAN,A0A804HJC1_HUMAN
DCK_HUMAN,A0A804HKL7_HUMAN
DCK_HUMAN,A0A7P0TAQ0_HUMAN
DCK_HUMAN,A0A8I5KVP8_HUMAN
DCK_HUMAN,KCNRG_HUMAN
DCK_HUMAN,A0A8I5QKT8_HUMAN
DCK_HUMAN,EMC3_HUMAN
DCK_HUMAN,B8ZZI5_HUMAN
DCK_HUMAN,A0A8I5KUR2_HUMAN
DCK_HUMAN,A2AAZ6_HUMAN
DCK_HUMAN,J3KPD3_HUMAN
DCK_HUMAN,ABT1_HUMAN
DCK_HUMAN,A8MZ84_HUMAN
DCK_HUMAN,B0S8I6_HUMAN
DCK_HUMAN,C9JMJ4_HUMAN
DCK_HUMAN,E9PRL6_HUMAN
DCK_HUMAN,B1AKB4_HUMAN
DCK_HUMAN,B8ZZZ0_HUMAN
DCK_HUMAN,J3KPE3_HUMAN
DCK_HUMAN,DPH6_HUMAN
DCK_HUMAN,CAH7_HUMAN
DCK_HUMAN,E9PN18_HUMAN
DCK_HUMAN,C9J3R0_HUMAN
DCK_HUMAN,E9PMH2_HUMAN
DCK_HUMAN,BBC3B_HUMAN
DCK_HUMAN,B9ZVU2_HUMAN
DCK_HUMAN,E5RJZ9_HUMAN
DCK_HUMAN,CALB2_HUMAN
DCK_HUMAN,RSPO1_HUMAN
DCK_HUMAN,CAH3_HUMAN
DCK_HUMAN,INMT_HUMAN
DCK_HUMAN,HEM4_HUMAN
DCK_HUMAN,CABP8_HUMAN
DCK_HUMAN,H7C3G0_HUMAN
DCK_HUMAN,CEL2B_HUMAN
DCK_HUMAN,DHR11_HUMAN
DCK_HUMAN,CEL3B_HUMAN
DCK_HUMAN,F8WAN0_HUMAN
DCK_HUMAN,CTDS2_HUMAN
DCK_HUMAN,CD82_HUMAN
DCK_HUMAN,CDCA3_HUMAN
DCK_HUMAN,CTRL_HUMAN
DCK_HUMAN,H7BYZ9_HUMAN
DCK_HUMAN,E9PB61_HUMAN
DCK_HUMAN,F5H8H3_HUMAN
DCK_HUMAN,CTRB1_HUMAN
DCK_HUMAN,D6REL8_HUMAN
DCK_HUMAN,CTRB2_HUMAN
DCK_HUMAN,M0QYP8_HUMAN
DCK_HUMAN,CD27_HUMAN
DCK_HUMAN,D6REZ7_HUMAN
DCK_HUMAN,CXB5_HUMAN
DCK_HUMAN,DRGX_HUMAN
DCK_HUMAN,H0YL98_HUMAN
DCK_HUMAN,H0Y8G5_HUMAN
DCK_HUMAN,M0QX73_HUMAN
DCK_HUMAN,E9PQA6_HUMAN
DCK_HUMAN,KLK1_HUMAN
DCK_HUMAN,HMX2_HUMAN
DCK_HUMAN,ENOPH_HUMAN
DCK_HUMAN,H0YD48_HUMAN
DCK_HUMAN,ELF5_HUMAN
DCK_HUMAN,H0Y6T6_HUMAN
DCK_HUMAN,A0A024RAZ8_HUMAN
DCK_HUMAN,H7BXZ1_HUMAN
CAH2_HUMAN,R4GMN4_HUMAN
CAH2_HUMAN,HAPR2_HUMAN
CAH2_HUMAN,F2Z2Y4_HUMAN
CAH2_HUMAN,I3L1N0_HUMAN
CAH2_HUMAN,H7C433_HUMAN
CAH2_HUMAN,G5E9G9_HUMAN
CAH2_HUMAN,F5CTF3_HUMAN
CAH2_HUMAN,HXD12_HUMAN
CAH2_HUMAN,H7BZ74_HUMAN
CAH2_HUMAN,I3L3X5_HUMAN
CAH2_HUMAN,IL40_HUMAN
CAH2_HUMAN,J3KQY3_HUMAN
CAH2_HUMAN,USB1_HUMAN
CAH2_HUMAN,K7EL20_HUMAN
CAH2_HUMAN,PCS1N_HUMAN
CAH2_HUMAN,LASP1_HUMAN
CAH2_HUMAN,NEUL3_HUMAN
CAH2_HUMAN,ICAM4_HUMAN
CAH2_HUMAN,NRM_HUMAN
CAH2_HUMAN,M0QXK0_HUMAN
CAH2_HUMAN,ZN524_HUMAN
CAH2_HUMAN,KR105_HUMAN
CAH2_HUMAN,KCTD2_HUMAN
CAH2_HUMAN,OLIG3_HUMAN
CAH2_HUMAN,LENG1_HUMAN
CAH2_HUMAN,M0R3C2_HUMAN
CAH2_HUMAN,M0QXU7_HUMAN
CAH2_HUMAN,OVOL1_HUMAN
CAH2_HUMAN,NSE1_HUMAN
CAH2_HUMAN,MMP26_HUMAN
CAH2_HUMAN,E9PLS9_HUMAN
CAH2_HUMAN,NGN2_HUMAN
CAH2_HUMAN,NKX22_HUMAN
CAH2_HUMAN,G3V328_HUMAN
CAH2_HUMAN,H7C579_HUMAN
CAH2_HUMAN,WBP1_HUMAN
CAH2_HUMAN,M0QZS6_HUMAN
CAH2_HUMAN,PSMG2_HUMAN
CAH2_HUMAN,M0R3J3_HUMAN
CAH2_HUMAN,PSB10_HUMAN
CAH2_HUMAN,Q31604_HUMAN
CAH2_HUMAN,H0YDK2_HUMAN
CAH2_HUMAN,A0A8I5KQ63_HUMAN
CAH2_HUMAN,P3IP1_HUMAN
CAH2_HUMAN,MYOZ2_HUMAN
CAH2_HUMAN,E9PMV8_HUMAN
CAH2_HUMAN,Q3LGB0_HUMAN
CAH2_HUMAN,RTP1_HUMAN
CAH2_HUMAN,Q5QPM7_HUMAN
CAH2_HUMAN,Q6ICR9_HUMAN
CAH2_HUMAN,CXB6_HUMAN
CAH2_HUMAN,Q5TDE8_HUMAN
CAH2_HUMAN,RIMS4_HUMAN
CAH2_HUMAN,RHES_HUMAN
CAH2_HUMAN,CSN7B_HUMAN
CAH2_HUMAN,ANR45_HUMAN
CAH2_HUMAN,Q9BV00_HUMAN
CAH2_HUMAN,SAST_HUMAN
CAH2_HUMAN,X5CKE2_HUMAN
CAH2_HUMAN,T176B_HUMAN
CAH2_HUMAN,H3BNL6_HUMAN
CAH2_HUMAN,SPD11_HUMAN
CAH2_HUMAN,TIPRL_HUMAN
CAH2_HUMAN,A0A0C4DGP0_HUMAN
CAH2_HUMAN,TM187_HUMAN
CAH2_HUMAN,FHR2_HUMAN
CAH2_HUMAN,TSSK3_HUMAN
CAH2_HUMAN,UPK1B_HUMAN
CAH2_HUMAN,T150A_HUMAN
CAH2_HUMAN,ZNF32_HUMAN
CAH2_HUMAN,F5H248_HUMAN
CAH2_HUMAN,ZN501_HUMAN
CAH2_HUMAN,A0A1W2PRU4_HUMAN
CAH2_HUMAN,K7EP97_HUMAN
CAH2_HUMAN,A0A384MDP7_HUMAN
CAH2_HUMAN,CEAM7_HUMAN
CAH2_HUMAN,A0A5F9ZHJ1_HUMAN
CAH2_HUMAN,Q5T8F0_HUMAN
CAH2_HUMAN,C9JEG3_HUMAN
CAH2_HUMAN,D6RAC2_HUMAN
CAH2_HUMAN,ZN664_HUMAN
CAH2_HUMAN,GSX1_HUMAN
CAH2_HUMAN,A0A1W2PP27_HUMAN
CAH2_HUMAN,H0Y2X0_HUMAN
CAH2_HUMAN,F5H1Q2_HUMAN
CAH2_HUMAN,I3L1Q3_HUMAN
CAH2_HUMAN,ZDH21_HUMAN
CAH2_HUMAN,GRAK_HUMAN
CAH2_HUMAN,K7EIH8_HUMAN
CAH2_HUMAN,E9PI41_HUMAN
CAH2_HUMAN,RSPO3_HUMAN
CAH2_HUMAN,RN208_HUMAN
CAH2_HUMAN,H3BNS4_HUMAN
CAH2_HUMAN,NUBP2_HUMAN
CAH2_HUMAN,M0R2Q4_HUMAN
CAH2_HUMAN,SPSB4_HUMAN
CAH2_HUMAN,SPRE_HUMAN
CAH2_HUMAN,EAF2_HUMAN
CAH2_HUMAN,C9J1W3_HUMAN
CAH2_HUMAN,CHODL_HUMAN
DHR11_HUMAN,A0A6Q8PFF8_HUMAN
DHR11_HUMAN,RS4Y1_HUMAN
DHR11_HUMAN,DRB4_HUMAN
DHR11_HUMAN,HXB5_HUMAN
DHR11_HUMAN,A0A0S2Z355_HUMAN
DHR11_HUMAN,C9JAG2_HUMAN
DHR11_HUMAN,H0Y4T4_HUMAN
DHR11_HUMAN,C9K020_HUMAN
DHR11_HUMAN,MMTA2_HUMAN
DHR11_HUMAN,NNMT_HUMAN
DHR11_HUMAN,J3QRM1_HUMAN
DHR11_HUMAN,CENPK_HUMAN
DHR11_HUMAN,B4E127_HUMAN
DHR11_HUMAN,H3BTA2_HUMAN
DHR11_HUMAN,A0A654ICK0_HUMAN
DHR11_HUMAN,KLK8_HUMAN
DHR11_HUMAN,CXB4_HUMAN
DHR11_HUMAN,C9JAM8_HUMAN
DHR11_HUMAN,C9JIJ7_HUMAN
DHR11_HUMAN,G3V3M6_HUMAN
DHR11_HUMAN,RBM7_HUMAN
DHR11_HUMAN,CUTC_HUMAN
DHR11_HUMAN,D9ZGF1_HUMAN
DHR11_HUMAN,TARM1_HUMAN
DHR11_HUMAN,Q53XR2_HUMAN
DHR11_HUMAN,Q5QPE5_HUMAN
DHR11_HUMAN,HXA5_HUMAN
DHR11_HUMAN,COMT_HUMAN
DHR11_HUMAN,CEBPD_HUMAN
DHR11_HUMAN,A0A494C0W5_HUMAN
DHR11_HUMAN,C9JVB2_HUMAN
DHR11_HUMAN,B1AKM6_HUMAN
DHR11_HUMAN,PHOP1_HUMAN
DHR11_HUMAN,B4DM51_HUMAN
DHR11_HUMAN,U3KQ96_HUMAN
DHR11_HUMAN,TMM70_HUMAN
DHR11_HUMAN,A0A1W2PNM1_HUMAN
DHR11_HUMAN,C9JWG6_HUMAN
DHR11_HUMAN,DRB5_HUMAN
DHR11_HUMAN,CXB3_HUMAN
DHR11_HUMAN,K7ENU5_HUMAN
DHR11_HUMAN,A0A8I5KS17_HUMAN
DHR11_HUMAN,G5E9R9_HUMAN
DHR11_HUMAN,COQ4_HUMAN
DHR11_HUMAN,NFAM1_HUMAN
DHR11_HUMAN,RS4X_HUMAN
DHR11_HUMAN,A0A6Q8PH27_HUMAN
DHR11_HUMAN,F8VVQ3_HUMAN
DHR11_HUMAN,F5H5C0_HUMAN
DHR11_HUMAN,KITM_HUMAN
DHR11_HUMAN,E7EMT0_HUMAN
DHR11_HUMAN,KLK3_HUMAN
DHR11_HUMAN,GATD1_HUMAN
DHR11_HUMAN,J3KT43_HUMAN
DHR11_HUMAN,Q5QPD4_HUMAN
DHR11_HUMAN,SMUG1_HUMAN
DHR11_HUMAN,DNJC9_HUMAN
DHR11_HUMAN,E7EUT5_HUMAN
DHR11_HUMAN,CPNS1_HUMAN
DHR11_HUMAN,IOD2_HUMAN
DHR11_HUMAN,PLGRF_HUMAN
DHR11_HUMAN,PRDX4_HUMAN
DHR11_HUMAN,J3QLD4_HUMAN
DHR11_HUMAN,A0A087WV67_HUMAN
DHR11_HUMAN,RFXK_HUMAN
DHR11_HUMAN,H3BT65_HUMAN
DHR11_HUMAN,CAH1_HUMAN
DHR11_HUMAN,DQB2_HUMAN
DHR11_HUMAN,E9PD43_HUMAN
DHR11_HUMAN,TMIG1_HUMAN
DHR11_HUMAN,ITM2B_HUMAN
DHR11_HUMAN,AL14E_HUMAN
DHR11_HUMAN,A0A6Q8PH97_HUMAN
DHR11_HUMAN,IL33_HUMAN
DHR11_HUMAN,H7C3J3_HUMAN
DHR11_HUMAN,A0A0S2Z4V5_HUMAN
DHR11_HUMAN,APH1A_HUMAN
DHR11_HUMAN,EAF1_HUMAN
DHR11_HUMAN,COX3_HUMAN
DHR11_HUMAN,R4GND3_HUMAN
DHR11_HUMAN,H7C3M2_HUMAN
DHR11_HUMAN,M0QXB5_HUMAN
DHR11_HUMAN,A0A0D9SFX4_HUMAN
DHR11_HUMAN,A0A024R3B0_HUMAN
DHR11_HUMAN,DQB1_HUMAN
DHR11_HUMAN,PSA4_HUMAN
DHR11_HUMAN,B5MCW2_HUMAN
DHR11_HUMAN,ELOV3_HUMAN
DHR11_HUMAN,A0A2R8Y4Y0_HUMAN
DHR11_HUMAN,A0A140VK46_HUMAN
DHR11_HUMAN,ELP6_HUMAN
DHR11_HUMAN,DRAM2_HUMAN
DHR11_HUMAN,ZCHC9_HUMAN
DHR11_HUMAN,F8W895_HUMAN
DHR11_HUMAN,I3L4A4_HUMAN
DHR11_HUMAN,CL12A_HUMAN
DHR11_HUMAN,F5GWG3_HUMAN
DHR11_HUMAN,PSMF1_HUMAN
DHR11_HUMAN,EGFL7_HUMAN
DHR11_HUMAN,SRPRB_HUMAN
ACER2_HUMAN,A0A087WXR7_HUMAN
ACER2_HUMAN,B4E1K5_HUMAN
ACER2_HUMAN,A0A087WYF8_HUMAN
ACER2_HUMAN,A0A024RCV5_HUMAN
ACER2_HUMAN,A0A087WZJ6_HUMAN
ACER2_HUMAN,A0A0S2Z3K8_HUMAN
ACER2_HUMAN,Q53FM2_HUMAN
ACER2_HUMAN,A0A0A0MR02_HUMAN
ACER2_HUMAN,A0A0S2Z591_HUMAN
ACER2_HUMAN,HMGN5_HUMAN
ACER2_HUMAN,A0A1B0GTE9_HUMAN
ACER2_HUMAN,C9JQZ4_HUMAN
ACER2_HUMAN,A0A2R8Y761_HUMAN
ACER2_HUMAN,A0A1B0GTP1_HUMAN
ACER2_HUMAN,A0A1W2PRA8_HUMAN
ACER2_HUMAN,A0A3B3IRT8_HUMAN
ACER2_HUMAN,A0A7P0TA25_HUMAN
ACER2_HUMAN,A0A494C0X0_HUMAN
ACER2_HUMAN,A0A494C0Y9_HUMAN
ACER2_HUMAN,A0A7P0T989_HUMAN
ACER2_HUMAN,A0A7P0T9N1_HUMAN
ACER2_HUMAN,A0A7P0TB55_HUMAN
ACER2_HUMAN,CES1P_HUMAN
ACER2_HUMAN,A0A8I5KT03_HUMAN
ACER2_HUMAN,A0A804HJL2_HUMAN
ACER2_HUMAN,A8K015_HUMAN
ACER2_HUMAN,H7BZL4_HUMAN
ACER2_HUMAN,A0A1W2PNS7_HUMAN
ACER2_HUMAN,C9JEB6_HUMAN
ACER2_HUMAN,NTM1B_HUMAN
ACER2_HUMAN,A0A8I5KSR3_HUMAN
ACER2_HUMAN,AB17B_HUMAN
ACER2_HUMAN,BATF2_HUMAN
ACER2_HUMAN,BEND6_HUMAN
ACER2_HUMAN,B1AQP1_HUMAN
ACER2_HUMAN,ASB13_HUMAN
ACER2_HUMAN,ACER1_HUMAN
ACER2_HUMAN,G3XAA5_HUMAN
ACER2_HUMAN,B3KPY8_HUMAN
ACER2_HUMAN,D6R9P3_HUMAN
ACER2_HUMAN,A0A7P0TBB5_HUMAN
ACER2_HUMAN,ASB8_HUMAN
ACER2_HUMAN,B4DGW0_HUMAN
ACER2_HUMAN,BTLA_HUMAN
ACER2_HUMAN,B3KT61_HUMAN
ACER2_HUMAN,GTPB8_HUMAN
ACER2_HUMAN,C9IZN7_HUMAN
ACER2_HUMAN,CLC1A_HUMAN
ACER2_HUMAN,C1QT6_HUMAN
ACER2_HUMAN,C9JWW9_HUMAN
ACER2_HUMAN,TRYB2_HUMAN
ACER2_HUMAN,D3YTC8_HUMAN
ACER2_HUMAN,VTCN1_HUMAN
ACER2_HUMAN,AT1B3_HUMAN
ACER2_HUMAN,CD37_HUMAN
ACER2_HUMAN,CIP1_HUMAN
ACER2_HUMAN,NKX62_HUMAN
ACER2_HUMAN,3HAO_HUMAN
ACER2_HUMAN,DDAH2_HUMAN
ACER2_HUMAN,H0YHQ7_HUMAN
ACER2_HUMAN,GPN3_HUMAN
ACER2_HUMAN,CMA1D_HUMAN
ACER2_HUMAN,D6REW7_HUMAN
ACER2_HUMAN,KR101_HUMAN
ACER2_HUMAN,E9PIB2_HUMAN
ACER2_HUMAN,CCG5_HUMAN
ACER2_HUMAN,CNPY3_HUMAN
ACER2_HUMAN,CMI2B_HUMAN
ACER2_HUMAN,D6RD18_HUMAN
ACER2_HUMAN,V9HW40_HUMAN
ACER2_HUMAN,D6RDB0_HUMAN
ACER2_HUMAN,DNAS1_HUMAN
ACER2_HUMAN,E7EN72_HUMAN
ACER2_HUMAN,F5GYR3_HUMAN
ACER2_HUMAN,E9PMA0_HUMAN
ACER2_HUMAN,DPH5_HUMAN
ACER2_HUMAN,E7ERK2_HUMAN
ACER2_HUMAN,E7ESX0_HUMAN
ACER2_HUMAN,F6WIT2_HUMAN
ACER2_HUMAN,E9PAZ4_HUMAN
ACER2_HUMAN,E9PMU0_HUMAN
ACER2_HUMAN,F6WLT2_HUMAN
ACER2_HUMAN,E9PPM8_HUMAN
ACER2_HUMAN,J3KQJ3_HUMAN
ACER2_HUMAN,F6WQW2_HUMAN
ACER2_HUMAN,H3BMM9_HUMAN
ACER2_HUMAN,F170B_HUMAN
ACER2_HUMAN,GPT11_HUMAN
ACER2_HUMAN,LBX1_HUMAN
ACER2_HUMAN,H3BVD1_HUMAN
ACER2_HUMAN,F8VP89_HUMAN
ACER2_HUMAN,FHL3_HUMAN
ACER2_HUMAN,GNPI2_HUMAN
ACER2_HUMAN,A0A0A0MRR5_HUMAN
ACER2_HUMAN,KCTD7_HUMAN
ACER2_HUMAN,F8W733_HUMAN
ACER2_HUMAN,G5EA50_HUMAN
ACER2_HUMAN,HXC12_HUMAN
ACER2_HUMAN,H0Y8W7_HUMAN
ACER2_HUMAN,H7C2I4_HUMAN
PMGE_HUMAN,Q5T5I6_HUMAN
PMGE_HUMAN,H0YAC8_HUMAN
PMGE_HUMAN,MIC27_HUMAN
PMGE_HUMAN,SRS10_HUMAN
PMGE_HUMAN,PSA1_HUMAN
PMGE_HUMAN,Q5SSK0_HUMAN
PMGE_HUMAN,PLPP5_HUMAN
PMGE_HUMAN,SLBP_HUMAN
PMGE_HUMAN,EXOS6_HUMAN
PMGE_HUMAN,MT21C_HUMAN
PMGE_HUMAN,SIAH3_HUMAN
PMGE_HUMAN,CALB1_HUMAN
PMGE_HUMAN,PENK_HUMAN
PMGE_HUMAN,RL7A_HUMAN
PMGE_HUMAN,HXC9_HUMAN
PMGE_HUMAN,I15RA_HUMAN
PMGE_HUMAN,TLCD2_HUMAN
PMGE_HUMAN,RFA4_HUMAN
PMGE_HUMAN,TNNT3_HUMAN
PMGE_HUMAN,PSB4_HUMAN
PMGE_HUMAN,CAPZB_HUMAN
PMGE_HUMAN,CAH2_HUMAN
PMGE_HUMAN,KCD21_HUMAN
PMGE_HUMAN,UBXN8_HUMAN
PMGE_HUMAN,DCK_HUMAN
PMGE_HUMAN,HXA9_HUMAN
PMGE_HUMAN,ZDH22_HUMAN
PMGE_HUMAN,D6RC15_HUMAN
PMGE_HUMAN,CENPQ_HUMAN
PMGE_HUMAN,PSB5_HUMAN
PMGE_HUMAN,V9GY97_HUMAN
PMGE_HUMAN,Q4W5J1_HUMAN
PMGE_HUMAN,UCK2_HUMAN
PMGE_HUMAN,SNX11_HUMAN
PMGE_HUMAN,DPM1_HUMAN
PMGE_HUMAN,CCDC3_HUMAN
PMGE_HUMAN,MED8_HUMAN
PMGE_HUMAN,STX7_HUMAN
PMGE_HUMAN,Q15795_HUMAN
PMGE_HUMAN,CH25H_HUMAN
PMGE_HUMAN,COLI_HUMAN
PMGE_HUMAN,AAKB2_HUMAN
PMGE_HUMAN,CPSF4_HUMAN
PMGE_HUMAN,ETKMT_HUMAN
PMGE_HUMAN,RS3A_HUMAN
PMGE_HUMAN,DRB3_HUMAN
PMGE_HUMAN,CDX1_HUMAN
PMGE_HUMAN,RITA1_HUMAN
PMGE_HUMAN,TAZ_HUMAN
PMGE_HUMAN,SRSF5_HUMAN
PMGE_HUMAN,PIPNA_HUMAN
PMGE_HUMAN,NKX63_HUMAN
PMGE_HUMAN,PEDS1_HUMAN
PMGE_HUMAN,EMC10_HUMAN
PMGE_HUMAN,PAQRA_HUMAN
PMGE_HUMAN,COL11_HUMAN
PMGE_HUMAN,GLIP1_HUMAN
PMGE_HUMAN,AN32E_HUMAN
PMGE_HUMAN,SURF4_HUMAN
PMGE_HUMAN,CCSAP_HUMAN
PMGE_HUMAN,AAKB1_HUMAN
PMGE_HUMAN,RELL1_HUMAN
PMGE_HUMAN,ITM2C_HUMAN
PMGE_HUMAN,SPIN1_HUMAN
PMGE_HUMAN,PIPNB_HUMAN
PMGE_HUMAN,CAVN3_HUMAN
PMGE_HUMAN,MPZL1_HUMAN
PMGE_HUMAN,DPA1_HUMAN
PMGE_HUMAN,LHPP_HUMAN
PMGE_HUMAN,MMP7_HUMAN
PMGE_HUMAN,GPM6B_HUMAN
PMGE_HUMAN,TRAR1_HUMAN
PMGE_HUMAN,AQP11_HUMAN
PMGE_HUMAN,CCHL_HUMAN
PMGE_HUMAN,RRFM_HUMAN
PMGE_HUMAN,SLAP2_HUMAN
PMGE_HUMAN,IL2RA_HUMAN
PMGE_HUMAN,ERP29_HUMAN
PMGE_HUMAN,TMIG3_HUMAN
PMGE_HUMAN,RM10_HUMAN
PMGE_HUMAN,Q9UIR2_HUMAN
PMGE_HUMAN,BAMBI_HUMAN
PMGE_HUMAN,DMA_HUMAN
PMGE_HUMAN,HCD2_HUMAN
PMGE_HUMAN,LAPM5_HUMAN
PMGE_HUMAN,RPP30_HUMAN
PMGE_HUMAN,DHB14_HUMAN
PMGE_HUMAN,TM192_HUMAN
PMGE_HUMAN,PLPP4_HUMAN
PMGE_HUMAN,PCNA_HUMAN
PMGE_HUMAN,ATF1_HUMAN
PMGE_HUMAN,CITE2_HUMAN
PMGE_HUMAN,AQP2_HUMAN
PMGE_HUMAN,AQP8_HUMAN
PMGE_HUMAN,MSX2_HUMAN
PMGE_HUMAN,LAT_HUMAN
PMGE_HUMAN,RAB36_HUMAN
PMGE_HUMAN,TSN14_HUMAN
PMGE_HUMAN,ACER3_HUMAN
PMGE_HUMAN,AEDO_HUMAN
TRMB_HUMAN,CLM1_HUMAN
TRMB_HUMAN,A0A140VJZ5_HUMAN
TRMB_HUMAN,K7ENA8_HUMAN
TRMB_HUMAN,A0A8J9C2I7_HUMAN
TRMB_HUMAN,ARY1_HUMAN
TRMB_HUMAN,ARY2_HUMAN
TRMB_HUMAN,B7Z596_HUMAN
TRMB_HUMAN,E9PGY2_HUMAN
TRMB_HUMAN,CAH8_HUMAN
TRMB_HUMAN,D6RFI4_HUMAN
TRMB_HUMAN,G5E9W7_HUMAN
TRMB_HUMAN,I3L156_HUMAN
TRMB_HUMAN,J3KQW6_HUMAN
TRMB_HUMAN,H0Y732_HUMAN
TRMB_HUMAN,NRIP2_HUMAN
TRMB_HUMAN,H7C4V2_HUMAN
TRMB_HUMAN,TRA2A_HUMAN
TRMB_HUMAN,KLK11_HUMAN
TRMB_HUMAN,ICAM2_HUMAN
TRMB_HUMAN,Q5VYD6_HUMAN
TRMB_HUMAN,SPY3_HUMAN
TRMB_HUMAN,H0YIA6_HUMAN
TRMB_HUMAN,J3KR68_HUMAN
TRMB_HUMAN,TN13B_HUMAN
TRMB_HUMAN,IBPL1_HUMAN
TRMB_HUMAN,J3QT28_HUMAN
TRMB_HUMAN,KLF13_HUMAN
TRMB_HUMAN,ST4A1_HUMAN
TRMB_HUMAN,RASD1_HUMAN
TRMB_HUMAN,H7C1M5_HUMAN
TRMB_HUMAN,KRA54_HUMAN
TRMB_HUMAN,K7ER96_HUMAN
TRMB_HUMAN,M0R205_HUMAN
TRMB_HUMAN,SOX21_HUMAN
TRMB_HUMAN,KCD15_HUMAN
TRMB_HUMAN,KLK10_HUMAN
TRMB_HUMAN,KRA51_HUMAN
TRMB_HUMAN,PIANP_HUMAN
TRMB_HUMAN,CAYP1_HUMAN
TRMB_HUMAN,PRS33_HUMAN
TRMB_HUMAN,TRYB1_HUMAN
TRMB_HUMAN,M0QYH7_HUMAN
TRMB_HUMAN,STAR_HUMAN
TRMB_HUMAN,A0A087WVN4_HUMAN
TRMB_HUMAN,NECP1_HUMAN
TRMB_HUMAN,IF3M_HUMAN
TRMB_HUMAN,M0R0I5_HUMAN
TRMB_HUMAN,F6VN83_HUMAN
TRMB_HUMAN,F8VRS8_HUMAN
TRMB_HUMAN,TPGS1_HUMAN
TRMB_HUMAN,PPR3B_HUMAN
TRMB_HUMAN,NEUL2_HUMAN
TRMB_HUMAN,PRKY_HUMAN
TRMB_HUMAN,PLPHP_HUMAN
TRMB_HUMAN,A0A1W2PPJ2_HUMAN
TRMB_HUMAN,V9HW51_HUMAN
TRMB_HUMAN,H7C393_HUMAN
TRMB_HUMAN,NIPS1_HUMAN
TRMB_HUMAN,C9JTN7_HUMAN
TRMB_HUMAN,C9J3N5_HUMAN
TRMB_HUMAN,A0A384ME80_HUMAN
TRMB_HUMAN,PNMT_HUMAN
TRMB_HUMAN,PTCRA_HUMAN
TRMB_HUMAN,Q0VHD7_HUMAN
TRMB_HUMAN,SPDYC_HUMAN
TRMB_HUMAN,STX11_HUMAN
TRMB_HUMAN,DKK1_HUMAN
TRMB_HUMAN,Q59G46_HUMAN
TRMB_HUMAN,Q6Y8G5_HUMAN
TRMB_HUMAN,TTPA_HUMAN
TRMB_HUMAN,Q6FGR6_HUMAN
TRMB_HUMAN,H3BR06_HUMAN
TRMB_HUMAN,H0YCR7_HUMAN
TRMB_HUMAN,RSRP1_HUMAN
TRMB_HUMAN,UPK3A_HUMAN
TRMB_HUMAN,B7Z9X4_HUMAN
TRMB_HUMAN,SLAP1_HUMAN
TRMB_HUMAN,Q53ZZ1_HUMAN
TRMB_HUMAN,RHF2B_HUMAN
TRMB_HUMAN,SLAF9_HUMAN
TRMB_HUMAN,C9JHL4_HUMAN
TRMB_HUMAN,TLC3B_HUMAN
TRMB_HUMAN,TNR4_HUMAN
TRMB_HUMAN,V9GZ17_HUMAN
TRMB_HUMAN,H0Y6Y6_HUMAN
TRMB_HUMAN,V9HW53_HUMAN
TRMB_HUMAN,CC106_HUMAN
TRMB_HUMAN,UBX10_HUMAN
TRMB_HUMAN,V9HWH6_HUMAN
TRMB_HUMAN,A0A1W2PQ31_HUMAN
TRMB_HUMAN,T53G5_HUMAN
TRMB_HUMAN,A0A590UK63_HUMAN
TRMB_HUMAN,A0A1W2PPH0_HUMAN
TRMB_HUMAN,M0QZ09_HUMAN
TRMB_HUMAN,IPYR_HUMAN
TRMB_HUMAN,A0A494BZY8_HUMAN
TRMB_HUMAN,B8ZZJ5_HUMAN
TRMB_HUMAN,DLX5_HUMAN
TRMB_HUMAN,K7ESE0_HUMAN
TRMB_HUMAN,D6RBV3_HUMAN
RNT2_HUMAN,GRAA_HUMAN
RNT2_HUMAN,MIP_HUMAN
RNT2_HUMAN,CEL2A_HUMAN
RNT2_HUMAN,SPIB_HUMAN
RNT2_HUMAN,PNPO_HUMAN
RNT2_HUMAN,HXC4_HUMAN
RNT2_HUMAN,XBP1_HUMAN
RNT2_HUMAN,FGF5_HUMAN
RNT2_HUMAN,SPSB2_HUMAN
RNT2_HUMAN,IL1B_HUMAN
RNT2_HUMAN,SNAI2_HUMAN
RNT2_HUMAN,DMB_HUMAN
RNT2_HUMAN,I22R2_HUMAN
RNT2_HUMAN,SRS12_HUMAN
RNT2_HUMAN,MLF1_HUMAN
RNT2_HUMAN,AQP5_HUMAN
RNT2_HUMAN,FSTL3_HUMAN
RNT2_HUMAN,NDUS3_HUMAN
RNT2_HUMAN,ELOV6_HUMAN
RNT2_HUMAN,CCG6_HUMAN
RNT2_HUMAN,KLK14_HUMAN
RNT2_HUMAN,PQBP1_HUMAN
RNT2_HUMAN,ALKB2_HUMAN
RNT2_HUMAN,SNAI1_HUMAN
RNT2_HUMAN,JMJD8_HUMAN
RNT2_HUMAN,CT55_HUMAN
RNT2_HUMAN,MTX2_HUMAN
RNT2_HUMAN,SCO2_HUMAN
RNT2_HUMAN,MESP1_HUMAN
RNT2_HUMAN,AQP1_HUMAN
RNT2_HUMAN,TSN5_HUMAN
RNT2_HUMAN,ZDH12_HUMAN
RNT2_HUMAN,WBP2_HUMAN
RNT2_HUMAN,MARE1_HUMAN
RNT2_HUMAN,ELNE_HUMAN
RNT2_HUMAN,TIM29_HUMAN
RNT2_HUMAN,CD40L_HUMAN
RNT2_HUMAN,CER1_HUMAN
RNT2_HUMAN,ZN363_HUMAN
RNT2_HUMAN,PGDH_HUMAN
RNT2_HUMAN,DRB1_HUMAN
RNT2_HUMAN,MBLC1_HUMAN
RNT2_HUMAN,RM09_HUMAN
RNT2_HUMAN,PMM1_HUMAN
RNT2_HUMAN,CTDS1_HUMAN
RNT2_HUMAN,APOA1_HUMAN
RNT2_HUMAN,RAE1E_HUMAN
RNT2_HUMAN,FITM2_HUMAN
RNT2_HUMAN,DHB8_HUMAN
RNT2_HUMAN,CTRC_HUMAN
RNT2_HUMAN,RHGBB_HUMAN
RNT2_HUMAN,OSR1_HUMAN
RNT2_HUMAN,RWDD3_HUMAN
RNT2_HUMAN,ZFAN1_HUMAN
RNT2_HUMAN,TAF9_HUMAN
CBR3_HUMAN,KLF6_HUMAN
CBR3_HUMAN,T2R16_HUMAN
CBR3_HUMAN,E5RGZ4_HUMAN
CBR3_HUMAN,ASGR1_HUMAN
CBR3_HUMAN,A0A1W2PQS6_HUMAN
CBR3_HUMAN,KMCP1_HUMAN
CBR3_HUMAN,E9PAL7_HUMAN
CBR3_HUMAN,DAPP1_HUMAN
CBR3_HUMAN,ATP4B_HUMAN
CBR3_HUMAN,C9JW56_HUMAN
CBR3_HUMAN,K7EIY6_HUMAN
CBR3_HUMAN,F8VS81_HUMAN
CBR3_HUMAN,Q5JX62_HUMAN
CBR3_HUMAN,RALYL_HUMAN
CBR3_HUMAN,C9JNA8_HUMAN
CBR3_HUMAN,PHYD1_HUMAN
CBR3_HUMAN,ERGI1_HUMAN
CBR3_HUMAN,TLX3_HUMAN
CBR3_HUMAN,ERMIN_HUMAN
CBR3_HUMAN,TOMT_HUMAN
CBR3_HUMAN,RGR_HUMAN
CBR3_HUMAN,STA10_HUMAN
CBR3_HUMAN,A0A2R8YEY5_HUMAN
CBR3_HUMAN,F6TDF5_HUMAN
CBR3_HUMAN,D6RA38_HUMAN
CBR3_HUMAN,E9PJ81_HUMAN
CBR3_HUMAN,V9GY57_HUMAN
CBR3_HUMAN,E7EQX7_HUMAN
CBR3_HUMAN,H0Y8W2_HUMAN
CBR3_HUMAN,G3V3I4_HUMAN
CBR3_HUMAN,CENPV_HUMAN
CBR3_HUMAN,H0YED9_HUMAN
CBR3_HUMAN,H0YG27_HUMAN
CBR3_HUMAN,PIR_HUMAN
CBR3_HUMAN,Q5JP01_HUMAN
CBR3_HUMAN,MB12A_HUMAN
CBR3_HUMAN,X6R6X3_HUMAN
CBR3_HUMAN,A8MXL6_HUMAN
CBR3_HUMAN,FBX50_HUMAN
CBR3_HUMAN,TPM3_HUMAN
CBR3_HUMAN,KLK13_HUMAN
CBR3_HUMAN,J3QSC3_HUMAN
CBR3_HUMAN,OTU6A_HUMAN
CBR3_HUMAN,NRBF2_HUMAN
CBR3_HUMAN,RB40B_HUMAN
CBR3_HUMAN,MTAP_HUMAN
CBR3_HUMAN,PRR7_HUMAN
CBR3_HUMAN,NB5R2_HUMAN
CBR3_HUMAN,TAF1D_HUMAN
CBR3_HUMAN,A0A804HJ64_HUMAN
CBR3_HUMAN,RFXAP_HUMAN
CBR3_HUMAN,DHRS4_HUMAN
CBR3_HUMAN,UCK1_HUMAN
CBR3_HUMAN,F8VZA2_HUMAN
CBR3_HUMAN,A0A3P3ZKM0_HUMAN
CBR3_HUMAN,TXNL1_HUMAN
CBR3_HUMAN,H0YHS3_HUMAN
CBR3_HUMAN,F5GWA4_HUMAN
CBR3_HUMAN,G3V2U6_HUMAN
CBR3_HUMAN,A0A087WTN6_HUMAN
CBR3_HUMAN,A0A8I5KW44_HUMAN
CBR3_HUMAN,A6NMH8_HUMAN
CBR3_HUMAN,V9HW91_HUMAN
CBR3_HUMAN,LAIR1_HUMAN
CBR3_HUMAN,HXB13_HUMAN
CBR3_HUMAN,H7C4F8_HUMAN
CBR3_HUMAN,A0A8I5KWA9_HUMAN
CBR3_HUMAN,LAMP5_HUMAN
CBR3_HUMAN,Q5T073_HUMAN
CBR3_HUMAN,ZMAT3_HUMAN
CBR3_HUMAN,K7EL34_HUMAN
CBR3_HUMAN,SGCG_HUMAN
CBR3_HUMAN,A0A0A0MT32_HUMAN
CBR3_HUMAN,F8W8D3_HUMAN
CBR3_HUMAN,A0A0A0MTM3_HUMAN
CBR3_HUMAN,CAZA2_HUMAN
CBR3_HUMAN,A0A2U3TZT9_HUMAN
CBR3_HUMAN,E9PKH8_HUMAN
CBR3_HUMAN,C9JQV6_HUMAN
CBR3_HUMAN,EMX1_HUMAN
CBR3_HUMAN,H3BT64_HUMAN
CBR3_HUMAN,CC137_HUMAN
CBR3_HUMAN,A0A087WY55_HUMAN
CBR3_HUMAN,S4R3U6_HUMAN
CBR3_HUMAN,J3QTB1_HUMAN
CBR3_HUMAN,A0A8I5QJC1_HUMAN
CBR3_HUMAN,STX1B_HUMAN
CBR3_HUMAN,Q5JW54_HUMAN
CBR3_HUMAN,RFA2_HUMAN
CBR3_HUMAN,BOREA_HUMAN
CBR3_HUMAN,CUED2_HUMAN
CBR3_HUMAN,C9J1A8_HUMAN
CBR3_HUMAN,E9PF84_HUMAN
CBR3_HUMAN,Q549U1_HUMAN
CBR3_HUMAN,A0A090N7U2_HUMAN
CBR3_HUMAN,CLPP_HUMAN
CBR3_HUMAN,A0A8I5KTU5_HUMAN
CBR3_HUMAN,DLX3_HUMAN
CBR3_HUMAN,A0A7P0T9Y7_HUMAN
CBR3_HUMAN,TNG2_HUMAN
IMPA1_HUMAN,A0A384MEK2_HUMAN
IMPA1_HUMAN,ROGDI_HUMAN
IMPA1_HUMAN,SNRPA_HUMAN
IMPA1_HUMAN,A0A5H1ZRP5_HUMAN
IMPA1_HUMAN,F8VZ70_HUMAN
IMPA1_HUMAN,STX12_HUMAN
IMPA1_HUMAN,H0Y4X7_HUMAN
IMPA1_HUMAN,H0Y711_HUMAN
IMPA1_HUMAN,MED4_HUMAN
IMPA1_HUMAN,ARMC1_HUMAN
IMPA1_HUMAN,A0A0A0MT65_HUMAN
IMPA1_HUMAN,A0A7I2YQX0_HUMAN
IMPA1_HUMAN,A0A6Q8PG00_HUMAN
IMPA1_HUMAN,A0A0C4DGB1_HUMAN
IMPA1_HUMAN,HEXI2_HUMAN
IMPA1_HUMAN,E9KL30_HUMAN
IMPA1_HUMAN,FBSP1_HUMAN
IMPA1_HUMAN,F8VUB0_HUMAN
IMPA1_HUMAN,CENPP_HUMAN
IMPA1_HUMAN,ACBD6_HUMAN
IMPA1_HUMAN,T2EB_HUMAN
IMPA1_HUMAN,A0A0A0MQS1_HUMAN
IMPA1_HUMAN,A0A1B0GWA8_HUMAN
IMPA1_HUMAN,CF298_HUMAN
IMPA1_HUMAN,CABP4_HUMAN
IMPA1_HUMAN,CSN7A_HUMAN
IMPA1_HUMAN,VGLL4_HUMAN
IMPA1_HUMAN,PSMG1_HUMAN
IMPA1_HUMAN,PLPP2_HUMAN
IMPA1_HUMAN,TPM2_HUMAN
IMPA1_HUMAN,CAZA1_HUMAN
IMPA1_HUMAN,NIT2_HUMAN
IMPA1_HUMAN,A0A1B0GU54_HUMAN
IMPA1_HUMAN,J3QLD1_HUMAN
IMPA1_HUMAN,EXOS3_HUMAN
IMPA1_HUMAN,SIX2_HUMAN
IMPA1_HUMAN,G3V4U9_HUMAN
IMPA1_HUMAN,CYBR1_HUMAN
IMPA1_HUMAN,SIX1_HUMAN
IMPA1_HUMAN,RB40L_HUMAN
IMPA1_HUMAN,E7EVK2_HUMAN
IMPA1_HUMAN,P5CR3_HUMAN
IMPA1_HUMAN,EXOS8_HUMAN
IMPA1_HUMAN,ACER2_HUMAN
IMPA1_HUMAN,H3BTU7_HUMAN
IMPA1_HUMAN,A0A499FIY3_HUMAN
IMPA1_HUMAN,SGCD_HUMAN
IMPA1_HUMAN,VDAC3_HUMAN
IMPA1_HUMAN,A0A087WZ50_HUMAN
IMPA1_HUMAN,A3KFL2_HUMAN
IMPA1_HUMAN,A0A0S2Z382_HUMAN
IMPA1_HUMAN,B5MDG7_HUMAN
IMPA1_HUMAN,K7ENY9_HUMAN
IMPA1_HUMAN,F8VWS0_HUMAN
IMPA1_HUMAN,SCF_HUMAN
IMPA1_HUMAN,PLCA_HUMAN
IMPA1_HUMAN,H0Y714_HUMAN
IMPA1_HUMAN,J3KRR1_HUMAN
IMPA1_HUMAN,MBLC2_HUMAN
IMPA1_HUMAN,FRAT1_HUMAN
IMPA1_HUMAN,BARX2_HUMAN
IMPA1_HUMAN,H0YLG5_HUMAN
IMPA1_HUMAN,RDM1_HUMAN
IMPA1_HUMAN,IMP4_HUMAN
IMPA1_HUMAN,ATG5_HUMAN
IMPA1_HUMAN,Q5VXV3_HUMAN
IMPA1_HUMAN,RSU1_HUMAN
IMPA1_HUMAN,H0YBZ4_HUMAN
IMPA1_HUMAN,OX2G_HUMAN
IMPA1_HUMAN,TM119_HUMAN
IMPA1_HUMAN,CDIN1_HUMAN
IMPA1_HUMAN,H7C456_HUMAN
IMPA1_HUMAN,MD2BP_HUMAN
IMPA1_HUMAN,PMEPA_HUMAN
IMPA1_HUMAN,TRAR2_HUMAN
IMPA1_HUMAN,SRSF8_HUMAN
IMPA1_HUMAN,CBAR1_HUMAN
IMPA1_HUMAN,NSL1_HUMAN
IMPA1_HUMAN,OLR1_HUMAN
IMPA1_HUMAN,D6RBP0_HUMAN
IMPA1_HUMAN,CC117_HUMAN
IMPA1_HUMAN,TSNAX_HUMAN
IMPA1_HUMAN,HVCN1_HUMAN
IMPA1_HUMAN,PSB7_HUMAN
IMPA1_HUMAN,ICMT_HUMAN
IMPA1_HUMAN,LAAT1_HUMAN
IMPA1_HUMAN,METL6_HUMAN
IMPA1_HUMAN,OSCAR_HUMAN
IMPA1_HUMAN,ZWINT_HUMAN
IMPA1_HUMAN,PLPP1_HUMAN
IMPA1_HUMAN,IN35_HUMAN
IMPA1_HUMAN,NMNA1_HUMAN
IMPA1_HUMAN,ARGL1_HUMAN
IMPA1_HUMAN,EXOS7_HUMAN
IMPA1_HUMAN,H7C3G6_HUMAN
IMPA1_HUMAN,A0A2R2Y2Q3_HUMAN
IMPA1_HUMAN,FCGRB_HUMAN
IMPA1_HUMAN,RM46_HUMAN
IMPA1_HUMAN,A0A0K0K1I0_HUMAN
IMPA1_HUMAN,D9YZV4_HUMAN
DGUOK_HUMAN,A0A0S2Z4G6_HUMAN
DGUOK_HUMAN,H3BQG1_HUMAN
DGUOK_HUMAN,EF1D_HUMAN
DGUOK_HUMAN,A0A0U5J7Q1_HUMAN
DGUOK_HUMAN,D9YZV5_HUMAN
DGUOK_HUMAN,TIDC1_HUMAN
DGUOK_HUMAN,PIT1_HUMAN
DGUOK_HUMAN,ISY1_HUMAN
DGUOK_HUMAN,SAMC_HUMAN
DGUOK_HUMAN,STX2_HUMAN
DGUOK_HUMAN,TLS1_HUMAN
DGUOK_HUMAN,GPM6A_HUMAN
DGUOK_HUMAN,HAUS1_HUMAN
DGUOK_HUMAN,J3KN67_HUMAN
DGUOK_HUMAN,NT2NB_HUMAN
DGUOK_HUMAN,HAPR1_HUMAN
DGUOK_HUMAN,STOM_HUMAN
DGUOK_HUMAN,MMAC_HUMAN
DGUOK_HUMAN,ECHM_HUMAN
DGUOK_HUMAN,RNH1_HUMAN
DGUOK_HUMAN,TLX2_HUMAN
DGUOK_HUMAN,XRCC2_HUMAN
DGUOK_HUMAN,HXD8_HUMAN
DGUOK_HUMAN,NGRN_HUMAN
DGUOK_HUMAN,MARH8_HUMAN
DGUOK_HUMAN,RHXF2_HUMAN
DGUOK_HUMAN,CCS_HUMAN
DGUOK_HUMAN,IYD1_HUMAN
DGUOK_HUMAN,ODAM_HUMAN
DGUOK_HUMAN,SSRA_HUMAN
DGUOK_HUMAN,GEMI2_HUMAN
DGUOK_HUMAN,SDHB_HUMAN
DGUOK_HUMAN,ESTD_HUMAN
DGUOK_HUMAN,FCAR_HUMAN
DGUOK_HUMAN,DHRS2_HUMAN
DGUOK_HUMAN,CLN8_HUMAN
DGUOK_HUMAN,BPHL_HUMAN
DGUOK_HUMAN,MARH1_HUMAN
DGUOK_HUMAN,TOLIP_HUMAN
DGUOK_HUMAN,ENDOV_HUMAN
DGUOK_HUMAN,IBP7_HUMAN
DGUOK_HUMAN,RPP38_HUMAN
DGUOK_HUMAN,TNF10_HUMAN
DGUOK_HUMAN,XPA_HUMAN
DGUOK_HUMAN,RSPH9_HUMAN
DGUOK_HUMAN,MBD3_HUMAN
DGUOK_HUMAN,ST2A1_HUMAN
DGUOK_HUMAN,CDX4_HUMAN
DGUOK_HUMAN,SET_HUMAN
DGUOK_HUMAN,ELOV1_HUMAN
DGUOK_HUMAN,MYPR_HUMAN
DGUOK_HUMAN,A0A494C0F3_HUMAN
DGUOK_HUMAN,B4E0K5_HUMAN
DGUOK_HUMAN,PAQR4_HUMAN
DGUOK_HUMAN,FGF2_HUMAN
DGUOK_HUMAN,HUS1_HUMAN
DGUOK_HUMAN,ING2_HUMAN
DGUOK_HUMAN,A0A087WZB5_HUMAN
DGUOK_HUMAN,RAD1_HUMAN
DGUOK_HUMAN,EAPP_HUMAN
DGUOK_HUMAN,V9GYN7_HUMAN
DGUOK_HUMAN,PBIR1_HUMAN
DGUOK_HUMAN,ELOV7_HUMAN
DGUOK_HUMAN,IBP3_HUMAN
DGUOK_HUMAN,RRP7A_HUMAN
DGUOK_HUMAN,PRS57_HUMAN
DGUOK_HUMAN,ATF5_HUMAN
DGUOK_HUMAN,OVOL2_HUMAN
DGUOK_HUMAN,STX3_HUMAN
DGUOK_HUMAN,TMM53_HUMAN
DGUOK_HUMAN,BUD23_HUMAN
DGUOK_HUMAN,RPB3_HUMAN
DGUOK_HUMAN,VAX2_HUMAN
DGUOK_HUMAN,MPRD_HUMAN
DGUOK_HUMAN,ATPF2_HUMAN
DGUOK_HUMAN,CCND2_HUMAN
DGUOK_HUMAN,C1QT1_HUMAN
DGUOK_HUMAN,PLAT5_HUMAN
DGUOK_HUMAN,PD1L2_HUMAN
DGUOK_HUMAN,PKHF1_HUMAN
DGUOK_HUMAN,TM163_HUMAN
DGUOK_HUMAN,IMPA2_HUMAN
DGUOK_HUMAN,E2F6_HUMAN
DGUOK_HUMAN,COL10_HUMAN
DGUOK_HUMAN,COX11_HUMAN
DGUOK_HUMAN,CBR1_HUMAN
DGUOK_HUMAN,RL6_HUMAN
DGUOK_HUMAN,NAA80_HUMAN
DGUOK_HUMAN,TSN33_HUMAN
DGUOK_HUMAN,SLX1_HUMAN
DGUOK_HUMAN,LACB2_HUMAN
DGUOK_HUMAN,FBX27_HUMAN
DGUOK_HUMAN,MO4L2_HUMAN
DGUOK_HUMAN,IBP5_HUMAN
DGUOK_HUMAN,MARE3_HUMAN
DGUOK_HUMAN,CNOT7_HUMAN
DGUOK_HUMAN,FBX17_HUMAN
DGUOK_HUMAN,GLP3L_HUMAN
DGUOK_HUMAN,INKA1_HUMAN
DGUOK_HUMAN,NQO1_HUMAN
A7UKY0_HUMAN,KCIP2_HUMAN
A7UKY0_HUMAN,TSN17_HUMAN
A7UKY0_HUMAN,HHEX_HUMAN
A7UKY0_HUMAN,TIGAR_HUMAN
A7UKY0_HUMAN,SPI1_HUMAN
CBR1_HUMAN,TRA2B_HUMAN
CBR1_HUMAN,VP37B_HUMAN
CBR1_HUMAN,CD320_HUMAN
CBR1_HUMAN,OCAT1_HUMAN
CBR1_HUMAN,TNR14_HUMAN
CBR1_HUMAN,SPSB1_HUMAN
CBR1_HUMAN,GSH0_HUMAN
CBR1_HUMAN,TRM61_HUMAN
CBR1_HUMAN,BOLL_HUMAN
CBR1_HUMAN,SHFL_HUMAN
CBR1_HUMAN,NCTR2_HUMAN
CBR1_HUMAN,CEBPE_HUMAN
CBR1_HUMAN,PLCB_HUMAN
CBR1_HUMAN,RBM11_HUMAN
CBR1_HUMAN,PSB8_HUMAN
CBR1_HUMAN,ALKB3_HUMAN
CBR1_HUMAN,IMPA1_HUMAN
CBR1_HUMAN,MARH5_HUMAN
CBR1_HUMAN,TMIG2_HUMAN
CBR1_HUMAN,DGUOK_HUMAN
CBR1_HUMAN,GNPI1_HUMAN
CBR1_HUMAN,PHX2A_HUMAN
CBR1_HUMAN,NIPS2_HUMAN
CBR1_HUMAN,TNNT1_HUMAN
CBR1_HUMAN,DIC_HUMAN
CBR1_HUMAN,VDAC1_HUMAN
CBR1_HUMAN,PEF1_HUMAN
CBR1_HUMAN,CL12B_HUMAN
CBR1_HUMAN,MIOX_HUMAN
CBR1_HUMAN,TPM1_HUMAN
CBR1_HUMAN,TRMB_HUMAN
CBR1_HUMAN,TMX1_HUMAN
CBR1_HUMAN,PGAM5_HUMAN
CBR1_HUMAN,HES1_HUMAN
CBR1_HUMAN,UCRI_HUMAN
CBR1_HUMAN,STX1A_HUMAN
CBR1_HUMAN,APLD1_HUMAN
CBR1_HUMAN,TM41B_HUMAN
CBR1_HUMAN,TNFL6_HUMAN
CBR1_HUMAN,LYL1_HUMAN
CBR1_HUMAN,DOB_HUMAN
CBR1_HUMAN,CASP3_HUMAN
CBR1_HUMAN,HMOX1_HUMAN
CBR1_HUMAN,CXB1_HUMAN
CBR1_HUMAN,TSG6_HUMAN
CBR1_HUMAN,PHB1_HUMAN
CBR1_HUMAN,PIHD1_HUMAN
CBR1_HUMAN,OTX2_HUMAN
CBR1_HUMAN,KCMB3_HUMAN
CBR1_HUMAN,IL1A_HUMAN
CBR1_HUMAN,CCNC_HUMAN
CBR1_HUMAN,SIAH1_HUMAN
CBR1_HUMAN,FOSL1_HUMAN
CBR1_HUMAN,CBR3_HUMAN
CBR1_HUMAN,HAX1_HUMAN
CBR1_HUMAN,PDX1_HUMAN
CBR1_HUMAN,C1QBP_HUMAN
CBR1_HUMAN,ZC3H8_HUMAN
CBR1_HUMAN,FHL2_HUMAN
CBR1_HUMAN,YRDC_HUMAN
CBR1_HUMAN,TNR5_HUMAN
CBR1_HUMAN,DDAH1_HUMAN
CBR1_HUMAN,HACD1_HUMAN
CBR1_HUMAN,PP4P1_HUMAN
CBR1_HUMAN,TSSK6_HUMAN
CBR1_HUMAN,AQP6_HUMAN
CBR1_HUMAN,T106B_HUMAN
CBR1_HUMAN,PBLD_HUMAN
CBR1_HUMAN,CCG7_HUMAN
CBR1_HUMAN,NNRE_HUMAN
CBR1_HUMAN,PNPH_HUMAN
CBR1_HUMAN,PD1L1_HUMAN
CBR1_HUMAN,PDCD1_HUMAN
CBR1_HUMAN,AT1B2_HUMAN
CBR1_HUMAN,INSI1_HUMAN
CBR1_HUMAN,OTUB1_HUMAN
CBR1_HUMAN,CD80_HUMAN
CBR1_HUMAN,METL8_HUMAN
CBR1_HUMAN,MAIP1_HUMAN
CBR1_HUMAN,ARV1_HUMAN
SDHB_HUMAN,A0A2R8YCJ4_HUMAN
SDHB_HUMAN,H7C2E4_HUMAN
SDHB_HUMAN,A0A024QZT0_HUMAN
SDHB_HUMAN,GIMA6_HUMAN
SDHB_HUMAN,A0A1B0GV17_HUMAN
SDHB_HUMAN,A0A6Q8PH28_HUMAN
SDHB_HUMAN,D6R9X6_HUMAN
SDHB_HUMAN,YIF1A_HUMAN
SDHB_HUMAN,A0A7P0T900_HUMAN
SDHB_HUMAN,A0A7P0Z451_HUMAN
SDHB_HUMAN,D6RJE6_HUMAN
SDHB_HUMAN,A0A7P0TBM7_HUMAN
SDHB_HUMAN,TR13B_HUMAN
SDHB_HUMAN,OSER1_HUMAN
SDHB_HUMAN,C170L_HUMAN
SDHB_HUMAN,ELMD2_HUMAN
SDHB_HUMAN,TIG1_HUMAN
SDHB_HUMAN,DCNL4_HUMAN
SDHB_HUMAN,HNRC1_HUMAN
SDHB_HUMAN,CC033_HUMAN
SDHB_HUMAN,KR109_HUMAN
SDHB_HUMAN,F5H2E7_HUMAN
SDHB_HUMAN,RIMC1_HUMAN
SDHB_HUMAN,FRS1L_HUMAN
SDHB_HUMAN,F8VRD2_HUMAN
SDHB_HUMAN,H7C024_HUMAN
SDHB_HUMAN,HNRC2_HUMAN
SDHB_HUMAN,NKAP1_HUMAN
SDHB_HUMAN,SNAI3_HUMAN
SDHB_HUMAN,M0QYS5_HUMAN
SDHB_HUMAN,E7EQZ4_HUMAN
SDHB_HUMAN,TP8L3_HUMAN
SDHB_HUMAN,TTC1_HUMAN
SDHB_HUMAN,Q8N799_HUMAN
SDHB_HUMAN,E9PRQ7_HUMAN
SDHB_HUMAN,K7ERZ3_HUMAN
SDHB_HUMAN,E9PLI3_HUMAN
SDHB_HUMAN,J3KTE8_HUMAN
SDHB_HUMAN,H0YN81_HUMAN
SDHB_HUMAN,K7EIT8_HUMAN
SDHB_HUMAN,H0Y956_HUMAN
SDHB_HUMAN,E5RJN3_HUMAN
SDHB_HUMAN,Q53X91_HUMAN
SDHB_HUMAN,E7EWM2_HUMAN
SDHB_HUMAN,VDAC2_HUMAN
SDHB_HUMAN,GLYL2_HUMAN
SDHB_HUMAN,C9JW01_HUMAN
SDHB_HUMAN,OZF_HUMAN
SDHB_HUMAN,A0A494C012_HUMAN
SDHB_HUMAN,CLC4G_HUMAN
SDHB_HUMAN,A0A7I2V4I7_HUMAN
SDHB_HUMAN,A0A5F9ZH31_HUMAN
SDHB_HUMAN,I3L0U5_HUMAN
SDHB_HUMAN,A0A090N7W4_HUMAN
SDHB_HUMAN,MK67I_HUMAN
SDHB_HUMAN,G3V3K1_HUMAN
SDHB_HUMAN,A0A0S2Z491_HUMAN
SDHB_HUMAN,A0A0A0MT02_HUMAN
SDHB_HUMAN,DECR2_HUMAN
SDHB_HUMAN,FOXR1_HUMAN
SDHB_HUMAN,LRC38_HUMAN
SDHB_HUMAN,H0YA09_HUMAN
SDHB_HUMAN,MSMO1_HUMAN
SDHB_HUMAN,ZN346_HUMAN
SDHB_HUMAN,CDK5_HUMAN
SDHB_HUMAN,TBCD7_HUMAN
SDHB_HUMAN,LRAT1_HUMAN
SDHB_HUMAN,CCND3_HUMAN
SDHB_HUMAN,SDCB2_HUMAN
SDHB_HUMAN,NPM_HUMAN
SDHB_HUMAN,C9J674_HUMAN
SDHB_HUMAN,U3KQ69_HUMAN
SDHB_HUMAN,B4DRN8_HUMAN
SDHB_HUMAN,SMN_HUMAN
SDHB_HUMAN,TSN15_HUMAN
SDHB_HUMAN,HNMT_HUMAN
SDHB_HUMAN,AKTIP_HUMAN
SDHB_HUMAN,CXD3_HUMAN
SDHB_HUMAN,CNOT8_HUMAN
SDHB_HUMAN,SETLP_HUMAN
SDHB_HUMAN,ST1E1_HUMAN
SDHB_HUMAN,R144A_HUMAN
SDHB_HUMAN,EXOS2_HUMAN
SDHB_HUMAN,BN3D2_HUMAN
SDHB_HUMAN,RS2_HUMAN
SDHB_HUMAN,SHOX_HUMAN
SDHB_HUMAN,OTU6B_HUMAN
SDHB_HUMAN,MLEC_HUMAN
SDHB_HUMAN,CASP6_HUMAN
SDHB_HUMAN,AQP3_HUMAN
SDHB_HUMAN,KLK5_HUMAN
SDHB_HUMAN,NGBR_HUMAN
SDHB_HUMAN,SGF29_HUMAN
SDHB_HUMAN,RM19_HUMAN
SDHB_HUMAN,NANO1_HUMAN
SDHB_HUMAN,FBX6_HUMAN
SDHB_HUMAN,NT2NC_HUMAN
SDHB_HUMAN,STIMA_HUMAN
SDHB_HUMAN,ASB9_HUMAN
SDHB_HUMAN,FSAF1_HUMAN
HES1_HUMAN,DHI1_HUMAN
CHSS2_HUMAN,A0A024R1Z9_HUMAN
CHSS2_HUMAN,A0A8I5KTK5_HUMAN
CHSS2_HUMAN,LETM1_HUMAN
CHSS2_HUMAN,CAN11_HUMAN
CHSS2_HUMAN,A0A0A0MSY9_HUMAN
CHSS2_HUMAN,GTSE1_HUMAN
CHSS2_HUMAN,E9PMG1_HUMAN
CHSS2_HUMAN,A0A2R8Y5C3_HUMAN
CHSS2_HUMAN,ASTRB_HUMAN
CHSS2_HUMAN,A5D8Y1_HUMAN
CHSS2_HUMAN,ADA18_HUMAN
CHSS2_HUMAN,B4DKY1_HUMAN
CHSS2_HUMAN,A0A7I2V552_HUMAN
CHSS2_HUMAN,H0Y7L6_HUMAN
CHSS2_HUMAN,PGGHG_HUMAN
CHSS2_HUMAN,A0A0C4DFT5_HUMAN
CHSS2_HUMAN,I17RD_HUMAN
CHSS2_HUMAN,ABCBA_HUMAN
CHSS2_HUMAN,DDX50_HUMAN
CHSS2_HUMAN,SIX5_HUMAN
CHSS2_HUMAN,S26A2_HUMAN
CHSS2_HUMAN,C9JIF9_HUMAN
CHSS2_HUMAN,L7RTI5_HUMAN
CHSS2_HUMAN,COG2_HUMAN
CHSS2_HUMAN,VCAM1_HUMAN
CHSS2_HUMAN,AP4B1_HUMAN
CHSS2_HUMAN,ADDA_HUMAN
CHSS2_HUMAN,I3L0N3_HUMAN
CHSS2_HUMAN,LAR4B_HUMAN
CHSS2_HUMAN,SUZ12_HUMAN
CHSS2_HUMAN,A0A7I2V2K2_HUMAN
CHSS2_HUMAN,E9PG73_HUMAN
CHSS2_HUMAN,GYS1_HUMAN
CHSS2_HUMAN,PLOD3_HUMAN
CHSS2_HUMAN,GARS_HUMAN
CHSS2_HUMAN,KPCE_HUMAN
CHSS2_HUMAN,PROX1_HUMAN
CHSS2_HUMAN,DNER_HUMAN
CHSS2_HUMAN,TRFM_HUMAN
CHSS2_HUMAN,RED2_HUMAN
CHSS2_HUMAN,PLOD2_HUMAN
CHSS2_HUMAN,PECA1_HUMAN
CHSS2_HUMAN,DPP3_HUMAN
ABCD3_HUMAN,A0A024R2L1_HUMAN
ABCD3_HUMAN,A0A7I2V2S7_HUMAN
ABCD3_HUMAN,A0A7P0TAX2_HUMAN
ABCD3_HUMAN,A0A024RDT8_HUMAN
ABCD3_HUMAN,A0A0A0MTH5_HUMAN
ABCD3_HUMAN,A0A0A0MSU1_HUMAN
ABCD3_HUMAN,A0A0C4DG86_HUMAN
ABCD3_HUMAN,LX15B_HUMAN
ABCD3_HUMAN,A0A2R8YEL0_HUMAN
ABCD3_HUMAN,A0A0S2Z4Z0_HUMAN
ABCD3_HUMAN,A0A6Q8PGI6_HUMAN
ABCD3_HUMAN,C9JSZ1_HUMAN
ABCD3_HUMAN,A0A8I5QKM0_HUMAN
ABCD3_HUMAN,A0A0C4DH01_HUMAN
ABCD3_HUMAN,A0A0D9SFB3_HUMAN
ABCD3_HUMAN,A0A2U3TZJ9_HUMAN
ABCD3_HUMAN,A0A0S2Z4N6_HUMAN
ABCD3_HUMAN,CO9A3_HUMAN
ABCD3_HUMAN,A0A384MTS1_HUMAN
ABCD3_HUMAN,C9J0G0_HUMAN
ABCD3_HUMAN,A0A0S2Z4N5_HUMAN
ABCD3_HUMAN,F8VSE7_HUMAN
ABCD3_HUMAN,A0A140VJK6_HUMAN
ABCD3_HUMAN,TBC17_HUMAN
ABCD3_HUMAN,A0A140VJD4_HUMAN
ABCD3_HUMAN,A0A2R8YF78_HUMAN
ABCD3_HUMAN,AMER2_HUMAN
ABCD3_HUMAN,A0A2R8YCW1_HUMAN
ABCD3_HUMAN,A0A2R8YFR4_HUMAN
ABCD3_HUMAN,ODAD1_HUMAN
ABCD3_HUMAN,A0A2R8YFS5_HUMAN
ABCD3_HUMAN,A0A494C1B9_HUMAN
ABCD3_HUMAN,A0A1B0GWA2_HUMAN
ABCD3_HUMAN,E9PDM8_HUMAN
ABCD3_HUMAN,A0A669KBK2_HUMAN
ABCD3_HUMAN,A0A384MTT2_HUMAN
ABCD3_HUMAN,A0A2R8Y4A4_HUMAN
ABCD3_HUMAN,A0A5H1ZRP4_HUMAN
ABCD3_HUMAN,A0A384MQX1_HUMAN
ABCD3_HUMAN,A0A384P5G6_HUMAN
ABCD3_HUMAN,A0A7P0T8U3_HUMAN
ABCD3_HUMAN,A0A494C0W0_HUMAN
ABCD3_HUMAN,A0A499FJL1_HUMAN
ABCD3_HUMAN,A0A8I5KRC7_HUMAN
ABCD3_HUMAN,A0A499FJS7_HUMAN
ABCD3_HUMAN,A0A6Q8PGA8_HUMAN
ABCD3_HUMAN,A0A5F9YLF9_HUMAN
ABCD3_HUMAN,A0A804HL74_HUMAN
ABCD3_HUMAN,A0A8I5QKM8_HUMAN
ABCD3_HUMAN,B4DDN1_HUMAN
ABCD3_HUMAN,A0A6Q8PGP3_HUMAN
ABCD3_HUMAN,A0A7P0T893_HUMAN
ABCD3_HUMAN,A0A7P0T997_HUMAN
ABCD3_HUMAN,A0A8I5KRF4_HUMAN
ABCD3_HUMAN,H0YJA2_HUMAN
ABCD3_HUMAN,A0A7P0TAL3_HUMAN
ABCD3_HUMAN,A0A7P0TBE2_HUMAN
ABCD3_HUMAN,A0A8I5KUB8_HUMAN
ABCD3_HUMAN,B0QY64_HUMAN
ABCD3_HUMAN,BEST3_HUMAN
ABCD3_HUMAN,B4DYU2_HUMAN
ABCD3_HUMAN,LRC49_HUMAN
ABCD3_HUMAN,A2BDD9_HUMAN
ABCD3_HUMAN,A0A8I5KUZ1_HUMAN
ABCD3_HUMAN,A0A8I5KZB7_HUMAN
ABCD3_HUMAN,C9JR56_HUMAN
ABCD3_HUMAN,B4E0Y5_HUMAN
ABCD3_HUMAN,B1AHB1_HUMAN
ABCD3_HUMAN,CLASR_HUMAN
ABCD3_HUMAN,CABL1_HUMAN
ABCD3_HUMAN,SC5A9_HUMAN
ABCD3_HUMAN,BFSP1_HUMAN
ABCD3_HUMAN,F6S8Q4_HUMAN
ABCD3_HUMAN,A0A8I5KVT2_HUMAN
ABCD3_HUMAN,CRTC2_HUMAN
ABCD3_HUMAN,A0A0B4J1R2_HUMAN
ABCD3_HUMAN,AGRL4_HUMAN
ABCD3_HUMAN,FGD2_HUMAN
ABCD3_HUMAN,E9PDK2_HUMAN
ABCD3_HUMAN,AACS_HUMAN
ABCD3_HUMAN,CAN9_HUMAN
ABCD3_HUMAN,AVL9_HUMAN
ABCD3_HUMAN,SIM2_HUMAN
ABCD3_HUMAN,HUTU_HUMAN
ABCD3_HUMAN,B4DU42_HUMAN
ABCD3_HUMAN,B4DZ31_HUMAN
ABCD3_HUMAN,CTR4_HUMAN
ABCD3_HUMAN,CAN5_HUMAN
ABCD3_HUMAN,C9J406_HUMAN
ABCD3_HUMAN,D6RCD7_HUMAN
ABCD3_HUMAN,CLPT1_HUMAN
ABCD3_HUMAN,CBPZ_HUMAN
ABCD3_HUMAN,K22O_HUMAN
ABCD3_HUMAN,SO2A1_HUMAN
ABCD3_HUMAN,H0Y6F5_HUMAN
ABCD3_HUMAN,LRIT3_HUMAN
ABCD3_HUMAN,CNGA2_HUMAN
ABCD3_HUMAN,CTL3_HUMAN
ABCD3_HUMAN,DDX3Y_HUMAN
ABCD3_HUMAN,H3BUJ7_HUMAN
MTMR1_HUMAN,PACER_HUMAN
MTMR1_HUMAN,FXRD2_HUMAN
MTMR1_HUMAN,X6R5W5_HUMAN
MTMR1_HUMAN,E9PPN3_HUMAN
MTMR1_HUMAN,AGRF4_HUMAN
MTMR1_HUMAN,DDX43_HUMAN
MTMR1_HUMAN,A0A8I5KPN6_HUMAN
MTMR1_HUMAN,C4B4C6_HUMAN
MTMR1_HUMAN,GRP3_HUMAN
MTMR1_HUMAN,E9PCN2_HUMAN
MTMR1_HUMAN,EFNMT_HUMAN
MTMR1_HUMAN,ERIP6_HUMAN
MTMR1_HUMAN,DIXC1_HUMAN
MTMR1_HUMAN,EREP3_HUMAN
MTMR1_HUMAN,ECM2_HUMAN
MTMR1_HUMAN,E9PEB5_HUMAN
MTMR1_HUMAN,PPE1_HUMAN
MTMR1_HUMAN,F5H0Q6_HUMAN
MTMR1_HUMAN,H0Y7J9_HUMAN
MTMR1_HUMAN,A0A7I2PK40_HUMAN
MTMR1_HUMAN,WDTC1_HUMAN
MTMR1_HUMAN,A0A087X2G1_HUMAN
MTMR1_HUMAN,E7EMV2_HUMAN
MTMR1_HUMAN,F13B_HUMAN
MTMR1_HUMAN,F8W785_HUMAN
MTMR1_HUMAN,GALT8_HUMAN
MTMR1_HUMAN,Q5QP71_HUMAN
MTMR1_HUMAN,I3L233_HUMAN
MTMR1_HUMAN,GGT7_HUMAN
MTMR1_HUMAN,GSTCD_HUMAN
MTMR1_HUMAN,H0Y818_HUMAN
MTMR1_HUMAN,J3KSS7_HUMAN
MTMR1_HUMAN,M0R088_HUMAN
MTMR1_HUMAN,ZN133_HUMAN
MTMR1_HUMAN,F8VZ52_HUMAN
MTMR1_HUMAN,H0YI78_HUMAN
MTMR1_HUMAN,H3BSP3_HUMAN
MTMR1_HUMAN,H3BMT1_HUMAN
MTMR1_HUMAN,HUTH_HUMAN
MTMR1_HUMAN,A0A8I5KSV6_HUMAN
MTMR1_HUMAN,KCNC2_HUMAN
MTMR1_HUMAN,NOA1_HUMAN
MTMR1_HUMAN,IQCE_HUMAN
MTMR1_HUMAN,HACL2_HUMAN
MTMR1_HUMAN,I17RE_HUMAN
MTMR1_HUMAN,KIZ_HUMAN
MTMR1_HUMAN,NOL10_HUMAN
MTMR1_HUMAN,ILDR2_HUMAN
MTMR1_HUMAN,O60926_HUMAN
MTMR1_HUMAN,TBC25_HUMAN
MTMR1_HUMAN,KIF12_HUMAN
MTMR1_HUMAN,Q14830_HUMAN
MTMR1_HUMAN,KCND1_HUMAN
MTMR1_HUMAN,NF2L3_HUMAN
MTMR1_HUMAN,RHPN1_HUMAN
MTMR1_HUMAN,WDR43_HUMAN
MTMR1_HUMAN,LMBD2_HUMAN
MTMR1_HUMAN,LRCH4_HUMAN
MTMR1_HUMAN,K7EK60_HUMAN
MTMR1_HUMAN,LRC33_HUMAN
MTMR1_HUMAN,Q06AH7_HUMAN
MTMR1_HUMAN,NRX2B_HUMAN
MTMR1_HUMAN,M0QZ22_HUMAN
MTMR1_HUMAN,LRFN4_HUMAN
MTMR1_HUMAN,M0R344_HUMAN
MTMR1_HUMAN,MAMC2_HUMAN
MTMR1_HUMAN,MACOI_HUMAN
MTMR1_HUMAN,M0R3F1_HUMAN
MTMR1_HUMAN,STRBP_HUMAN
MTMR1_HUMAN,MMP24_HUMAN
MTMR1_HUMAN,PRAM_HUMAN
MTMR1_HUMAN,ZFP90_HUMAN
MTMR1_HUMAN,NOBOX_HUMAN
MTMR1_HUMAN,Q86YI5_HUMAN
MTMR1_HUMAN,SCG1_HUMAN
MTMR1_HUMAN,RP3A_HUMAN
MTMR1_HUMAN,PHLB3_HUMAN
MTMR1_HUMAN,PANX2_HUMAN
MTMR1_HUMAN,A0A087X0N3_HUMAN
MTMR1_HUMAN,UNKL_HUMAN
MTMR1_HUMAN,Q05BQ2_HUMAN
MTMR1_HUMAN,NOL4_HUMAN
MTMR1_HUMAN,Q58EZ6_HUMAN
MTMR1_HUMAN,Q5T2B5_HUMAN
MTMR1_HUMAN,SPRL1_HUMAN
MTMR1_HUMAN,Q8NBH6_HUMAN
MTMR1_HUMAN,RHG40_HUMAN
MTMR1_HUMAN,ZN418_HUMAN
MTMR1_HUMAN,SCMH1_HUMAN
MTMR1_HUMAN,ZNF23_HUMAN
MTMR1_HUMAN,ZN420_HUMAN
MTMR1_HUMAN,RHBT1_HUMAN
MTMR1_HUMAN,ZN185_HUMAN
MTMR1_HUMAN,ZNF45_HUMAN
MTMR1_HUMAN,SUGP1_HUMAN
MTMR1_HUMAN,SMAG2_HUMAN
MTMR1_HUMAN,THMS2_HUMAN
MTMR1_HUMAN,SH2B2_HUMAN
MTMR1_HUMAN,TYW4_HUMAN
MTMR1_HUMAN,SV2B_HUMAN
DUS16_HUMAN,ZMYM5_HUMAN
DUS16_HUMAN,THOP1_HUMAN
DUS16_HUMAN,UBS3B_HUMAN
DUS16_HUMAN,ZN282_HUMAN
DUS16_HUMAN,TSG10_HUMAN
DUS16_HUMAN,B7ZBM3_HUMAN
DUS16_HUMAN,SC5AB_HUMAN
DUS16_HUMAN,ZIC5_HUMAN
DUS16_HUMAN,SYBU_HUMAN
DUS16_HUMAN,NSMA2_HUMAN
DUS16_HUMAN,F5GXF0_HUMAN
DUS16_HUMAN,TECT2_HUMAN
DUS16_HUMAN,WDR70_HUMAN
DUS16_HUMAN,TNAP2_HUMAN
DUS16_HUMAN,A0A499FJM0_HUMAN
DUS16_HUMAN,A0A087WTI6_HUMAN
DUS16_HUMAN,TTL10_HUMAN
DUS16_HUMAN,X5DNI1_HUMAN
DUS16_HUMAN,TXLNB_HUMAN
DUS16_HUMAN,F8W6D9_HUMAN
DUS16_HUMAN,ZN443_HUMAN
DUS16_HUMAN,ZN254_HUMAN
DUS16_HUMAN,X6REB3_HUMAN
DUS16_HUMAN,ZN792_HUMAN
DUS16_HUMAN,A0A087WZ71_HUMAN
DUS16_HUMAN,MA1A2_HUMAN
DUS16_HUMAN,ZNF7_HUMAN
DUS16_HUMAN,ZSC32_HUMAN
DUS16_HUMAN,A0A0A0MRG2_HUMAN
DUS16_HUMAN,C9J088_HUMAN
DUS16_HUMAN,A0A8I5KPT4_HUMAN
DUS16_HUMAN,E9PHD9_HUMAN
DUS16_HUMAN,A0A0A0MSX2_HUMAN
DUS16_HUMAN,TRI47_HUMAN
DUS16_HUMAN,H0Y589_HUMAN
DUS16_HUMAN,A0A494C0X2_HUMAN
DUS16_HUMAN,A0A8J9FQ52_HUMAN
DUS16_HUMAN,B7Z4G8_HUMAN
DUS16_HUMAN,A0A2R8YD30_HUMAN
DUS16_HUMAN,ODF2L_HUMAN
DUS16_HUMAN,A0A2R8YDQ5_HUMAN
DUS16_HUMAN,ASTE1_HUMAN
DUS16_HUMAN,A0A3B3ITW3_HUMAN
DUS16_HUMAN,A0A024RDM6_HUMAN
DUS16_HUMAN,A0A8I5KQQ6_HUMAN
DUS16_HUMAN,ZCPW1_HUMAN
DUS16_HUMAN,A0A0S2Z5P5_HUMAN
DUS16_HUMAN,A0A7I2V430_HUMAN
DUS16_HUMAN,A0A669KB29_HUMAN
DUS16_HUMAN,E9PRY8_HUMAN
DUS16_HUMAN,S28A1_HUMAN
DUS16_HUMAN,HGFA_HUMAN
DUS16_HUMAN,K7EIF9_HUMAN
DUS16_HUMAN,E7EPA0_HUMAN
DUS16_HUMAN,A0A8I5KRU1_HUMAN
DUS16_HUMAN,A0A669KBC7_HUMAN
DUS16_HUMAN,TTL12_HUMAN
DUS16_HUMAN,A0A7I2YQ77_HUMAN
DUS16_HUMAN,A0A7P0T808_HUMAN
DUS16_HUMAN,E9PQP7_HUMAN
DUS16_HUMAN,A4D299_HUMAN
DUS16_HUMAN,FOXP4_HUMAN
DUS16_HUMAN,F5H6Y5_HUMAN
DUS16_HUMAN,G8JLH9_HUMAN
DUS16_HUMAN,H0YBQ0_HUMAN
DUS16_HUMAN,Q5T025_HUMAN
DUS16_HUMAN,CTR2_HUMAN
DUS16_HUMAN,PATZ1_HUMAN
DUS16_HUMAN,TRXR3_HUMAN
DUS16_HUMAN,S23A2_HUMAN
DUS16_HUMAN,Q708E9_HUMAN
DUS16_HUMAN,ZBT22_HUMAN
DUS16_HUMAN,DDX18_HUMAN
DUS16_HUMAN,A0A087WUD2_HUMAN
DUS16_HUMAN,GALC_HUMAN
DUS16_HUMAN,H0YCG0_HUMAN
DUS16_HUMAN,E7ENI1_HUMAN
DUS16_HUMAN,A0A804HIX3_HUMAN
DUS16_HUMAN,GA2L3_HUMAN
DUS16_HUMAN,DCR1C_HUMAN
DUS16_HUMAN,DGLB_HUMAN
DUS16_HUMAN,S22AH_HUMAN
DUS16_HUMAN,A0A8I5QJA6_HUMAN
DUS16_HUMAN,X6R2I3_HUMAN
DUS16_HUMAN,S6A19_HUMAN
DUS16_HUMAN,A0A804HKR1_HUMAN
DUS16_HUMAN,H3BLV9_HUMAN
DUS16_HUMAN,J3KSW2_HUMAN
DUS16_HUMAN,NEDD1_HUMAN
DUS16_HUMAN,E7ES10_HUMAN
DUS16_HUMAN,ZN143_HUMAN
DUS16_HUMAN,A0A0S2Z4Z7_HUMAN
DUS16_HUMAN,I3L1D5_HUMAN
DUS16_HUMAN,RPAP3_HUMAN
DUS16_HUMAN,E9PGB3_HUMAN
DUS16_HUMAN,A0A087WUI6_HUMAN
DUS16_HUMAN,A0A7P0Z4P5_HUMAN
DUS16_HUMAN,X6RFI8_HUMAN
DUS16_HUMAN,FLRT3_HUMAN
DUS16_HUMAN,S53A1_HUMAN
PADI2_HUMAN,A0A7P0T8C7_HUMAN
PADI2_HUMAN,A0A1W2PR06_HUMAN
PADI2_HUMAN,A0A8I5KPC0_HUMAN
PADI2_HUMAN,A0A0S2Z559_HUMAN
PADI2_HUMAN,C1QR1_HUMAN
PADI2_HUMAN,THOC1_HUMAN
PADI2_HUMAN,G3XAC1_HUMAN
PADI2_HUMAN,J3QRU8_HUMAN
PADI2_HUMAN,CJ090_HUMAN
PADI2_HUMAN,L7RSM7_HUMAN
PADI2_HUMAN,RHPN2_HUMAN
PADI2_HUMAN,L7RRS6_HUMAN
PADI2_HUMAN,NEC2_HUMAN
PADI2_HUMAN,A5X2V1_HUMAN
PADI2_HUMAN,SESD1_HUMAN
PADI2_HUMAN,AB1IP_HUMAN
PADI2_HUMAN,H3BM74_HUMAN
PADI2_HUMAN,F8W8T1_HUMAN
PADI2_HUMAN,V9HWG3_HUMAN
PADI2_HUMAN,GRP4_HUMAN
PADI2_HUMAN,F5GX24_HUMAN
PADI2_HUMAN,F5H6W4_HUMAN
PADI2_HUMAN,LRC45_HUMAN
PADI2_HUMAN,AGRE3_HUMAN
PADI2_HUMAN,A0A7P0TAE0_HUMAN
PADI2_HUMAN,C9JYB8_HUMAN
PADI2_HUMAN,A8MTE9_HUMAN
PADI2_HUMAN,CCD81_HUMAN
PADI2_HUMAN,A0A7P0T9I6_HUMAN
PADI2_HUMAN,A0A7I2V3Z1_HUMAN
PADI2_HUMAN,RECQ1_HUMAN
PADI2_HUMAN,INP5E_HUMAN
PADI2_HUMAN,J3KTM9_HUMAN
PADI2_HUMAN,ECD_HUMAN
PADI2_HUMAN,TF3B_HUMAN
PADI2_HUMAN,ANO10_HUMAN
PADI2_HUMAN,LOX12_HUMAN
PADI2_HUMAN,A0A7I2V450_HUMAN
PADI2_HUMAN,LZTS2_HUMAN
PADI2_HUMAN,AKA10_HUMAN
PADI2_HUMAN,A0A1B0GW84_HUMAN
PADI2_HUMAN,CYLC1_HUMAN
PADI2_HUMAN,FXR2_HUMAN
PADI2_HUMAN,ZN540_HUMAN
PADI2_HUMAN,A0A7I2V428_HUMAN
PADI2_HUMAN,C9JLB1_HUMAN
PADI2_HUMAN,A0A7I2V5M5_HUMAN
PADI2_HUMAN,A0A7I2YQQ9_HUMAN
PADI2_HUMAN,S6A11_HUMAN
PADI2_HUMAN,PADI3_HUMAN
PADI2_HUMAN,A0A7I2V3F3_HUMAN
PADI2_HUMAN,A0A8I5KND9_HUMAN
PADI2_HUMAN,E9PLT0_HUMAN
PADI2_HUMAN,RIOX1_HUMAN
PADI2_HUMAN,TRM1_HUMAN
PADI2_HUMAN,M0QZ43_HUMAN
PADI2_HUMAN,H0YJ34_HUMAN
PADI2_HUMAN,LSR_HUMAN
PADI2_HUMAN,MPP4_HUMAN
PADI2_HUMAN,A0A8I5KWN8_HUMAN
PADI2_HUMAN,HIF3A_HUMAN
PADI2_HUMAN,A0A5F9ZHE1_HUMAN
PADI2_HUMAN,C9JLG1_HUMAN
PADI2_HUMAN,A0A140VJD0_HUMAN
PADI2_HUMAN,A0A0S2Z4H1_HUMAN
PADI2_HUMAN,A0A024RDV9_HUMAN
PADI2_HUMAN,Q5JAM2_HUMAN
PADI2_HUMAN,F5GZ90_HUMAN
PADI2_HUMAN,D2CFK9_HUMAN
PADI2_HUMAN,HS71L_HUMAN
PADI2_HUMAN,A0A494C167_HUMAN
PADI2_HUMAN,SO1A2_HUMAN
PADI2_HUMAN,A0A7I2V4W4_HUMAN
PADI2_HUMAN,NKRF_HUMAN
PADI2_HUMAN,WBP11_HUMAN
PADI2_HUMAN,D6RBA7_HUMAN
PADI2_HUMAN,PF21A_HUMAN
PADI2_HUMAN,ARBK2_HUMAN
PADI2_HUMAN,H7C1U3_HUMAN
PADI2_HUMAN,A0A0S2Z5H3_HUMAN
PADI2_HUMAN,PDIA4_HUMAN
PADI2_HUMAN,SELO_HUMAN
PADI2_HUMAN,A0A6Q8PFA6_HUMAN
PADI2_HUMAN,TDRD3_HUMAN
PADI2_HUMAN,ABLM3_HUMAN
PADI2_HUMAN,GBP4_HUMAN
PADI2_HUMAN,NDC80_HUMAN
PADI2_HUMAN,RN207_HUMAN
PADI2_HUMAN,B4DLE4_HUMAN
PADI2_HUMAN,COPA1_HUMAN
PADI2_HUMAN,MIGA1_HUMAN
PADI2_HUMAN,A0A2R8Y6G5_HUMAN
PADI2_HUMAN,A0A1B0GWC0_HUMAN
PADI2_HUMAN,RAE2_HUMAN
PADI2_HUMAN,KAISO_HUMAN
PADI2_HUMAN,SIG10_HUMAN
PADI2_HUMAN,A0A2R8YFR9_HUMAN
PADI2_HUMAN,XPP2_HUMAN
PADI2_HUMAN,UBC_HUMAN
PADI2_HUMAN,H0Y650_HUMAN
MMP2_HUMAN,MIPT3_HUMAN
MMP2_HUMAN,PUM3_HUMAN
MMP2_HUMAN,SPG16_HUMAN
MMP2_HUMAN,G3V153_HUMAN
MMP2_HUMAN,EFCB7_HUMAN
MMP2_HUMAN,PCSK9_HUMAN
MMP2_HUMAN,FBX21_HUMAN
MMP2_HUMAN,F8W9X7_HUMAN
MMP2_HUMAN,PABP3_HUMAN
MMP2_HUMAN,E9PCH5_HUMAN
MMP2_HUMAN,HAP1_HUMAN
MMP2_HUMAN,K2C3_HUMAN
MMP2_HUMAN,DC1I1_HUMAN
MMP2_HUMAN,LRFN3_HUMAN
MMP2_HUMAN,NET4_HUMAN
MMP2_HUMAN,SF01_HUMAN
MMP2_HUMAN,B7Z574_HUMAN
MMP2_HUMAN,Q5JUY5_HUMAN
MMP2_HUMAN,PIAS3_HUMAN
MMP2_HUMAN,TPOR_HUMAN
MMP2_HUMAN,PRDM8_HUMAN
MMP2_HUMAN,VASN_HUMAN
MMP2_HUMAN,PARP6_HUMAN
MMP2_HUMAN,LRC32_HUMAN
MMP2_HUMAN,OS9_HUMAN
MMP2_HUMAN,S6A18_HUMAN
MMP2_HUMAN,ATX1L_HUMAN
MMP2_HUMAN,A0A7P0T8Z2_HUMAN
MMP2_HUMAN,X6R7H2_HUMAN
MMP2_HUMAN,PLST_HUMAN
MMP2_HUMAN,VP9D1_HUMAN
MMP2_HUMAN,CCD93_HUMAN
MMP2_HUMAN,ELL2_HUMAN
MMP2_HUMAN,A0A087X1X7_HUMAN
MMP2_HUMAN,PLSI_HUMAN
MMP2_HUMAN,MON1A_HUMAN
MMP2_HUMAN,DDX53_HUMAN
MMP2_HUMAN,MA1C1_HUMAN
MMP2_HUMAN,A0A669KBF4_HUMAN
MMP2_HUMAN,A0A6Q8PGH7_HUMAN
MMP2_HUMAN,SC5A6_HUMAN
MMP2_HUMAN,S28A3_HUMAN
MMP2_HUMAN,H0Y517_HUMAN
MMP2_HUMAN,A3F769_HUMAN
MMP2_HUMAN,F8VX10_HUMAN
MMP2_HUMAN,DACT3_HUMAN
MMP2_HUMAN,F8VZ81_HUMAN
MMP2_HUMAN,LAP2A_HUMAN
MMP2_HUMAN,A0A7P0T9L1_HUMAN
MMP2_HUMAN,E7ET49_HUMAN
MMP2_HUMAN,PADI1_HUMAN
MMP2_HUMAN,SLC31_HUMAN
MMP2_HUMAN,CRTC1_HUMAN
MMP2_HUMAN,MCMBP_HUMAN
MMP2_HUMAN,MSLN_HUMAN
MMP2_HUMAN,A0A0C4DG07_HUMAN
MMP2_HUMAN,A0A140VK13_HUMAN
MMP2_HUMAN,A0A1B0GVF3_HUMAN
MMP2_HUMAN,IT70B_HUMAN
MMP2_HUMAN,A0A1B0GTB8_HUMAN
MMP2_HUMAN,GCNA_HUMAN
MMP2_HUMAN,CEP76_HUMAN
MMP2_HUMAN,OVGP1_HUMAN
MMP2_HUMAN,SRPRA_HUMAN
MMP2_HUMAN,F8VZN8_HUMAN
MMP2_HUMAN,SYRC_HUMAN
MMP2_HUMAN,MTMR7_HUMAN
MMP2_HUMAN,A0A7P0P278_HUMAN
MMP2_HUMAN,PEO1_HUMAN
MMP2_HUMAN,S6A14_HUMAN
MMP2_HUMAN,ESRP1_HUMAN
MMP2_HUMAN,CACB2_HUMAN
MMP2_HUMAN,ZN263_HUMAN
MMP2_HUMAN,WDR26_HUMAN
MMP2_HUMAN,SP110_HUMAN
MMP2_HUMAN,A8K031_HUMAN
MMP2_HUMAN,GAB2_HUMAN
MMP2_HUMAN,B4DR62_HUMAN
MMP2_HUMAN,S27A1_HUMAN
MMP2_HUMAN,TGM4_HUMAN
MMP2_HUMAN,B4E0T2_HUMAN
MMP2_HUMAN,LMLN_HUMAN
MMP2_HUMAN,A0A6Q8PG72_HUMAN
MMP2_HUMAN,ACBG2_HUMAN
MMP2_HUMAN,PADI6_HUMAN
MMP2_HUMAN,A0A0A0MSK4_HUMAN
MMP2_HUMAN,SCFD1_HUMAN
MMP2_HUMAN,EPN3_HUMAN
MMP2_HUMAN,ZP1_HUMAN
MMP2_HUMAN,A0A0S2Z480_HUMAN
MMP2_HUMAN,A0A6Q8PGG5_HUMAN
MMP2_HUMAN,RGS9_HUMAN
MMP2_HUMAN,B4DH19_HUMAN
MMP2_HUMAN,E9PDE4_HUMAN
MMP2_HUMAN,C9J1B5_HUMAN
MMP2_HUMAN,BMX_HUMAN
MMP2_HUMAN,E7EW05_HUMAN
MMP2_HUMAN,SPART_HUMAN
MMP2_HUMAN,GPSM2_HUMAN
MMP2_HUMAN,E7EVY3_HUMAN
MTMR7_HUMAN,SDA1_HUMAN
MTMR7_HUMAN,GOG8A_HUMAN
MTMR7_HUMAN,PMGT1_HUMAN
MTMR7_HUMAN,SO1B1_HUMAN
MTMR7_HUMAN,K7ER53_HUMAN
MTMR7_HUMAN,NCPR_HUMAN
MTMR7_HUMAN,BCAM_HUMAN
MTMR7_HUMAN,A0A804C9D6_HUMAN
MTMR7_HUMAN,A0A087X2H0_HUMAN
MTMR7_HUMAN,LSG1_HUMAN
MTMR7_HUMAN,CD180_HUMAN
MTMR7_HUMAN,NUP85_HUMAN
MTMR7_HUMAN,GTPB1_HUMAN
MTMR7_HUMAN,ANGE1_HUMAN
MTMR7_HUMAN,TEC_HUMAN
MTMR7_HUMAN,ARMD3_HUMAN
MTMR7_HUMAN,NRX3B_HUMAN
MTMR7_HUMAN,A0A087X0H5_HUMAN
MTMR7_HUMAN,TM9S2_HUMAN
MTMR7_HUMAN,SAE2_HUMAN
MTMR7_HUMAN,PALS1_HUMAN
MTMR7_HUMAN,CTR1_HUMAN
MTMR7_HUMAN,AKAP8_HUMAN
MTMR7_HUMAN,UBS3A_HUMAN
MTMR7_HUMAN,CPNE7_HUMAN
MTMR7_HUMAN,MTMRE_HUMAN
MTMR7_HUMAN,RAF1_HUMAN
MTMR7_HUMAN,B4DGI9_HUMAN
MTMR7_HUMAN,HEM1_HUMAN
MTMR7_HUMAN,PAK6_HUMAN
MTMR7_HUMAN,EWS_HUMAN
MTMR7_HUMAN,TM201_HUMAN
MTMR7_HUMAN,A0A804HJB3_HUMAN
MTMR7_HUMAN,S20A1_HUMAN
MTMR7_HUMAN,PRPF3_HUMAN
MTMR7_HUMAN,PROS_HUMAN
MTMR7_HUMAN,H7BXG9_HUMAN
MTMR7_HUMAN,DMWD_HUMAN
MTMR7_HUMAN,MEX3D_HUMAN
MTMR7_HUMAN,S26A7_HUMAN
MTMR7_HUMAN,FUBP1_HUMAN
MTMR7_HUMAN,A0A804HJY9_HUMAN
MTMR7_HUMAN,A0A1C7CYX9_HUMAN
MTMR7_HUMAN,ARMC8_HUMAN
MTMR7_HUMAN,GNPAT_HUMAN
MTMR7_HUMAN,BGLR_HUMAN
MTMR7_HUMAN,GUAA_HUMAN
MTMR7_HUMAN,FOXK2_HUMAN
MTMR7_HUMAN,ACSL5_HUMAN
MTMR7_HUMAN,PTCD3_HUMAN
MTMR7_HUMAN,WDR48_HUMAN
MTMR7_HUMAN,E7EUL8_HUMAN
MTMR7_HUMAN,ACSS3_HUMAN
MTMR7_HUMAN,MASP2_HUMAN
MTMR7_HUMAN,LIRB3_HUMAN
MTMR7_HUMAN,H0Y6N5_HUMAN
MTMR7_HUMAN,HSP76_HUMAN
MTMR7_HUMAN,COAA1_HUMAN
MTMR7_HUMAN,CKAP2_HUMAN
MTMR7_HUMAN,FZD3_HUMAN
MTMR7_HUMAN,KLKB1_HUMAN
MTMR7_HUMAN,S28A2_HUMAN
MTMR7_HUMAN,CAN6_HUMAN
MTMR7_HUMAN,KALM_HUMAN
MTMR7_HUMAN,FIGL2_HUMAN
MTMR7_HUMAN,KIF22_HUMAN
MTMR7_HUMAN,SPP2C_HUMAN
MTMR7_HUMAN,MYCT_HUMAN
MTMR7_HUMAN,SCLT1_HUMAN
MTMR7_HUMAN,KTNB1_HUMAN
MTMR7_HUMAN,NPT2A_HUMAN
MTMR7_HUMAN,HNRPR_HUMAN
MTMR7_HUMAN,A0A024RDP2_HUMAN
MTMR7_HUMAN,MTA2_HUMAN
MTMR7_HUMAN,A0A669KBH2_HUMAN
MTMR7_HUMAN,EGLN_HUMAN
MTMR7_HUMAN,KCNA4_HUMAN
MTMR7_HUMAN,DREB_HUMAN
MTMR7_HUMAN,ITF2_HUMAN
MTMR7_HUMAN,KLH14_HUMAN
MTMR7_HUMAN,ALKB8_HUMAN
MTMR7_HUMAN,SRP72_HUMAN
MTMR7_HUMAN,ZN432_HUMAN
MTMR7_HUMAN,INT9_HUMAN
MTMR7_HUMAN,IDUA_HUMAN
MTMR7_HUMAN,HGNAT_HUMAN
MTMR7_HUMAN,EYA4_HUMAN
MTMR7_HUMAN,TRI18_HUMAN
MTMR7_HUMAN,NCKX2_HUMAN
MTMR7_HUMAN,F161A_HUMAN
MTMR7_HUMAN,TM214_HUMAN
MTMR7_HUMAN,PMEL_HUMAN
MTMR7_HUMAN,NUAK1_HUMAN
MTMR7_HUMAN,FAF1_HUMAN
MTMR7_HUMAN,4F2_HUMAN
MTMR7_HUMAN,BGH3_HUMAN
MTMR7_HUMAN,NAL10_HUMAN
MTMR7_HUMAN,MUC18_HUMAN
MTMR7_HUMAN,Q5JNW1_HUMAN
MTMR7_HUMAN,SCNNG_HUMAN
LOX15_HUMAN,K2C1_HUMAN
LOX15_HUMAN,JPH2_HUMAN
LOX15_HUMAN,NUFP2_HUMAN
LOX15_HUMAN,Q9UP03_HUMAN
LOX15_HUMAN,PHAR2_HUMAN
LOX15_HUMAN,PADI4_HUMAN
LOX15_HUMAN,GALT3_HUMAN
LOX15_HUMAN,CCD62_HUMAN
LOX15_HUMAN,CASP_HUMAN
LOX15_HUMAN,TMCC1_HUMAN
LOX15_HUMAN,THOC5_HUMAN
LOX15_HUMAN,APLP1_HUMAN
LOX15_HUMAN,DC1I2_HUMAN
LOX15_HUMAN,TGM3_HUMAN
LOX15_HUMAN,A0A8I5G938_HUMAN
LOX15_HUMAN,PABP4_HUMAN
LOX15_HUMAN,ZNF74_HUMAN
LOX15_HUMAN,GALT7_HUMAN
LOX15_HUMAN,HROB_HUMAN
LOX15_HUMAN,ANXA6_HUMAN
LOX15_HUMAN,RPGFL_HUMAN
LOX15_HUMAN,ATD3B_HUMAN
LOX15_HUMAN,NDC1_HUMAN
LOX15_HUMAN,ACOX2_HUMAN
LOX15_HUMAN,MPP10_HUMAN
LOX15_HUMAN,BGAL_HUMAN
LOX15_HUMAN,AK17A_HUMAN
LOX15_HUMAN,CACO1_HUMAN
LOX15_HUMAN,GGA1_HUMAN
LOX15_HUMAN,GOLI4_HUMAN
LOX15_HUMAN,PCKGM_HUMAN
LOX15_HUMAN,LRWD1_HUMAN
LOX15_HUMAN,AMPH_HUMAN
LOX15_HUMAN,MTMR2_HUMAN
LOX15_HUMAN,ZF64B_HUMAN
LOX15_HUMAN,RFIP4_HUMAN
LOX15_HUMAN,SHOT1_HUMAN
LOX15_HUMAN,NGLY1_HUMAN
LOX15_HUMAN,TBC14_HUMAN
LOX15_HUMAN,TSYL2_HUMAN
LOX15_HUMAN,ACADV_HUMAN
LOX15_HUMAN,GHR_HUMAN
LOX15_HUMAN,SPT13_HUMAN
LOX15_HUMAN,LMNA_HUMAN
LOX15_HUMAN,ABCG2_HUMAN
LOX15_HUMAN,ABCG4_HUMAN
LOX15_HUMAN,ZN202_HUMAN
LOX15_HUMAN,MTG16_HUMAN
LOX15_HUMAN,C1S_HUMAN
LOX15_HUMAN,IP3KC_HUMAN
LOX15_HUMAN,FMR1_HUMAN
LOX15_HUMAN,RFIP5_HUMAN
LOX15_HUMAN,HS71B_HUMAN
LOX15_HUMAN,CLPX_HUMAN
LOX15_HUMAN,NEXN_HUMAN
LOX15_HUMAN,ANM7_HUMAN
LOX15_HUMAN,FERM1_HUMAN
LOX15_HUMAN,P73_HUMAN
LOX15_HUMAN,RBP1_HUMAN
LOX15_HUMAN,S27A3_HUMAN
LOX15_HUMAN,AGRG1_HUMAN
LOX15_HUMAN,A0A8I5KQ45_HUMAN
LOX15_HUMAN,TNK1_HUMAN
LOX15_HUMAN,CEP72_HUMAN
LOX15_HUMAN,HTF4_HUMAN
LOX15_HUMAN,DCHS_HUMAN
LOX15_HUMAN,GCP4_HUMAN
LOX15_HUMAN,K22E_HUMAN
LOX15_HUMAN,CTCFL_HUMAN
LOX15_HUMAN,PABP1_HUMAN
LOX15_HUMAN,ZBT16_HUMAN
LOX15_HUMAN,CO9A2_HUMAN
LOX15_HUMAN,UROM_HUMAN
LOX15_HUMAN,ATF6A_HUMAN
LOX15_HUMAN,RPN2_HUMAN
LOX15_HUMAN,PPWD1_HUMAN
LOX15_HUMAN,CTL1_HUMAN
LOX15_HUMAN,SRAC1_HUMAN
LOX15_HUMAN,A0A7I2V4F2_HUMAN
LOX15_HUMAN,BRD7_HUMAN
LOX15_HUMAN,BMAL2_HUMAN
LOX15_HUMAN,PARPT_HUMAN
LOX15_HUMAN,CXXC1_HUMAN
LOX15_HUMAN,H3BRB3_HUMAN
LOX15_HUMAN,E9PC47_HUMAN
LOX15_HUMAN,MOCS1_HUMAN
LOX15_HUMAN,A0A8I5KRF7_HUMAN
LOX15_HUMAN,UTP4_HUMAN
LOX15_HUMAN,SPT2_HUMAN
LOX15_HUMAN,SE1L2_HUMAN
LOX15_HUMAN,ODAD4_HUMAN
LOX15_HUMAN,DUS16_HUMAN
LOX15_HUMAN,STRA6_HUMAN
LOX15_HUMAN,PRDM5_HUMAN
LOX15_HUMAN,HAUS5_HUMAN
LOX15_HUMAN,RHG18_HUMAN
LOX15_HUMAN,SC5A1_HUMAN
LOX15_HUMAN,DBF4A_HUMAN
LOX15_HUMAN,CD2AP_HUMAN
LOX15_HUMAN,RN103_HUMAN
DP13B_HUMAN,SPHK2_HUMAN
DP13B_HUMAN,SETMR_HUMAN
DP13B_HUMAN,ZDH17_HUMAN
DP13B_HUMAN,LCA5_HUMAN
DP13B_HUMAN,A0A384MDJ7_HUMAN
DP13B_HUMAN,RHG22_HUMAN
DP13B_HUMAN,KPCG_HUMAN
DP13B_HUMAN,SC5A5_HUMAN
DP13B_HUMAN,WAC_HUMAN
DP13B_HUMAN,GLE1_HUMAN
DP13B_HUMAN,J3KNP2_HUMAN
DP13B_HUMAN,ZNF12_HUMAN
DP13B_HUMAN,QSOX2_HUMAN
DP13B_HUMAN,COG6_HUMAN
DP13B_HUMAN,LRC4C_HUMAN
DP13B_HUMAN,IFT81_HUMAN
DP13B_HUMAN,ENOX1_HUMAN
DP13B_HUMAN,BGIN_HUMAN
DP13B_HUMAN,SC5A2_HUMAN
DP13B_HUMAN,RRN3_HUMAN
DP13B_HUMAN,CPEB3_HUMAN
DP13B_HUMAN,AKP8L_HUMAN
DP13B_HUMAN,GBRT_HUMAN
DP13B_HUMAN,ACSL6_HUMAN
DP13B_HUMAN,ZN274_HUMAN
DP13B_HUMAN,S39A4_HUMAN
DP13B_HUMAN,GPSM1_HUMAN
DP13B_HUMAN,DYM_HUMAN
DP13B_HUMAN,DEFI6_HUMAN
DP13B_HUMAN,TRFE_HUMAN
DP13B_HUMAN,XRCC1_HUMAN
DP13B_HUMAN,NCKX3_HUMAN
DP13B_HUMAN,GTPB4_HUMAN
DP13B_HUMAN,CLCKA_HUMAN
DP13B_HUMAN,FEM1A_HUMAN
DP13B_HUMAN,CPT2_HUMAN
DP13B_HUMAN,ELF4_HUMAN
DP13B_HUMAN,MED17_HUMAN
DP13B_HUMAN,RAD21_HUMAN
DP13B_HUMAN,MELK_HUMAN
DP13B_HUMAN,SC6A8_HUMAN
DP13B_HUMAN,S20A2_HUMAN
DP13B_HUMAN,LOX5_HUMAN
DP13B_HUMAN,ADAS_HUMAN
DP13B_HUMAN,SKIL_HUMAN
DP13B_HUMAN,SCEL_HUMAN
DP13B_HUMAN,KLH31_HUMAN
DP13B_HUMAN,TM168_HUMAN
DP13B_HUMAN,GFPT2_HUMAN
DP13B_HUMAN,NPT2B_HUMAN
DP13B_HUMAN,PARN_HUMAN
DP13B_HUMAN,CD6_HUMAN
DP13B_HUMAN,FZD8_HUMAN
DP13B_HUMAN,I27RA_HUMAN
DP13B_HUMAN,RGAP1_HUMAN
DP13B_HUMAN,MA1A1_HUMAN
DP13B_HUMAN,TFE2_HUMAN
DP13B_HUMAN,SC6A7_HUMAN
DP13B_HUMAN,P63_HUMAN
DP13B_HUMAN,MTRR_HUMAN
DP13B_HUMAN,BIP_HUMAN
DP13B_HUMAN,EPB42_HUMAN
DP13B_HUMAN,MISP_HUMAN
DP13B_HUMAN,SH3K1_HUMAN
DP13B_HUMAN,KCNQ4_HUMAN
DP13B_HUMAN,EPN2_HUMAN
DP13B_HUMAN,FOXN1_HUMAN
DP13B_HUMAN,HSP7C_HUMAN
DP13B_HUMAN,TAP2_HUMAN
DP13B_HUMAN,IRPL1_HUMAN
DP13B_HUMAN,KIFC1_HUMAN
DP13B_HUMAN,MX1_HUMAN
DP13B_HUMAN,ZN746_HUMAN
DP13B_HUMAN,RPGP1_HUMAN
DP13B_HUMAN,HBS1L_HUMAN
DP13B_HUMAN,ZNF16_HUMAN
DP13B_HUMAN,RN112_HUMAN
DP13B_HUMAN,ACS2L_HUMAN
DP13B_HUMAN,SIG11_HUMAN
DP13B_HUMAN,MMP15_HUMAN
DP13B_HUMAN,KCND3_HUMAN
DP13B_HUMAN,MAP9_HUMAN
DP13B_HUMAN,PEX5_HUMAN
DP13B_HUMAN,PADI2_HUMAN
DP13B_HUMAN,SYDM_HUMAN
DP13B_HUMAN,FXL19_HUMAN
DP13B_HUMAN,KPCL_HUMAN
DP13B_HUMAN,CLCKB_HUMAN
DP13B_HUMAN,ZBT48_HUMAN
DP13B_HUMAN,TRXR1_HUMAN
DP13B_HUMAN,NUMB_HUMAN
DP13B_HUMAN,ZBED1_HUMAN
DP13B_HUMAN,CT2NL_HUMAN
DP13B_HUMAN,FZD1_HUMAN
DP13B_HUMAN,ANM5_HUMAN
DP13B_HUMAN,KNG1_HUMAN
DP13B_HUMAN,MTHR_HUMAN
DP13B_HUMAN,KCNQ1_HUMAN
DP13B_HUMAN,SRPK2_HUMAN
DP13B_HUMAN,SDHA_HUMAN
GGT7_HUMAN,DP13B_HUMAN
GGT7_HUMAN,HSP72_HUMAN
GGT7_HUMAN,DHX58_HUMAN
GGT7_HUMAN,SCNNA_HUMAN
GGT7_HUMAN,HDA10_HUMAN
GGT7_HUMAN,SC6A4_HUMAN
GGT7_HUMAN,URP2_HUMAN
GGT7_HUMAN,SAS6_HUMAN
GGT7_HUMAN,PLK2_HUMAN
GGT7_HUMAN,EFHC1_HUMAN
GGT7_HUMAN,ACOX1_HUMAN
GGT7_HUMAN,AMFR_HUMAN
GGT7_HUMAN,HDGR2_HUMAN
GGT7_HUMAN,LIMK1_HUMAN
GGT7_HUMAN,ZN503_HUMAN
GGT7_HUMAN,ZN304_HUMAN
GGT7_HUMAN,TRI41_HUMAN
GGT7_HUMAN,HNF1A_HUMAN
GGT7_HUMAN,CILK1_HUMAN
GGT7_HUMAN,MTMR1_HUMAN
GGT7_HUMAN,NEK8_HUMAN
GGT7_HUMAN,FSHR_HUMAN
GGT7_HUMAN,KCNC4_HUMAN
GGT7_HUMAN,FOXO1_HUMAN
GGT7_HUMAN,FOXO3_HUMAN
GGT7_HUMAN,KCND2_HUMAN
GGT7_HUMAN,KCC2B_HUMAN
GGT7_HUMAN,SRPK1_HUMAN
GGT7_HUMAN,FERM2_HUMAN
GGT7_HUMAN,SLIK1_HUMAN
GGT7_HUMAN,STIM1_HUMAN
GGT7_HUMAN,KPCB_HUMAN
GGT7_HUMAN,HS71A_HUMAN
GGT7_HUMAN,PR15A_HUMAN
GGT7_HUMAN,TAB2_HUMAN
GGT7_HUMAN,MMP2_HUMAN
GGT7_HUMAN,CRERF_HUMAN
GGT7_HUMAN,KPCA_HUMAN
GGT7_HUMAN,MEPCE_HUMAN
GGT7_HUMAN,ASB2_HUMAN
GGT7_HUMAN,WEE1_HUMAN
GGT7_HUMAN,PAR15_HUMAN
GGT7_HUMAN,DLL4_HUMAN
GGT7_HUMAN,PICAL_HUMAN
GGT7_HUMAN,ARBK1_HUMAN
GGT7_HUMAN,HSPA9_HUMAN
GGT7_HUMAN,LIMD1_HUMAN
GGT7_HUMAN,RAD17_HUMAN
GGT7_HUMAN,HEAT3_HUMAN
GGT7_HUMAN,RBM14_HUMAN
GGT7_HUMAN,UBP49_HUMAN
GGT7_HUMAN,GP1BA_HUMAN
GGT7_HUMAN,GBP7_HUMAN
GGT7_HUMAN,KBTB6_HUMAN
GGT7_HUMAN,CPSF3_HUMAN
GGT7_HUMAN,VINEX_HUMAN
GGT7_HUMAN,DVL1_HUMAN
GGT7_HUMAN,SL9A9_HUMAN
GGT7_HUMAN,ODP2_HUMAN
GGT7_HUMAN,CNGA3_HUMAN
GGT7_HUMAN,PI51C_HUMAN
GGT7_HUMAN,SCNNB_HUMAN
GGT7_HUMAN,TGM2_HUMAN
GGT7_HUMAN,ARHG4_HUMAN
GGT7_HUMAN,E2AK1_HUMAN
GGT7_HUMAN,ABCD3_HUMAN
GGT7_HUMAN,ABCG1_HUMAN
GGT7_HUMAN,ASM_HUMAN
GGT7_HUMAN,PLK3_HUMAN
GGT7_HUMAN,TBR1_HUMAN
GGT7_HUMAN,KSYK_HUMAN
GGT7_HUMAN,NEK11_HUMAN
GGT7_HUMAN,CEP78_HUMAN
GGT7_HUMAN,FBXL5_HUMAN
GGT7_HUMAN,PIF1_HUMAN
GGT7_HUMAN,RIPK1_HUMAN
GGT7_HUMAN,GAB1_HUMAN
GGT7_HUMAN,ZN135_HUMAN
GGT7_HUMAN,P66A_HUMAN
GGT7_HUMAN,BTK_HUMAN
GGT7_HUMAN,CHFR_HUMAN
GGT7_HUMAN,KGP1_HUMAN
GGT7_HUMAN,FOXP1_HUMAN
GGT7_HUMAN,PALM3_HUMAN
GGT7_HUMAN,MEX3C_HUMAN
GGT7_HUMAN,RN139_HUMAN
GGT7_HUMAN,CC120_HUMAN
GGT7_HUMAN,I12R1_HUMAN
GGT7_HUMAN,FAKD4_HUMAN
GGT7_HUMAN,RHG25_HUMAN
GGT7_HUMAN,SEM7A_HUMAN
GGT7_HUMAN,PIAS1_HUMAN
GGT7_HUMAN,GLT15_HUMAN
GGT7_HUMAN,BMPER_HUMAN
GGT7_HUMAN,SYTL4_HUMAN
GGT7_HUMAN,EMAL2_HUMAN
GGT7_HUMAN,DDX3X_HUMAN
GGT7_HUMAN,COQ8A_HUMAN
GGT7_HUMAN,POTE1_HUMAN
GGT7_HUMAN,S27A5_HUMAN
PADI3_HUMAN,RAE1_HUMAN
PADI3_HUMAN,ACSL1_HUMAN
PADI3_HUMAN,GSH1_HUMAN
PADI3_HUMAN,LOX15_HUMAN
PADI3_HUMAN,GCYA1_HUMAN
PADI3_HUMAN,TM9S4_HUMAN
PADI3_HUMAN,MYB_HUMAN
PADI3_HUMAN,LEO1_HUMAN
PADI3_HUMAN,NRG1_HUMAN
PADI3_HUMAN,TNIP1_HUMAN
PADI3_HUMAN,TAF6_HUMAN
PADI3_HUMAN,PTPRR_HUMAN
PADI3_HUMAN,GA2L1_HUMAN
PADI3_HUMAN,SENP1_HUMAN
PADI3_HUMAN,NS1BP_HUMAN
PADI3_HUMAN,EDEM1_HUMAN
PADI3_HUMAN,LIRB1_HUMAN
PADI3_HUMAN,S2512_HUMAN
PADI3_HUMAN,F161B_HUMAN
PADI3_HUMAN,TRI32_HUMAN
PADI3_HUMAN,KPCD_HUMAN
PADI3_HUMAN,TRAF7_HUMAN
PADI3_HUMAN,KLH22_HUMAN
PADI3_HUMAN,PUS7_HUMAN
PADI3_HUMAN,RNF6_HUMAN
PADI3_HUMAN,S27A4_HUMAN
PADI3_HUMAN,INAVA_HUMAN
PADI3_HUMAN,FIGL1_HUMAN
PADI3_HUMAN,DUS3L_HUMAN
PADI3_HUMAN,CNGA1_HUMAN
PADI3_HUMAN,CAN10_HUMAN
PADI3_HUMAN,PO6F2_HUMAN
PADI3_HUMAN,FAKD3_HUMAN
PADI3_HUMAN,WRIP1_HUMAN
PADI3_HUMAN,TSEAR_HUMAN
PADI3_HUMAN,GAS6_HUMAN
PADI3_HUMAN,KIF2B_HUMAN
PADI3_HUMAN,S2513_HUMAN
PADI3_HUMAN,RMC1_HUMAN
PADI3_HUMAN,TNR21_HUMAN
PADI3_HUMAN,ZBTB5_HUMAN
PADI3_HUMAN,IRPL2_HUMAN
PADI3_HUMAN,ABCG5_HUMAN
PADI3_HUMAN,KBTB7_HUMAN
PADI3_HUMAN,ABCG8_HUMAN
PADI3_HUMAN,REPS2_HUMAN
PADI3_HUMAN,KLH13_HUMAN
PADI3_HUMAN,LY9_HUMAN
PADI3_HUMAN,LIMK2_HUMAN
PADI3_HUMAN,EXTL1_HUMAN
PADI3_HUMAN,JPH1_HUMAN
PADI3_HUMAN,EOMES_HUMAN
PADI3_HUMAN,GLSK_HUMAN
PADI3_HUMAN,TCF25_HUMAN
LOX12_HUMAN,TRI25_HUMAN
LOX5_HUMAN,AHRR_HUMAN
LOX5_HUMAN,A0A024R0K5_HUMAN
LOX5_HUMAN,A0A0A6YYC0_HUMAN
LOX5_HUMAN,A0A0B4J211_HUMAN
LOX5_HUMAN,A0A669KAW3_HUMAN
LOX5_HUMAN,NEUL_HUMAN
LOX5_HUMAN,A0A0A0MRM9_HUMAN
LOX5_HUMAN,FBX43_HUMAN
LOX5_HUMAN,A0A6Q8PG02_HUMAN
LOX5_HUMAN,E9PII3_HUMAN
LOX5_HUMAN,A0A0D9SET6_HUMAN
LOX5_HUMAN,A0A494C108_HUMAN
LOX5_HUMAN,S4S3R8_HUMAN
LOX5_HUMAN,A0A384N5Z8_HUMAN
LOX5_HUMAN,A0A669KB49_HUMAN
LOX5_HUMAN,DNAI1_HUMAN
LOX5_HUMAN,A0A6Q8PGF7_HUMAN
LOX5_HUMAN,RUFY1_HUMAN
LOX5_HUMAN,A0A6Q8PHH9_HUMAN
LOX5_HUMAN,AGRF2_HUMAN
LOX5_HUMAN,NADE_HUMAN
LOX5_HUMAN,FBX40_HUMAN
LOX5_HUMAN,E9PNL8_HUMAN
LOX5_HUMAN,E9PBB9_HUMAN
LOX5_HUMAN,J3KS54_HUMAN
LOX5_HUMAN,A0A8I5KQU6_HUMAN
LOX5_HUMAN,CLIP4_HUMAN
LOX5_HUMAN,CLIC6_HUMAN
LOX5_HUMAN,KRI1_HUMAN
LOX5_HUMAN,F8W7U8_HUMAN
LOX5_HUMAN,H3BSH7_HUMAN
LOX5_HUMAN,MTMRB_HUMAN
LOX5_HUMAN,H0YER1_HUMAN
LOX5_HUMAN,KLH11_HUMAN
LOX5_HUMAN,TM260_HUMAN
LOX5_HUMAN,PTCD1_HUMAN
LOX5_HUMAN,GLGB_HUMAN
LOX5_HUMAN,USBP1_HUMAN
LOX5_HUMAN,PAR12_HUMAN
LOX5_HUMAN,TGM3L_HUMAN
LOX5_HUMAN,PUS7L_HUMAN
LOX5_HUMAN,H3BM22_HUMAN
LOX5_HUMAN,ARHGG_HUMAN
LOX5_HUMAN,TMCC2_HUMAN
LOX5_HUMAN,A8MX75_HUMAN
LOX5_HUMAN,Q5VU08_HUMAN
LOX5_HUMAN,SHKB1_HUMAN
LOX5_HUMAN,A0A804HJD4_HUMAN
LOX5_HUMAN,S26A1_HUMAN
LOX5_HUMAN,PDE1C_HUMAN
LOX5_HUMAN,A0A0C4DGQ0_HUMAN
LOX5_HUMAN,A0A6Q8PFY6_HUMAN
LOX5_HUMAN,A0A804HKJ7_HUMAN
LOX5_HUMAN,LMBL2_HUMAN
LOX5_HUMAN,A0A087WXK2_HUMAN
LOX5_HUMAN,PEG10_HUMAN
LOX5_HUMAN,G2E3_HUMAN
LOX5_HUMAN,ADDG_HUMAN
LOX5_HUMAN,A0A2R8Y5D7_HUMAN
LOX5_HUMAN,EXOC5_HUMAN
LOX5_HUMAN,F5H142_HUMAN
LOX5_HUMAN,SC6A9_HUMAN
LOX5_HUMAN,CO8A2_HUMAN
LOX5_HUMAN,A8K8G6_HUMAN
LOX5_HUMAN,A0A6Q8PGN6_HUMAN
LOX5_HUMAN,A0A6Q8PF02_HUMAN
LOX5_HUMAN,TTC12_HUMAN
LOX5_HUMAN,E7ESY4_HUMAN
LOX5_HUMAN,ACOX3_HUMAN
LOX5_HUMAN,A0A1U9X796_HUMAN
LOX5_HUMAN,A0A140VJY2_HUMAN
LOX5_HUMAN,NEK5_HUMAN
LOX5_HUMAN,A0A494C148_HUMAN
LOX5_HUMAN,H0Y871_HUMAN
LOX5_HUMAN,GYS2_HUMAN
LOX5_HUMAN,A0A7P0Z400_HUMAN
LOX5_HUMAN,A0A804HKT3_HUMAN
LOX5_HUMAN,PTPRE_HUMAN
LOX5_HUMAN,A0A2R8Y804_HUMAN
LOX5_HUMAN,A0A0A0MRC4_HUMAN
LOX5_HUMAN,MA1B1_HUMAN
LOX5_HUMAN,A0A804HJ70_HUMAN
LOX5_HUMAN,C2C2L_HUMAN
LOX5_HUMAN,DHX35_HUMAN
LOX5_HUMAN,SO2B1_HUMAN
LOX5_HUMAN,ICAL_HUMAN
LOX5_HUMAN,KIF2A_HUMAN
LOX5_HUMAN,NOL9_HUMAN
LOX5_HUMAN,P3H2_HUMAN
LOX5_HUMAN,CEAM5_HUMAN
LOX5_HUMAN,MASP1_HUMAN
LOX5_HUMAN,NICA_HUMAN
LOX5_HUMAN,MUC20_HUMAN
LOX5_HUMAN,S15A1_HUMAN
LOX5_HUMAN,RPC5_HUMAN
LOX5_HUMAN,HPS1_HUMAN
LOX5_HUMAN,MTMR8_HUMAN
LOX5_HUMAN,DHX33_HUMAN
LOX5_HUMAN,UVSSA_HUMAN
LOX5_HUMAN,ZN224_HUMAN
HDA10_HUMAN,SL9A6_HUMAN
HDA10_HUMAN,MEP1B_HUMAN
HDA10_HUMAN,MYBB_HUMAN
HDA10_HUMAN,ATF6B_HUMAN
HDA10_HUMAN,CAN2_HUMAN
HDA10_HUMAN,LSHR_HUMAN
HDA10_HUMAN,CASC3_HUMAN
HDA10_HUMAN,SO1B3_HUMAN
HDA10_HUMAN,KIF3A_HUMAN
HDA10_HUMAN,SCML2_HUMAN
HDA10_HUMAN,TRAP1_HUMAN
HDA10_HUMAN,HHIP_HUMAN
HDA10_HUMAN,FBLN1_HUMAN
HDA10_HUMAN,GFPT1_HUMAN
HDA10_HUMAN,ATG7_HUMAN
HDA10_HUMAN,TBC23_HUMAN
HDA10_HUMAN,ACSA_HUMAN
HDA10_HUMAN,CEP83_HUMAN
HDA10_HUMAN,FXL17_HUMAN
HDA10_HUMAN,CAPAM_HUMAN
HDA10_HUMAN,SRCH_HUMAN
HDA10_HUMAN,CEP63_HUMAN
HDA10_HUMAN,3BP1_HUMAN
HDA10_HUMAN,NOLC1_HUMAN
HDA10_HUMAN,UVRAG_HUMAN
HDA10_HUMAN,MARH7_HUMAN
HDA10_HUMAN,LX12B_HUMAN
GLE1_HUMAN,A0A087WX20_HUMAN
GLE1_HUMAN,A0A087WXD1_HUMAN
GLE1_HUMAN,RABL6_HUMAN
GLE1_HUMAN,A0A1B0GV48_HUMAN
GLE1_HUMAN,A0A1W2PP35_HUMAN
GLE1_HUMAN,A2ABH1_HUMAN
GLE1_HUMAN,A0A0D9SF53_HUMAN
GLE1_HUMAN,A0A1X7SBZ2_HUMAN
GLE1_HUMAN,TRDN_HUMAN
GLE1_HUMAN,A0A6Q8PF81_HUMAN
GLE1_HUMAN,A0A0A0MRZ1_HUMAN
GLE1_HUMAN,A0A0S2Z693_HUMAN
GLE1_HUMAN,A0A2R8Y4F5_HUMAN
GLE1_HUMAN,B1AHB0_HUMAN
GLE1_HUMAN,A0A2R8Y645_HUMAN
GLE1_HUMAN,A0A2R8YD50_HUMAN
GLE1_HUMAN,A0A8I5KXH5_HUMAN
GLE1_HUMAN,A0A2R8YFL0_HUMAN
GLE1_HUMAN,A0A3B3IRK6_HUMAN
GLE1_HUMAN,A0A3B3IUB1_HUMAN
GLE1_HUMAN,A0A5H1ZRQ2_HUMAN
GLE1_HUMAN,A0A804HK65_HUMAN
GLE1_HUMAN,IKBZ_HUMAN
GLE1_HUMAN,RFX2_HUMAN
GLE1_HUMAN,A0A8I5KQQ5_HUMAN
GLE1_HUMAN,A0A7P0T917_HUMAN
GLE1_HUMAN,A0A8I5QJW9_HUMAN
GLE1_HUMAN,A0A6Q8PFJ0_HUMAN
GLE1_HUMAN,A0A8I5KTC6_HUMAN
GLE1_HUMAN,A0A7N4YH79_HUMAN
GLE1_HUMAN,A0A8I5KU22_HUMAN
GLE1_HUMAN,A0A8I5QJR3_HUMAN
GLE1_HUMAN,ADA21_HUMAN
GLE1_HUMAN,ANKR6_HUMAN
GLE1_HUMAN,A0AV58_HUMAN
GLE1_HUMAN,ADA20_HUMAN
GLE1_HUMAN,B9A067_HUMAN
GLE1_HUMAN,E9PK09_HUMAN
GLE1_HUMAN,B0QY60_HUMAN
GLE1_HUMAN,D19L3_HUMAN
GLE1_HUMAN,E5KRK5_HUMAN
GLE1_HUMAN,NCDN_HUMAN
GLE1_HUMAN,CTNL1_HUMAN
GLE1_HUMAN,C9JHW1_HUMAN
GLE1_HUMAN,E7EPL9_HUMAN
GLE1_HUMAN,LRRF2_HUMAN
GLE1_HUMAN,D3DSM0_HUMAN
GLE1_HUMAN,F5GZG9_HUMAN
GLE1_HUMAN,DDX4_HUMAN
GLE1_HUMAN,E7EX48_HUMAN
GLE1_HUMAN,G3V1P5_HUMAN
GLE1_HUMAN,FGD3_HUMAN
GLE1_HUMAN,A0A7I2V4F0_HUMAN
GLE1_HUMAN,H0YNT2_HUMAN
GLE1_HUMAN,G3XAH6_HUMAN
GLE1_HUMAN,G3XAG5_HUMAN
GLE1_HUMAN,H7BYF1_HUMAN
GLE1_HUMAN,FXL18_HUMAN
GLE1_HUMAN,E9PHA2_HUMAN
GLE1_HUMAN,BBS12_HUMAN
GLE1_HUMAN,GCYA2_HUMAN
GLE1_HUMAN,H0YDB2_HUMAN
GLE1_HUMAN,HUNK_HUMAN
GLE1_HUMAN,Q5JVZ5_HUMAN
GLE1_HUMAN,Q5T0F3_HUMAN
GLE1_HUMAN,J3KNX4_HUMAN
GLE1_HUMAN,TTL11_HUMAN
GLE1_HUMAN,MTO1_HUMAN
GLE1_HUMAN,PPCEL_HUMAN
GLE1_HUMAN,RNPL1_HUMAN
GLE1_HUMAN,NGEF_HUMAN
GLE1_HUMAN,MYORG_HUMAN
GLE1_HUMAN,SO4A1_HUMAN
GLE1_HUMAN,Q96AW5_HUMAN
GLE1_HUMAN,TMC4_HUMAN
GLE1_HUMAN,RHBT2_HUMAN
GLE1_HUMAN,A0A0C4DG26_HUMAN
GLE1_HUMAN,X5DQN9_HUMAN
GLE1_HUMAN,Q3MI88_HUMAN
GLE1_HUMAN,A0A087WYZ9_HUMAN
GLE1_HUMAN,PDE4C_HUMAN
GLE1_HUMAN,LRFN5_HUMAN
GLE1_HUMAN,MIPEP_HUMAN
GLE1_HUMAN,E9PG40_HUMAN
GLE1_HUMAN,A0A0D9SGJ8_HUMAN
GLE1_HUMAN,TRIM9_HUMAN
GLE1_HUMAN,TAGAP_HUMAN
GLE1_HUMAN,WDCP_HUMAN
GLE1_HUMAN,RGL3_HUMAN
GLE1_HUMAN,ZN408_HUMAN
GLE1_HUMAN,TRPV5_HUMAN
GLE1_HUMAN,PPCE_HUMAN
GLE1_HUMAN,DDHD2_HUMAN
GLE1_HUMAN,H0Y2R3_HUMAN
GLE1_HUMAN,A0A7I2V2M5_HUMAN
GLE1_HUMAN,SDCG8_HUMAN
GLE1_HUMAN,A0A804HIJ5_HUMAN
GLE1_HUMAN,A0A2R8Y6S3_HUMAN
GLE1_HUMAN,A8MQ07_HUMAN
GLE1_HUMAN,MPEG1_HUMAN
ACSL1_HUMAN,A0A494C070_HUMAN
ACSL1_HUMAN,A0A804HK53_HUMAN
ACSL1_HUMAN,DEND_HUMAN
ACSL1_HUMAN,E9PGT3_HUMAN
ACSL1_HUMAN,KIF2C_HUMAN
ACSL1_HUMAN,J3KR72_HUMAN
ACSL1_HUMAN,F8W8C2_HUMAN
ACSL1_HUMAN,F5H586_HUMAN
ACSL1_HUMAN,H0YEM4_HUMAN
ACSL1_HUMAN,H0Y6K5_HUMAN
ACSL1_HUMAN,APBB1_HUMAN
ACSL1_HUMAN,A0A6Q8PG37_HUMAN
ACSL1_HUMAN,TRM1L_HUMAN
ACSL1_HUMAN,SMAG1_HUMAN
ACSL1_HUMAN,J3QQW9_HUMAN
ACSL1_HUMAN,F8W6N3_HUMAN
ACSL1_HUMAN,A0A7P0TAQ1_HUMAN
ACSL1_HUMAN,ZDHC5_HUMAN
ACSL1_HUMAN,RHG28_HUMAN
ACSL1_HUMAN,C9J2M4_HUMAN
ACSL1_HUMAN,A0A7P0TAC8_HUMAN
ACSL1_HUMAN,MK06_HUMAN
ACSL1_HUMAN,B4DG22_HUMAN
ACSL1_HUMAN,ELMO2_HUMAN
ACSL1_HUMAN,KAD7_HUMAN
ACSL1_HUMAN,E41L5_HUMAN
ACSL1_HUMAN,A0A7I2V629_HUMAN
ACSL1_HUMAN,FRMD7_HUMAN
ACSL1_HUMAN,SPN90_HUMAN
ACSL1_HUMAN,A0A1B0GVM2_HUMAN
ACSL1_HUMAN,BCL6_HUMAN
ACSL1_HUMAN,B7ZB17_HUMAN
ACSL1_HUMAN,A0A7I2V646_HUMAN
ACSL1_HUMAN,RBAK_HUMAN
ACSL1_HUMAN,B0YJB4_HUMAN
ACSL1_HUMAN,H7BYX6_HUMAN
ACSL1_HUMAN,H7BY16_HUMAN
ACSL1_HUMAN,ASTRA_HUMAN
ACSL1_HUMAN,EFC4B_HUMAN
ACSL1_HUMAN,CC170_HUMAN
ACSL1_HUMAN,KELL_HUMAN
ACSL1_HUMAN,J3KR69_HUMAN
ACSL1_HUMAN,CNKR1_HUMAN
ACSL1_HUMAN,SETB2_HUMAN
ACSL1_HUMAN,A0A8I5KYZ4_HUMAN
ACSL1_HUMAN,NOG2_HUMAN
ACSL1_HUMAN,F8VUJ9_HUMAN
ACSL1_HUMAN,ZN470_HUMAN
ACSL1_HUMAN,A0A077QP03_HUMAN
ACSL1_HUMAN,J3KPM9_HUMAN
ACSL1_HUMAN,LRRN2_HUMAN
ACSL1_HUMAN,A0A2R8Y6I6_HUMAN
ACSL1_HUMAN,A0A7I2V643_HUMAN
ACSL1_HUMAN,F111B_HUMAN
ACSL1_HUMAN,BRD3_HUMAN
ACSL1_HUMAN,LSS_HUMAN
ACSL1_HUMAN,SYTC_HUMAN
ACSL1_HUMAN,LDB3_HUMAN
ACSL1_HUMAN,A0A6Q8PH57_HUMAN
ACSL1_HUMAN,RPGP2_HUMAN
ACSL1_HUMAN,MDM1_HUMAN
ACSL1_HUMAN,A0A7P0Z4D7_HUMAN
ACSL1_HUMAN,MX2_HUMAN
ACSL1_HUMAN,ESRP2_HUMAN
ACSL1_HUMAN,ACBG1_HUMAN
ACSL1_HUMAN,HMMR_HUMAN
ACSL1_HUMAN,A0A7I2V6E0_HUMAN
ACSL1_HUMAN,GOGA5_HUMAN
ACSL1_HUMAN,A0A1B0GTR9_HUMAN
ACSL1_HUMAN,STT3A_HUMAN
ACSL1_HUMAN,A0A8C8L3F5_HUMAN
ACSL1_HUMAN,LOXE3_HUMAN
ACSL1_HUMAN,KS6A2_HUMAN
ACSL1_HUMAN,PAK5_HUMAN
ACSL1_HUMAN,A0A8C8KAR0_HUMAN
ACSL1_HUMAN,S6A15_HUMAN
ACSL1_HUMAN,IL31R_HUMAN
ACSL1_HUMAN,PERL_HUMAN
ACSL1_HUMAN,PWP3A_HUMAN
ACSL1_HUMAN,A0A804HK46_HUMAN
ACSL1_HUMAN,CPEB4_HUMAN
ACSL1_HUMAN,A5PKX1_HUMAN
ACSL1_HUMAN,KLHL4_HUMAN
ACSL1_HUMAN,TENS4_HUMAN
ACSL1_HUMAN,ZN219_HUMAN
ACSL1_HUMAN,I3L2N2_HUMAN
ACSL1_HUMAN,IF2M_HUMAN
ACSL1_HUMAN,ZCHC8_HUMAN
ACSL1_HUMAN,SO4C1_HUMAN
ACSL1_HUMAN,NPHP1_HUMAN
ACSL1_HUMAN,NAA35_HUMAN
ACSL1_HUMAN,ZN175_HUMAN
ACSL1_HUMAN,NHLC2_HUMAN
ACSL1_HUMAN,NOL11_HUMAN
ACSL1_HUMAN,CODA1_HUMAN
ACSL1_HUMAN,INT10_HUMAN
ACSL1_HUMAN,ACPH_HUMAN
ACSL1_HUMAN,BBS7_HUMAN
ACSL1_HUMAN,S14L1_HUMAN
ACSL1_HUMAN,HNRPM_HUMAN
HSPA9_HUMAN,ORC3_HUMAN
HSPA9_HUMAN,CTL2_HUMAN
HSPA9_HUMAN,DP13A_HUMAN
HSPA9_HUMAN,C1R_HUMAN
HSPA9_HUMAN,SSRP1_HUMAN
HSPA9_HUMAN,FAKD2_HUMAN
HSPA9_HUMAN,H0Y742_HUMAN
HSPA9_HUMAN,HGFL_HUMAN
HSPA9_HUMAN,JIP1_HUMAN
HSPA9_HUMAN,AGGF1_HUMAN
HSPA9_HUMAN,UBP44_HUMAN
HSPA9_HUMAN,SO1C1_HUMAN
HSPA9_HUMAN,GZF1_HUMAN
HSPA9_HUMAN,RN169_HUMAN
HSPA9_HUMAN,NUCL_HUMAN
HSPA9_HUMAN,CAN1_HUMAN
HSPA9_HUMAN,INT13_HUMAN
HSPA9_HUMAN,A0A804CHP1_HUMAN
HSPA9_HUMAN,ZRAN1_HUMAN
HSPA9_HUMAN,HPS4_HUMAN
HSPA9_HUMAN,ACSL4_HUMAN
HSPA9_HUMAN,TPRN_HUMAN
HSPA9_HUMAN,CTL4_HUMAN
HSPA9_HUMAN,FZD6_HUMAN
HSPA9_HUMAN,IRAK1_HUMAN
HSPA9_HUMAN,TRFL_HUMAN
HSPA9_HUMAN,FBXW7_HUMAN
HSPA9_HUMAN,TAB3_HUMAN
HSPA9_HUMAN,ZBTB1_HUMAN
HSPA9_HUMAN,SO3A1_HUMAN
HSPA9_HUMAN,PR15B_HUMAN
HSPA9_HUMAN,TBX2_HUMAN
HSPA9_HUMAN,SPIR2_HUMAN
HSPA9_HUMAN,SYN1_HUMAN
HSPA9_HUMAN,MMP9_HUMAN
HSPA9_HUMAN,CAPR1_HUMAN
HSPA9_HUMAN,CAD13_HUMAN
HSPA9_HUMAN,MRE11_HUMAN
HSPA9_HUMAN,RTF1_HUMAN
HSPA9_HUMAN,UBP51_HUMAN
HSPA9_HUMAN,TCAM1_HUMAN
HSPA9_HUMAN,KPCT_HUMAN
HSPA9_HUMAN,SFPQ_HUMAN
HSPA9_HUMAN,POLH_HUMAN
HSPA9_HUMAN,FUBP2_HUMAN
HSPA9_HUMAN,PJA2_HUMAN
HSPA9_HUMAN,CLPB_HUMAN
HSPA9_HUMAN,DCST1_HUMAN
SRPK1_HUMAN,E7ES68_HUMAN
SRPK1_HUMAN,A0A7P0T7Z1_HUMAN
SRPK1_HUMAN,A0A7P0T984_HUMAN
SRPK1_HUMAN,A0A7P0TAE9_HUMAN
SRPK1_HUMAN,TESK1_HUMAN
SRPK1_HUMAN,ADCK2_HUMAN
SRPK1_HUMAN,GT252_HUMAN
SRPK1_HUMAN,ABCF2_HUMAN
SRPK1_HUMAN,S13A4_HUMAN
SRPK1_HUMAN,E9PD99_HUMAN
SRPK1_HUMAN,F5GYN7_HUMAN
SRPK1_HUMAN,A0A024R214_HUMAN
SRPK1_HUMAN,ZN471_HUMAN
SRPK1_HUMAN,TKTL2_HUMAN
SRPK1_HUMAN,H0Y4A4_HUMAN
SRPK1_HUMAN,GCKR_HUMAN
SRPK1_HUMAN,RNF12_HUMAN
SRPK1_HUMAN,A0A7P0TAN7_HUMAN
SRPK1_HUMAN,K1C9_HUMAN
SRPK1_HUMAN,MAK_HUMAN
SRPK1_HUMAN,MAG_HUMAN
SRPK1_HUMAN,V9GY73_HUMAN
SRPK1_HUMAN,A0A0C4DFN2_HUMAN
SRPK1_HUMAN,A0A8I5QL42_HUMAN
SRPK1_HUMAN,A0A8I5KSM9_HUMAN
SRPK1_HUMAN,A0A7P0T8S8_HUMAN
SRPK1_HUMAN,A0A2R8YDJ8_HUMAN
SRPK1_HUMAN,EPN4_HUMAN
SRPK1_HUMAN,NXF2_HUMAN
SRPK1_HUMAN,H3BM14_HUMAN
SRPK1_HUMAN,A0A0S2Z4Y4_HUMAN
SRPK1_HUMAN,A0A2R8YFD1_HUMAN
SRPK1_HUMAN,A0A140VK28_HUMAN
SRPK1_HUMAN,WDR76_HUMAN
SRPK1_HUMAN,IL23R_HUMAN
SRPK1_HUMAN,A0A140VKD3_HUMAN
SRPK1_HUMAN,A0A8I5KYI8_HUMAN
SRPK1_HUMAN,CERT_HUMAN
SRPK1_HUMAN,JKIP1_HUMAN
SRPK1_HUMAN,CACP_HUMAN
SRPK1_HUMAN,PEX5R_HUMAN
SRPK1_HUMAN,V9HWD9_HUMAN
SRPK1_HUMAN,H0Y7D7_HUMAN
SRPK1_HUMAN,TRM2A_HUMAN
SRPK1_HUMAN,DTNB_HUMAN
SRPK1_HUMAN,ALEX_HUMAN
SRPK1_HUMAN,RMI1_HUMAN
SRPK1_HUMAN,Q5T9B9_HUMAN
SRPK1_HUMAN,BMAL1_HUMAN
SRPK1_HUMAN,ZN256_HUMAN
SRPK1_HUMAN,PLSL_HUMAN
SRPK1_HUMAN,GRHL3_HUMAN
SRPK1_HUMAN,ARP8_HUMAN
SRPK1_HUMAN,AN13B_HUMAN
SRPK1_HUMAN,TKT_HUMAN
SRPK1_HUMAN,PAPS1_HUMAN
SRPK1_HUMAN,SRP68_HUMAN
SRPK1_HUMAN,ZN131_HUMAN
SRPK1_HUMAN,NR4A3_HUMAN
SRPK1_HUMAN,ASH2L_HUMAN
SRPK1_HUMAN,ACHA4_HUMAN
SRPK1_HUMAN,CCD22_HUMAN
SRPK1_HUMAN,GRHL2_HUMAN
SRPK1_HUMAN,M3K3_HUMAN
SRPK1_HUMAN,FEM1B_HUMAN
SRPK1_HUMAN,FA11_HUMAN
SRPK1_HUMAN,XPP1_HUMAN
SRPK1_HUMAN,DMPK_HUMAN
SRPK1_HUMAN,SNX18_HUMAN
SRPK1_HUMAN,KEAP1_HUMAN
SRPK1_HUMAN,IRGQ_HUMAN
SRPK1_HUMAN,HNRPQ_HUMAN
SRPK1_HUMAN,ERF3B_HUMAN
SRPK1_HUMAN,NUAK2_HUMAN
SRPK1_HUMAN,UBQL2_HUMAN
SRPK1_HUMAN,KBTB2_HUMAN
SRPK1_HUMAN,MBTD1_HUMAN
SRPK1_HUMAN,IRAK2_HUMAN
SRPK1_HUMAN,SAMH1_HUMAN
SRPK1_HUMAN,DYR1B_HUMAN
SRPK1_HUMAN,JPH4_HUMAN
STAT3_HUMAN,A0A0S2Z4J1_HUMAN
STAT3_HUMAN,FXL13_HUMAN
STAT3_HUMAN,PAPOG_HUMAN
STAT3_HUMAN,H0Y7U8_HUMAN
STAT3_HUMAN,MKLN1_HUMAN
STAT3_HUMAN,J3QR07_HUMAN
STAT3_HUMAN,STON1_HUMAN
STAT3_HUMAN,DNM1L_HUMAN
STAT3_HUMAN,P3H3_HUMAN
STAT3_HUMAN,MZF1_HUMAN
STAT3_HUMAN,G3V483_HUMAN
STAT3_HUMAN,HIC1_HUMAN
STAT3_HUMAN,OSBL9_HUMAN
STAT3_HUMAN,J3KP89_HUMAN
STAT3_HUMAN,RFX4_HUMAN
STAT3_HUMAN,A0A804HJ96_HUMAN
STAT3_HUMAN,GEPH_HUMAN
STAT3_HUMAN,TPC12_HUMAN
STAT3_HUMAN,ZC3HE_HUMAN
STAT3_HUMAN,LAS1L_HUMAN
STAT3_HUMAN,F5H365_HUMAN
STAT3_HUMAN,EXOC7_HUMAN
STAT3_HUMAN,DGKA_HUMAN
STAT3_HUMAN,MCM5_HUMAN
STAT3_HUMAN,A0A669KBJ0_HUMAN
STAT3_HUMAN,DVL2_HUMAN
STAT3_HUMAN,BACH1_HUMAN
STAT3_HUMAN,DHB4_HUMAN
STAT3_HUMAN,MITOS_HUMAN
STAT3_HUMAN,TRIM1_HUMAN
STAT3_HUMAN,XRCC5_HUMAN
STAT3_HUMAN,RN19B_HUMAN
STAT3_HUMAN,FCRL3_HUMAN
STAT3_HUMAN,ADAM2_HUMAN
STAT3_HUMAN,PDE4B_HUMAN
STAT3_HUMAN,P3H1_HUMAN
STAT3_HUMAN,SYDE1_HUMAN
STAT3_HUMAN,HS90A_HUMAN
STAT3_HUMAN,KRIT1_HUMAN
STAT3_HUMAN,KS6A1_HUMAN
STAT3_HUMAN,FOXK1_HUMAN
STAT3_HUMAN,F13A_HUMAN
STAT3_HUMAN,BRSK2_HUMAN
STAT3_HUMAN,SATB2_HUMAN
ACSS3_HUMAN,MCM7_HUMAN
ACSS3_HUMAN,MD1L1_HUMAN
ACSS3_HUMAN,PININ_HUMAN
ACSS3_HUMAN,FOXP2_HUMAN
ACSS3_HUMAN,FWCH1_HUMAN
ACSS3_HUMAN,SC5A3_HUMAN
ACSS3_HUMAN,CCD13_HUMAN
ACSS3_HUMAN,CTL5_HUMAN
ACSS3_HUMAN,ES8L2_HUMAN
ACSS3_HUMAN,ARNT2_HUMAN
ACSS3_HUMAN,SUN2_HUMAN
ACSS3_HUMAN,TGM5_HUMAN
ACSS3_HUMAN,NRG3_HUMAN
ACSS3_HUMAN,PERE_HUMAN
ACSS3_HUMAN,BBS2_HUMAN
ACSS3_HUMAN,EXT2_HUMAN
ACSS3_HUMAN,CSTF3_HUMAN
ACSS3_HUMAN,RSH4A_HUMAN
ACSS3_HUMAN,IKKE_HUMAN
ACSS3_HUMAN,SCIN_HUMAN
ACSS3_HUMAN,LARG2_HUMAN
ACSS3_HUMAN,EI2BE_HUMAN
ACSS3_HUMAN,SYTM_HUMAN
ACSS3_HUMAN,OAS2_HUMAN
ACSS3_HUMAN,UIMC1_HUMAN
ACSS3_HUMAN,DVL3_HUMAN
ACSS3_HUMAN,HOOK3_HUMAN
ACSS3_HUMAN,HOOK2_HUMAN
ACSS3_HUMAN,MTA1_HUMAN
ACSS3_HUMAN,ACSL3_HUMAN
ACSS3_HUMAN,GLCNE_HUMAN
TGM2_HUMAN,DLL1_HUMAN
TGM2_HUMAN,VPS52_HUMAN
TGM2_HUMAN,ES8L1_HUMAN
TGM2_HUMAN,ECHP_HUMAN
TGM2_HUMAN,GGA3_HUMAN
TGM2_HUMAN,BBS10_HUMAN
TGM2_HUMAN,ZN750_HUMAN
TGM2_HUMAN,LRSM1_HUMAN
SRPK2_HUMAN,HS90B_HUMAN
SRPK2_HUMAN,H0YB16_HUMAN
SRPK2_HUMAN,P85A_HUMAN
SRPK2_HUMAN,DLG4_HUMAN
SRPK2_HUMAN,SARM1_HUMAN
SRPK2_HUMAN,LARP4_HUMAN
ACSL6_HUMAN,SL9A7_HUMAN
ACSL6_HUMAN,RANB9_HUMAN
ACSL6_HUMAN,CNST_HUMAN
ACSL6_HUMAN,AFAP1_HUMAN
ACSL6_HUMAN,BPL1_HUMAN
ACSL6_HUMAN,ELMO1_HUMAN
ACSL6_HUMAN,TMC8_HUMAN
ACSL6_HUMAN,EF2K_HUMAN
ACSL6_HUMAN,YTDC1_HUMAN
ACSL6_HUMAN,PBIP1_HUMAN
ACSL6_HUMAN,ADDB_HUMAN
ACSL6_HUMAN,FYB2_HUMAN
ACSL6_HUMAN,MCCA_HUMAN
ACSL6_HUMAN,TRI36_HUMAN
ACSL6_HUMAN,CTCF_HUMAN
ACSL6_HUMAN,PCCA_HUMAN
ACSL6_HUMAN,NDUS1_HUMAN
ACSL6_HUMAN,DTL_HUMAN
ACSL6_HUMAN,SKI_HUMAN
ACSL6_HUMAN,GPDM_HUMAN
ACSL6_HUMAN,P85B_HUMAN
ACSL6_HUMAN,S15A2_HUMAN
ACSL6_HUMAN,SV2C_HUMAN
ACSL6_HUMAN,CCNT2_HUMAN
ACSL6_HUMAN,CARTF_HUMAN
ACSL6_HUMAN,COP1_HUMAN
ACSL6_HUMAN,ANKZ1_HUMAN
ACSL6_HUMAN,HOOK1_HUMAN
ACSL6_HUMAN,DDX17_HUMAN
ACSL6_HUMAN,BAP1_HUMAN
ACSL6_HUMAN,LRCH1_HUMAN
ACSL6_HUMAN,EXOC8_HUMAN
ACSL6_HUMAN,KCNN3_HUMAN
ACSL6_HUMAN,HGF_HUMAN
ACSL6_HUMAN,CCNT1_HUMAN
ACSL6_HUMAN,DAAF1_HUMAN
ACSL6_HUMAN,SH3R2_HUMAN
ACSL6_HUMAN,PLOD1_HUMAN
ACSL6_HUMAN,OBI1_HUMAN
ACSL6_HUMAN,TBK1_HUMAN
BIP_HUMAN,A0A2R8Y5G6_HUMAN
BIP_HUMAN,A0A6Q8PFE1_HUMAN
BIP_HUMAN,MATN4_HUMAN
BIP_HUMAN,A0A8I5KXC8_HUMAN
BIP_HUMAN,FOXJ3_HUMAN
BIP_HUMAN,LRR70_HUMAN
BIP_HUMAN,ZDH13_HUMAN
BIP_HUMAN,KLC2_HUMAN
BIP_HUMAN,PGM2L_HUMAN
BIP_HUMAN,Q53XM5_HUMAN
BIP_HUMAN,DTX2_HUMAN
BIP_HUMAN,FRMD6_HUMAN
BIP_HUMAN,FANCG_HUMAN
BIP_HUMAN,C4P0B1_HUMAN
BIP_HUMAN,SOX13_HUMAN
BIP_HUMAN,GALT6_HUMAN
BIP_HUMAN,DDX41_HUMAN
BIP_HUMAN,TAF6L_HUMAN
BIP_HUMAN,PRLR_HUMAN
BIP_HUMAN,NCKX4_HUMAN
BIP_HUMAN,GT251_HUMAN
BIP_HUMAN,THRB_HUMAN
BIP_HUMAN,PCKGC_HUMAN
SIAH1_HUMAN,A0A494C1T7_HUMAN
SIAH1_HUMAN,CCNG1_HUMAN
SIAH1_HUMAN,ASB17_HUMAN
SIAH1_HUMAN,A0A140VJF4_HUMAN
SIAH1_HUMAN,E7EQB9_HUMAN
SIAH1_HUMAN,CCD69_HUMAN
SIAH1_HUMAN,ZN75A_HUMAN
SIAH1_HUMAN,A0A804HJB7_HUMAN
SIAH1_HUMAN,TF_HUMAN
SIAH1_HUMAN,TM241_HUMAN
SIAH1_HUMAN,ST1A3_HUMAN
SIAH1_HUMAN,E9PR70_HUMAN
SIAH1_HUMAN,E7ERW5_HUMAN
SIAH1_HUMAN,V9HW60_HUMAN
SIAH1_HUMAN,MMAD_HUMAN
SIAH1_HUMAN,GLYAT_HUMAN
SIAH1_HUMAN,A0A7I2V5Z3_HUMAN
SIAH1_HUMAN,FBX2_HUMAN
SIAH1_HUMAN,H0YET8_HUMAN
SIAH1_HUMAN,Q15247_HUMAN
SIAH1_HUMAN,K7EIH5_HUMAN
SIAH1_HUMAN,Q5QPJ6_HUMAN
SIAH1_HUMAN,ST1B1_HUMAN
SIAH1_HUMAN,ORAI3_HUMAN
SIAH1_HUMAN,ST1C2_HUMAN
SIAH1_HUMAN,BIEA_HUMAN
SIAH1_HUMAN,Q6FI00_HUMAN
SIAH1_HUMAN,TMM71_HUMAN
SIAH1_HUMAN,E9PMD7_HUMAN
SIAH1_HUMAN,V9PBN7_HUMAN
SIAH1_HUMAN,Q7Z7K9_HUMAN
SIAH1_HUMAN,HG2A_HUMAN
SIAH1_HUMAN,DUS15_HUMAN
SIAH1_HUMAN,C9J2X2_HUMAN
SIAH1_HUMAN,H0Y4R4_HUMAN
SIAH1_HUMAN,A0A0S2Z3G3_HUMAN
SIAH1_HUMAN,H0Y9R3_HUMAN
SIAH1_HUMAN,Q5T8R3_HUMAN
SIAH1_HUMAN,ST1A4_HUMAN
SIAH1_HUMAN,DAZL_HUMAN
SIAH1_HUMAN,HLF_HUMAN
SIAH1_HUMAN,PACRG_HUMAN
SIAH1_HUMAN,CAMLG_HUMAN
SIAH1_HUMAN,B7ZBF7_HUMAN
SIAH1_HUMAN,I3L399_HUMAN
SIAH1_HUMAN,A0A3B3ITK9_HUMAN
SIAH1_HUMAN,GNMT_HUMAN
SIAH1_HUMAN,A0A087X162_HUMAN
SIAH1_HUMAN,H0Y799_HUMAN
SIAH1_HUMAN,ST1A2_HUMAN
SIAH1_HUMAN,STAP1_HUMAN
SIAH1_HUMAN,AQP9_HUMAN
SIAH1_HUMAN,A0A0S2Z4V0_HUMAN
SIAH1_HUMAN,TMX2_HUMAN
SIAH1_HUMAN,A0A6Q8PH88_HUMAN
SIAH1_HUMAN,RSSA_HUMAN
SIAH1_HUMAN,F110A_HUMAN
SIAH1_HUMAN,ELOV2_HUMAN
SIAH1_HUMAN,ST1A1_HUMAN
SIAH1_HUMAN,CCND1_HUMAN
SIAH1_HUMAN,PLS3_HUMAN
SIAH1_HUMAN,PLPP6_HUMAN
SIAH1_HUMAN,GEM_HUMAN
SIAH1_HUMAN,SFRP2_HUMAN
SIAH1_HUMAN,SNAA_HUMAN
SIAH1_HUMAN,RT02_HUMAN
SIAH1_HUMAN,RM15_HUMAN
SIAH1_HUMAN,MYD88_HUMAN
SIAH1_HUMAN,PLPP_HUMAN
GP1BA_HUMAN,LMNB2_HUMAN
GP1BA_HUMAN,F5H148_HUMAN
GP1BA_HUMAN,ZNF93_HUMAN
GP1BA_HUMAN,ASML_HUMAN
GP1BA_HUMAN,KBP_HUMAN
GP1BA_HUMAN,C9JRJ5_HUMAN
GP1BA_HUMAN,SC6A3_HUMAN
GP1BA_HUMAN,GLIS1_HUMAN
GP1BA_HUMAN,E9PNG3_HUMAN
GP1BA_HUMAN,LIGO1_HUMAN
GP1BA_HUMAN,MTMR6_HUMAN
GP1BA_HUMAN,A0A2R8Y6K4_HUMAN
GP1BA_HUMAN,SC6A6_HUMAN
GP1BA_HUMAN,PRC1_HUMAN
GP1BA_HUMAN,CDC16_HUMAN
GP1BA_HUMAN,A0A8I5KTT9_HUMAN
GP1BA_HUMAN,DNJC2_HUMAN
GP1BA_HUMAN,RBP10_HUMAN
GP1BA_HUMAN,MINY2_HUMAN
GP1BA_HUMAN,DTX1_HUMAN
GP1BA_HUMAN,GPAA1_HUMAN
GP1BA_HUMAN,S27A2_HUMAN
GP1BA_HUMAN,EXD2_HUMAN
GP1BA_HUMAN,NCBP3_HUMAN
GP1BA_HUMAN,KLHL8_HUMAN
GP1BA_HUMAN,ITK_HUMAN
GP1BA_HUMAN,ELL_HUMAN
GP1BA_HUMAN,ACAD9_HUMAN
GP1BA_HUMAN,FXR1_HUMAN
GP1BA_HUMAN,CFA52_HUMAN
GP1BA_HUMAN,PIAS2_HUMAN
GP1BA_HUMAN,TOX4_HUMAN
GP1BA_HUMAN,FBXL4_HUMAN
DUS3L_HUMAN,A0A8I5KRK9_HUMAN
DUS3L_HUMAN,A0A8I5KZ05_HUMAN
DUS3L_HUMAN,C9J8B8_HUMAN
DUS3L_HUMAN,A0A804HHT6_HUMAN
DUS3L_HUMAN,ZN668_HUMAN
DUS3L_HUMAN,H0YKT2_HUMAN
DUS3L_HUMAN,DLL3_HUMAN
DUS3L_HUMAN,Q6IAR4_HUMAN
DUS3L_HUMAN,ZBT7C_HUMAN
DUS3L_HUMAN,CTR3_HUMAN
DUS3L_HUMAN,ZNF48_HUMAN
DUS3L_HUMAN,C9JFL8_HUMAN
DUS3L_HUMAN,CRTC3_HUMAN
DUS3L_HUMAN,A0A0A0MRZ4_HUMAN
DUS3L_HUMAN,M3K2_HUMAN
DUS3L_HUMAN,A0A8I5KZ76_HUMAN
DUS3L_HUMAN,SC5AC_HUMAN
DUS3L_HUMAN,A16L2_HUMAN
DUS3L_HUMAN,A0A804HJK8_HUMAN
DUS3L_HUMAN,GRHL1_HUMAN
DUS3L_HUMAN,BIRC2_HUMAN
DUS3L_HUMAN,GCYB1_HUMAN
DUS3L_HUMAN,ZAP70_HUMAN
DUS3L_HUMAN,B0QYK0_HUMAN
DUS3L_HUMAN,ELF1_HUMAN
DUS3L_HUMAN,NXF1_HUMAN
DUS3L_HUMAN,BUD13_HUMAN
DUS3L_HUMAN,REL_HUMAN
DUS3L_HUMAN,TF7L2_HUMAN
DUS3L_HUMAN,MIRO1_HUMAN
DUS3L_HUMAN,DTX4_HUMAN
DUS3L_HUMAN,MIRO2_HUMAN
DUS3L_HUMAN,S27A6_HUMAN
CXB1_HUMAN,A0A7I2V3H5_HUMAN
CXB1_HUMAN,RL5_HUMAN
CXB1_HUMAN,A0A384NKQ2_HUMAN
CXB1_HUMAN,H0YLK8_HUMAN
CXB1_HUMAN,D6W5Y5_HUMAN
CXB1_HUMAN,A0A8I5KP93_HUMAN
CXB1_HUMAN,I3L1I8_HUMAN
CXB1_HUMAN,B3KQ23_HUMAN
CXB1_HUMAN,E9PCF2_HUMAN
CXB1_HUMAN,MEMO1_HUMAN
CXB1_HUMAN,S2552_HUMAN
CXB1_HUMAN,PLS2_HUMAN
CXB1_HUMAN,A0A1W2PR07_HUMAN
CXB1_HUMAN,TM164_HUMAN
CXB1_HUMAN,TATD1_HUMAN
CXB1_HUMAN,THTM_HUMAN
CXB1_HUMAN,A2RUM7_HUMAN
CXB1_HUMAN,EMC2_HUMAN
CXB1_HUMAN,LY66F_HUMAN
CXB1_HUMAN,ACTHR_HUMAN
CXB1_HUMAN,VP26C_HUMAN
CXB1_HUMAN,ERCC1_HUMAN
CXB1_HUMAN,THTR_HUMAN
CXB1_HUMAN,TACO1_HUMAN
CXB1_HUMAN,INKA2_HUMAN
CXB1_HUMAN,TRI52_HUMAN
CXB1_HUMAN,E9PKT6_HUMAN
CXB1_HUMAN,CDK1_HUMAN
CXB1_HUMAN,UBXN1_HUMAN
CXB1_HUMAN,STX4_HUMAN
CXB1_HUMAN,NADC_HUMAN
CXB1_HUMAN,PIGC_HUMAN
CXB1_HUMAN,TNR27_HUMAN
CXB1_HUMAN,CD20_HUMAN
CXB1_HUMAN,S2551_HUMAN
CXB1_HUMAN,NUCG_HUMAN
CXB1_HUMAN,CNN1_HUMAN
PLPP1_HUMAN,A0A5K1VW56_HUMAN
PLPP1_HUMAN,A0A8I5KR71_HUMAN
PLPP1_HUMAN,C9IZQ1_HUMAN
PLPP1_HUMAN,A0A2R8YCG6_HUMAN
PLPP1_HUMAN,A0A0S2Z3H3_HUMAN
PLPP1_HUMAN,DPPA2_HUMAN
PLPP1_HUMAN,KR10B_HUMAN
PLPP1_HUMAN,Q5JQP4_HUMAN
PLPP1_HUMAN,A0A0A0MRX2_HUMAN
PLPP1_HUMAN,Q5T9Q5_HUMAN
PLPP1_HUMAN,BIRC7_HUMAN
PLPP1_HUMAN,JAM2_HUMAN
PLPP1_HUMAN,CDK2_HUMAN
PLPP1_HUMAN,ZA2G_HUMAN
PLPP1_HUMAN,Q6I9V5_HUMAN
PLPP1_HUMAN,MIME_HUMAN
PLPP1_HUMAN,Q1W6H1_HUMAN
PLPP1_HUMAN,TNNT2_HUMAN
PLPP1_HUMAN,KHK_HUMAN
PLPP1_HUMAN,ADT2_HUMAN
PLPP1_HUMAN,MLX_HUMAN
PLPP1_HUMAN,SDCB1_HUMAN
PLPP1_HUMAN,3MG_HUMAN
PLPP1_HUMAN,DTWD2_HUMAN
PLPP1_HUMAN,ADT1_HUMAN
PLPP1_HUMAN,ADT3_HUMAN
PLPP1_HUMAN,LRC55_HUMAN
PLPP1_HUMAN,ILRUN_HUMAN
PLPP1_HUMAN,ATPG_HUMAN
PLPP1_HUMAN,THG1_HUMAN
PLPP1_HUMAN,GOLP3_HUMAN
RAF1_HUMAN,F5H1B7_HUMAN
RAF1_HUMAN,A0A7I2V699_HUMAN
RAF1_HUMAN,A0A6Q8PGW4_HUMAN
RAF1_HUMAN,RFX5_HUMAN
RAF1_HUMAN,E7EV75_HUMAN
RAF1_HUMAN,E7EX17_HUMAN
RAF1_HUMAN,F5H7P7_HUMAN
RAF1_HUMAN,ENTP4_HUMAN
RAF1_HUMAN,GCYB2_HUMAN
RAF1_HUMAN,CSTFT_HUMAN
RAF1_HUMAN,C0LTP6_HUMAN
RAF1_HUMAN,E9PHF7_HUMAN
RAF1_HUMAN,SPAST_HUMAN
RAF1_HUMAN,GTR12_HUMAN
RAF1_HUMAN,ETFD_HUMAN
RAF1_HUMAN,I3L1L6_HUMAN
RAF1_HUMAN,E5KRP5_HUMAN
RAF1_HUMAN,A0A7P0Z4A0_HUMAN
RAF1_HUMAN,KLH36_HUMAN
RAF1_HUMAN,MTR1L_HUMAN
RAF1_HUMAN,RSCA1_HUMAN
RAF1_HUMAN,DCP1B_HUMAN
RAF1_HUMAN,FNBP1_HUMAN
RAF1_HUMAN,FEM1C_HUMAN
RAF1_HUMAN,RFA1_HUMAN
RAF1_HUMAN,A0A1B0GV11_HUMAN
RAF1_HUMAN,KLHL9_HUMAN
RAF1_HUMAN,DOPO_HUMAN
RAF1_HUMAN,VATA_HUMAN
RAF1_HUMAN,TNR11_HUMAN
RAF1_HUMAN,A0A7P0T8Y5_HUMAN
RAF1_HUMAN,VP33B_HUMAN
RAF1_HUMAN,E7EWY6_HUMAN
RAF1_HUMAN,GLCE_HUMAN
RAF1_HUMAN,SYVN1_HUMAN
RAF1_HUMAN,SC6A2_HUMAN
RAF1_HUMAN,SCG2_HUMAN
ST2A1_HUMAN,A0A384P622_HUMAN
ST2A1_HUMAN,CAZA3_HUMAN
ST2A1_HUMAN,GFRA4_HUMAN
ST2A1_HUMAN,TA2R1_HUMAN
ST2A1_HUMAN,T2R19_HUMAN
ST2A1_HUMAN,A0A8I5KRB0_HUMAN
ST2A1_HUMAN,K7EMG5_HUMAN
ST2A1_HUMAN,SETD9_HUMAN
ST2A1_HUMAN,T2R45_HUMAN
ST2A1_HUMAN,ODC_HUMAN
ST2A1_HUMAN,TA2R4_HUMAN
ST2A1_HUMAN,PPR3D_HUMAN
ST2A1_HUMAN,SPY4_HUMAN
ST2A1_HUMAN,UQCC1_HUMAN
ST2A1_HUMAN,D6RFF0_HUMAN
ST2A1_HUMAN,T2R50_HUMAN
ST2A1_HUMAN,R4GNG2_HUMAN
ST2A1_HUMAN,B4DJ75_HUMAN
ST2A1_HUMAN,C9JKQ0_HUMAN
ST2A1_HUMAN,H0YEL8_HUMAN
ST2A1_HUMAN,Q6IB64_HUMAN
ST2A1_HUMAN,D6RH20_HUMAN
ST2A1_HUMAN,TCEA2_HUMAN
ST2A1_HUMAN,SGCZ_HUMAN
ST2A1_HUMAN,RNH2A_HUMAN
ST2A1_HUMAN,NMRL1_HUMAN
ST2A1_HUMAN,LZTL1_HUMAN
ST2A1_HUMAN,CLM8_HUMAN
ST2A1_HUMAN,S4R2X9_HUMAN
ST2A1_HUMAN,HYLS1_HUMAN
ST2A1_HUMAN,Q2MD59_HUMAN
ST2A1_HUMAN,MYOZ1_HUMAN
ST2A1_HUMAN,A0A0S2Z497_HUMAN
ST2A1_HUMAN,JAM1_HUMAN
ST2A1_HUMAN,RGN_HUMAN
ST2A1_HUMAN,FSBP_HUMAN
ST2A1_HUMAN,TA2R5_HUMAN
ST2A1_HUMAN,PEX19_HUMAN
ST2A1_HUMAN,CNOT9_HUMAN
ST2A1_HUMAN,SC5D_HUMAN
ST2A1_HUMAN,NHEJ1_HUMAN
ST2A1_HUMAN,LIRA5_HUMAN
ST2A1_HUMAN,PHB2_HUMAN
ST2A1_HUMAN,ELOV5_HUMAN
ST2A1_HUMAN,FCN3_HUMAN
ST2A1_HUMAN,DNSL2_HUMAN
ST2A1_HUMAN,CRX_HUMAN
ST2A1_HUMAN,ZDHC3_HUMAN
SF01_HUMAN,A0A0B4J206_HUMAN
SF01_HUMAN,A0A0A0MSW9_HUMAN
SF01_HUMAN,5NT1B_HUMAN
SF01_HUMAN,A0A6Q8PFM5_HUMAN
SF01_HUMAN,ENOX2_HUMAN
SF01_HUMAN,NCOA4_HUMAN
SF01_HUMAN,A0A6Q8PG15_HUMAN
SF01_HUMAN,A0A6Q8PHC0_HUMAN
SF01_HUMAN,A0A7I2PK44_HUMAN
SF01_HUMAN,A0A6Q8PHJ9_HUMAN
SF01_HUMAN,A0A7P0TAE3_HUMAN
SF01_HUMAN,A0A7I2V2G2_HUMAN
SF01_HUMAN,ABLM2_HUMAN
SF01_HUMAN,A0A7P0TAG1_HUMAN
SF01_HUMAN,B1ANR0_HUMAN
SF01_HUMAN,A0A7P0TB19_HUMAN
SF01_HUMAN,B4DXZ6_HUMAN
SF01_HUMAN,XRCC6_HUMAN
SF01_HUMAN,CC116_HUMAN
SF01_HUMAN,K7EQ21_HUMAN
SF01_HUMAN,ZN276_HUMAN
SF01_HUMAN,OCTC_HUMAN
SF01_HUMAN,OTOP1_HUMAN
SF01_HUMAN,F2YGU2_HUMAN
SF01_HUMAN,D6RCE2_HUMAN
SF01_HUMAN,B4DJ81_HUMAN
SF01_HUMAN,CQ080_HUMAN
SF01_HUMAN,SP2_HUMAN
SF01_HUMAN,PRIC3_HUMAN
SF01_HUMAN,BPIB4_HUMAN
SF01_HUMAN,Q8TCC6_HUMAN
SF01_HUMAN,A0A8I5KTA5_HUMAN
SF01_HUMAN,H7C463_HUMAN
SF01_HUMAN,S23A3_HUMAN
SF01_HUMAN,E7ET87_HUMAN
SF01_HUMAN,A0A6Q8PFE5_HUMAN
SF01_HUMAN,O75612_HUMAN
SF01_HUMAN,PODN_HUMAN
SF01_HUMAN,H7C561_HUMAN
SF01_HUMAN,CLGN_HUMAN
SF01_HUMAN,CP100_HUMAN
SF01_HUMAN,SC5A8_HUMAN
SF01_HUMAN,H0YB24_HUMAN
SF01_HUMAN,F1D8S3_HUMAN
SF01_HUMAN,F5GYY5_HUMAN
SF01_HUMAN,IGSF8_HUMAN
SF01_HUMAN,H9KVC7_HUMAN
SF01_HUMAN,A0A8I5KQV4_HUMAN
SF01_HUMAN,TT39A_HUMAN
SF01_HUMAN,MOXD1_HUMAN
SF01_HUMAN,FETA_HUMAN
SF01_HUMAN,MYNN_HUMAN
SF01_HUMAN,PGM2_HUMAN
SF01_HUMAN,POGK_HUMAN
SF01_HUMAN,C9JTY6_HUMAN
SF01_HUMAN,A0A140VK27_HUMAN
SF01_HUMAN,A0A2U3TZR0_HUMAN
SF01_HUMAN,LKHA4_HUMAN
SF01_HUMAN,SRRM4_HUMAN
SF01_HUMAN,KHDC4_HUMAN
SF01_HUMAN,ZN571_HUMAN
SF01_HUMAN,E9PLN0_HUMAN
SF01_HUMAN,D6RF86_HUMAN
SF01_HUMAN,ACSF2_HUMAN
SF01_HUMAN,RTKN2_HUMAN
SF01_HUMAN,A0A7P0SXD0_HUMAN
SF01_HUMAN,A0A0S2Z4L5_HUMAN
SF01_HUMAN,ALG9_HUMAN
SF01_HUMAN,TYDP1_HUMAN
SF01_HUMAN,RPAP2_HUMAN
SF01_HUMAN,A8MY87_HUMAN
SF01_HUMAN,LPP_HUMAN
SF01_HUMAN,J3KS13_HUMAN
SF01_HUMAN,HIC2_HUMAN
SF01_HUMAN,A0A7I2V2F4_HUMAN
SF01_HUMAN,A0A087WXK8_HUMAN
SF01_HUMAN,A0A6Q8PFF6_HUMAN
SF01_HUMAN,ADIP_HUMAN
SF01_HUMAN,J3KTA4_HUMAN
SF01_HUMAN,KCNA5_HUMAN
SF01_HUMAN,S6A12_HUMAN
SF01_HUMAN,NR1D1_HUMAN
SF01_HUMAN,VGF_HUMAN
SF01_HUMAN,ALBU_HUMAN
SF01_HUMAN,F5GZ08_HUMAN
SF01_HUMAN,DEN6A_HUMAN
SF01_HUMAN,IF4B_HUMAN
SF01_HUMAN,PKHN1_HUMAN
SF01_HUMAN,LBR_HUMAN
SF01_HUMAN,GPR37_HUMAN
SF01_HUMAN,DBF4B_HUMAN
SF01_HUMAN,RHBT3_HUMAN
SF01_HUMAN,GRP2_HUMAN
SF01_HUMAN,SCC4_HUMAN
SF01_HUMAN,PAPS2_HUMAN
SF01_HUMAN,NUMBL_HUMAN
SF01_HUMAN,ANKL1_HUMAN
SF01_HUMAN,WDR46_HUMAN
SF01_HUMAN,PLCZ1_HUMAN
SF01_HUMAN,ACES_HUMAN
HSP7C_HUMAN,A0A0D2X7Z3_HUMAN
HSP7C_HUMAN,ZN653_HUMAN
HSP7C_HUMAN,MSL1_HUMAN
HSP7C_HUMAN,DDX5_HUMAN
HSP7C_HUMAN,FA12_HUMAN
HSP7C_HUMAN,NUB1_HUMAN
PLPP2_HUMAN,A0A0C4DGF1_HUMAN
PLPP2_HUMAN,PHLP_HUMAN
PLPP2_HUMAN,A0A2R8Y6Q6_HUMAN
PLPP2_HUMAN,A0A590UJ73_HUMAN
PLPP2_HUMAN,GID4_HUMAN
PLPP2_HUMAN,E9PQR8_HUMAN
PLPP2_HUMAN,5NT3B_HUMAN
PLPP2_HUMAN,A0A6Q8PGZ3_HUMAN
PLPP2_HUMAN,SCO1_HUMAN
PLPP2_HUMAN,A0A384NKJ3_HUMAN
PLPP2_HUMAN,A0A7I2V370_HUMAN
PLPP2_HUMAN,A0A1U9X8D2_HUMAN
PLPP2_HUMAN,A9IYQ1_HUMAN
PLPP2_HUMAN,PSB11_HUMAN
PLPP2_HUMAN,Q5T6H2_HUMAN
PLPP2_HUMAN,DNSL1_HUMAN
PLPP2_HUMAN,RELL2_HUMAN
PLPP2_HUMAN,B7Z8V7_HUMAN
PLPP2_HUMAN,C9J8Z4_HUMAN
PLPP2_HUMAN,EHF_HUMAN
PLPP2_HUMAN,ECHD3_HUMAN
PLPP2_HUMAN,CF161_HUMAN
PLPP2_HUMAN,A3KFL5_HUMAN
PLPP2_HUMAN,MEDAG_HUMAN
PLPP2_HUMAN,GLYL1_HUMAN
PLPP2_HUMAN,H3BT85_HUMAN
PLPP2_HUMAN,NEK7_HUMAN
PLPP2_HUMAN,H0YEF7_HUMAN
PLPP2_HUMAN,DHB11_HUMAN
PLPP2_HUMAN,PILRA_HUMAN
PLPP2_HUMAN,Q53R19_HUMAN
PLPP2_HUMAN,STC2_HUMAN
PLPP2_HUMAN,SURF1_HUMAN
PLPP2_HUMAN,H3BTC0_HUMAN
PLPP2_HUMAN,PITX3_HUMAN
PLPP2_HUMAN,Q5T457_HUMAN
PLPP2_HUMAN,TA2R2_HUMAN
PLPP2_HUMAN,RHBL2_HUMAN
PLPP2_HUMAN,SUSD6_HUMAN
PLPP2_HUMAN,ST6B1_HUMAN
PLPP2_HUMAN,TNF6B_HUMAN
PLPP2_HUMAN,TEF_HUMAN
PLPP2_HUMAN,A0A7I2YQW9_HUMAN
PLPP2_HUMAN,TPRX2_HUMAN
PLPP2_HUMAN,ZCCHL_HUMAN
PLPP2_HUMAN,SC22C_HUMAN
PLPP2_HUMAN,S2529_HUMAN
PLPP2_HUMAN,PUSL1_HUMAN
PLPP2_HUMAN,A0A7P0T8V3_HUMAN
PLPP2_HUMAN,ELP5_HUMAN
PLPP2_HUMAN,D6R9L0_HUMAN
PLPP2_HUMAN,A0A384MTX4_HUMAN
PLPP2_HUMAN,A0A5F9ZHZ6_HUMAN
PLPP2_HUMAN,GGPPS_HUMAN
PLPP2_HUMAN,MAK16_HUMAN
PLPP2_HUMAN,C9K0E8_HUMAN
PLPP2_HUMAN,CATZ_HUMAN
PLPP2_HUMAN,B4DUC8_HUMAN
PLPP2_HUMAN,CENPO_HUMAN
PLPP2_HUMAN,H0YEE2_HUMAN
PLPP2_HUMAN,SPEE_HUMAN
PLPP2_HUMAN,HXB1_HUMAN
PLPP2_HUMAN,PPT2_HUMAN
PLPP2_HUMAN,STX17_HUMAN
PLPP2_HUMAN,H0YA91_HUMAN
PLPP2_HUMAN,TASL_HUMAN
PLPP2_HUMAN,ORNT1_HUMAN
PLPP2_HUMAN,E9PJI1_HUMAN
PLPP2_HUMAN,CASP7_HUMAN
PLPP2_HUMAN,F8WF16_HUMAN
PLPP2_HUMAN,C9J8U3_HUMAN
PLPP2_HUMAN,DHB13_HUMAN
PLPP2_HUMAN,A0N0L8_HUMAN
PLPP2_HUMAN,MSX1_HUMAN
PLPP2_HUMAN,XAF1_HUMAN
PLPP2_HUMAN,NB5R3_HUMAN
PLPP2_HUMAN,HAVR2_HUMAN
PLPP2_HUMAN,ORNT2_HUMAN
PLPP2_HUMAN,H7C213_HUMAN
PLPP2_HUMAN,CRLS1_HUMAN
PLPP2_HUMAN,NOSIP_HUMAN
PLPP2_HUMAN,ST1C4_HUMAN
PLPP2_HUMAN,PHF13_HUMAN
PLPP2_HUMAN,PPIE_HUMAN
PLPP2_HUMAN,NAT8L_HUMAN
PLPP2_HUMAN,ALKB4_HUMAN
PLPP2_HUMAN,NUD22_HUMAN
PLPP2_HUMAN,R144B_HUMAN
PLPP2_HUMAN,TCEA1_HUMAN
PLPP2_HUMAN,AQP10_HUMAN
PLPP2_HUMAN,MCAT_HUMAN
PLPP2_HUMAN,SPRC_HUMAN
PLPP2_HUMAN,SIA7D_HUMAN
PLPP2_HUMAN,TIPIN_HUMAN
PLPP2_HUMAN,ARPC2_HUMAN
PLPP2_HUMAN,T2R13_HUMAN
PLPP2_HUMAN,PKHA3_HUMAN
PLPP2_HUMAN,PECR_HUMAN
PLPP2_HUMAN,AP1AR_HUMAN
PLPP2_HUMAN,ECI1_HUMAN
FGF2_HUMAN,MGLL_HUMAN
FGF2_HUMAN,CRKL_HUMAN
FGF2_HUMAN,DHRS3_HUMAN
FGF2_HUMAN,CDK4_HUMAN
FGF2_HUMAN,GIMA7_HUMAN
FGF2_HUMAN,SUMF2_HUMAN
FGF2_HUMAN,CHIP_HUMAN
FGF2_HUMAN,FFAR1_HUMAN
FGF2_HUMAN,FXL15_HUMAN
FGF2_HUMAN,KLF7_HUMAN
FGF2_HUMAN,NKX26_HUMAN
FGF2_HUMAN,ORAI1_HUMAN
FGF2_HUMAN,ICOSL_HUMAN
FGF2_HUMAN,MTCH2_HUMAN
FGF2_HUMAN,AT1B1_HUMAN
FGF2_HUMAN,DOHH_HUMAN
FGF2_HUMAN,CD38_HUMAN
INP5E_HUMAN,E7ET46_HUMAN
INP5E_HUMAN,AIFM1_HUMAN
INP5E_HUMAN,COG8_HUMAN
INP5E_HUMAN,GGA2_HUMAN
HS71B_HUMAN,PDE12_HUMAN
HS71B_HUMAN,KAT7_HUMAN
HS71B_HUMAN,PO6F1_HUMAN
HS71B_HUMAN,H0YLH9_HUMAN
HS71B_HUMAN,F111A_HUMAN
HS71B_HUMAN,KLH20_HUMAN
HS71B_HUMAN,LYAM2_HUMAN
HS71B_HUMAN,MEN1_HUMAN
PABP1_HUMAN,A0A494C1F8_HUMAN
PABP1_HUMAN,A0A1W2PPA2_HUMAN
PABP1_HUMAN,NF2L2_HUMAN
PABP1_HUMAN,CUZD1_HUMAN
PABP1_HUMAN,A0A804HKG2_HUMAN
PABP1_HUMAN,A0A804HLJ9_HUMAN
PABP1_HUMAN,GNL1_HUMAN
PABP1_HUMAN,EPMIP_HUMAN
PABP1_HUMAN,H6ST2_HUMAN
PABP1_HUMAN,RUFY2_HUMAN
PABP1_HUMAN,ACO11_HUMAN
PABP1_HUMAN,A0A3B3ISN4_HUMAN
PABP1_HUMAN,ARAF_HUMAN
PABP1_HUMAN,GLT18_HUMAN
PABP1_HUMAN,A0A3B3IUD6_HUMAN
PABP1_HUMAN,A0A8C8KI72_HUMAN
PABP1_HUMAN,A0A804F729_HUMAN
PABP1_HUMAN,UBP2_HUMAN
PABP1_HUMAN,S2611_HUMAN
PABP1_HUMAN,V9HWG7_HUMAN
PABP1_HUMAN,H0YBI6_HUMAN
PABP1_HUMAN,H0Y7W6_HUMAN
PABP1_HUMAN,SPDLY_HUMAN
PABP1_HUMAN,GLT11_HUMAN
PABP1_HUMAN,AN13D_HUMAN
PABP1_HUMAN,M3K7_HUMAN
PABP1_HUMAN,CNDH2_HUMAN
PABP1_HUMAN,C9J470_HUMAN
PABP1_HUMAN,G3V256_HUMAN
PABP1_HUMAN,V9HWI2_HUMAN
PABP1_HUMAN,MBD1_HUMAN
PABP1_HUMAN,A0A087WUS1_HUMAN
PABP1_HUMAN,KLH41_HUMAN
PABP1_HUMAN,NEIL3_HUMAN
PABP1_HUMAN,E9PPZ9_HUMAN
PABP1_HUMAN,H3BSL4_HUMAN
PABP1_HUMAN,Z354A_HUMAN
PABP1_HUMAN,RPN1_HUMAN
PABP1_HUMAN,AIFM3_HUMAN
PABP1_HUMAN,MAGD2_HUMAN
PABP1_HUMAN,A0A2R8Y7C5_HUMAN
PABP1_HUMAN,A16L1_HUMAN
PABP1_HUMAN,SCAI_HUMAN
PABP1_HUMAN,A0A0S2Z4M2_HUMAN
PABP1_HUMAN,CARM1_HUMAN
PABP1_HUMAN,FPGT_HUMAN
PABP1_HUMAN,ABCD4_HUMAN
PABP1_HUMAN,RYK_HUMAN
PABP1_HUMAN,ALS_HUMAN
PABP1_HUMAN,GDS1_HUMAN
PABP1_HUMAN,WDR1_HUMAN
PABP1_HUMAN,TECT3_HUMAN
PABP1_HUMAN,PDXL2_HUMAN
PABP1_HUMAN,SCAR3_HUMAN
PABP1_HUMAN,FBP1L_HUMAN
PABP1_HUMAN,MMP16_HUMAN
PABP1_HUMAN,TBX18_HUMAN
PABP1_HUMAN,NPL4_HUMAN
PABP1_HUMAN,DNAI2_HUMAN
PABP1_HUMAN,ARP5_HUMAN
PABP1_HUMAN,PPM1D_HUMAN
PABP1_HUMAN,TOM70_HUMAN
PABP1_HUMAN,FBW1A_HUMAN
ECHM_HUMAN,D3DU92_HUMAN
ECHM_HUMAN,KI2S2_HUMAN
ECHM_HUMAN,G3V5S4_HUMAN
ECHM_HUMAN,DTWD1_HUMAN
ECHM_HUMAN,TMM74_HUMAN
ECHM_HUMAN,Q5TZT0_HUMAN
ECHM_HUMAN,KI2S3_HUMAN
ECHM_HUMAN,H7C0G7_HUMAN
ECHM_HUMAN,A0A075B6F9_HUMAN
ECHM_HUMAN,DNSL3_HUMAN
ECHM_HUMAN,O4F17_HUMAN
ECHM_HUMAN,NANP8_HUMAN
ECHM_HUMAN,KI2S1_HUMAN
ECHM_HUMAN,DPPA4_HUMAN
ECHM_HUMAN,OR9G1_HUMAN
ECHM_HUMAN,KI2S4_HUMAN
ECHM_HUMAN,A0A087WVU1_HUMAN
ECHM_HUMAN,Q16247_HUMAN
ECHM_HUMAN,E5KTA6_HUMAN
ECHM_HUMAN,IOD3_HUMAN
ECHM_HUMAN,SPAT4_HUMAN
ECHM_HUMAN,G3V2Q1_HUMAN
ECHM_HUMAN,MBP_HUMAN
ECHM_HUMAN,LRC25_HUMAN
ECHM_HUMAN,ANR23_HUMAN
ECHM_HUMAN,TSN12_HUMAN
ECHM_HUMAN,H3BSW9_HUMAN
ECHM_HUMAN,A0A2C9F2P4_HUMAN
ECHM_HUMAN,Q5JX52_HUMAN
ECHM_HUMAN,KI2S5_HUMAN
ECHM_HUMAN,IFT46_HUMAN
ECHM_HUMAN,H7C422_HUMAN
ECHM_HUMAN,K9N2S2_HUMAN
ECHM_HUMAN,STK16_HUMAN
ECHM_HUMAN,A0A804CC06_HUMAN
ECHM_HUMAN,Q5JX44_HUMAN
ECHM_HUMAN,SIA7C_HUMAN
ECHM_HUMAN,A0A7I2V5S2_HUMAN
ECHM_HUMAN,K7EN33_HUMAN
ECHM_HUMAN,X6R5A3_HUMAN
ECHM_HUMAN,NTH_HUMAN
ECHM_HUMAN,NB5R1_HUMAN
ECHM_HUMAN,RM02_HUMAN
ECHM_HUMAN,KTBL1_HUMAN
ECHM_HUMAN,TFPI1_HUMAN
ECHM_HUMAN,PEX26_HUMAN
ECHM_HUMAN,EI2BA_HUMAN
ECHM_HUMAN,TRY3_HUMAN
ECHM_HUMAN,SKI8_HUMAN
ECHM_HUMAN,GSX2_HUMAN
ECHM_HUMAN,HEY1_HUMAN
ECHM_HUMAN,NSE3_HUMAN
ECHM_HUMAN,MEOX2_HUMAN
ECHM_HUMAN,HXC11_HUMAN
ECHM_HUMAN,CDK3_HUMAN
ECHM_HUMAN,RNPS1_HUMAN
ECHM_HUMAN,CRK_HUMAN
ECHM_HUMAN,NANOG_HUMAN
ECHM_HUMAN,ST1C3_HUMAN
ECHM_HUMAN,CAH5A_HUMAN
ECHM_HUMAN,DCNL3_HUMAN
ECHM_HUMAN,NCTR1_HUMAN
ECHM_HUMAN,ROA0_HUMAN
ECHM_HUMAN,LARGN_HUMAN
ECHM_HUMAN,GULP1_HUMAN
ECHM_HUMAN,GNPTG_HUMAN
ECHM_HUMAN,S2538_HUMAN
ECHM_HUMAN,RN115_HUMAN
ECHM_HUMAN,PPTC7_HUMAN
ECHM_HUMAN,PEX2_HUMAN
ECHM_HUMAN,PPP6_HUMAN
EXOS7_HUMAN,A0A087X2D5_HUMAN
EXOS7_HUMAN,A0A090N8Z4_HUMAN
EXOS7_HUMAN,AIDA_HUMAN
EXOS7_HUMAN,A0A5F9ZHD4_HUMAN
EXOS7_HUMAN,H0YMB1_HUMAN
EXOS7_HUMAN,DOK5_HUMAN
EXOS7_HUMAN,PRRT1_HUMAN
EXOS7_HUMAN,GIMA1_HUMAN
EXOS7_HUMAN,RPF2_HUMAN
EXOS7_HUMAN,LYSM3_HUMAN
EXOS7_HUMAN,EBP2_HUMAN
EXOS7_HUMAN,Q6IB29_HUMAN
EXOS7_HUMAN,A0A7I2YQ92_HUMAN
EXOS7_HUMAN,F8VPW7_HUMAN
EXOS7_HUMAN,CCD50_HUMAN
EXOS7_HUMAN,LRAD4_HUMAN
EXOS7_HUMAN,ABHDB_HUMAN
EXOS7_HUMAN,RTF2_HUMAN
EXOS7_HUMAN,ABHDA_HUMAN
EXOS7_HUMAN,HNRPC_HUMAN
EXOS7_HUMAN,RM45_HUMAN
EXOS7_HUMAN,PPT1_HUMAN
EXOS7_HUMAN,RALY_HUMAN
EXOS7_HUMAN,YIPF1_HUMAN
EXOS7_HUMAN,PABP2_HUMAN
RS2_HUMAN,CCNP_HUMAN
RS2_HUMAN,B1AL69_HUMAN
RS2_HUMAN,A0A286YF02_HUMAN
RS2_HUMAN,A0A8J8Z3C6_HUMAN
RS2_HUMAN,CAH6_HUMAN
RS2_HUMAN,A0A1B0GWB8_HUMAN
RS2_HUMAN,C9JWN1_HUMAN
RS2_HUMAN,HORM2_HUMAN
RS2_HUMAN,KCNK7_HUMAN
RS2_HUMAN,SCRT2_HUMAN
RS2_HUMAN,FA76A_HUMAN
RS2_HUMAN,B5MBX0_HUMAN
RS2_HUMAN,MADL2_HUMAN
RS2_HUMAN,OR5K1_HUMAN
RS2_HUMAN,OR8D1_HUMAN
RS2_HUMAN,FSTL1_HUMAN
RS2_HUMAN,ZDHC7_HUMAN
RS2_HUMAN,OR6F1_HUMAN
RS2_HUMAN,Q53GL6_HUMAN
RS2_HUMAN,SC22A_HUMAN
RS2_HUMAN,TM40L_HUMAN
RS2_HUMAN,RIMS3_HUMAN
RS2_HUMAN,H7C0A2_HUMAN
RS2_HUMAN,T2R41_HUMAN
RS2_HUMAN,A0A2R8YEZ4_HUMAN
RS2_HUMAN,HS3S1_HUMAN
RS2_HUMAN,RAD_HUMAN
RS2_HUMAN,H7C0D9_HUMAN
RS2_HUMAN,F6MDI1_HUMAN
RS2_HUMAN,TSPY1_HUMAN
RS2_HUMAN,A0A024R625_HUMAN
RS2_HUMAN,PM34_HUMAN
RS2_HUMAN,T2R10_HUMAN
RS2_HUMAN,LRC59_HUMAN
RS2_HUMAN,BPNT1_HUMAN
RS2_HUMAN,VTA1_HUMAN
RS2_HUMAN,J3QL04_HUMAN
RS2_HUMAN,COPE_HUMAN
RS2_HUMAN,NMI_HUMAN
RS2_HUMAN,GLO2_HUMAN
RS2_HUMAN,PP4C_HUMAN
RS2_HUMAN,SPG21_HUMAN
RS2_HUMAN,A0A0D9SG51_HUMAN
RS2_HUMAN,K9N1J3_HUMAN
RS2_HUMAN,ASGL1_HUMAN
RS2_HUMAN,K7ES91_HUMAN
RS2_HUMAN,GDF15_HUMAN
RS2_HUMAN,CD5R1_HUMAN
RS2_HUMAN,NMNA2_HUMAN
RS2_HUMAN,TF2H3_HUMAN
RS2_HUMAN,G3V2H2_HUMAN
RS2_HUMAN,A0A6Q8PHN7_HUMAN
RS2_HUMAN,S39A9_HUMAN
RS2_HUMAN,UCP1_HUMAN
RS2_HUMAN,TECR_HUMAN
RS2_HUMAN,S30BP_HUMAN
RS2_HUMAN,MAGF1_HUMAN
RS2_HUMAN,ARH_HUMAN
RS2_HUMAN,UFD1_HUMAN
KSYK_HUMAN,A0A140VKE5_HUMAN
KSYK_HUMAN,K7EQZ1_HUMAN
KSYK_HUMAN,A0A7P0T961_HUMAN
KSYK_HUMAN,A0A8I5KR03_HUMAN
KSYK_HUMAN,DEUP1_HUMAN
KSYK_HUMAN,A0A0C4DGB6_HUMAN
KSYK_HUMAN,E7EMD6_HUMAN
KSYK_HUMAN,NET1_HUMAN
KSYK_HUMAN,MAON_HUMAN
KSYK_HUMAN,A0A2U3TZN9_HUMAN
KSYK_HUMAN,BIRC3_HUMAN
KSYK_HUMAN,A0A6Q8PHK3_HUMAN
KSYK_HUMAN,K7EIW5_HUMAN
KSYK_HUMAN,ZN300_HUMAN
KSYK_HUMAN,ENTP7_HUMAN
KSYK_HUMAN,PGH2_HUMAN
KSYK_HUMAN,B1AL79_HUMAN
KSYK_HUMAN,KLH15_HUMAN
KSYK_HUMAN,MTG8_HUMAN
KSYK_HUMAN,B4DN07_HUMAN
KSYK_HUMAN,MTG8R_HUMAN
VDAC2_HUMAN,A0A024R688_HUMAN
VDAC2_HUMAN,OR1A2_HUMAN
VDAC2_HUMAN,DNJB7_HUMAN
VDAC2_HUMAN,KT3K_HUMAN
VDAC2_HUMAN,Q496D7_HUMAN
VDAC2_HUMAN,A0A2R8YGP2_HUMAN
VDAC2_HUMAN,T2R31_HUMAN
VDAC2_HUMAN,RSPH1_HUMAN
VDAC2_HUMAN,T2R20_HUMAN
VDAC2_HUMAN,T2R46_HUMAN
VDAC2_HUMAN,TA2R8_HUMAN
VDAC2_HUMAN,F8W145_HUMAN
VDAC2_HUMAN,D6RAD4_HUMAN
VDAC2_HUMAN,UPP_HUMAN
VDAC2_HUMAN,MAGA1_HUMAN
VDAC2_HUMAN,TOM34_HUMAN
VDAC2_HUMAN,AURKC_HUMAN
VDAC2_HUMAN,S39A2_HUMAN
VDAC2_HUMAN,FN3K_HUMAN
VDAC2_HUMAN,GPR35_HUMAN
VDAC2_HUMAN,T2R43_HUMAN
VDAC2_HUMAN,WBP2L_HUMAN
VDAC2_HUMAN,ASB12_HUMAN
VDAC2_HUMAN,THAP7_HUMAN
VDAC2_HUMAN,PP2AA_HUMAN
VDAC2_HUMAN,A8KAF9_HUMAN
VDAC2_HUMAN,CNN2_HUMAN
VDAC2_HUMAN,MAT1_HUMAN
VDAC2_HUMAN,CFA96_HUMAN
VDAC2_HUMAN,ADPPT_HUMAN
VDAC2_HUMAN,ZDH19_HUMAN
VDAC2_HUMAN,RDHE2_HUMAN
VDAC2_HUMAN,O10J5_HUMAN
VDAC2_HUMAN,UCP2_HUMAN
VDAC2_HUMAN,KCNKG_HUMAN
VDAC2_HUMAN,PP2AB_HUMAN
POTE1_HUMAN,E9PIN3_HUMAN
POTE1_HUMAN,A0A7P0T9F7_HUMAN
POTE1_HUMAN,GALT9_HUMAN
POTE1_HUMAN,GLT10_HUMAN
POTE1_HUMAN,A0A7I2V3F7_HUMAN
POTE1_HUMAN,FBX46_HUMAN
POTE1_HUMAN,NR2C1_HUMAN
POTE1_HUMAN,PRS56_HUMAN
POTE1_HUMAN,GOG8B_HUMAN
POTE1_HUMAN,D6RIB5_HUMAN
POTE1_HUMAN,MTM1_HUMAN
POTE1_HUMAN,F5H1T4_HUMAN
POTE1_HUMAN,HAUS3_HUMAN
POTE1_HUMAN,ZN415_HUMAN
POTE1_HUMAN,NU5M_HUMAN
POTE1_HUMAN,PLK1_HUMAN
POTE1_HUMAN,MMP17_HUMAN
PLPP6_HUMAN,H3BST3_HUMAN
PLPP6_HUMAN,B3GT5_HUMAN
PLPP6_HUMAN,A0A0S2Z3M4_HUMAN
PLPP6_HUMAN,H0Y3U6_HUMAN
PLPP6_HUMAN,D6RJ07_HUMAN
PLPP6_HUMAN,O2A25_HUMAN
PLPP6_HUMAN,OR2A7_HUMAN
PLPP6_HUMAN,B5MC86_HUMAN
PLPP6_HUMAN,A0A6Q8PHR8_HUMAN
PLPP6_HUMAN,SEN34_HUMAN
PLPP6_HUMAN,NTAN1_HUMAN
PLPP6_HUMAN,SIR5_HUMAN
PLPP6_HUMAN,LRAT2_HUMAN
PLPP6_HUMAN,Q13460_HUMAN
PLPP6_HUMAN,PARM1_HUMAN
PLPP6_HUMAN,ZFPL1_HUMAN
PLPP6_HUMAN,A0A0A0MS38_HUMAN
PLPP6_HUMAN,A0A087WT23_HUMAN
PLPP6_HUMAN,A0A0S2Z4U5_HUMAN
PLPP6_HUMAN,UPP1_HUMAN
PLPP6_HUMAN,G5E940_HUMAN
PLPP6_HUMAN,ZFP42_HUMAN
PLPP6_HUMAN,AB17A_HUMAN
PLPP6_HUMAN,USF1_HUMAN
PLPP6_HUMAN,DHB3_HUMAN
PLPP6_HUMAN,OR2A4_HUMAN
PLPP6_HUMAN,Q05CU9_HUMAN
PLPP6_HUMAN,PSDE_HUMAN
PLPP6_HUMAN,TRBR1_HUMAN
PLPP6_HUMAN,SDC1_HUMAN
PLPP6_HUMAN,JAM3_HUMAN
PLPP6_HUMAN,FCG2B_HUMAN
PLPP6_HUMAN,TAF8_HUMAN
ADT1_HUMAN,A0A384MTT5_HUMAN
ADT1_HUMAN,A0A140VJU2_HUMAN
ADT1_HUMAN,A0A590UJW4_HUMAN
ADT1_HUMAN,A0A7P0T915_HUMAN
ADT1_HUMAN,DR9C7_HUMAN
ADT1_HUMAN,O10P1_HUMAN
ADT1_HUMAN,Q05D76_HUMAN
ADT1_HUMAN,F5H5A1_HUMAN
ADT1_HUMAN,H0YJH0_HUMAN
ADT1_HUMAN,E5RJJ0_HUMAN
ADT1_HUMAN,FOXR2_HUMAN
ADT1_HUMAN,HXA11_HUMAN
ADT1_HUMAN,OR4L1_HUMAN
ADT1_HUMAN,PURB_HUMAN
ADT1_HUMAN,OR5P3_HUMAN
ADT1_HUMAN,K7EN81_HUMAN
ADT1_HUMAN,JKAMP_HUMAN
ADT1_HUMAN,A0A7P0T975_HUMAN
ADT1_HUMAN,OR4M1_HUMAN
ADT1_HUMAN,V9HWC3_HUMAN
ADT1_HUMAN,OR8B3_HUMAN
ADT1_HUMAN,U5GXS2_HUMAN
ADT1_HUMAN,CAH4_HUMAN
ADT1_HUMAN,TX264_HUMAN
ADT1_HUMAN,OR8K3_HUMAN
ADT1_HUMAN,OSR2_HUMAN
ADT1_HUMAN,MTX3_HUMAN
ADT1_HUMAN,UNG_HUMAN
ADT1_HUMAN,Q6FH48_HUMAN
ADT1_HUMAN,OR7D2_HUMAN
ADT1_HUMAN,TA2R9_HUMAN
ADT1_HUMAN,SYPH_HUMAN
ADT1_HUMAN,A0A024R601_HUMAN
ADT1_HUMAN,ASGR2_HUMAN
ADT1_HUMAN,OR1G1_HUMAN
ADT1_HUMAN,TM177_HUMAN
ADT1_HUMAN,CDX2_HUMAN
ADT1_HUMAN,LORI_HUMAN
ADT1_HUMAN,K7EJT1_HUMAN
ADT1_HUMAN,A0A2R8Y6E3_HUMAN
ADT1_HUMAN,A0A7I2V2L7_HUMAN
ADT1_HUMAN,BACD3_HUMAN
ADT1_HUMAN,TSR3_HUMAN
ADT1_HUMAN,OR6B2_HUMAN
ADT1_HUMAN,A0A0A0MT47_HUMAN
ADT1_HUMAN,DHRS1_HUMAN
ADT1_HUMAN,LRC52_HUMAN
ADT1_HUMAN,B3KNS5_HUMAN
ADT1_HUMAN,FGL1_HUMAN
ADT1_HUMAN,S4R3Z0_HUMAN
ADT1_HUMAN,ANRA2_HUMAN
ADT1_HUMAN,C9JVB6_HUMAN
ADT1_HUMAN,E9PFI4_HUMAN
ADT1_HUMAN,TXTP_HUMAN
ADT1_HUMAN,Q5TGY6_HUMAN
ADT1_HUMAN,E9PBK7_HUMAN
ADT1_HUMAN,OR2H2_HUMAN
ADT1_HUMAN,SGTA_HUMAN
ADT1_HUMAN,OR1D2_HUMAN
ADT1_HUMAN,RNH2B_HUMAN
ADT1_HUMAN,E5KTA5_HUMAN
ADT1_HUMAN,AIMP1_HUMAN
ADT1_HUMAN,TRML1_HUMAN
ADT1_HUMAN,ACY2_HUMAN
ADT1_HUMAN,A0A2R8YFI2_HUMAN
ADT1_HUMAN,O5AN1_HUMAN
ADT1_HUMAN,UCP3_HUMAN
ADT1_HUMAN,GAS2_HUMAN
ADT1_HUMAN,CPIN1_HUMAN
ADT1_HUMAN,RPR1A_HUMAN
ADT1_HUMAN,TRADD_HUMAN
ADT1_HUMAN,RDH8_HUMAN
ADT1_HUMAN,MED27_HUMAN
ADT1_HUMAN,LFG3_HUMAN
ADT1_HUMAN,PR38A_HUMAN
ADT1_HUMAN,PDXK_HUMAN
ADT1_HUMAN,PRKRA_HUMAN
ADT1_HUMAN,DIM1_HUMAN
ADT1_HUMAN,STYL1_HUMAN
ADT1_HUMAN,KCNK6_HUMAN
ADT1_HUMAN,FCN2_HUMAN
ADT1_HUMAN,PPCS_HUMAN
ADT1_HUMAN,RPIA_HUMAN
ADT1_HUMAN,OR1D5_HUMAN
ADT1_HUMAN,RRAGA_HUMAN
ADT1_HUMAN,TYSY_HUMAN
ADT1_HUMAN,CLN6_HUMAN
ADT1_HUMAN,DHB12_HUMAN
ADT1_HUMAN,PIM2_HUMAN
ADT1_HUMAN,SNAG_HUMAN
ADT1_HUMAN,OR1D4_HUMAN
ADT1_HUMAN,VISTA_HUMAN
ADT1_HUMAN,PLPP3_HUMAN
ADT1_HUMAN,NEK6_HUMAN
ADT1_HUMAN,ITLN1_HUMAN
ADT1_HUMAN,PIM1_HUMAN
ADT1_HUMAN,RM04_HUMAN
ADT1_HUMAN,SPDYA_HUMAN
ADT1_HUMAN,O52A1_HUMAN
ADT1_HUMAN,PAQR3_HUMAN
SDCB1_HUMAN,WDR82_HUMAN
SDCB1_HUMAN,S2536_HUMAN
SDCB1_HUMAN,RN126_HUMAN
CACP_HUMAN,A0A7I2V5W9_HUMAN
CACP_HUMAN,A0A0D9SGD6_HUMAN
CACP_HUMAN,A0A2R8YF99_HUMAN
CACP_HUMAN,A0A7I2V4L7_HUMAN
CACP_HUMAN,A0A7P0T840_HUMAN
CACP_HUMAN,COE3_HUMAN
CACP_HUMAN,A0A8I5QKV0_HUMAN
CACP_HUMAN,A0A8I5KS01_HUMAN
CACP_HUMAN,A0A8I5KXU9_HUMAN
CACP_HUMAN,DDX52_HUMAN
CACP_HUMAN,ZNF85_HUMAN
CACP_HUMAN,F1D8N6_HUMAN
CACP_HUMAN,2A5D_HUMAN
CACP_HUMAN,A0A8I5KQY1_HUMAN
CACP_HUMAN,F5H8D7_HUMAN
CACP_HUMAN,HSF5_HUMAN
CACP_HUMAN,E7ET17_HUMAN
CACP_HUMAN,J3KSZ8_HUMAN
CACP_HUMAN,E9PG35_HUMAN
CACP_HUMAN,H0Y746_HUMAN
CACP_HUMAN,F8W6Z2_HUMAN
CACP_HUMAN,SIA7A_HUMAN
CACP_HUMAN,F8W7S1_HUMAN
CACP_HUMAN,H0YJQ7_HUMAN
CACP_HUMAN,F8W9F8_HUMAN
CACP_HUMAN,PDLI5_HUMAN
CACP_HUMAN,HMGX4_HUMAN
CACP_HUMAN,GLTL6_HUMAN
CACP_HUMAN,Q5RI18_HUMAN
CACP_HUMAN,DPOA2_HUMAN
CACP_HUMAN,G3V119_HUMAN
CACP_HUMAN,SPAT7_HUMAN
CACP_HUMAN,S13A1_HUMAN
CACP_HUMAN,F5GZS6_HUMAN
CACP_HUMAN,LZTS1_HUMAN
CACP_HUMAN,PRDM6_HUMAN
CACP_HUMAN,A0A1B0GV75_HUMAN
CACP_HUMAN,NUP58_HUMAN
CACP_HUMAN,ZN343_HUMAN
CACP_HUMAN,LCORL_HUMAN
CACP_HUMAN,SELB_HUMAN
CACP_HUMAN,GBP3_HUMAN
CACP_HUMAN,C9JZ23_HUMAN
CACP_HUMAN,A0A2R8Y5D4_HUMAN
CACP_HUMAN,TBX15_HUMAN
CACP_HUMAN,S47A2_HUMAN
CACP_HUMAN,E9PL19_HUMAN
CACP_HUMAN,A0A2R8Y7Y3_HUMAN
CACP_HUMAN,Q53XS4_HUMAN
CACP_HUMAN,F8W689_HUMAN
CACP_HUMAN,SC5AA_HUMAN
CACP_HUMAN,DCAF8_HUMAN
CACP_HUMAN,S4R3V8_HUMAN
CACP_HUMAN,J3KN66_HUMAN
CACP_HUMAN,GT253_HUMAN
CACP_HUMAN,A0A804HL81_HUMAN
CACP_HUMAN,SARG_HUMAN
CACP_HUMAN,B7Z637_HUMAN
CACP_HUMAN,CEP70_HUMAN
CACP_HUMAN,A0A087WT20_HUMAN
CACP_HUMAN,CIP4_HUMAN
CACP_HUMAN,A0A090N8Q5_HUMAN
CACP_HUMAN,DDX55_HUMAN
CACP_HUMAN,A0A0S2Z4F3_HUMAN
CACP_HUMAN,MYEF2_HUMAN
CACP_HUMAN,INT11_HUMAN
CACP_HUMAN,PGH1_HUMAN
CACP_HUMAN,TKTL1_HUMAN
CACP_HUMAN,MCE1_HUMAN
CACP_HUMAN,CENPB_HUMAN
CACP_HUMAN,E5KMK7_HUMAN
CACP_HUMAN,TOP1M_HUMAN
CACP_HUMAN,ESR1_HUMAN
CACP_HUMAN,C9K029_HUMAN
CACP_HUMAN,CTIF_HUMAN
CACP_HUMAN,E7EWR4_HUMAN
CACP_HUMAN,A0A2R8Y5S9_HUMAN
CACP_HUMAN,MELPH_HUMAN
CACP_HUMAN,UBQL4_HUMAN
CACP_HUMAN,F8VQE1_HUMAN
CACP_HUMAN,UN93B_HUMAN
CACP_HUMAN,GP107_HUMAN
CACP_HUMAN,S6A13_HUMAN
CACP_HUMAN,S13A3_HUMAN
CACP_HUMAN,KRT84_HUMAN
CACP_HUMAN,AFAM_HUMAN
CACP_HUMAN,ESCO2_HUMAN
CACP_HUMAN,CHLE_HUMAN
CACP_HUMAN,A0A087X1U5_HUMAN
CACP_HUMAN,IQCB1_HUMAN
CACP_HUMAN,UTP6_HUMAN
CACP_HUMAN,GAN_HUMAN
CACP_HUMAN,PANK1_HUMAN
CACP_HUMAN,LMOD1_HUMAN
CACP_HUMAN,H7BYE6_HUMAN
CACP_HUMAN,S23A1_HUMAN
CACP_HUMAN,MERL_HUMAN
CACP_HUMAN,IF2B2_HUMAN
CACP_HUMAN,GLSL_HUMAN
CACP_HUMAN,ABCE1_HUMAN
GRHL3_HUMAN,MED26_HUMAN
GRHL3_HUMAN,NDOR1_HUMAN
GRHL3_HUMAN,SC6A1_HUMAN
GRHL3_HUMAN,IFT74_HUMAN
GRHL3_HUMAN,I18RA_HUMAN
GRHL3_HUMAN,CKAP4_HUMAN
GRHL3_HUMAN,NR4A1_HUMAN
GRHL3_HUMAN,BRD9_HUMAN
GRHL3_HUMAN,TNR8_HUMAN
GRHL3_HUMAN,KPCI_HUMAN
GRHL3_HUMAN,FBXW8_HUMAN
GRHL3_HUMAN,CK5P1_HUMAN
GRHL3_HUMAN,GTPB2_HUMAN
GRHL3_HUMAN,DYRK2_HUMAN
GRHL3_HUMAN,SNX9_HUMAN
GRHL3_HUMAN,ODAD3_HUMAN
GRHL3_HUMAN,PROD_HUMAN
GRHL3_HUMAN,LIRB2_HUMAN
GRHL3_HUMAN,NR2C2_HUMAN
GRHL3_HUMAN,KLH24_HUMAN
GRHL3_HUMAN,PTN6_HUMAN
GRHL3_HUMAN,ARSJ_HUMAN
GRHL3_HUMAN,CDYL_HUMAN
GRHL3_HUMAN,SYK_HUMAN
GRHL3_HUMAN,NR4A2_HUMAN
GRHL3_HUMAN,NPT2C_HUMAN
GRHL3_HUMAN,ZC12A_HUMAN
GRHL3_HUMAN,VP33A_HUMAN
GRHL3_HUMAN,ARHG8_HUMAN
GRHL3_HUMAN,2AAB_HUMAN
GRHL3_HUMAN,CDC23_HUMAN
GRHL3_HUMAN,ZMY11_HUMAN
GRHL3_HUMAN,GATA6_HUMAN
GRHL3_HUMAN,IRAK3_HUMAN
GRHL3_HUMAN,KBTB8_HUMAN
GRHL3_HUMAN,MYLK2_HUMAN
GRHL3_HUMAN,COE4_HUMAN
GRHL3_HUMAN,KLH21_HUMAN
GRHL3_HUMAN,C4BPA_HUMAN
GRHL3_HUMAN,DCA15_HUMAN
GRHL3_HUMAN,CACB1_HUMAN
GRHL3_HUMAN,P2RX7_HUMAN
CD38_HUMAN,E7EQB3_HUMAN
CD38_HUMAN,S2532_HUMAN
CD38_HUMAN,F10C1_HUMAN
CD38_HUMAN,H0YEX5_HUMAN
CD38_HUMAN,ADT4_HUMAN
CD38_HUMAN,A0A6Q8PH01_HUMAN
CD38_HUMAN,FAH2B_HUMAN
CD38_HUMAN,RPH3L_HUMAN
CD38_HUMAN,A0A494BZT7_HUMAN
CD38_HUMAN,A0A7P0T8X2_HUMAN
CD38_HUMAN,A0A8I5KT14_HUMAN
CD38_HUMAN,K7ENH8_HUMAN
CD38_HUMAN,A0A7P0TA31_HUMAN
CD38_HUMAN,FAH2A_HUMAN
CD38_HUMAN,A0A804HKH9_HUMAN
CD38_HUMAN,A0A8I5KW26_HUMAN
CD38_HUMAN,GIPC2_HUMAN
CD38_HUMAN,O11A1_HUMAN
CD38_HUMAN,MAGA6_HUMAN
CD38_HUMAN,O52B4_HUMAN
CD38_HUMAN,ARGFX_HUMAN
CD38_HUMAN,O14A2_HUMAN
CD38_HUMAN,OR5DE_HUMAN
CD38_HUMAN,PGKA1_HUMAN
CD38_HUMAN,S2544_HUMAN
CD38_HUMAN,SRTD2_HUMAN
CD38_HUMAN,PIHD2_HUMAN
CD38_HUMAN,Q53XC0_HUMAN
CD38_HUMAN,DUSP2_HUMAN
CD38_HUMAN,Q6IAW5_HUMAN
CD38_HUMAN,RMD1_HUMAN
CD38_HUMAN,DHI1L_HUMAN
CD38_HUMAN,SOX12_HUMAN
CD38_HUMAN,T2R42_HUMAN
CD38_HUMAN,TEST_HUMAN
CD38_HUMAN,YIF1B_HUMAN
CD38_HUMAN,J3KTF5_HUMAN
CD38_HUMAN,NAR4_HUMAN
CD38_HUMAN,ELOV4_HUMAN
CD38_HUMAN,NB5R5_HUMAN
CD38_HUMAN,J3QSX3_HUMAN
CD38_HUMAN,CPPED_HUMAN
CD38_HUMAN,BNIP2_HUMAN
CD38_HUMAN,E7ETR0_HUMAN
CD38_HUMAN,M2OM_HUMAN
CD38_HUMAN,TRBR2_HUMAN
CD38_HUMAN,OSTP_HUMAN
CD38_HUMAN,CCG3_HUMAN
CD38_HUMAN,A0A140VK76_HUMAN
CD38_HUMAN,AAGAB_HUMAN
CD38_HUMAN,CALU_HUMAN
CD38_HUMAN,A0A126GW15_HUMAN
CD38_HUMAN,SIR4_HUMAN
CD38_HUMAN,THA11_HUMAN
CD38_HUMAN,WDR83_HUMAN
CD38_HUMAN,CK054_HUMAN
CD38_HUMAN,HCDH_HUMAN
CD38_HUMAN,GHC2_HUMAN
CD38_HUMAN,NGDN_HUMAN
CD38_HUMAN,OR6C6_HUMAN
CD38_HUMAN,ATG3_HUMAN
CD38_HUMAN,PHX2B_HUMAN
CD38_HUMAN,MAGA3_HUMAN
CD38_HUMAN,BCCIP_HUMAN
CD38_HUMAN,EPCAM_HUMAN
CD38_HUMAN,GDPD1_HUMAN
CD38_HUMAN,MAGA2_HUMAN
CD38_HUMAN,TREX1_HUMAN
CD38_HUMAN,SFRP1_HUMAN
CD38_HUMAN,PITX1_HUMAN
CD38_HUMAN,CRYM_HUMAN
CD38_HUMAN,TYW5_HUMAN
CD38_HUMAN,KCD17_HUMAN
CD38_HUMAN,IF2A_HUMAN
CD38_HUMAN,SPY2_HUMAN
CD38_HUMAN,RHBL4_HUMAN
CD38_HUMAN,DDRGK_HUMAN
GRHL2_HUMAN,CC14A_HUMAN
GRHL2_HUMAN,STXB1_HUMAN
GRHL2_HUMAN,ARI5A_HUMAN
GRHL2_HUMAN,CHDH_HUMAN
GRHL2_HUMAN,D6RC99_HUMAN
GRHL2_HUMAN,E9PFR3_HUMAN
GRHL2_HUMAN,F200C_HUMAN
GRHL2_HUMAN,H0YA82_HUMAN
GRHL2_HUMAN,GRB10_HUMAN
GRHL2_HUMAN,GAR4_HUMAN
GRHL2_HUMAN,K7EPJ5_HUMAN
GRHL2_HUMAN,NOP56_HUMAN
GRHL2_HUMAN,X5D907_HUMAN
GRHL2_HUMAN,S22AE_HUMAN
GRHL2_HUMAN,FIP1_HUMAN
GRHL2_HUMAN,A0A8I5QKZ3_HUMAN
GRHL2_HUMAN,M0R104_HUMAN
GRHL2_HUMAN,H0Y7V7_HUMAN
GRHL2_HUMAN,X6R7S7_HUMAN
GRHL2_HUMAN,SHC3_HUMAN
GRHL2_HUMAN,A0A0A0MT46_HUMAN
GRHL2_HUMAN,SETD3_HUMAN
GRHL2_HUMAN,DCE1_HUMAN
GRHL2_HUMAN,MTA3_HUMAN
GRHL2_HUMAN,GLMN_HUMAN
GRHL2_HUMAN,A1CF_HUMAN
PAPS1_HUMAN,A0A1B0GV70_HUMAN
PAPS1_HUMAN,MIGA2_HUMAN
PAPS1_HUMAN,A0A6Q8PGR8_HUMAN
PAPS1_HUMAN,ARSD_HUMAN
PAPS1_HUMAN,ES8L3_HUMAN
PAPS1_HUMAN,CPNE5_HUMAN
PAPS1_HUMAN,M0QX46_HUMAN
PAPS1_HUMAN,A0A0S2Z4T6_HUMAN
PAPS1_HUMAN,STXB2_HUMAN
PAPS1_HUMAN,MTF2_HUMAN
PAPS1_HUMAN,PGBD3_HUMAN
PAPS1_HUMAN,PDE9A_HUMAN
PAPS1_HUMAN,ARI3A_HUMAN
PAPS1_HUMAN,ELF2_HUMAN
PAPS1_HUMAN,A2I2P1_HUMAN
PAPS1_HUMAN,SYMM_HUMAN
PAPS1_HUMAN,W4VSQ9_HUMAN
PAPS1_HUMAN,A0A7P0TB21_HUMAN
PAPS1_HUMAN,C9J3F6_HUMAN
PAPS1_HUMAN,PTH1R_HUMAN
PAPS1_HUMAN,P66B_HUMAN
PAPS1_HUMAN,KLHL2_HUMAN
PAPS1_HUMAN,CRY2_HUMAN
PAPS1_HUMAN,PTN9_HUMAN
PAPS1_HUMAN,BIN1_HUMAN
PAPS1_HUMAN,BBS1_HUMAN
PAPS1_HUMAN,PTN11_HUMAN
PAPS1_HUMAN,GRN_HUMAN
PAPS1_HUMAN,RBM47_HUMAN
S27A2_HUMAN,A0A7P0T937_HUMAN
S27A2_HUMAN,G3V0J0_HUMAN
S27A2_HUMAN,A0A7P0TB65_HUMAN
S27A2_HUMAN,HPSE2_HUMAN
S27A2_HUMAN,PUR9_HUMAN
S27A2_HUMAN,B5MEB3_HUMAN
S27A2_HUMAN,F8WB53_HUMAN
S27A2_HUMAN,ARSF_HUMAN
S27A2_HUMAN,NPAS1_HUMAN
S27A2_HUMAN,TSKS_HUMAN
S27A2_HUMAN,SPERI_HUMAN
S27A2_HUMAN,RBP56_HUMAN
S27A2_HUMAN,A0A2R8Y481_HUMAN
S27A2_HUMAN,SELN_HUMAN
S27A2_HUMAN,A0A494C1N1_HUMAN
S27A2_HUMAN,A0A6Q8PGG1_HUMAN
S27A2_HUMAN,Q6P6D5_HUMAN
S27A2_HUMAN,A0A7P0T8D4_HUMAN
S27A2_HUMAN,CDKL3_HUMAN
S27A2_HUMAN,FZD9_HUMAN
S27A2_HUMAN,D2JYI1_HUMAN
S27A2_HUMAN,PWP2B_HUMAN
S27A2_HUMAN,V9HWH7_HUMAN
S27A2_HUMAN,SMIP4_HUMAN
S27A2_HUMAN,PYRG1_HUMAN
S27A2_HUMAN,SYT3_HUMAN
S27A2_HUMAN,Q3ZTS7_HUMAN
S27A2_HUMAN,H0YDR7_HUMAN
S27A2_HUMAN,ENAH_HUMAN
S27A2_HUMAN,B8ZZI9_HUMAN
S27A2_HUMAN,CO8B_HUMAN
S27A2_HUMAN,PAXI_HUMAN
S27A2_HUMAN,SPP2B_HUMAN
S27A2_HUMAN,S6A20_HUMAN
S27A2_HUMAN,GBP1_HUMAN
S27A2_HUMAN,KPCZ_HUMAN
S27A2_HUMAN,A0A087WZF1_HUMAN
S27A2_HUMAN,A0A140VJQ8_HUMAN
S27A2_HUMAN,K2C5_HUMAN
S27A2_HUMAN,NELFD_HUMAN
S27A2_HUMAN,S13A2_HUMAN
S27A2_HUMAN,GBP2_HUMAN
S27A2_HUMAN,ACM3_HUMAN
S27A2_HUMAN,GRK5_HUMAN
S27A2_HUMAN,PAK4_HUMAN
S27A2_HUMAN,LIRB5_HUMAN
S27A2_HUMAN,AN13A_HUMAN
S27A2_HUMAN,ZWILC_HUMAN
S27A2_HUMAN,CALX_HUMAN
S27A2_HUMAN,ZN703_HUMAN
S27A2_HUMAN,STXB3_HUMAN
S27A2_HUMAN,BRAP_HUMAN
S27A2_HUMAN,S19A1_HUMAN
S27A2_HUMAN,EYA1_HUMAN
S27A6_HUMAN,A0A2R8Y7L2_HUMAN
S27A6_HUMAN,SYFB_HUMAN
S27A6_HUMAN,A0A0A6YYG7_HUMAN
S27A6_HUMAN,M0QX15_HUMAN
S27A6_HUMAN,ZBT46_HUMAN
S27A6_HUMAN,2AAA_HUMAN
S27A6_HUMAN,A0A6Q8PFS4_HUMAN
S27A6_HUMAN,A0A1B0GTP9_HUMAN
S27A6_HUMAN,A0A8I5QKZ6_HUMAN
S27A6_HUMAN,A0A2R8YCS7_HUMAN
S27A6_HUMAN,EGR4_HUMAN
S27A6_HUMAN,E7EPD8_HUMAN
S27A6_HUMAN,F5GZ78_HUMAN
S27A6_HUMAN,HNRPL_HUMAN
S27A6_HUMAN,ARSL_HUMAN
S27A6_HUMAN,CPEB2_HUMAN
S27A6_HUMAN,VGLU3_HUMAN
S27A6_HUMAN,UBQL1_HUMAN
S27A6_HUMAN,POF1B_HUMAN
S27A6_HUMAN,SENP2_HUMAN
S27A6_HUMAN,TAF5L_HUMAN
S27A6_HUMAN,ENC1_HUMAN
S27A6_HUMAN,KLH25_HUMAN
ARH_HUMAN,A0A0S2Z383_HUMAN
ARH_HUMAN,A0A0U3FYV6_HUMAN
ARH_HUMAN,C9J0A4_HUMAN
ARH_HUMAN,A0A6Q8PG17_HUMAN
ARH_HUMAN,X5D982_HUMAN
ARH_HUMAN,A0A2R8Y6Y1_HUMAN
ARH_HUMAN,A0A2R8YEH2_HUMAN
ARH_HUMAN,PPR3C_HUMAN
ARH_HUMAN,A0A0S2Z5U6_HUMAN
ARH_HUMAN,A0A3B3IRW9_HUMAN
ARH_HUMAN,A0A5F9ZI66_HUMAN
ARH_HUMAN,GDPD3_HUMAN
ARH_HUMAN,A0A7I2V2U6_HUMAN
ARH_HUMAN,O2AT4_HUMAN
ARH_HUMAN,A0A8I5KVM3_HUMAN
ARH_HUMAN,A0A7I2V438_HUMAN
ARH_HUMAN,A0A8I5QL44_HUMAN
ARH_HUMAN,A0A7I2YQU0_HUMAN
ARH_HUMAN,C9JLV5_HUMAN
ARH_HUMAN,CLC10_HUMAN
ARH_HUMAN,ASB7_HUMAN
ARH_HUMAN,AKCL2_HUMAN
ARH_HUMAN,CLC11_HUMAN
ARH_HUMAN,OLIG2_HUMAN
ARH_HUMAN,DIESL_HUMAN
ARH_HUMAN,O11H4_HUMAN
ARH_HUMAN,ANX10_HUMAN
ARH_HUMAN,TA2R7_HUMAN
ARH_HUMAN,BSND_HUMAN
ARH_HUMAN,B1ARF3_HUMAN
ARH_HUMAN,PRPS2_HUMAN
ARH_HUMAN,H17B6_HUMAN
ARH_HUMAN,DEDD_HUMAN
ARH_HUMAN,C1GLC_HUMAN
ARH_HUMAN,CATO_HUMAN
ARH_HUMAN,CMI2A_HUMAN
ARH_HUMAN,NECD_HUMAN
ARH_HUMAN,CFA77_HUMAN
ARH_HUMAN,OR8U8_HUMAN
ARH_HUMAN,CGRE1_HUMAN
ARH_HUMAN,OR2C3_HUMAN
ARH_HUMAN,ZN330_HUMAN
ARH_HUMAN,D6RFG8_HUMAN
ARH_HUMAN,DEGS2_HUMAN
ARH_HUMAN,OR7C1_HUMAN
ARH_HUMAN,E5RG17_HUMAN
ARH_HUMAN,F5H245_HUMAN
ARH_HUMAN,E9PPV6_HUMAN
ARH_HUMAN,CXD2_HUMAN
ARH_HUMAN,T2R60_HUMAN
ARH_HUMAN,DUS4L_HUMAN
ARH_HUMAN,SR5A3_HUMAN
ARH_HUMAN,E5KPM9_HUMAN
ARH_HUMAN,O14J1_HUMAN
ARH_HUMAN,E5RHS5_HUMAN
ARH_HUMAN,E9PPR5_HUMAN
ARH_HUMAN,EPYC_HUMAN
ARH_HUMAN,Q5JSY7_HUMAN
ARH_HUMAN,H0YFG0_HUMAN
ARH_HUMAN,E9PFG0_HUMAN
ARH_HUMAN,F1DSG4_HUMAN
ARH_HUMAN,OR3A2_HUMAN
ARH_HUMAN,T2R30_HUMAN
ARH_HUMAN,E7EQT0_HUMAN
ARH_HUMAN,GPA33_HUMAN
ARH_HUMAN,HXA4_HUMAN
ARH_HUMAN,H0YLC9_HUMAN
ARH_HUMAN,J3KSY2_HUMAN
ARH_HUMAN,SNX20_HUMAN
ARH_HUMAN,F8VVM2_HUMAN
ARH_HUMAN,TRYG1_HUMAN
ARH_HUMAN,RDH16_HUMAN
ARH_HUMAN,Q5JPC1_HUMAN
ARH_HUMAN,SACA6_HUMAN
ARH_HUMAN,MFNG_HUMAN
ARH_HUMAN,H0Y9U4_HUMAN
ARH_HUMAN,O95085_HUMAN
ARH_HUMAN,TOR2A_HUMAN
ARH_HUMAN,IKBA_HUMAN
ARH_HUMAN,TOPK_HUMAN
ARH_HUMAN,A0A384NYH5_HUMAN
ARH_HUMAN,S35A4_HUMAN
ARH_HUMAN,OR1E2_HUMAN
ARH_HUMAN,METL9_HUMAN
ARH_HUMAN,PRS41_HUMAN
ARH_HUMAN,A0A6Q8PF34_HUMAN
ARH_HUMAN,T2R40_HUMAN
ARH_HUMAN,U3KPW8_HUMAN
ARH_HUMAN,TSN32_HUMAN
ARH_HUMAN,TA2R3_HUMAN
ARH_HUMAN,A0A1B0GVZ4_HUMAN
ARH_HUMAN,KLF14_HUMAN
ARH_HUMAN,ZN784_HUMAN
ARH_HUMAN,A0A3B3IT85_HUMAN
ARH_HUMAN,PGAP3_HUMAN
ARH_HUMAN,B7Z757_HUMAN
ARH_HUMAN,A0A7P0Z444_HUMAN
ARH_HUMAN,E9KL35_HUMAN
ARH_HUMAN,UPK3B_HUMAN
ARH_HUMAN,TM165_HUMAN
GDF15_HUMAN,E7EM57_HUMAN
GDF15_HUMAN,D3DUJ3_HUMAN
GDF15_HUMAN,DJB13_HUMAN
GDF15_HUMAN,DEOC_HUMAN
GDF15_HUMAN,D6REE5_HUMAN
GDF15_HUMAN,O13C5_HUMAN
GDF15_HUMAN,C9JK83_HUMAN
GDF15_HUMAN,R4GN33_HUMAN
GDF15_HUMAN,SIAL_HUMAN
GDF15_HUMAN,E7EMW0_HUMAN
GDF15_HUMAN,TACD2_HUMAN
GDF15_HUMAN,H0YJQ1_HUMAN
GDF15_HUMAN,LEG4_HUMAN
GDF15_HUMAN,Q5VVL7_HUMAN
GDF15_HUMAN,Q5TZP7_HUMAN
GDF15_HUMAN,RCN2_HUMAN
GDF15_HUMAN,FCG2A_HUMAN
GDF15_HUMAN,S39A1_HUMAN
GDF15_HUMAN,ALG5_HUMAN
GDF15_HUMAN,TRML2_HUMAN
GDF15_HUMAN,C9JZA9_HUMAN
GDF15_HUMAN,O13C9_HUMAN
GDF15_HUMAN,A0A126GWR7_HUMAN
GDF15_HUMAN,NUD18_HUMAN
GDF15_HUMAN,NUDT6_HUMAN
GDF15_HUMAN,PITX2_HUMAN
GDF15_HUMAN,O13C2_HUMAN
GDF15_HUMAN,A0A8I5QJ96_HUMAN
GDF15_HUMAN,G5EA09_HUMAN
GDF15_HUMAN,EIF3G_HUMAN
GDF15_HUMAN,MC3R_HUMAN
GDF15_HUMAN,B5MCX3_HUMAN
GDF15_HUMAN,MAGA4_HUMAN
GDF15_HUMAN,PSMD7_HUMAN
GDF15_HUMAN,ANX13_HUMAN
GDF15_HUMAN,G5E9Q7_HUMAN
GDF15_HUMAN,JMJD7_HUMAN
GDF15_HUMAN,U3KQN1_HUMAN
GDF15_HUMAN,CMKMT_HUMAN
GDF15_HUMAN,S35B1_HUMAN
GDF15_HUMAN,SPY1_HUMAN
GDF15_HUMAN,GGH_HUMAN
GDF15_HUMAN,P5CR2_HUMAN
GDF15_HUMAN,DHRS9_HUMAN
GDF15_HUMAN,B4DHE8_HUMAN
GDF15_HUMAN,HMOX2_HUMAN
GDF15_HUMAN,MRGX1_HUMAN
GDF15_HUMAN,RACK1_HUMAN
GDF15_HUMAN,Q5JRC6_HUMAN
GDF15_HUMAN,A0A0D9SFP2_HUMAN
GDF15_HUMAN,YBOX1_HUMAN
GDF15_HUMAN,X6RJY0_HUMAN
GDF15_HUMAN,T2R14_HUMAN
GDF15_HUMAN,RLA0_HUMAN
GDF15_HUMAN,A0A1B0GTB6_HUMAN
GDF15_HUMAN,A0A8I5KSJ4_HUMAN
GDF15_HUMAN,A0A0A0MSE2_HUMAN
GDF15_HUMAN,A0A7I2YQC0_HUMAN
GDF15_HUMAN,F5H7I4_HUMAN
GDF15_HUMAN,PP1G_HUMAN
GDF15_HUMAN,DOXA2_HUMAN
GDF15_HUMAN,ANXA5_HUMAN
GDF15_HUMAN,F8W126_HUMAN
GDF15_HUMAN,HM20B_HUMAN
GDF15_HUMAN,UIF_HUMAN
GDF15_HUMAN,ZN771_HUMAN
GDF15_HUMAN,COQ9_HUMAN
GDF15_HUMAN,AIMP2_HUMAN
GDF15_HUMAN,MYOD1_HUMAN
GDF15_HUMAN,AK1BF_HUMAN
GDF15_HUMAN,SEC13_HUMAN
GDF15_HUMAN,RDH11_HUMAN
GDF15_HUMAN,LFG2_HUMAN
GDF15_HUMAN,AK1BA_HUMAN
GDF15_HUMAN,CXXC5_HUMAN
GDF15_HUMAN,A0A087WYP9_HUMAN
GDF15_HUMAN,RT35_HUMAN
GDF15_HUMAN,SGCB_HUMAN
GDF15_HUMAN,RBMX2_HUMAN
GDF15_HUMAN,S2542_HUMAN
GDF15_HUMAN,RLBP1_HUMAN
GDF15_HUMAN,X5D2R5_HUMAN
GDF15_HUMAN,CAH5B_HUMAN
GDF15_HUMAN,YIPF2_HUMAN
GDF15_HUMAN,UBCP1_HUMAN
GDF15_HUMAN,UCP4_HUMAN
GDF15_HUMAN,NUBPL_HUMAN
GDF15_HUMAN,DEGS1_HUMAN
GDF15_HUMAN,LEG8_HUMAN
GDF15_HUMAN,FHL1_HUMAN
GDF15_HUMAN,O51E2_HUMAN
GDF15_HUMAN,YJU2_HUMAN
GDF15_HUMAN,F110C_HUMAN
GDF15_HUMAN,SFXN3_HUMAN
GDF15_HUMAN,ANXA4_HUMAN
GDF15_HUMAN,GHC1_HUMAN
GDF15_HUMAN,ALDR_HUMAN
GDF15_HUMAN,SFXN1_HUMAN
GDF15_HUMAN,SKAP_HUMAN
GDF15_HUMAN,TPC_HUMAN
ZDHC7_HUMAN,TM10B_HUMAN
ZDHC7_HUMAN,MB12B_HUMAN
ZDHC7_HUMAN,DNJB2_HUMAN
ZDHC7_HUMAN,ATOH8_HUMAN
ZDHC7_HUMAN,SFRP5_HUMAN
ZDHC7_HUMAN,SFXN2_HUMAN
ZDHC7_HUMAN,TF2B_HUMAN
ZDHC7_HUMAN,PAR16_HUMAN
ZDHC7_HUMAN,BST1_HUMAN
ZDHC7_HUMAN,NPL_HUMAN
ZDHC7_HUMAN,LYVE1_HUMAN
ZDHC7_HUMAN,PEX7_HUMAN
ZDHC7_HUMAN,NUBP1_HUMAN
ZDHC7_HUMAN,APEX1_HUMAN
ZDHC7_HUMAN,CDN1C_HUMAN
ZDHC7_HUMAN,TMM59_HUMAN
ZDHC7_HUMAN,AA3R_HUMAN
ZDHC7_HUMAN,SOX2_HUMAN
ZDHC7_HUMAN,RDH5_HUMAN
ZDHC7_HUMAN,RBSK_HUMAN
ZDHC7_HUMAN,FBRL_HUMAN
ZDHC7_HUMAN,RPC6_HUMAN
ZDHC7_HUMAN,AQP4_HUMAN
ZDHC7_HUMAN,PRPS1_HUMAN
ZDHC7_HUMAN,CCNH_HUMAN
ZDHC7_HUMAN,FCL_HUMAN
ZDHC7_HUMAN,AK1C4_HUMAN
ZDHC7_HUMAN,BACD2_HUMAN
ZDHC7_HUMAN,SIAH2_HUMAN
ZDHC7_HUMAN,UPP2_HUMAN
ZDHC7_HUMAN,PLS1_HUMAN
ZDHC7_HUMAN,NU1M_HUMAN
ZDHC7_HUMAN,ACOT8_HUMAN
ZDHC7_HUMAN,ANKR1_HUMAN
ZDHC7_HUMAN,CYRIB_HUMAN
ZDHC7_HUMAN,RDH12_HUMAN
ZDHC7_HUMAN,O10J1_HUMAN
ZDHC7_HUMAN,AK1C2_HUMAN
ZDHC7_HUMAN,LAP4B_HUMAN
ZDHC7_HUMAN,ANXA3_HUMAN
ZDHC7_HUMAN,MSHR_HUMAN
ZDHC7_HUMAN,NKX25_HUMAN
ZDHC7_HUMAN,RNF41_HUMAN
ZDHC7_HUMAN,CCG2_HUMAN
ZDHC7_HUMAN,GPR55_HUMAN
ZDHC7_HUMAN,ASB11_HUMAN
ZDHC7_HUMAN,BRCC3_HUMAN
ZDHC7_HUMAN,MYADM_HUMAN
ZDHC7_HUMAN,PURA_HUMAN
ZDHC7_HUMAN,TNF11_HUMAN
ZDHC7_HUMAN,SUPT3_HUMAN
ZDHC7_HUMAN,CD47_HUMAN
ZDHC7_HUMAN,CRHBP_HUMAN
ZDHC7_HUMAN,APOE_HUMAN
ZDHC7_HUMAN,FOXE3_HUMAN
ZDHC7_HUMAN,PGP_HUMAN
ZDHC7_HUMAN,AK1C3_HUMAN
ZDHC7_HUMAN,ARGI1_HUMAN
ZDHC7_HUMAN,ANKR9_HUMAN
ZDHC7_HUMAN,AK1C1_HUMAN
ZDHC7_HUMAN,CRYL1_HUMAN
ZDHC7_HUMAN,P5CR1_HUMAN
ZDHC7_HUMAN,FCER2_HUMAN
ZDHC7_HUMAN,MAFB_HUMAN
ZDHC7_HUMAN,BSSP4_HUMAN
ZDHC7_HUMAN,CAHM2_HUMAN
ZDHC7_HUMAN,S2533_HUMAN
ZDHC7_HUMAN,GPR31_HUMAN
ZDHC7_HUMAN,UB2J1_HUMAN
ZDHC7_HUMAN,RFPL1_HUMAN
AK1BF_HUMAN,AB17C_HUMAN
AK1BF_HUMAN,A0A140VJF3_HUMAN
AK1BF_HUMAN,A0A0A0MQS7_HUMAN
AK1BF_HUMAN,A0A8I5KRH9_HUMAN
AK1BF_HUMAN,H7C5L9_HUMAN
AK1BF_HUMAN,LDHC_HUMAN
AK1BF_HUMAN,A0A024QYX5_HUMAN
AK1BF_HUMAN,A0A1W2PRT3_HUMAN
AK1BF_HUMAN,A0A2R8Y4R7_HUMAN
AK1BF_HUMAN,DHB1_HUMAN
AK1BF_HUMAN,B3GL1_HUMAN
AK1BF_HUMAN,A0A1W2PQD4_HUMAN
AK1BF_HUMAN,A0A140VKA7_HUMAN
AK1BF_HUMAN,A6PVN5_HUMAN
AK1BF_HUMAN,A0A8I5KSD7_HUMAN
AK1BF_HUMAN,G3V5M2_HUMAN
AK1BF_HUMAN,CSTP1_HUMAN
AK1BF_HUMAN,A0A8I5KYP7_HUMAN
AK1BF_HUMAN,ARK74_HUMAN
AK1BF_HUMAN,ZN660_HUMAN
AK1BF_HUMAN,A0A8I5KXM7_HUMAN
AK1BF_HUMAN,A0A8I5KYF1_HUMAN
AK1BF_HUMAN,NUP37_HUMAN
AK1BF_HUMAN,FOXS1_HUMAN
AK1BF_HUMAN,GPR18_HUMAN
AK1BF_HUMAN,ASB5_HUMAN
AK1BF_HUMAN,B4DRE5_HUMAN
AK1BF_HUMAN,BARH1_HUMAN
AK1BF_HUMAN,C1K3N0_HUMAN
AK1BF_HUMAN,F86B2_HUMAN
AK1BF_HUMAN,C9JAT7_HUMAN
AK1BF_HUMAN,E5RG56_HUMAN
AK1BF_HUMAN,C9JBE1_HUMAN
AK1BF_HUMAN,CAST2_HUMAN
AK1BF_HUMAN,CLC4K_HUMAN
AK1BF_HUMAN,CA198_HUMAN
AK1BF_HUMAN,CD1A_HUMAN
AK1BF_HUMAN,CC038_HUMAN
AK1BF_HUMAN,CHRD1_HUMAN
AK1BF_HUMAN,D6RIB6_HUMAN
AK1BF_HUMAN,D6RBZ0_HUMAN
AK1BF_HUMAN,FXL12_HUMAN
AK1BF_HUMAN,NPDC1_HUMAN
AK1BF_HUMAN,DRS7B_HUMAN
AK1BF_HUMAN,CY1_HUMAN
AK1BF_HUMAN,F6V242_HUMAN
AK1BF_HUMAN,DOK4_HUMAN
AK1BF_HUMAN,GDC_HUMAN
AK1BF_HUMAN,H0YL72_HUMAN
AK1BF_HUMAN,DOK6_HUMAN
AK1BF_HUMAN,Q9UL11_HUMAN
AK1BF_HUMAN,CGRF1_HUMAN
AK1BF_HUMAN,PLPR1_HUMAN
AK1BF_HUMAN,E7EM64_HUMAN
AK1BF_HUMAN,GPR3_HUMAN
AK1BF_HUMAN,C9J9C7_HUMAN
AK1BF_HUMAN,E9PKB7_HUMAN
AK1BF_HUMAN,V9HW95_HUMAN
AK1BF_HUMAN,E7EUC9_HUMAN
AK1BF_HUMAN,FOXB1_HUMAN
AK1BF_HUMAN,O43392_HUMAN
AK1BF_HUMAN,O5AL1_HUMAN
AK1BF_HUMAN,RM01_HUMAN
AK1BF_HUMAN,G3V3R7_HUMAN
AK1BF_HUMAN,GNRHR_HUMAN
AK1BF_HUMAN,H0Y327_HUMAN
AK1BF_HUMAN,A0A494C0K7_HUMAN
AK1BF_HUMAN,H0YBP5_HUMAN
AK1BF_HUMAN,NAR1_HUMAN
AK1BF_HUMAN,JSPR1_HUMAN
AK1BF_HUMAN,H3BT31_HUMAN
AK1BF_HUMAN,H7C051_HUMAN
AK1BF_HUMAN,LEG1H_HUMAN
AK1BF_HUMAN,E7EQB5_HUMAN
AK1BF_HUMAN,RLIG1_HUMAN
AK1BF_HUMAN,O10X1_HUMAN
AK1BF_HUMAN,LDH6A_HUMAN
AK1BF_HUMAN,HXD1_HUMAN
AK1BF_HUMAN,KCD12_HUMAN
AK1BF_HUMAN,NIPA1_HUMAN
AK1BF_HUMAN,M0R0X3_HUMAN
AK1BF_HUMAN,O11H6_HUMAN
AK1BF_HUMAN,PHYIP_HUMAN
AK1BF_HUMAN,RDH13_HUMAN
AK1BF_HUMAN,PARVG_HUMAN
AK1BF_HUMAN,A0A3B3ISY9_HUMAN
AK1BF_HUMAN,A0A140VK92_HUMAN
AK1BF_HUMAN,STRA8_HUMAN
AK1BF_HUMAN,LDHA_HUMAN
AK1BF_HUMAN,ZN444_HUMAN
AK1BF_HUMAN,DHRSX_HUMAN
AK1BF_HUMAN,ZRAB2_HUMAN
AK1BF_HUMAN,NEIL2_HUMAN
AK1BF_HUMAN,VSIG2_HUMAN
AK1BF_HUMAN,PTF1A_HUMAN
AK1BF_HUMAN,A0A494C0Q8_HUMAN
AK1BF_HUMAN,Q6FI14_HUMAN
AK1BF_HUMAN,B1AKI2_HUMAN
AK1BF_HUMAN,SHOX2_HUMAN
AK1BF_HUMAN,EF2KT_HUMAN
AK1BA_HUMAN,B3KRD8_HUMAN
AK1BA_HUMAN,C9IYG1_HUMAN
AK1BA_HUMAN,C9JYI4_HUMAN
AK1BA_HUMAN,H7C4T5_HUMAN
AK1BA_HUMAN,OR6B3_HUMAN
AK1BA_HUMAN,FA50B_HUMAN
AK1BA_HUMAN,F131B_HUMAN
AK1BA_HUMAN,GDE1_HUMAN
AK1BA_HUMAN,NUP35_HUMAN
AK1BA_HUMAN,PLS4_HUMAN
AK1BA_HUMAN,V9HW04_HUMAN
AK1BA_HUMAN,S35B4_HUMAN
AK1BA_HUMAN,PPA5_HUMAN
AK1BA_HUMAN,K7EQ02_HUMAN
AK1BA_HUMAN,H0YBH3_HUMAN
AK1BA_HUMAN,A0A8I5KUS2_HUMAN
AK1BA_HUMAN,E7ESK4_HUMAN
AK1BA_HUMAN,H3BQJ4_HUMAN
AK1BA_HUMAN,A0A0J9YY18_HUMAN
AK1BA_HUMAN,ALX1_HUMAN
AK1BA_HUMAN,MAS_HUMAN
AK1BA_HUMAN,HSDL1_HUMAN
AK1BA_HUMAN,SCD5_HUMAN
AK1BA_HUMAN,FHR1_HUMAN
AK1BA_HUMAN,Q53X93_HUMAN
AK1BA_HUMAN,TECTB_HUMAN
AK1BA_HUMAN,MC5R_HUMAN
AK1BA_HUMAN,PGTB2_HUMAN
AK1BA_HUMAN,GRAP2_HUMAN
AK1BA_HUMAN,PTGR1_HUMAN
AK1BA_HUMAN,PHF11_HUMAN
AK1BA_HUMAN,BUB3_HUMAN
AK1BA_HUMAN,E9PS41_HUMAN
AK1BA_HUMAN,MSI2H_HUMAN
AK1BA_HUMAN,OPT_HUMAN
AK1BA_HUMAN,K9N163_HUMAN
AK1BA_HUMAN,A0A090N7X0_HUMAN
AK1BA_HUMAN,A0A0D9SGF3_HUMAN
AK1BA_HUMAN,GIMA4_HUMAN
AK1BA_HUMAN,EIF3I_HUMAN
AK1BA_HUMAN,NUDC_HUMAN
AK1BA_HUMAN,FKBP6_HUMAN
AK1BA_HUMAN,X6RM59_HUMAN
AK1BA_HUMAN,V9HWA7_HUMAN
AK1BA_HUMAN,E9PIY6_HUMAN
AK1BA_HUMAN,ECH1_HUMAN
AK1BA_HUMAN,CCD92_HUMAN
AK1BA_HUMAN,DFFA_HUMAN
AK1BA_HUMAN,CSN6_HUMAN
AK1BA_HUMAN,PDLI1_HUMAN
AK1BA_HUMAN,SDS3_HUMAN
AK1BA_HUMAN,RPR1B_HUMAN
AK1BA_HUMAN,E5KS95_HUMAN
AK1BA_HUMAN,MARE2_HUMAN
AK1BA_HUMAN,A0A669KBH0_HUMAN
AK1BA_HUMAN,B3GT6_HUMAN
AK1BA_HUMAN,MRGX2_HUMAN
AK1BA_HUMAN,EXTL2_HUMAN
AK1BA_HUMAN,H0YCY8_HUMAN
AK1BA_HUMAN,STX16_HUMAN
AK1BA_HUMAN,A0A384MDN8_HUMAN
AK1BA_HUMAN,FACE2_HUMAN
AK1BA_HUMAN,H7C096_HUMAN
AK1BA_HUMAN,RA51D_HUMAN
AK1BA_HUMAN,V9HVY4_HUMAN
AK1BA_HUMAN,MARCS_HUMAN
AK1BA_HUMAN,GPS2_HUMAN
AK1BA_HUMAN,GNB1L_HUMAN
AK1BA_HUMAN,HOGA1_HUMAN
AK1BA_HUMAN,M0QXB4_HUMAN
AK1BA_HUMAN,GPBAR_HUMAN
AK1BA_HUMAN,NAIF1_HUMAN
AK1BA_HUMAN,DUS11_HUMAN
AK1BA_HUMAN,B2L14_HUMAN
AK1BA_HUMAN,LST8_HUMAN
AK1BA_HUMAN,PDLI4_HUMAN
AK1BA_HUMAN,KDSR_HUMAN
AK1BA_HUMAN,TDIF1_HUMAN
AK1BA_HUMAN,ARK73_HUMAN
AK1BA_HUMAN,AIP_HUMAN
AK1BA_HUMAN,CIA30_HUMAN
AK1BA_HUMAN,TSSC4_HUMAN
AK1BA_HUMAN,SCAM2_HUMAN
AK1BA_HUMAN,GFI1B_HUMAN
AK1BA_HUMAN,AK1D1_HUMAN
AK1BA_HUMAN,AK1A1_HUMAN
AK1BA_HUMAN,AEN_HUMAN
AK1BA_HUMAN,DNJB6_HUMAN
AK1BA_HUMAN,ELAV1_HUMAN
AK1BA_HUMAN,RASF2_HUMAN
AK1BA_HUMAN,CATK_HUMAN
AK1BA_HUMAN,H7C4N0_HUMAN
AK1BA_HUMAN,CNN3_HUMAN
AK1BA_HUMAN,HMGCL_HUMAN
AK1BA_HUMAN,HEM2_HUMAN
AK1BA_HUMAN,OTP_HUMAN
AK1BA_HUMAN,J3QQJ0_HUMAN
AK1BA_HUMAN,Q6ZN40_HUMAN
AK1BA_HUMAN,ANXA8_HUMAN
AK1BA_HUMAN,DLX2_HUMAN
ALDR_HUMAN,PVRIG_HUMAN
ALDR_HUMAN,MACD1_HUMAN
ALDR_HUMAN,PITC1_HUMAN
ALDR_HUMAN,SDSL_HUMAN
ALDR_HUMAN,APOF_HUMAN
ALDR_HUMAN,PP1B_HUMAN
ALDR_HUMAN,COQ5_HUMAN
ALDR_HUMAN,GET4_HUMAN
ALDR_HUMAN,CD86_HUMAN
ALDR_HUMAN,FOSL2_HUMAN
ALDR_HUMAN,SFRP3_HUMAN
ALDR_HUMAN,BABA1_HUMAN
ALDR_HUMAN,VP26A_HUMAN
ALDR_HUMAN,TAL1_HUMAN
ALDR_HUMAN,B4GT7_HUMAN
ALDR_HUMAN,PIM3_HUMAN
ALDR_HUMAN,BMI1_HUMAN
ALDR_HUMAN,IER5_HUMAN
ALDR_HUMAN,KCNKH_HUMAN
ALDR_HUMAN,RM44_HUMAN
ALDR_HUMAN,TRM7_HUMAN
ALDR_HUMAN,HXC13_HUMAN
ALDR_HUMAN,I10R2_HUMAN
ALDR_HUMAN,GRHPR_HUMAN
ALDR_HUMAN,CATS_HUMAN
ALDR_HUMAN,DBP_HUMAN
ALDR_HUMAN,SDHL_HUMAN
ALDR_HUMAN,EPM2A_HUMAN
ALDR_HUMAN,CREB1_HUMAN
ALDR_HUMAN,AA1R_HUMAN
ALDR_HUMAN,UCHL5_HUMAN
ALDR_HUMAN,IBP2_HUMAN
ALDR_HUMAN,CDK6_HUMAN
ALDR_HUMAN,LIMS1_HUMAN
ALDR_HUMAN,LDAH_HUMAN
ALDR_HUMAN,RCN1_HUMAN
ALDR_HUMAN,UCP5_HUMAN
ALDR_HUMAN,TOR1A_HUMAN
ALDR_HUMAN,CATAC_HUMAN
ALDR_HUMAN,JUN_HUMAN
ALDR_HUMAN,C1QT4_HUMAN
ALDR_HUMAN,P2RY6_HUMAN
ALDR_HUMAN,MC4R_HUMAN
ALDR_HUMAN,NPBW1_HUMAN
ALDR_HUMAN,EFTS_HUMAN
ALDR_HUMAN,B3GT1_HUMAN
ALDR_HUMAN,HEYL_HUMAN
ALDR_HUMAN,AAKG1_HUMAN
ALDR_HUMAN,QORX_HUMAN
ALDR_HUMAN,SIA10_HUMAN
ALDR_HUMAN,AWAT1_HUMAN
ALDR_HUMAN,ROAA_HUMAN
ALDR_HUMAN,BACD1_HUMAN
ALDR_HUMAN,CAST1_HUMAN
ALDR_HUMAN,CLVS2_HUMAN
ALDR_HUMAN,IRF1_HUMAN
ALDR_HUMAN,PINX1_HUMAN
ALDR_HUMAN,DEDD2_HUMAN
ALDR_HUMAN,TRUB2_HUMAN
ALDR_HUMAN,AA2BR_HUMAN
ALDR_HUMAN,CCG4_HUMAN
ALDR_HUMAN,IL12B_HUMAN
ALDR_HUMAN,QOR_HUMAN
ALDR_HUMAN,PEX10_HUMAN
ALDR_HUMAN,RCN3_HUMAN
ALDR_HUMAN,FCN1_HUMAN
ALDR_HUMAN,UBX2B_HUMAN
ALDR_HUMAN,PP1A_HUMAN
ALDR_HUMAN,SIX3_HUMAN
ALDR_HUMAN,FFAR2_HUMAN
ALDR_HUMAN,S35A3_HUMAN
ALDR_HUMAN,TTP_HUMAN
ALDR_HUMAN,TSSK4_HUMAN
ALDR_HUMAN,TNIP3_HUMAN
ALDR_HUMAN,F170A_HUMAN
ALDR_HUMAN,SLAF6_HUMAN
GRHL1_HUMAN,A0A3G6VF52_HUMAN
GRHL1_HUMAN,A0A5F9ZHZ5_HUMAN
GRHL1_HUMAN,ASB15_HUMAN
GRHL1_HUMAN,B4DPX9_HUMAN
GRHL1_HUMAN,CALI_HUMAN
GRHL1_HUMAN,TRI29_HUMAN
GRHL1_HUMAN,A0A087WXG7_HUMAN
GRHL1_HUMAN,TAF1B_HUMAN
GRHL1_HUMAN,TF7L1_HUMAN
GRHL1_HUMAN,A0A7P0Z4A5_HUMAN
GRHL1_HUMAN,X6RHX1_HUMAN
GRHL1_HUMAN,PESC_HUMAN
GRHL1_HUMAN,DAB1_HUMAN
GRHL1_HUMAN,H0Y5R1_HUMAN
GRHL1_HUMAN,B2RDF2_HUMAN
GRHL1_HUMAN,TXND3_HUMAN
GRHL1_HUMAN,H7C5L6_HUMAN
GRHL1_HUMAN,Q5H909_HUMAN
GRHL1_HUMAN,DYRK3_HUMAN
GRHL1_HUMAN,KKCC2_HUMAN
H17B6_HUMAN,A8MX29_HUMAN
H17B6_HUMAN,A0A0A0MSN9_HUMAN
H17B6_HUMAN,A0A7I2YQS1_HUMAN
H17B6_HUMAN,A0A0A0MRN9_HUMAN
H17B6_HUMAN,A0A8I5KRF5_HUMAN
H17B6_HUMAN,A0A0S2Z3L0_HUMAN
H17B6_HUMAN,A0A0S2Z4X0_HUMAN
H17B6_HUMAN,C1T9A_HUMAN
H17B6_HUMAN,MTFR1_HUMAN
H17B6_HUMAN,CK042_HUMAN
H17B6_HUMAN,NPBW2_HUMAN
H17B6_HUMAN,T2R38_HUMAN
H17B6_HUMAN,IF2B_HUMAN
H17B6_HUMAN,CXA4_HUMAN
H17B6_HUMAN,CD1C_HUMAN
H17B6_HUMAN,AMMR1_HUMAN
H17B6_HUMAN,CD1B_HUMAN
H17B6_HUMAN,A0A087WWR3_HUMAN
H17B6_HUMAN,A0A7I2V4B1_HUMAN
H17B6_HUMAN,HME2_HUMAN
H17B6_HUMAN,EID3_HUMAN
H17B6_HUMAN,A0A140VJI9_HUMAN
H17B6_HUMAN,GP174_HUMAN
H17B6_HUMAN,NDUF6_HUMAN
H17B6_HUMAN,AWAT2_HUMAN
H17B6_HUMAN,SIA7F_HUMAN
H17B6_HUMAN,GIPC1_HUMAN
H17B6_HUMAN,COX18_HUMAN
H17B6_HUMAN,ETFA_HUMAN
H17B6_HUMAN,XCR1_HUMAN
H17B6_HUMAN,EFNB2_HUMAN
H17B6_HUMAN,GP146_HUMAN
H17B6_HUMAN,CATL1_HUMAN
H17B6_HUMAN,SIA4C_HUMAN
H17B6_HUMAN,DHDDS_HUMAN
H17B6_HUMAN,FXDC2_HUMAN
H17B6_HUMAN,NKX32_HUMAN
EIF3G_HUMAN,ELMD1_HUMAN
EIF3G_HUMAN,A0A2R8Y4T4_HUMAN
EIF3G_HUMAN,A0A7I2V412_HUMAN
EIF3G_HUMAN,3HIDH_HUMAN
EIF3G_HUMAN,A0A7P0T8G6_HUMAN
EIF3G_HUMAN,Q14267_HUMAN
EIF3G_HUMAN,ARG39_HUMAN
EIF3G_HUMAN,A0A024R7W9_HUMAN
EIF3G_HUMAN,GPR12_HUMAN
EIF3G_HUMAN,A0A7I2V5P9_HUMAN
EIF3G_HUMAN,E9PNW8_HUMAN
EIF3G_HUMAN,DCAM_HUMAN
EIF3G_HUMAN,C9JZI1_HUMAN
EIF3G_HUMAN,R4GMR6_HUMAN
EIF3G_HUMAN,RSRC1_HUMAN
EIF3G_HUMAN,A0A6Q8PH91_HUMAN
EIF3G_HUMAN,SPDEF_HUMAN
EIF3G_HUMAN,MEST_HUMAN
EIF3G_HUMAN,SLAF7_HUMAN
EIF3G_HUMAN,V9HWF2_HUMAN
EIF3G_HUMAN,MOGT1_HUMAN
EIF3G_HUMAN,A0A7I2V4F7_HUMAN
EIF3G_HUMAN,GP119_HUMAN
EIF3G_HUMAN,LEG12_HUMAN
EIF3G_HUMAN,VAX1_HUMAN
EIF3G_HUMAN,RDH14_HUMAN
EIF3G_HUMAN,ZN396_HUMAN
EIF3G_HUMAN,VP26B_HUMAN
EIF3G_HUMAN,Q5U077_HUMAN
EIF3G_HUMAN,PSG11_HUMAN
EIF3G_HUMAN,MTG1_HUMAN
EIF3G_HUMAN,PSG5_HUMAN
EIF3G_HUMAN,Q6IAT7_HUMAN
EIF3G_HUMAN,ZIC4_HUMAN
EIF3G_HUMAN,A0A0J9YX62_HUMAN
EIF3G_HUMAN,SUCR1_HUMAN
EIF3G_HUMAN,CD123_HUMAN
EIF3G_HUMAN,A8K3Y2_HUMAN
EIF3G_HUMAN,UPAR_HUMAN
EIF3G_HUMAN,SIA7E_HUMAN
EIF3G_HUMAN,MAP12_HUMAN
EIF3G_HUMAN,A0A2R8YFK5_HUMAN
EIF3G_HUMAN,V9HVZ4_HUMAN
EIF3G_HUMAN,MAT2B_HUMAN
EIF3G_HUMAN,A0A286YFF7_HUMAN
EIF3G_HUMAN,A0A087WU46_HUMAN
EIF3G_HUMAN,A0A804HIF8_HUMAN
EIF3G_HUMAN,Q53RX3_HUMAN
EIF3G_HUMAN,IPYR2_HUMAN
EIF3G_HUMAN,MDHC_HUMAN
EIF3G_HUMAN,SNPC2_HUMAN
EIF3G_HUMAN,D6RHZ6_HUMAN
EIF3G_HUMAN,OSGEP_HUMAN
EIF3G_HUMAN,HSF2B_HUMAN
EIF3G_HUMAN,B3GA1_HUMAN
EIF3G_HUMAN,5NT3A_HUMAN
EIF3G_HUMAN,LDHB_HUMAN
EIF3G_HUMAN,CNMD_HUMAN
EIF3G_HUMAN,NFIP2_HUMAN
EIF3G_HUMAN,DPOLB_HUMAN
EIF3G_HUMAN,LRC26_HUMAN
EIF3G_HUMAN,WDR5_HUMAN
EIF3G_HUMAN,OSTM1_HUMAN
EIF3G_HUMAN,G3P_HUMAN
EIF3G_HUMAN,MP2K6_HUMAN
EIF3G_HUMAN,ASB1_HUMAN
EIF3G_HUMAN,ACKR1_HUMAN
EIF3G_HUMAN,MUC15_HUMAN
EIF3G_HUMAN,MOGT2_HUMAN
EIF3G_HUMAN,FBLL1_HUMAN
EIF3G_HUMAN,CATL2_HUMAN
EIF3G_HUMAN,XRCC4_HUMAN
EIF3G_HUMAN,A6NFV8_HUMAN
EIF3G_HUMAN,CATH_HUMAN
EIF3G_HUMAN,MARC2_HUMAN
EIF3G_HUMAN,PEX16_HUMAN
EIF3G_HUMAN,WDR54_HUMAN
EIF3G_HUMAN,NDE1_HUMAN
EIF3G_HUMAN,TADA1_HUMAN
EIF3G_HUMAN,KCNK1_HUMAN
EIF3G_HUMAN,RING2_HUMAN
EIF3G_HUMAN,ULBP5_HUMAN
EIF3G_HUMAN,CD1D_HUMAN
EIF3G_HUMAN,TNR6_HUMAN
EIF3G_HUMAN,DECR_HUMAN
EIF3G_HUMAN,B3GA3_HUMAN
EIF3G_HUMAN,HXA1_HUMAN
EIF3G_HUMAN,MAGT1_HUMAN
EIF3G_HUMAN,CD226_HUMAN
EIF3G_HUMAN,STX18_HUMAN
EIF3G_HUMAN,CCD68_HUMAN
EIF3G_HUMAN,TOR1B_HUMAN
EIF3G_HUMAN,GLRX3_HUMAN
EIF3G_HUMAN,PLK5_HUMAN
EIF3G_HUMAN,TBC21_HUMAN
EIF3G_HUMAN,MCUB_HUMAN
EIF3G_HUMAN,SLAF1_HUMAN
EIF3G_HUMAN,STPG1_HUMAN
EIF3G_HUMAN,ACMSD_HUMAN
EIF3G_HUMAN,LCMT1_HUMAN
NUBP1_HUMAN,CSN5_HUMAN
NUBP1_HUMAN,BT3A2_HUMAN
ENTP4_HUMAN,A0A8I5KPV0_HUMAN
ENTP4_HUMAN,A0A2R8Y808_HUMAN
ENTP4_HUMAN,A0A8I5KZ21_HUMAN
ENTP4_HUMAN,A0A8I5KWH1_HUMAN
ENTP4_HUMAN,ACSM3_HUMAN
ENTP4_HUMAN,ASB14_HUMAN
ENTP4_HUMAN,PYRG2_HUMAN
ENTP4_HUMAN,A0A590UKC0_HUMAN
ENTP4_HUMAN,S6OS1_HUMAN
ENTP4_HUMAN,TECT1_HUMAN
ENTP4_HUMAN,A0A087WU05_HUMAN
ENTP4_HUMAN,MK04_HUMAN
ENTP4_HUMAN,A0A0S2Z5J9_HUMAN
ENTP4_HUMAN,SAC1_HUMAN
ENTP4_HUMAN,NACC2_HUMAN
ENTP4_HUMAN,FAD1_HUMAN
ENTP4_HUMAN,FOLC_HUMAN
ENTP4_HUMAN,B5ME60_HUMAN
ENTP4_HUMAN,Q5TBH8_HUMAN
ENTP4_HUMAN,LMNB1_HUMAN
ENTP4_HUMAN,SEPT9_HUMAN
ENTP4_HUMAN,A0A2R8YET7_HUMAN
ENTP4_HUMAN,KLHL7_HUMAN
ENTP4_HUMAN,A6NCB9_HUMAN
ENTP4_HUMAN,CRY1_HUMAN
ENTP4_HUMAN,I2BP2_HUMAN
ENTP4_HUMAN,HEM0_HUMAN
ENTP4_HUMAN,EZRI_HUMAN
ENTP4_HUMAN,RAGP1_HUMAN
ENTP4_HUMAN,ATD3A_HUMAN
ENTP4_HUMAN,SLU7_HUMAN
ENTP4_HUMAN,KLHL3_HUMAN
ENTP4_HUMAN,GGT5_HUMAN
ENTP4_HUMAN,GBP5_HUMAN
AIFM1_HUMAN,CFAI_HUMAN
AIFM1_HUMAN,A0A7I2V598_HUMAN
AIFM1_HUMAN,A0A7I2YQL3_HUMAN
AIFM1_HUMAN,N42L2_HUMAN
AIFM1_HUMAN,A0A804HJ07_HUMAN
AIFM1_HUMAN,A0A7P0T922_HUMAN
AIFM1_HUMAN,B0YJ88_HUMAN
AIFM1_HUMAN,CD166_HUMAN
AIFM1_HUMAN,MPP3_HUMAN
AIFM1_HUMAN,A0A494C0Q2_HUMAN
AIFM1_HUMAN,IPP_HUMAN
AIFM1_HUMAN,DEN6B_HUMAN
AIFM1_HUMAN,A0A7P0Z4A2_HUMAN
AIFM1_HUMAN,E5RH72_HUMAN
AIFM1_HUMAN,PRR14_HUMAN
AIFM1_HUMAN,BT3A3_HUMAN
AIFM1_HUMAN,PDILT_HUMAN
AIFM1_HUMAN,TREA_HUMAN
AIFM1_HUMAN,B4DYE1_HUMAN
AIFM1_HUMAN,A0A2R8Y4I8_HUMAN
AIFM1_HUMAN,E5KRP6_HUMAN
AIFM1_HUMAN,I2BP1_HUMAN
AIFM1_HUMAN,ATLA2_HUMAN
AIFM1_HUMAN,PARP2_HUMAN
AIFM1_HUMAN,DCE2_HUMAN
AIFM1_HUMAN,NUDC1_HUMAN
AIFM1_HUMAN,D6RFM5_HUMAN
AIFM1_HUMAN,C9J715_HUMAN
AIFM1_HUMAN,STS_HUMAN
AIFM1_HUMAN,A0A2R8YGM9_HUMAN
AIFM1_HUMAN,TACT_HUMAN
AIFM1_HUMAN,SWP70_HUMAN
AIFM1_HUMAN,A0A2R8YE18_HUMAN
AIFM1_HUMAN,H7BYW9_HUMAN
AIFM1_HUMAN,LG3BP_HUMAN
AIFM1_HUMAN,CO8A_HUMAN
AIFM1_HUMAN,MRPP3_HUMAN
AIFM1_HUMAN,TOIP1_HUMAN
AIFM1_HUMAN,EIF2D_HUMAN
AIFM1_HUMAN,YTHD3_HUMAN
AIFM1_HUMAN,EIF2A_HUMAN
AIFM1_HUMAN,MAOM_HUMAN
AIFM1_HUMAN,BEST1_HUMAN
AIFM1_HUMAN,INVO_HUMAN
AIFM1_HUMAN,APBP2_HUMAN
AIFM1_HUMAN,K1C10_HUMAN
AIFM1_HUMAN,ZBT7A_HUMAN
AIFM1_HUMAN,IKZF4_HUMAN
AIFM1_HUMAN,FA20C_HUMAN
AIFM1_HUMAN,FA83D_HUMAN
AIFM1_HUMAN,FZD5_HUMAN
AIFM1_HUMAN,NCLX_HUMAN
AIFM1_HUMAN,SHC1_HUMAN
AIFM1_HUMAN,RADI_HUMAN
PGM2_HUMAN,SYN2_HUMAN
PGM2_HUMAN,FKB10_HUMAN
PGM2_HUMAN,A0A8I5KTR5_HUMAN
PGM2_HUMAN,MMP14_HUMAN
PGM2_HUMAN,LARP7_HUMAN
PGM2_HUMAN,E5RG31_HUMAN
PGM2_HUMAN,SHC2_HUMAN
PGM2_HUMAN,A8MQB8_HUMAN
PGM2_HUMAN,G3V3B0_HUMAN
PGM2_HUMAN,ZN326_HUMAN
PGM2_HUMAN,H0Y4F4_HUMAN
PGM2_HUMAN,SHOC2_HUMAN
PGM2_HUMAN,DCP1A_HUMAN
PGM2_HUMAN,LYRIC_HUMAN
PGM2_HUMAN,PAPD1_HUMAN
PGM2_HUMAN,MNT_HUMAN
PGM2_HUMAN,GNL3L_HUMAN
PGM2_HUMAN,VGLU2_HUMAN
PGM2_HUMAN,F149B_HUMAN
PGM2_HUMAN,SEMG2_HUMAN
LKHA4_HUMAN,A0A6Q8PHL9_HUMAN
LKHA4_HUMAN,PINK1_HUMAN
LKHA4_HUMAN,E7EVI4_HUMAN
LKHA4_HUMAN,PYRD2_HUMAN
LKHA4_HUMAN,A0A494C0Q6_HUMAN
LKHA4_HUMAN,A0A024R9T6_HUMAN
LKHA4_HUMAN,TRIP4_HUMAN
LKHA4_HUMAN,LRC15_HUMAN
LKHA4_HUMAN,LRRT3_HUMAN
LKHA4_HUMAN,GLT12_HUMAN
LKHA4_HUMAN,G5E9V3_HUMAN
LKHA4_HUMAN,SOCS7_HUMAN
LKHA4_HUMAN,S15A3_HUMAN
LKHA4_HUMAN,FZD10_HUMAN
LKHA4_HUMAN,SLAI2_HUMAN
LKHA4_HUMAN,SL9A8_HUMAN
M3K7_HUMAN,A0A140VJY6_HUMAN
M3K7_HUMAN,A0A0U1RRM1_HUMAN
M3K7_HUMAN,A0A494C1K5_HUMAN
M3K7_HUMAN,FHR4_HUMAN
M3K7_HUMAN,A0A7I2YQB2_HUMAN
M3K7_HUMAN,H7C4C2_HUMAN
M3K7_HUMAN,GRAM4_HUMAN
M3K7_HUMAN,F1D8P2_HUMAN
M3K7_HUMAN,CDKAL_HUMAN
M3K7_HUMAN,A0A7P0T8B5_HUMAN
M3K7_HUMAN,IF2B1_HUMAN
M3K7_HUMAN,MFRP_HUMAN
M3K7_HUMAN,KCNN2_HUMAN
M3K7_HUMAN,I6QTG3_HUMAN
M3K7_HUMAN,ZN384_HUMAN
M3K7_HUMAN,ACS2A_HUMAN
M3K7_HUMAN,SH23A_HUMAN
M3K7_HUMAN,A0A494C092_HUMAN
M3K7_HUMAN,D6R992_HUMAN
M3K7_HUMAN,A0A8I5KSF9_HUMAN
M3K7_HUMAN,ARHGP_HUMAN
M3K7_HUMAN,SLN12_HUMAN
M3K7_HUMAN,RFTN1_HUMAN
M3K7_HUMAN,EPN1_HUMAN
M3K7_HUMAN,TPC14_HUMAN
M3K7_HUMAN,MPP2_HUMAN
M3K7_HUMAN,A0A0S2Z644_HUMAN
M3K7_HUMAN,V9HWC0_HUMAN
M3K7_HUMAN,PGRP2_HUMAN
M3K7_HUMAN,R4GMT7_HUMAN
M3K7_HUMAN,BCDO2_HUMAN
M3K7_HUMAN,ACS2B_HUMAN
M3K7_HUMAN,PIGZ_HUMAN
M3K7_HUMAN,SHQ1_HUMAN
M3K7_HUMAN,A0A0D9SG72_HUMAN
M3K7_HUMAN,A0A7P0TBI9_HUMAN
M3K7_HUMAN,MCLN1_HUMAN
M3K7_HUMAN,G3V2F4_HUMAN
M3K7_HUMAN,K2C1B_HUMAN
M3K7_HUMAN,E7EN24_HUMAN
M3K7_HUMAN,A0A1B0GVQ5_HUMAN
M3K7_HUMAN,H0YEN2_HUMAN
M3K7_HUMAN,ZUP1_HUMAN
M3K7_HUMAN,MPIP2_HUMAN
M3K7_HUMAN,PARI_HUMAN
M3K7_HUMAN,NCOA5_HUMAN
M3K7_HUMAN,A0A1C7CYY7_HUMAN
M3K7_HUMAN,GPC3_HUMAN
M3K7_HUMAN,A0A0K0K1K9_HUMAN
M3K7_HUMAN,DAZ4_HUMAN
M3K7_HUMAN,COIL_HUMAN
M3K7_HUMAN,ACSM1_HUMAN
M3K7_HUMAN,THAP4_HUMAN
M3K7_HUMAN,PXK_HUMAN
M3K7_HUMAN,NR1D2_HUMAN
M3K7_HUMAN,MPP7_HUMAN
M3K7_HUMAN,F6Q6H0_HUMAN
M3K7_HUMAN,NELFB_HUMAN
M3K7_HUMAN,INSC_HUMAN
M3K7_HUMAN,GRK6_HUMAN
M3K7_HUMAN,FAAH1_HUMAN
M3K7_HUMAN,PMGT2_HUMAN
M3K7_HUMAN,RPGF5_HUMAN
M3K7_HUMAN,RELB_HUMAN
M3K7_HUMAN,STAU1_HUMAN
M3K7_HUMAN,TOX3_HUMAN
M3K7_HUMAN,CSTF2_HUMAN
M3K7_HUMAN,A0A0S2Z561_HUMAN
M3K7_HUMAN,SC5A7_HUMAN
M3K7_HUMAN,PHAR1_HUMAN
M3K7_HUMAN,ORC2_HUMAN
M3K7_HUMAN,NOX4_HUMAN
M3K7_HUMAN,PIGT_HUMAN
M3K7_HUMAN,SYN3_HUMAN
M3K7_HUMAN,S22AG_HUMAN
M3K7_HUMAN,TRI45_HUMAN
M3K7_HUMAN,ACSF3_HUMAN
M3K7_HUMAN,HACL1_HUMAN
M3K7_HUMAN,CARF_HUMAN
M3K7_HUMAN,IF2B3_HUMAN
M3K7_HUMAN,S15A4_HUMAN
M3K7_HUMAN,H7BXY5_HUMAN
M3K7_HUMAN,GPC2_HUMAN
M3K7_HUMAN,WFKN2_HUMAN
M3K7_HUMAN,OPTN_HUMAN
M3K7_HUMAN,MSL2_HUMAN
M3K7_HUMAN,PHF19_HUMAN
M3K7_HUMAN,GRK4_HUMAN
M3K7_HUMAN,SYRM_HUMAN
M3K7_HUMAN,I10R1_HUMAN
M3K7_HUMAN,HYAS1_HUMAN
M3K7_HUMAN,PRP17_HUMAN
M3K7_HUMAN,YTHD2_HUMAN
M3K7_HUMAN,MBD4_HUMAN
M3K7_HUMAN,FLCN_HUMAN
M3K7_HUMAN,TBL1X_HUMAN
M3K7_HUMAN,MOES_HUMAN
M3K7_HUMAN,MTA70_HUMAN
M3K7_HUMAN,GALT4_HUMAN
M3K7_HUMAN,CCNK_HUMAN
TECT3_HUMAN,EDEM2_HUMAN
ARGI1_HUMAN,A0A5F9ZHJ0_HUMAN
ARGI1_HUMAN,A0A024R4K3_HUMAN
ARGI1_HUMAN,HEMK1_HUMAN
ARGI1_HUMAN,KC1A_HUMAN
ARGI1_HUMAN,HXD11_HUMAN
ARGI1_HUMAN,B2R986_HUMAN
ARGI1_HUMAN,CAH14_HUMAN
ARGI1_HUMAN,CB39L_HUMAN
ARGI1_HUMAN,GPR26_HUMAN
ARGI1_HUMAN,FOSB_HUMAN
ARGI1_HUMAN,PAR11_HUMAN
ARGI1_HUMAN,MFRN1_HUMAN
ARGI1_HUMAN,OPSX_HUMAN
ARGI1_HUMAN,P2Y14_HUMAN
ARGI1_HUMAN,CD37L_HUMAN
ARGI1_HUMAN,T2R39_HUMAN
ARGI1_HUMAN,F8W7W8_HUMAN
ARGI1_HUMAN,S2540_HUMAN
ARGI1_HUMAN,SFXN4_HUMAN
ARGI1_HUMAN,OXGR1_HUMAN
ARGI1_HUMAN,Q5JVZ4_HUMAN
ARGI1_HUMAN,TAAR5_HUMAN
ARGI1_HUMAN,DNJB4_HUMAN
ARGI1_HUMAN,LSAMP_HUMAN
ARGI1_HUMAN,NHRF2_HUMAN
ARGI1_HUMAN,A0A384MTI8_HUMAN
ARGI1_HUMAN,D6RBA1_HUMAN
ARGI1_HUMAN,E5RHW4_HUMAN
ARGI1_HUMAN,H3BPZ1_HUMAN
ARGI1_HUMAN,DG2L6_HUMAN
ARGI1_HUMAN,TALDO_HUMAN
ARGI1_HUMAN,UBIA1_HUMAN
ARGI1_HUMAN,A0A090N8H4_HUMAN
ARGI1_HUMAN,H0Y695_HUMAN
ARGI1_HUMAN,LORF1_HUMAN
ARGI1_HUMAN,AHSA1_HUMAN
ARGI1_HUMAN,K7ESM5_HUMAN
ARGI1_HUMAN,S35A1_HUMAN
ARGI1_HUMAN,INGR2_HUMAN
ARGI1_HUMAN,MDHM_HUMAN
ARGI1_HUMAN,DCPS_HUMAN
ARGI1_HUMAN,ZDH15_HUMAN
ARGI1_HUMAN,GP160_HUMAN
ARGI1_HUMAN,GIMA2_HUMAN
ARGI1_HUMAN,SCAM1_HUMAN
ARGI1_HUMAN,LUM_HUMAN
ARGI1_HUMAN,GPR65_HUMAN
ARGI1_HUMAN,CLTR1_HUMAN
ARGI1_HUMAN,MARC1_HUMAN
ARGI1_HUMAN,C5AR2_HUMAN
ARGI1_HUMAN,HLAG_HUMAN
ARGI1_HUMAN,PAHX_HUMAN
ARGI1_HUMAN,TISB_HUMAN
ARGI1_HUMAN,S35D2_HUMAN
ARGI1_HUMAN,DFFB_HUMAN
ARGI1_HUMAN,RPA43_HUMAN
ARGI1_HUMAN,PO4F3_HUMAN
ARGI1_HUMAN,TFAP4_HUMAN
ARGI1_HUMAN,ABHD6_HUMAN
ARGI1_HUMAN,RM39_HUMAN
ARGI1_HUMAN,F16P1_HUMAN
ARGI1_HUMAN,HEY2_HUMAN
NF2L2_HUMAN,GAK1A_HUMAN
NF2L2_HUMAN,A0A6Q8PFM9_HUMAN
NF2L2_HUMAN,Q4VXL4_HUMAN
NF2L2_HUMAN,CNGA4_HUMAN
NF2L2_HUMAN,KCNA3_HUMAN
NF2L2_HUMAN,DPOLL_HUMAN
NF2L2_HUMAN,TFE3_HUMAN
NF2L2_HUMAN,P2R3B_HUMAN
NF2L2_HUMAN,SH2B3_HUMAN
NF2L2_HUMAN,APBA3_HUMAN
NF2L2_HUMAN,CNOT4_HUMAN
NF2L2_HUMAN,TRBM_HUMAN
NF2L2_HUMAN,ILRL2_HUMAN
NF2L2_HUMAN,POC5_HUMAN
NF2L2_HUMAN,BAG3_HUMAN
NF2L2_HUMAN,TKFC_HUMAN
NF2L2_HUMAN,FUT8_HUMAN
NF2L2_HUMAN,AOAH_HUMAN
PGH1_HUMAN,A0A1L7NY50_HUMAN
PGH1_HUMAN,A0A024R3X4_HUMAN
PGH1_HUMAN,A0A2R8YGK2_HUMAN
PGH1_HUMAN,CB042_HUMAN
PGH1_HUMAN,A0A2R8YD71_HUMAN
PGH1_HUMAN,A0A8I5KWH0_HUMAN
PGH1_HUMAN,A0A7P0T8E8_HUMAN
PGH1_HUMAN,DPYL4_HUMAN
PGH1_HUMAN,S41A2_HUMAN
PGH1_HUMAN,C9J3D7_HUMAN
PGH1_HUMAN,DPYL3_HUMAN
PGH1_HUMAN,B5MCH3_HUMAN
PGH1_HUMAN,E7ENI9_HUMAN
PGH1_HUMAN,F1DAL2_HUMAN
PGH1_HUMAN,I22R1_HUMAN
PGH1_HUMAN,KLC1_HUMAN
PGH1_HUMAN,GMEB1_HUMAN
PGH1_HUMAN,G3V3A4_HUMAN
PGH1_HUMAN,VPS45_HUMAN
PGH1_HUMAN,STAU2_HUMAN
PGH1_HUMAN,A0A1B0GWF2_HUMAN
PGH1_HUMAN,GPC5_HUMAN
PGH1_HUMAN,H0YJ45_HUMAN
PGH1_HUMAN,LPP60_HUMAN
PGH1_HUMAN,E9PL69_HUMAN
PGH1_HUMAN,A0A804HLI8_HUMAN
PGH1_HUMAN,A0A2R8YCL5_HUMAN
PGH1_HUMAN,J3QKY3_HUMAN
PGH1_HUMAN,Q5VW26_HUMAN
PGH1_HUMAN,J3KNE8_HUMAN
PGH1_HUMAN,LOXL1_HUMAN
PGH1_HUMAN,E9PBG3_HUMAN
PGH1_HUMAN,J3KRB9_HUMAN
PGH1_HUMAN,E9PD68_HUMAN
PGH1_HUMAN,FUBP3_HUMAN
PGH1_HUMAN,A0A8I5QJL1_HUMAN
PGH1_HUMAN,EME1_HUMAN
PGH1_HUMAN,S47A1_HUMAN
PGH1_HUMAN,G5E994_HUMAN
PGH1_HUMAN,B5MCF9_HUMAN
PGH1_HUMAN,C9JWC4_HUMAN
PGH1_HUMAN,PANK2_HUMAN
PGH1_HUMAN,SENP3_HUMAN
PGH1_HUMAN,ADA1D_HUMAN
PGH1_HUMAN,FRMD5_HUMAN
PGH1_HUMAN,S40A1_HUMAN
PGH1_HUMAN,5NTD_HUMAN
PGH1_HUMAN,A0A2R8YFN1_HUMAN
PGH1_HUMAN,TESK2_HUMAN
PGH1_HUMAN,MKKS_HUMAN
PGH1_HUMAN,EST3_HUMAN
PGH1_HUMAN,A0A4D6J698_HUMAN
PGH1_HUMAN,A0A384MTU6_HUMAN
PGH1_HUMAN,SNX33_HUMAN
PGH1_HUMAN,G5E9X1_HUMAN
PGH1_HUMAN,DPYL1_HUMAN
PGH1_HUMAN,PRD14_HUMAN
PGH1_HUMAN,DPYL2_HUMAN
PGH1_HUMAN,TLE6_HUMAN
PGH1_HUMAN,ZNF76_HUMAN
PGH1_HUMAN,ZYX_HUMAN
PGH1_HUMAN,CDC7_HUMAN
PGH1_HUMAN,CY24B_HUMAN
PGH1_HUMAN,NHRF4_HUMAN
PGH1_HUMAN,GPNMB_HUMAN
PGH1_HUMAN,KPYR_HUMAN
PGH1_HUMAN,GALT2_HUMAN
PGH1_HUMAN,ZNF10_HUMAN
PGH1_HUMAN,IL1AP_HUMAN
PGH1_HUMAN,CH60_HUMAN
PGH1_HUMAN,EAA2_HUMAN
PGH1_HUMAN,NEUL1_HUMAN
PGH1_HUMAN,AMHR2_HUMAN
PGH1_HUMAN,FZD7_HUMAN
PGH1_HUMAN,EYA3_HUMAN
PGH1_HUMAN,ERG1_HUMAN
PGH1_HUMAN,FOXJ2_HUMAN
PGH1_HUMAN,MSTO1_HUMAN
PGH1_HUMAN,MAOX_HUMAN
PGH1_HUMAN,TRI23_HUMAN
PGH1_HUMAN,PAPD5_HUMAN
PGH1_HUMAN,RN168_HUMAN
PGH1_HUMAN,ZFP91_HUMAN
PGH1_HUMAN,OTUD5_HUMAN
PGH1_HUMAN,CIKS_HUMAN
PGH1_HUMAN,KLH18_HUMAN
PGH1_HUMAN,RUFY4_HUMAN
PGH1_HUMAN,TM7S3_HUMAN
EST2_HUMAN,3BP2_HUMAN
EST2_HUMAN,A0A087WUY7_HUMAN
EST2_HUMAN,A0A6Q8PGL8_HUMAN
EST2_HUMAN,A0A087X1Q5_HUMAN
EST2_HUMAN,HYAS3_HUMAN
EST2_HUMAN,A0A140VK14_HUMAN
EST2_HUMAN,A0A3B3IT31_HUMAN
EST2_HUMAN,A0A090N8H1_HUMAN
EST2_HUMAN,A0A1W2PP34_HUMAN
EST2_HUMAN,A0A0A0MT64_HUMAN
EST2_HUMAN,ARSI_HUMAN
EST2_HUMAN,A0A0A0MTN7_HUMAN
EST2_HUMAN,A0A286YEW9_HUMAN
EST2_HUMAN,A0A0A6YYF8_HUMAN
EST2_HUMAN,A0A0C4DFP5_HUMAN
EST2_HUMAN,A0A0S2Z4Z8_HUMAN
EST2_HUMAN,A0A0S2Z444_HUMAN
EST2_HUMAN,A0A7I2V2X6_HUMAN
EST2_HUMAN,A0A0S2Z4U9_HUMAN
EST2_HUMAN,A0A0S2Z658_HUMAN
EST2_HUMAN,A0A1W2PPL4_HUMAN
EST2_HUMAN,A0A0S2Z4V1_HUMAN
EST2_HUMAN,A0A140VK29_HUMAN
EST2_HUMAN,B0QYS7_HUMAN
EST2_HUMAN,A0A0X8GKR4_HUMAN
EST2_HUMAN,A0A1W2PPH1_HUMAN
EST2_HUMAN,A0A1W2PR17_HUMAN
EST2_HUMAN,A0A384MTQ8_HUMAN
EST2_HUMAN,A0A590UJF7_HUMAN
EST2_HUMAN,A0A2R8YDC7_HUMAN
EST2_HUMAN,ARI3B_HUMAN
EST2_HUMAN,A0A1W2PPH7_HUMAN
EST2_HUMAN,A0A5F9ZHX8_HUMAN
EST2_HUMAN,A0A3B3IUD2_HUMAN
EST2_HUMAN,A0A7P0TA71_HUMAN
EST2_HUMAN,A0A0S2Z5A5_HUMAN
EST2_HUMAN,A0A7I2V599_HUMAN
EST2_HUMAN,TPP1_HUMAN
EST2_HUMAN,A0A6Q8PFQ8_HUMAN
EST2_HUMAN,A0A3B3IRW2_HUMAN
EST2_HUMAN,A0A6Q8PFQ9_HUMAN
EST2_HUMAN,A0A7P0T8H0_HUMAN
EST2_HUMAN,A0A7P0T9L0_HUMAN
EST2_HUMAN,A0A7N4I3A3_HUMAN
EST2_HUMAN,A0A7P0TAJ5_HUMAN
EST2_HUMAN,A0A7P0TA35_HUMAN
EST2_HUMAN,A0A7P0TA15_HUMAN
EST2_HUMAN,A0A7P0TBA9_HUMAN
EST2_HUMAN,MCLN3_HUMAN
EST2_HUMAN,A0A7P0TBK2_HUMAN
EST2_HUMAN,ATOSB_HUMAN
EST2_HUMAN,A0A8I5KS87_HUMAN
EST2_HUMAN,A0A804HIF5_HUMAN
EST2_HUMAN,A0A7P0TB26_HUMAN
EST2_HUMAN,A0A804HJ84_HUMAN
EST2_HUMAN,A4FU59_HUMAN
EST2_HUMAN,A0A804HJD7_HUMAN
EST2_HUMAN,A0A7P0Z4G4_HUMAN
EST2_HUMAN,A0A804HKE8_HUMAN
EST2_HUMAN,MUC21_HUMAN
EST2_HUMAN,A0A8I5QKL4_HUMAN
EST2_HUMAN,B1AQ74_HUMAN
EST2_HUMAN,ACOXL_HUMAN
EST2_HUMAN,LIN9_HUMAN
EST2_HUMAN,ARSH_HUMAN
EST2_HUMAN,AGRA1_HUMAN
EST2_HUMAN,E7EW50_HUMAN
EST2_HUMAN,CCD38_HUMAN
EST2_HUMAN,A0A8I5KR00_HUMAN
EST2_HUMAN,A0A8I5KT56_HUMAN
EST2_HUMAN,EFS_HUMAN
EST2_HUMAN,H0Y9Z5_HUMAN
EST2_HUMAN,B4DJL6_HUMAN
EST2_HUMAN,B4DTD8_HUMAN
EST2_HUMAN,B8ZZY2_HUMAN
EST2_HUMAN,B1AT47_HUMAN
EST2_HUMAN,CPN2_HUMAN
EST2_HUMAN,ACM5_HUMAN
EST2_HUMAN,B4GN1_HUMAN
EST2_HUMAN,E9PM53_HUMAN
EST2_HUMAN,CDY2_HUMAN
EST2_HUMAN,B4DJE6_HUMAN
EST2_HUMAN,B1AHC9_HUMAN
EST2_HUMAN,B7Z673_HUMAN
EST2_HUMAN,DALD3_HUMAN
EST2_HUMAN,CSRN2_HUMAN
EST2_HUMAN,B7Z4D2_HUMAN
EST2_HUMAN,CXA10_HUMAN
EST2_HUMAN,INO1_HUMAN
EST2_HUMAN,B7Z3Q4_HUMAN
EST2_HUMAN,CC85A_HUMAN
EST2_HUMAN,G5E9D4_HUMAN
EST2_HUMAN,CPNE9_HUMAN
EST2_HUMAN,EEPD1_HUMAN
EST2_HUMAN,CPNE6_HUMAN
EST2_HUMAN,TRAF3_HUMAN
EST2_HUMAN,B7Z685_HUMAN
EST2_HUMAN,E5KP26_HUMAN
EST2_HUMAN,BTNL9_HUMAN
EST2_HUMAN,CF210_HUMAN
NR4A1_HUMAN,MMP21_HUMAN
NR4A1_HUMAN,SPT16_HUMAN
NR4A1_HUMAN,IL1R1_HUMAN
NR4A1_HUMAN,CR1L_HUMAN
NR4A1_HUMAN,FHR5_HUMAN
NR4A1_HUMAN,RABE2_HUMAN
NR4A1_HUMAN,F5H5U2_HUMAN
NR4A1_HUMAN,MEX3B_HUMAN
NR4A1_HUMAN,WDR20_HUMAN
NR4A1_HUMAN,A0A804HK05_HUMAN
NR4A1_HUMAN,LAT4_HUMAN
NR4A1_HUMAN,GGT1_HUMAN
NR4A1_HUMAN,GGT2_HUMAN
NR4A1_HUMAN,NPRL3_HUMAN
NR4A1_HUMAN,AAKG2_HUMAN
GLPK_HUMAN,E9PGE5_HUMAN
GLPK_HUMAN,F5H324_HUMAN
GLPK_HUMAN,RHIT_HUMAN
GLPK_HUMAN,E5KP27_HUMAN
GLPK_HUMAN,E9KL48_HUMAN
GLPK_HUMAN,DMTA2_HUMAN
GLPK_HUMAN,ICAM3_HUMAN
GLPK_HUMAN,I3L0L0_HUMAN
GLPK_HUMAN,EGFL6_HUMAN
GLPK_HUMAN,IDD_HUMAN
GLPK_HUMAN,H0YAY0_HUMAN
GLPK_HUMAN,RCBT2_HUMAN
GLPK_HUMAN,F222B_HUMAN
GLPK_HUMAN,FAAH2_HUMAN
GLPK_HUMAN,H0Y8P7_HUMAN
GLPK_HUMAN,G3V1A6_HUMAN
GLPK_HUMAN,GLT16_HUMAN
GLPK_HUMAN,PDE1A_HUMAN
GLPK_HUMAN,F6WE04_HUMAN
GLPK_HUMAN,S22AF_HUMAN
GLPK_HUMAN,F234A_HUMAN
GLPK_HUMAN,F8W6I3_HUMAN
GLPK_HUMAN,FBXL6_HUMAN
GLPK_HUMAN,GLDN_HUMAN
GLPK_HUMAN,GLP2R_HUMAN
GLPK_HUMAN,PTH2R_HUMAN
GLPK_HUMAN,IQIP1_HUMAN
GLPK_HUMAN,GLT13_HUMAN
GLPK_HUMAN,J3QQM4_HUMAN
GLPK_HUMAN,G5E9C0_HUMAN
GLPK_HUMAN,GLPK2_HUMAN
GLPK_HUMAN,JERKY_HUMAN
GLPK_HUMAN,K2C6C_HUMAN
GLPK_HUMAN,PAX1_HUMAN
GLPK_HUMAN,H0Y5F5_HUMAN
GLPK_HUMAN,MCLN2_HUMAN
GLPK_HUMAN,KCNV2_HUMAN
GLPK_HUMAN,ZN350_HUMAN
GLPK_HUMAN,GLT14_HUMAN
GLPK_HUMAN,J3KNN7_HUMAN
GLPK_HUMAN,K2C79_HUMAN
GLPK_HUMAN,EST1_HUMAN
GLPK_HUMAN,HNRLL_HUMAN
GLPK_HUMAN,K2C6B_HUMAN
GLPK_HUMAN,IMA6_HUMAN
GLPK_HUMAN,K7ELL7_HUMAN
GLPK_HUMAN,I3L4M2_HUMAN
GLPK_HUMAN,IPIL1_HUMAN
GLPK_HUMAN,N4BP3_HUMAN
GLPK_HUMAN,K7ERZ5_HUMAN
GLPK_HUMAN,K2C73_HUMAN
GLPK_HUMAN,LGI4_HUMAN
GLPK_HUMAN,LGI2_HUMAN
GLPK_HUMAN,IFT56_HUMAN
GLPK_HUMAN,P4HA3_HUMAN
GLPK_HUMAN,W8FW32_HUMAN
GLPK_HUMAN,NOX3_HUMAN
GLPK_HUMAN,A0A6Q8PGY4_HUMAN
GLPK_HUMAN,OVCH2_HUMAN
GLPK_HUMAN,Q546S1_HUMAN
GLPK_HUMAN,PATL2_HUMAN
GLPK_HUMAN,RUSD2_HUMAN
GLPK_HUMAN,Q5SRN1_HUMAN
GLPK_HUMAN,LMF1_HUMAN
GLPK_HUMAN,NAGS_HUMAN
GLPK_HUMAN,Q6IAU5_HUMAN
GLPK_HUMAN,Q5SXN9_HUMAN
GLPK_HUMAN,NT5D3_HUMAN
GLPK_HUMAN,Q5NKV8_HUMAN
GLPK_HUMAN,Q6P516_HUMAN
GLPK_HUMAN,Q5VSQ6_HUMAN
GLPK_HUMAN,PHAR3_HUMAN
GLPK_HUMAN,Q5T6H7_HUMAN
GLPK_HUMAN,SYCY2_HUMAN
GLPK_HUMAN,SPAS2_HUMAN
GLPK_HUMAN,Q5T5C7_HUMAN
GLPK_HUMAN,E7EN32_HUMAN
GLPK_HUMAN,RSPH3_HUMAN
GLPK_HUMAN,RTN2_HUMAN
GLPK_HUMAN,TCPQ_HUMAN
GLPK_HUMAN,A0A1B0GTG2_HUMAN
GLPK_HUMAN,RGPS1_HUMAN
GLPK_HUMAN,REPI1_HUMAN
GLPK_HUMAN,S45A3_HUMAN
GLPK_HUMAN,RN217_HUMAN
GLPK_HUMAN,SERA_HUMAN
GLPK_HUMAN,SYCM_HUMAN
GLPK_HUMAN,ZN397_HUMAN
GLPK_HUMAN,A0A0C4DG95_HUMAN
GLPK_HUMAN,TJAP1_HUMAN
GLPK_HUMAN,TXND2_HUMAN
GLPK_HUMAN,SUOX_HUMAN
GLPK_HUMAN,TBC3A_HUMAN
GLPK_HUMAN,TEX55_HUMAN
GLPK_HUMAN,E7EQ29_HUMAN
GLPK_HUMAN,TM87B_HUMAN
GLPK_HUMAN,WEE2_HUMAN
GLPK_HUMAN,ZN37A_HUMAN
GLPK_HUMAN,TTYH2_HUMAN
GLPK_HUMAN,UCKL1_HUMAN
AAPK1_HUMAN,ZN768_HUMAN
AAPK1_HUMAN,A0A0C4DFX9_HUMAN
AAPK1_HUMAN,Q5DSZ8_HUMAN
AAPK1_HUMAN,V9HW96_HUMAN
AAPK1_HUMAN,ZN460_HUMAN
AAPK1_HUMAN,X5D299_HUMAN
AAPK1_HUMAN,OXLA_HUMAN
AAPK1_HUMAN,A0A182DWI3_HUMAN
AAPK1_HUMAN,A0A1W2PQH3_HUMAN
AAPK1_HUMAN,ZKSC4_HUMAN
AAPK1_HUMAN,A0A6Q8PEZ7_HUMAN
AAPK1_HUMAN,X5DQN2_HUMAN
AAPK1_HUMAN,V9HW26_HUMAN
AAPK1_HUMAN,ZN783_HUMAN
AAPK1_HUMAN,ACATN_HUMAN
AAPK1_HUMAN,IL21R_HUMAN
AAPK1_HUMAN,ZN136_HUMAN
AAPK1_HUMAN,S38A4_HUMAN
AAPK1_HUMAN,ZNF69_HUMAN
AAPK1_HUMAN,A0A1W2PQT3_HUMAN
AAPK1_HUMAN,A0A6Q8PHQ1_HUMAN
AAPK1_HUMAN,A0A0C4DG42_HUMAN
AAPK1_HUMAN,A0A087X171_HUMAN
AAPK1_HUMAN,NECT3_HUMAN
AAPK1_HUMAN,H0YEM1_HUMAN
AAPK1_HUMAN,SIGL5_HUMAN
AAPK1_HUMAN,CGAT2_HUMAN
AAPK1_HUMAN,A0A1W2PQY8_HUMAN
AAPK1_HUMAN,CDY1_HUMAN
AAPK1_HUMAN,E7EVU5_HUMAN
AAPK1_HUMAN,J3KNG6_HUMAN
AAPK1_HUMAN,A0A2R8Y7V8_HUMAN
AAPK1_HUMAN,E9PQ56_HUMAN
AAPK1_HUMAN,D6RGC4_HUMAN
AAPK1_HUMAN,F8WAL6_HUMAN
AAPK1_HUMAN,A0A0S2Z448_HUMAN
AAPK1_HUMAN,A0A2R8YGN6_HUMAN
AAPK1_HUMAN,E9PMX7_HUMAN
AAPK1_HUMAN,PIGB_HUMAN
AAPK1_HUMAN,A0A7I2V2V3_HUMAN
AAPK1_HUMAN,E9PN48_HUMAN
AAPK1_HUMAN,PGTA_HUMAN
AAPK1_HUMAN,LGI3_HUMAN
AAPK1_HUMAN,B1AKN8_HUMAN
AAPK1_HUMAN,A0A024R274_HUMAN
AAPK1_HUMAN,A1L4Q0_HUMAN
AAPK1_HUMAN,J3KS51_HUMAN
AAPK1_HUMAN,DCR1B_HUMAN
AAPK1_HUMAN,CONA1_HUMAN
AAPK1_HUMAN,A0A1B0GUD1_HUMAN
AAPK1_HUMAN,A0A804HHW0_HUMAN
AAPK1_HUMAN,D6RE68_HUMAN
AAPK1_HUMAN,PLBL1_HUMAN
AAPK1_HUMAN,TXLNA_HUMAN
AAPK1_HUMAN,Q5VW30_HUMAN
AAPK1_HUMAN,W6CJ52_HUMAN
AAPK1_HUMAN,KCNKA_HUMAN
AAPK1_HUMAN,I3L4C2_HUMAN
AAPK1_HUMAN,A0A5K1VW66_HUMAN
AAPK1_HUMAN,ZN513_HUMAN
AAPK1_HUMAN,J3KQJ8_HUMAN
AAPK1_HUMAN,ZN480_HUMAN
AAPK1_HUMAN,B7WPL0_HUMAN
AAPK1_HUMAN,PTN5_HUMAN
AAPK1_HUMAN,A0A0S2Z4A3_HUMAN
AAPK1_HUMAN,ZNF34_HUMAN
AAPK1_HUMAN,ACO12_HUMAN
AAPK1_HUMAN,TAPT1_HUMAN
AAPK1_HUMAN,A0A8I5KUV2_HUMAN
AAPK1_HUMAN,A0A0S2Z5B2_HUMAN
AAPK1_HUMAN,A0A384NPH9_HUMAN
AAPK1_HUMAN,A6PW57_HUMAN
AAPK1_HUMAN,H0Y7Y8_HUMAN
AAPK1_HUMAN,W5RWE6_HUMAN
AAPK1_HUMAN,A0A8I5KUY8_HUMAN
AAPK1_HUMAN,PDP1_HUMAN
AAPK1_HUMAN,MKS1_HUMAN
AAPK1_HUMAN,HIRP3_HUMAN
AAPK1_HUMAN,NRBP_HUMAN
AAPK1_HUMAN,UBP21_HUMAN
AAPK1_HUMAN,DGKE_HUMAN
AAPK1_HUMAN,PUF60_HUMAN
AAPK1_HUMAN,SMOX_HUMAN
AAPK1_HUMAN,SYCY1_HUMAN
AAPK1_HUMAN,H0Y3X6_HUMAN
AAPK1_HUMAN,EAA5_HUMAN
AAPK1_HUMAN,NTNG1_HUMAN
AAPK1_HUMAN,A0A8I5QJV9_HUMAN
AAPK1_HUMAN,A0A087WZC2_HUMAN
AAPK1_HUMAN,PPB1_HUMAN
AAPK1_HUMAN,J3QRU1_HUMAN
AAPK1_HUMAN,SL9B2_HUMAN
AAPK1_HUMAN,A0A804HJ37_HUMAN
AAPK1_HUMAN,A0A0C4DG88_HUMAN
AAPK1_HUMAN,A0A7I2V650_HUMAN
AAPK1_HUMAN,E9PEW0_HUMAN
AAPK1_HUMAN,A0A7P0TBF8_HUMAN
AAPK1_HUMAN,CAF1B_HUMAN
AAPK1_HUMAN,A0A087WWF4_HUMAN
AAPK1_HUMAN,Q8N1I1_HUMAN
AK1C2_HUMAN,A0A7I2V458_HUMAN
AK1C2_HUMAN,A0A140VK59_HUMAN
AK1C2_HUMAN,A0A0S2Z5L7_HUMAN
AK1C2_HUMAN,H0YLF5_HUMAN
AK1C2_HUMAN,A0A384ME54_HUMAN
AK1C2_HUMAN,TM10A_HUMAN
AK1C2_HUMAN,Q5VTW1_HUMAN
AK1C2_HUMAN,C9JS50_HUMAN
AK1C2_HUMAN,LSP1_HUMAN
AK1C2_HUMAN,G3V0E7_HUMAN
AK1C2_HUMAN,F5GWI4_HUMAN
AK1C2_HUMAN,SARAF_HUMAN
AK1C2_HUMAN,TAAR1_HUMAN
AK1C2_HUMAN,A0A494C1T8_HUMAN
AK1C2_HUMAN,F16P2_HUMAN
AK1C2_HUMAN,CENPN_HUMAN
AK1C2_HUMAN,DHRS7_HUMAN
AK1C2_HUMAN,V9HVY8_HUMAN
AK1C2_HUMAN,A0A3B3ITN8_HUMAN
AK1C2_HUMAN,H0Y4V9_HUMAN
AK1C2_HUMAN,E7EX91_HUMAN
AK1C2_HUMAN,FA50A_HUMAN
AK1C2_HUMAN,ERLN2_HUMAN
AK1C2_HUMAN,ANXA2_HUMAN
AK1C2_HUMAN,STEA1_HUMAN
AK1C2_HUMAN,SNR48_HUMAN
AK1C2_HUMAN,IGBP1_HUMAN
AK1C2_HUMAN,CATB_HUMAN
AK1C2_HUMAN,GPVI_HUMAN
AK1C2_HUMAN,J3KNK1_HUMAN
AK1C2_HUMAN,RAD51_HUMAN
AK1C2_HUMAN,CIAO1_HUMAN
AK1C2_HUMAN,TBP_HUMAN
AK1C2_HUMAN,FA76B_HUMAN
AK1C2_HUMAN,AUHM_HUMAN
AK1C2_HUMAN,NCF4_HUMAN
AK1C2_HUMAN,UBP50_HUMAN
GGT1_HUMAN,A0A804F6T5_HUMAN
GGT1_HUMAN,A0A1B0GW77_HUMAN
GGT1_HUMAN,ELP3_HUMAN
GGT1_HUMAN,DAZ2_HUMAN
GGT1_HUMAN,KCNN1_HUMAN
GGT1_HUMAN,B0QZ18_HUMAN
GGT1_HUMAN,K7EK80_HUMAN
GGT1_HUMAN,B4DEQ0_HUMAN
GGT1_HUMAN,HOMEZ_HUMAN
GGT1_HUMAN,SRC8_HUMAN
GGT1_HUMAN,ENL_HUMAN
GGT1_HUMAN,A0A0U1RRM8_HUMAN
GGT1_HUMAN,Q6FHW6_HUMAN
GGT1_HUMAN,A0A7I2V2P7_HUMAN
GGT1_HUMAN,SPTC3_HUMAN
GGT1_HUMAN,A0A2R8Y6L0_HUMAN
GGT1_HUMAN,S22A2_HUMAN
GGT1_HUMAN,ILRL1_HUMAN
GGT1_HUMAN,Q5JWZ0_HUMAN
GGT1_HUMAN,H0Y8P4_HUMAN
GGT1_HUMAN,A0A0U1RQX7_HUMAN
GGT1_HUMAN,A0A2R8Y892_HUMAN
GGT1_HUMAN,NXP20_HUMAN
GGT1_HUMAN,SPS2L_HUMAN
GGT1_HUMAN,Q5JXL1_HUMAN
GGT1_HUMAN,A0A6Q8PG01_HUMAN
GGT1_HUMAN,S22A7_HUMAN
GGT1_HUMAN,AGRG3_HUMAN
GGT1_HUMAN,E7EV03_HUMAN
GGT1_HUMAN,ASPC1_HUMAN
GGT1_HUMAN,A0A2R8YEK8_HUMAN
GGT1_HUMAN,TBC24_HUMAN
GGT1_HUMAN,A0A0A0MS90_HUMAN
GGT1_HUMAN,S22A8_HUMAN
GGT1_HUMAN,J3QL54_HUMAN
GGT1_HUMAN,A0A1B0GVH5_HUMAN
GGT1_HUMAN,BTD_HUMAN
GGT1_HUMAN,ZN250_HUMAN
GGT1_HUMAN,CTBL1_HUMAN
GGT1_HUMAN,SRPK3_HUMAN
GGT1_HUMAN,ILDR1_HUMAN
GGT1_HUMAN,GLYR1_HUMAN
GGT1_HUMAN,PCAT2_HUMAN
GGT1_HUMAN,A0A2R8Y7Q9_HUMAN
GGT1_HUMAN,FANCC_HUMAN
GGT1_HUMAN,CERKL_HUMAN
GGT1_HUMAN,SYTL1_HUMAN
GGT1_HUMAN,AGM1_HUMAN
GGT1_HUMAN,KAD5_HUMAN
GGT1_HUMAN,Z354C_HUMAN
GGT1_HUMAN,EHD2_HUMAN
GGT1_HUMAN,MIER3_HUMAN
GGT1_HUMAN,STXB4_HUMAN
GGT1_HUMAN,S22A3_HUMAN
GGT1_HUMAN,VGLU1_HUMAN
GGT1_HUMAN,A0A804HJ00_HUMAN
GGT1_HUMAN,MON1B_HUMAN
GGT1_HUMAN,RANB3_HUMAN
GGT1_HUMAN,GPC1_HUMAN
GGT1_HUMAN,ERF_HUMAN
GGT1_HUMAN,S22A4_HUMAN
GGT1_HUMAN,S22A1_HUMAN
GGT1_HUMAN,S22A6_HUMAN
GGT1_HUMAN,AGFG1_HUMAN
GGT1_HUMAN,FTCD_HUMAN
GGT1_HUMAN,A0A7I2V2M0_HUMAN
GGT1_HUMAN,ZCHC7_HUMAN
GGT1_HUMAN,CO9_HUMAN
GGT1_HUMAN,IL2RB_HUMAN
GGT1_HUMAN,EIF3L_HUMAN
GGT1_HUMAN,E9PG92_HUMAN
GGT1_HUMAN,A0A024RAC7_HUMAN
GGT1_HUMAN,Z324A_HUMAN
GGT1_HUMAN,BCDO1_HUMAN
GGT1_HUMAN,A0A1B0GVZ8_HUMAN
GGT1_HUMAN,SGO1_HUMAN
GGT1_HUMAN,MIER2_HUMAN
GGT1_HUMAN,STIP1_HUMAN
GGT1_HUMAN,PGPS1_HUMAN
GGT1_HUMAN,GPC4_HUMAN
GGT1_HUMAN,HDC_HUMAN
GGT1_HUMAN,AL4A1_HUMAN
GGT1_HUMAN,E7EQM5_HUMAN
GGT1_HUMAN,HPSE_HUMAN
GGT1_HUMAN,PODXL_HUMAN
GGT1_HUMAN,A0A1B0GW82_HUMAN
GGT1_HUMAN,CENPT_HUMAN
GGT1_HUMAN,CDC45_HUMAN
GGT1_HUMAN,TTC8_HUMAN
GGT1_HUMAN,CLCC1_HUMAN
GGT1_HUMAN,K2C75_HUMAN
GGT1_HUMAN,PGM5_HUMAN
GGT1_HUMAN,HABP2_HUMAN
GGT1_HUMAN,ANPRC_HUMAN
GGT1_HUMAN,GPC6_HUMAN
GGT1_HUMAN,COASY_HUMAN
GGT1_HUMAN,MCCB_HUMAN
GGT1_HUMAN,AAAS_HUMAN
GGT1_HUMAN,S22A9_HUMAN
GGT1_HUMAN,GALT1_HUMAN
MBD4_HUMAN,TRAF5_HUMAN
MBD4_HUMAN,A3QNQ0_HUMAN
MBD4_HUMAN,LGI1_HUMAN
MBD4_HUMAN,AATF_HUMAN
MBD4_HUMAN,S22AC_HUMAN
MBD4_HUMAN,NSRP1_HUMAN
MBD4_HUMAN,TCPQM_HUMAN
MBD4_HUMAN,FBXW5_HUMAN
MBD4_HUMAN,CDC6_HUMAN
MBD4_HUMAN,TPA_HUMAN
MBD4_HUMAN,ANTR1_HUMAN
MBD4_HUMAN,MMP25_HUMAN
MBD4_HUMAN,PIGS_HUMAN
MBD4_HUMAN,NEU1B_HUMAN
MBD4_HUMAN,RTKN_HUMAN
MBD4_HUMAN,TRI16_HUMAN
MBD4_HUMAN,U3KQA6_HUMAN
MBD4_HUMAN,UTP18_HUMAN
MBD4_HUMAN,CSPG5_HUMAN
MBD4_HUMAN,BIN2_HUMAN
MBD4_HUMAN,NRAM2_HUMAN
MBD4_HUMAN,APC7_HUMAN
MBD4_HUMAN,ZNT9_HUMAN
MBD4_HUMAN,LAT3_HUMAN
MBD4_HUMAN,MALD2_HUMAN
MBD4_HUMAN,S13A5_HUMAN
MBD4_HUMAN,ABHGA_HUMAN
MBD4_HUMAN,GNS_HUMAN
MBD4_HUMAN,ARX_HUMAN
MBD4_HUMAN,DJC11_HUMAN
MBD4_HUMAN,MGRN1_HUMAN
MBD4_HUMAN,CNO6L_HUMAN
MBD4_HUMAN,TM87A_HUMAN
MBD4_HUMAN,USH1C_HUMAN
MBD4_HUMAN,BAIP2_HUMAN
MBD4_HUMAN,PERF_HUMAN
MBD4_HUMAN,E7EX44_HUMAN
MBD4_HUMAN,NCLN_HUMAN
MBD4_HUMAN,PHF1_HUMAN
MBD4_HUMAN,PP16B_HUMAN
MBD4_HUMAN,AF9_HUMAN
MBD4_HUMAN,PGM1_HUMAN
MBD4_HUMAN,FZD2_HUMAN
MBD4_HUMAN,CNOT6_HUMAN
MBD4_HUMAN,DNJC1_HUMAN
MBD4_HUMAN,ARI1_HUMAN
MBD4_HUMAN,IRAG2_HUMAN
MBD4_HUMAN,ASNS_HUMAN
MBD4_HUMAN,GLPK_HUMAN
MBD4_HUMAN,BORA_HUMAN
MBD4_HUMAN,FLVC1_HUMAN
MBD4_HUMAN,INAR1_HUMAN
MBD4_HUMAN,CBX4_HUMAN
MBD4_HUMAN,SGPL1_HUMAN
MBD4_HUMAN,EAA4_HUMAN
MBD4_HUMAN,WASF1_HUMAN
MBD4_HUMAN,S22AO_HUMAN
MBD4_HUMAN,EST2_HUMAN
MBD4_HUMAN,MIS_HUMAN
MBD4_HUMAN,TYSD1_HUMAN
MBD4_HUMAN,UBP39_HUMAN
MBD4_HUMAN,FOXC1_HUMAN
MBD4_HUMAN,LMOD3_HUMAN
MBD4_HUMAN,S22A5_HUMAN
MBD4_HUMAN,IFFO1_HUMAN
MBD4_HUMAN,HNF1B_HUMAN
MBD4_HUMAN,RN220_HUMAN
MBD4_HUMAN,KCC2G_HUMAN
MBD4_HUMAN,ZN675_HUMAN
MBD4_HUMAN,S38A9_HUMAN
MBD4_HUMAN,YTHD1_HUMAN
MBD4_HUMAN,ATLA1_HUMAN
MBD4_HUMAN,RIOK1_HUMAN
MBD4_HUMAN,DCA10_HUMAN
MBD4_HUMAN,G6PI_HUMAN
MBD4_HUMAN,HP1B3_HUMAN
MBD4_HUMAN,HYES_HUMAN
MBD4_HUMAN,SMAD4_HUMAN
MBD4_HUMAN,TGFR2_HUMAN
MBD4_HUMAN,PDPK1_HUMAN
MBD4_HUMAN,PRIPO_HUMAN
MBD4_HUMAN,AAPK2_HUMAN
MBD4_HUMAN,TBCC1_HUMAN
MBD4_HUMAN,GATB_HUMAN
MBD4_HUMAN,GBRA4_HUMAN
MBD4_HUMAN,DEAF1_HUMAN
MBD4_HUMAN,PTBP1_HUMAN
MBD4_HUMAN,CSF1_HUMAN
MBD4_HUMAN,NOX1_HUMAN
MBD4_HUMAN,RGS14_HUMAN
MBD4_HUMAN,HEXB_HUMAN
MBD4_HUMAN,FERY3_HUMAN
MBD4_HUMAN,PI51A_HUMAN
MBD4_HUMAN,AAPK1_HUMAN
MBD4_HUMAN,DHE3_HUMAN
MBD4_HUMAN,HYAS2_HUMAN
MBD4_HUMAN,SPTC2_HUMAN
MBD4_HUMAN,NDNF_HUMAN
MBD4_HUMAN,ATPA_HUMAN
MBD4_HUMAN,CD19_HUMAN
ABHGA_HUMAN,E9PDI4_HUMAN
ABHGA_HUMAN,UD16_HUMAN
ABHGA_HUMAN,F8VPL6_HUMAN
ABHGA_HUMAN,PTBP2_HUMAN
ABHGA_HUMAN,CCDC9_HUMAN
ABHGA_HUMAN,ATLA3_HUMAN
ABHGA_HUMAN,CGAT1_HUMAN
ABHGA_HUMAN,CPNE3_HUMAN
ABHGA_HUMAN,CCDC8_HUMAN
ABHGA_HUMAN,F8VV52_HUMAN
ABHGA_HUMAN,A0A0C4DG06_HUMAN
ABHGA_HUMAN,RCBT1_HUMAN
ABHGA_HUMAN,TCPG_HUMAN
ABHGA_HUMAN,UNC4_HUMAN
ABHGA_HUMAN,S4R418_HUMAN
ABHGA_HUMAN,E7ET89_HUMAN
ABHGA_HUMAN,H3BP20_HUMAN
ABHGA_HUMAN,ZN837_HUMAN
ABHGA_HUMAN,A0A0C4DGX9_HUMAN
ABHGA_HUMAN,A0A0J9YXJ0_HUMAN
ABHGA_HUMAN,SNTB2_HUMAN
ABHGA_HUMAN,PI51B_HUMAN
ABHGA_HUMAN,E0YMJ6_HUMAN
ABHGA_HUMAN,IMA5_HUMAN
ABHGA_HUMAN,A0A7P0T868_HUMAN
ABHGA_HUMAN,F6RRE2_HUMAN
ABHGA_HUMAN,A0A0S2Z570_HUMAN
ABHGA_HUMAN,Q5STP9_HUMAN
ABHGA_HUMAN,G3V167_HUMAN
ABHGA_HUMAN,A0A140VKF4_HUMAN
ABHGA_HUMAN,PSMD3_HUMAN
ABHGA_HUMAN,PLPL1_HUMAN
ABHGA_HUMAN,P4HA1_HUMAN
ABHGA_HUMAN,PPBN_HUMAN
ABHGA_HUMAN,F2Z2V0_HUMAN
ABHGA_HUMAN,MK15_HUMAN
ABHGA_HUMAN,SNTB1_HUMAN
ABHGA_HUMAN,ZF69B_HUMAN
ABHGA_HUMAN,FANCE_HUMAN
ABHGA_HUMAN,V9HWB8_HUMAN
ABHGA_HUMAN,DJC21_HUMAN
ABHGA_HUMAN,DDX28_HUMAN
ABHGA_HUMAN,LAT2_HUMAN
ABHGA_HUMAN,SMRD2_HUMAN
ABHGA_HUMAN,SNX27_HUMAN
ABHGA_HUMAN,FMO1_HUMAN
ABHGA_HUMAN,SATT_HUMAN
ABHGA_HUMAN,A0A024R6G4_HUMAN
ABHGA_HUMAN,GRB14_HUMAN
ABHGA_HUMAN,VACHT_HUMAN
ABHGA_HUMAN,DC2I2_HUMAN
ABHGA_HUMAN,ZN554_HUMAN
ABHGA_HUMAN,CP27A_HUMAN
ABHGA_HUMAN,P4HA2_HUMAN
ABHGA_HUMAN,IMA7_HUMAN
ABHGA_HUMAN,PCCB_HUMAN
ABHGA_HUMAN,A0A7P0TAR0_HUMAN
ABHGA_HUMAN,STK35_HUMAN
ABHGA_HUMAN,KATL2_HUMAN
ABHGA_HUMAN,LMBD1_HUMAN
ABHGA_HUMAN,NXF3_HUMAN
ABHGA_HUMAN,PA24C_HUMAN
ABHGA_HUMAN,DOLK_HUMAN
ABHGA_HUMAN,FMO5_HUMAN
ABHGA_HUMAN,RMP_HUMAN
ABHGA_HUMAN,DAAF3_HUMAN
ABHGA_HUMAN,UD14_HUMAN
ABHGA_HUMAN,ZIC2_HUMAN
ABHGA_HUMAN,ASIC3_HUMAN
ABHGA_HUMAN,GP2_HUMAN
ABHGA_HUMAN,SNTG2_HUMAN
ABHGA_HUMAN,GTR9_HUMAN
ABHGA_HUMAN,PDE1B_HUMAN
ABHGA_HUMAN,FMO2_HUMAN
ABHGA_HUMAN,MGAT3_HUMAN
ABHGA_HUMAN,THAS_HUMAN
ABHGA_HUMAN,TCPH_HUMAN
ABHGA_HUMAN,CBS_HUMAN
ABHGA_HUMAN,A0A384NY87_HUMAN
ABHGA_HUMAN,HSF2_HUMAN
ABHGA_HUMAN,MOT8_HUMAN
ABHGA_HUMAN,MIEAP_HUMAN
ABHGA_HUMAN,G6PT2_HUMAN
ABHGA_HUMAN,MUTYH_HUMAN
ABHGA_HUMAN,TBX4_HUMAN
ABHGA_HUMAN,A0A7I2YQE9_HUMAN
ABHGA_HUMAN,TCPA_HUMAN
ABHGA_HUMAN,CERK1_HUMAN
ABHGA_HUMAN,SOCS6_HUMAN
ABHGA_HUMAN,SNW1_HUMAN
ABHGA_HUMAN,RXRB_HUMAN
ABHGA_HUMAN,CFA45_HUMAN
ABHGA_HUMAN,NFL_HUMAN
ABHGA_HUMAN,S22AB_HUMAN
ABHGA_HUMAN,H0Y2Y8_HUMAN
ABHGA_HUMAN,A0A384NKT9_HUMAN
ABHGA_HUMAN,EIF3D_HUMAN
ABHGA_HUMAN,GP108_HUMAN
ABHGA_HUMAN,UD11_HUMAN
ABHGA_HUMAN,LMOD2_HUMAN
G6PI_HUMAN,ARSK_HUMAN
G6PI_HUMAN,PCAT1_HUMAN
G6PI_HUMAN,DBR1_HUMAN
G6PI_HUMAN,MTMR9_HUMAN
G6PI_HUMAN,TCPZ_HUMAN
G6PI_HUMAN,ZGPAT_HUMAN
G6PI_HUMAN,EAA1_HUMAN
G6PI_HUMAN,XYLB_HUMAN
G6PI_HUMAN,FMO3_HUMAN
G6PI_HUMAN,RNF37_HUMAN
G6PI_HUMAN,TPTE_HUMAN
G6PI_HUMAN,ACBD5_HUMAN
G6PI_HUMAN,MUS81_HUMAN
G6PI_HUMAN,AAAT_HUMAN
G6PI_HUMAN,CP2U1_HUMAN
G6PI_HUMAN,I3L1P5_HUMAN
G6PI_HUMAN,GRB7_HUMAN
G6PI_HUMAN,CP1B1_HUMAN
G6PI_HUMAN,UBIP1_HUMAN
G6PI_HUMAN,CNOT2_HUMAN
G6PI_HUMAN,KPYM_HUMAN
G6PI_HUMAN,EGR1_HUMAN
G6PI_HUMAN,RBBP5_HUMAN
G6PI_HUMAN,C27C1_HUMAN
G6PI_HUMAN,PPM1G_HUMAN
G6PI_HUMAN,A0A140VKA0_HUMAN
G6PI_HUMAN,TCPD_HUMAN
G6PI_HUMAN,AIRE_HUMAN
G6PI_HUMAN,FZD4_HUMAN
G6PI_HUMAN,TCPE_HUMAN
G6PI_HUMAN,RO60_HUMAN
G6PI_HUMAN,B4GN2_HUMAN
G6PI_HUMAN,FYN_HUMAN
G6PI_HUMAN,AL7A1_HUMAN
G6PI_HUMAN,ARSB_HUMAN
G6PI_HUMAN,EYA2_HUMAN
G6PI_HUMAN,CBX2_HUMAN
G6PI_HUMAN,UD13_HUMAN
G6PI_HUMAN,CHK2_HUMAN
G6PI_HUMAN,TYRP1_HUMAN
G6PI_HUMAN,CPSF6_HUMAN
G6PI_HUMAN,ULA1_HUMAN
G6PI_HUMAN,PNCB_HUMAN
G6PI_HUMAN,AJUBA_HUMAN
G6PI_HUMAN,WLS_HUMAN
G6PI_HUMAN,ZKSC3_HUMAN
G6PI_HUMAN,CLP1L_HUMAN
G6PI_HUMAN,EHD1_HUMAN
G6PI_HUMAN,Q7Z4L4_HUMAN
G6PI_HUMAN,CD276_HUMAN
G6PI_HUMAN,ZN502_HUMAN
G6PI_HUMAN,T3JAM_HUMAN
G6PI_HUMAN,ANM3_HUMAN
G6PI_HUMAN,RFT1_HUMAN
G6PI_HUMAN,Q9Y655_HUMAN
G6PI_HUMAN,ECM1_HUMAN
G6PI_HUMAN,MMSA_HUMAN
G6PI_HUMAN,LACTB_HUMAN
G6PI_HUMAN,EHD4_HUMAN
G6PI_HUMAN,WFKN1_HUMAN
G6PI_HUMAN,YES_HUMAN
G6PI_HUMAN,CARD8_HUMAN
G6PI_HUMAN,TRI55_HUMAN
G6PI_HUMAN,AN13C_HUMAN
G6PI_HUMAN,SCP2_HUMAN
G6PI_HUMAN,RPC3_HUMAN
G6PI_HUMAN,NR5A2_HUMAN
G6PI_HUMAN,ANGE2_HUMAN
G6PI_HUMAN,DCA11_HUMAN
G6PI_HUMAN,MGT4A_HUMAN
G6PI_HUMAN,IL18R_HUMAN
G6PI_HUMAN,CPNE1_HUMAN
G6PI_HUMAN,FGGY_HUMAN
G6PI_HUMAN,NRAM1_HUMAN
G6PI_HUMAN,S22AD_HUMAN
G6PI_HUMAN,OGFD1_HUMAN
G6PI_HUMAN,DHE4_HUMAN
G6PI_HUMAN,RIPK2_HUMAN
G6PI_HUMAN,DDX56_HUMAN
G6PI_HUMAN,GNL3_HUMAN
G6PI_HUMAN,CLIP3_HUMAN
G6PI_HUMAN,CGT_HUMAN
G6PI_HUMAN,LCP2_HUMAN
G6PI_HUMAN,SYNC_HUMAN
G6PI_HUMAN,GPV_HUMAN
G6PI_HUMAN,PARP3_HUMAN
G6PI_HUMAN,ZP4_HUMAN
G6PI_HUMAN,ZN579_HUMAN
G6PI_HUMAN,PAF1_HUMAN
G6PI_HUMAN,MGT4B_HUMAN
G6PI_HUMAN,NLS1_HUMAN
G6PI_HUMAN,TBX21_HUMAN
G6PI_HUMAN,FBX31_HUMAN
G6PI_HUMAN,TCPB_HUMAN
G6PI_HUMAN,UD2A2_HUMAN
G6PI_HUMAN,E2AK2_HUMAN
G6PI_HUMAN,SRC_HUMAN
G6PI_HUMAN,KLH12_HUMAN
G6PI_HUMAN,DET1_HUMAN
G6PI_HUMAN,STAM1_HUMAN
CC14A_HUMAN,DONS_HUMAN
CC14A_HUMAN,CPEB1_HUMAN
BIN1_HUMAN,K2C6A_HUMAN
BIN1_HUMAN,DPYL5_HUMAN
EST1_HUMAN,PAK3_HUMAN
EST1_HUMAN,PAK1_HUMAN
EST1_HUMAN,COQ8B_HUMAN
EST1_HUMAN,REC8_HUMAN
EST1_HUMAN,FA20A_HUMAN
EST1_HUMAN,IGHE_HUMAN
EST1_HUMAN,SCRB1_HUMAN
EST1_HUMAN,CDT1_HUMAN
EST1_HUMAN,TERF2_HUMAN
EST1_HUMAN,TCAB1_HUMAN
EST1_HUMAN,PTBP3_HUMAN
EST1_HUMAN,SPNS2_HUMAN
EST1_HUMAN,GRK1_HUMAN
EST1_HUMAN,FASTK_HUMAN
EST1_HUMAN,MAVS_HUMAN
EST1_HUMAN,FBW1B_HUMAN
EST1_HUMAN,SOAT1_HUMAN
EST1_HUMAN,ZBT7B_HUMAN
EST1_HUMAN,TF65_HUMAN
EST1_HUMAN,MET16_HUMAN
EST1_HUMAN,RED_HUMAN
EST1_HUMAN,GTR10_HUMAN
EST1_HUMAN,TRIM8_HUMAN
EST1_HUMAN,TULP1_HUMAN
EST1_HUMAN,IDS_HUMAN
EST1_HUMAN,COCH_HUMAN
EST1_HUMAN,RIOK2_HUMAN
EST1_HUMAN,TRI26_HUMAN
EST1_HUMAN,STK39_HUMAN
EST1_HUMAN,5NTC_HUMAN
EST1_HUMAN,TF2H1_HUMAN
EST1_HUMAN,S39A5_HUMAN
EST1_HUMAN,GRK7_HUMAN
EST1_HUMAN,CHSTF_HUMAN
MET16_HUMAN,SSDH_HUMAN
MET16_HUMAN,EHD3_HUMAN
MET16_HUMAN,SOCS5_HUMAN
MET16_HUMAN,NECT2_HUMAN
MET16_HUMAN,CARD9_HUMAN
MET16_HUMAN,GBA1_HUMAN
MET16_HUMAN,SAMD1_HUMAN
ASNS_HUMAN,RPE65_HUMAN
G3P_HUMAN,SIA4A_HUMAN
G3P_HUMAN,A0A087WU26_HUMAN
G3P_HUMAN,A0A2R8YES3_HUMAN
G3P_HUMAN,A0A286YES0_HUMAN
G3P_HUMAN,A0A0U1RQT0_HUMAN
G3P_HUMAN,A0A5F9UJX7_HUMAN
G3P_HUMAN,B3KTM8_HUMAN
G3P_HUMAN,A0A0D9SF94_HUMAN
G3P_HUMAN,CD2B2_HUMAN
G3P_HUMAN,CASPC_HUMAN
G3P_HUMAN,ADPRM_HUMAN
G3P_HUMAN,APOL4_HUMAN
G3P_HUMAN,A0A2R8Y6L6_HUMAN
G3P_HUMAN,APRV1_HUMAN
G3P_HUMAN,A0A384MTY4_HUMAN
G3P_HUMAN,SFXN5_HUMAN
G3P_HUMAN,A0A286YEV3_HUMAN
G3P_HUMAN,A0A5F9ZHM4_HUMAN
G3P_HUMAN,A0A7P0TB51_HUMAN
G3P_HUMAN,A0A7I2V2X3_HUMAN
G3P_HUMAN,A0A7P0TAH4_HUMAN
G3P_HUMAN,A0A8I5KSY5_HUMAN
G3P_HUMAN,KLDC9_HUMAN
G3P_HUMAN,A0A8I5KUG1_HUMAN
G3P_HUMAN,A0A7I2V419_HUMAN
G3P_HUMAN,A0A5F9ZHR4_HUMAN
G3P_HUMAN,A0A8I5QKK6_HUMAN
G3P_HUMAN,A6NC58_HUMAN
G3P_HUMAN,DNJB5_HUMAN
G3P_HUMAN,A0A8I5KQW2_HUMAN
G3P_HUMAN,A0A8I5QL46_HUMAN
G3P_HUMAN,ABHD4_HUMAN
G3P_HUMAN,ADAT3_HUMAN
G3P_HUMAN,ALX3_HUMAN
G3P_HUMAN,GMPR2_HUMAN
G3P_HUMAN,B2RAZ5_HUMAN
G3P_HUMAN,B5MCA4_HUMAN
G3P_HUMAN,C9K4X7_HUMAN
G3P_HUMAN,A0A8J8YWN6_HUMAN
G3P_HUMAN,ETV2_HUMAN
G3P_HUMAN,C9JUH3_HUMAN
G3P_HUMAN,B5MD38_HUMAN
G3P_HUMAN,KLF3_HUMAN
G3P_HUMAN,B4DQT1_HUMAN
G3P_HUMAN,TMX4_HUMAN
G3P_HUMAN,CYLC2_HUMAN
G3P_HUMAN,E5KPN1_HUMAN
G3P_HUMAN,TBATA_HUMAN
G3P_HUMAN,MTD2L_HUMAN
G3P_HUMAN,DUXB_HUMAN
G3P_HUMAN,H7BY84_HUMAN
G3P_HUMAN,CFA36_HUMAN
G3P_HUMAN,E5RGA2_HUMAN
G3P_HUMAN,B4E1H8_HUMAN
G3P_HUMAN,C9J2U0_HUMAN
G3P_HUMAN,PTGR2_HUMAN
G3P_HUMAN,CTU1_HUMAN
G3P_HUMAN,DRAXI_HUMAN
G3P_HUMAN,NTCP2_HUMAN
G3P_HUMAN,E9PSD3_HUMAN
G3P_HUMAN,F118B_HUMAN
G3P_HUMAN,GMPR1_HUMAN
G3P_HUMAN,GP148_HUMAN
G3P_HUMAN,NTCP_HUMAN
G3P_HUMAN,GBGT1_HUMAN
G3P_HUMAN,GL1D1_HUMAN
G3P_HUMAN,LYPD3_HUMAN
G3P_HUMAN,GPDA_HUMAN
G3P_HUMAN,HM20A_HUMAN
G3P_HUMAN,A0A0S2Z3F9_HUMAN
G3P_HUMAN,F8VQW8_HUMAN
G3P_HUMAN,GBB4_HUMAN
G3P_HUMAN,F5H088_HUMAN
G3P_HUMAN,K7EMH3_HUMAN
G3P_HUMAN,H0YBH7_HUMAN
G3P_HUMAN,INHBC_HUMAN
G3P_HUMAN,TAAR2_HUMAN
G3P_HUMAN,KHDR2_HUMAN
G3P_HUMAN,H3BLU2_HUMAN
G3P_HUMAN,SPC1L_HUMAN
G3P_HUMAN,H7C1I0_HUMAN
G3P_HUMAN,Q5U079_HUMAN
G3P_HUMAN,NNRD_HUMAN
G3P_HUMAN,HS3S6_HUMAN
G3P_HUMAN,JUNB_HUMAN
G3P_HUMAN,J9JIC7_HUMAN
G3P_HUMAN,ERLN1_HUMAN
G3P_HUMAN,KR291_HUMAN
G3P_HUMAN,M0R2N5_HUMAN
G3P_HUMAN,MENT_HUMAN
G3P_HUMAN,MSD4_HUMAN
G3P_HUMAN,SYCE1_HUMAN
G3P_HUMAN,QORL1_HUMAN
G3P_HUMAN,A0A3B3ISZ0_HUMAN
G3P_HUMAN,NUD13_HUMAN
G3P_HUMAN,PDK1L_HUMAN
G3P_HUMAN,ROM1_HUMAN
G3P_HUMAN,PRPH2_HUMAN
G3P_HUMAN,TAAR8_HUMAN
G3P_HUMAN,RPF1_HUMAN
DPOLB_HUMAN,OR1E3_HUMAN
DPOLB_HUMAN,A0A087X2F1_HUMAN
DPOLB_HUMAN,TRIB2_HUMAN
DPOLB_HUMAN,TAAR6_HUMAN
DPOLB_HUMAN,PACC1_HUMAN
DPOLB_HUMAN,PRRT2_HUMAN
DPOLB_HUMAN,Q5VXC0_HUMAN
DPOLB_HUMAN,Q53YC7_HUMAN
DPOLB_HUMAN,Q6FHS4_HUMAN
DPOLB_HUMAN,J3QRY6_HUMAN
DPOLB_HUMAN,ZN124_HUMAN
DPOLB_HUMAN,TM59L_HUMAN
DPOLB_HUMAN,QNG1_HUMAN
DPOLB_HUMAN,AMBP_HUMAN
DPOLB_HUMAN,SCAM3_HUMAN
DPOLB_HUMAN,Q86VM6_HUMAN
DPOLB_HUMAN,CREM_HUMAN
DPOLB_HUMAN,A0A6I8PU89_HUMAN
DPOLB_HUMAN,KAPCA_HUMAN
DPOLB_HUMAN,FOXL1_HUMAN
DPOLB_HUMAN,TAAR3_HUMAN
DPOLB_HUMAN,TAAR9_HUMAN
DPOLB_HUMAN,TMOD4_HUMAN
DPOLB_HUMAN,TMOD2_HUMAN
DPOLB_HUMAN,B4DY09_HUMAN
DPOLB_HUMAN,ZPBP1_HUMAN
DPOLB_HUMAN,HARB1_HUMAN
DPOLB_HUMAN,A0A7I2YQA2_HUMAN
DPOLB_HUMAN,A0A087X033_HUMAN
DPOLB_HUMAN,PGRP3_HUMAN
DPOLB_HUMAN,ZSC16_HUMAN
DPOLB_HUMAN,R4GMV1_HUMAN
DPOLB_HUMAN,CD5L_HUMAN
DPOLB_HUMAN,MARH9_HUMAN
DPOLB_HUMAN,B1AKI6_HUMAN
DPOLB_HUMAN,A0A2R8Y7K2_HUMAN
DPOLB_HUMAN,A0A5K1VW54_HUMAN
DPOLB_HUMAN,H7C3P9_HUMAN
DPOLB_HUMAN,C9JP00_HUMAN
DPOLB_HUMAN,A0A0S2Z5R7_HUMAN
DPOLB_HUMAN,A0A2R8Y5D3_HUMAN
DPOLB_HUMAN,Q5TZZ9_HUMAN
DPOLB_HUMAN,K9N2Q6_HUMAN
DPOLB_HUMAN,A3KFJ0_HUMAN
DPOLB_HUMAN,Q6B0J5_HUMAN
DPOLB_HUMAN,D6RGJ2_HUMAN
DPOLB_HUMAN,LRC23_HUMAN
DPOLB_HUMAN,FKBPL_HUMAN
DPOLB_HUMAN,HMX1_HUMAN
DPOLB_HUMAN,A0A494C085_HUMAN
DPOLB_HUMAN,A2GL_HUMAN
DPOLB_HUMAN,A0A140VJS9_HUMAN
DPOLB_HUMAN,OSTA_HUMAN
DPOLB_HUMAN,G3V2R1_HUMAN
DPOLB_HUMAN,NTRI_HUMAN
DPOLB_HUMAN,MRGRF_HUMAN
DPOLB_HUMAN,Q5U0J5_HUMAN
DPOLB_HUMAN,J3KP33_HUMAN
DPOLB_HUMAN,GDAH_HUMAN
DPOLB_HUMAN,J3QTA2_HUMAN
DPOLB_HUMAN,MOGT3_HUMAN
DPOLB_HUMAN,Q53XC8_HUMAN
DPOLB_HUMAN,PAX4_HUMAN
DPOLB_HUMAN,ACTMP_HUMAN
DPOLB_HUMAN,YIPF3_HUMAN
DPOLB_HUMAN,A0A140VJE0_HUMAN
DPOLB_HUMAN,A0A024QZC1_HUMAN
DPOLB_HUMAN,H0Y6P5_HUMAN
DPOLB_HUMAN,A0A024R8F3_HUMAN
DPOLB_HUMAN,DHB7_HUMAN
DPOLB_HUMAN,AKA7G_HUMAN
DPOLB_HUMAN,MEP50_HUMAN
DPOLB_HUMAN,B5MC31_HUMAN
DPOLB_HUMAN,G3V5T9_HUMAN
DPOLB_HUMAN,AT7L3_HUMAN
DPOLB_HUMAN,GALM_HUMAN
DPOLB_HUMAN,PRS55_HUMAN
DPOLB_HUMAN,OPCM_HUMAN
DPOLB_HUMAN,PRSS8_HUMAN
DPOLB_HUMAN,ISL1_HUMAN
DPOLB_HUMAN,A0A0S2Z5D6_HUMAN
DPOLB_HUMAN,GBB1_HUMAN
DPOLB_HUMAN,SLAF5_HUMAN
DPOLB_HUMAN,E7EQB8_HUMAN
DPOLB_HUMAN,A8MZF9_HUMAN
DPOLB_HUMAN,J3QKK3_HUMAN
DPOLB_HUMAN,JUND_HUMAN
DPOLB_HUMAN,NECA1_HUMAN
DPOLB_HUMAN,A0A1B2JLU2_HUMAN
DPOLB_HUMAN,A0A024R0H7_HUMAN
DPOLB_HUMAN,GLYG_HUMAN
DPOLB_HUMAN,A4GCT_HUMAN
DPOLB_HUMAN,E7EWE1_HUMAN
DPOLB_HUMAN,ERI1_HUMAN
DPOLB_HUMAN,CENPL_HUMAN
DPOLB_HUMAN,E2F5_HUMAN
DPOLB_HUMAN,K7EQF0_HUMAN
DPOLB_HUMAN,V9HW69_HUMAN
DPOLB_HUMAN,A0A7I2V4B6_HUMAN
DPOLB_HUMAN,A0A8I5QJP8_HUMAN
NEIL2_HUMAN,A0A7I2YQT5_HUMAN
NEIL2_HUMAN,TA2R_HUMAN
NEIL2_HUMAN,A0A8I5KXN4_HUMAN
NEIL2_HUMAN,AQP7_HUMAN
NEIL2_HUMAN,A0A7I2V5Y6_HUMAN
NEIL2_HUMAN,G5E9W9_HUMAN
NEIL2_HUMAN,KI2L3_HUMAN
NEIL2_HUMAN,ZDHC4_HUMAN
NEIL2_HUMAN,FANK1_HUMAN
NEIL2_HUMAN,B4DLJ1_HUMAN
NEIL2_HUMAN,CHSTD_HUMAN
NEIL2_HUMAN,KHDR3_HUMAN
NEIL2_HUMAN,MO2R1_HUMAN
NEIL2_HUMAN,DCAF7_HUMAN
NEIL2_HUMAN,E5KQS5_HUMAN
NEIL2_HUMAN,E9PQ31_HUMAN
NEIL2_HUMAN,HXD10_HUMAN
NEIL2_HUMAN,CAPG_HUMAN
NEIL2_HUMAN,SNX15_HUMAN
NEIL2_HUMAN,TAF7_HUMAN
NEIL2_HUMAN,OPSD_HUMAN
NEIL2_HUMAN,ARM10_HUMAN
NEIL2_HUMAN,LMA2L_HUMAN
NEIL2_HUMAN,PDGFC_HUMAN
NEIL2_HUMAN,PAWR_HUMAN
NEIL2_HUMAN,LIMS2_HUMAN
NEIL2_HUMAN,J3KRR3_HUMAN
NEIL2_HUMAN,B7Z8L1_HUMAN
NEIL2_HUMAN,DOXA1_HUMAN
NEIL2_HUMAN,TFEC_HUMAN
NEIL2_HUMAN,A0A6Q8PFG4_HUMAN
NEIL2_HUMAN,TBPL2_HUMAN
NEIL2_HUMAN,PAR6A_HUMAN
NEIL2_HUMAN,PAX9_HUMAN
NEIL2_HUMAN,CDK20_HUMAN
NEIL2_HUMAN,ENKD1_HUMAN
NEIL2_HUMAN,H3BTF5_HUMAN
NEIL2_HUMAN,C9IZN0_HUMAN
NEIL2_HUMAN,BAG1_HUMAN
NEIL2_HUMAN,SNX16_HUMAN
NEIL2_HUMAN,SAE1_HUMAN
NEIL2_HUMAN,P2Y12_HUMAN
NEIL2_HUMAN,Q2L4T1_HUMAN
NEIL2_HUMAN,WNT7B_HUMAN
NEIL2_HUMAN,Q53XI4_HUMAN
NEIL2_HUMAN,LPAR6_HUMAN
NEIL2_HUMAN,B4GT4_HUMAN
NEIL2_HUMAN,CEAM8_HUMAN
NEIL2_HUMAN,EI24_HUMAN
NEIL2_HUMAN,HNRH3_HUMAN
NEIL2_HUMAN,HMR1_HUMAN
NEIL2_HUMAN,CXCR6_HUMAN
NEIL2_HUMAN,MFF_HUMAN
NEIL2_HUMAN,USF2_HUMAN
NEIL2_HUMAN,GBB2_HUMAN
NEIL2_HUMAN,PRP18_HUMAN
NEIL2_HUMAN,GALE_HUMAN
NEIL2_HUMAN,TBCC_HUMAN
NEIL2_HUMAN,FUT2_HUMAN
NEIL2_HUMAN,ANXA9_HUMAN
NEIL2_HUMAN,FFAR3_HUMAN
NEIL2_HUMAN,SCRT1_HUMAN
NEIL2_HUMAN,EFNB1_HUMAN
NEIL2_HUMAN,ASMT_HUMAN
NEIL2_HUMAN,GET3_HUMAN
NEIL2_HUMAN,RPAC1_HUMAN
NEIL2_HUMAN,NTCP7_HUMAN
NEIL2_HUMAN,WIPI3_HUMAN
NEIL2_HUMAN,SH3Y1_HUMAN
NEIL2_HUMAN,SH3G3_HUMAN
NEIL2_HUMAN,RDH10_HUMAN
NEIL2_HUMAN,LPAR2_HUMAN
NEIL2_HUMAN,CEAM6_HUMAN
NEIL2_HUMAN,PTAFR_HUMAN
NEIL2_HUMAN,TFB1M_HUMAN
NEIL2_HUMAN,CF089_HUMAN
NEIL2_HUMAN,GBB3_HUMAN
NEIL2_HUMAN,ARFP2_HUMAN
NEIL2_HUMAN,ITBP2_HUMAN
NEIL2_HUMAN,PDCD2_HUMAN
NEIL2_HUMAN,BBS5_HUMAN
NEIL2_HUMAN,ABHD5_HUMAN
NEIL2_HUMAN,OXDA_HUMAN
NEIL2_HUMAN,ASPG_HUMAN
NEIL2_HUMAN,CCN2_HUMAN
NEIL2_HUMAN,TOB2_HUMAN
NEIL2_HUMAN,HXD13_HUMAN
NEIL2_HUMAN,MGME1_HUMAN
NEIL2_HUMAN,RFC5_HUMAN
NEIL2_HUMAN,EP2A2_HUMAN
NEIL2_HUMAN,DUS12_HUMAN
NEIL2_HUMAN,FUT7_HUMAN
NEIL2_HUMAN,GBX2_HUMAN
NEIL2_HUMAN,TOB1_HUMAN
NEIL2_HUMAN,SRSF6_HUMAN
NEIL2_HUMAN,XRCC3_HUMAN
NEIL2_HUMAN,G6PC3_HUMAN
NEIL2_HUMAN,CAB39_HUMAN
NEIL2_HUMAN,NHLC3_HUMAN
NEIL2_HUMAN,PTER_HUMAN
MARC2_HUMAN,KERA_HUMAN
MARC2_HUMAN,CHSTB_HUMAN
MARC2_HUMAN,K7EJL1_HUMAN
MARC2_HUMAN,Q53F96_HUMAN
MARC2_HUMAN,NDRG4_HUMAN
MARC2_HUMAN,CXCR1_HUMAN
MARC2_HUMAN,A0A8I5KW31_HUMAN
MARC2_HUMAN,IZUM1_HUMAN
MARC2_HUMAN,FPR1_HUMAN
MARC2_HUMAN,SPESP_HUMAN
MARC2_HUMAN,EIF3H_HUMAN
MARC2_HUMAN,G5E9G0_HUMAN
MARC2_HUMAN,H0YNN4_HUMAN
MARC2_HUMAN,A0A1B0GVP5_HUMAN
MARC2_HUMAN,THOC3_HUMAN
MARC2_HUMAN,IKIP_HUMAN
MARC2_HUMAN,ZN367_HUMAN
MARC2_HUMAN,TM115_HUMAN
MARC2_HUMAN,ATF4_HUMAN
MARC2_HUMAN,DNJB1_HUMAN
MARC2_HUMAN,HXD9_HUMAN
MARC2_HUMAN,ANGL7_HUMAN
MARC2_HUMAN,ETV7_HUMAN
MARC2_HUMAN,NUDT9_HUMAN
MARC2_HUMAN,PSMD8_HUMAN
MARC2_HUMAN,DC2L1_HUMAN
MARC2_HUMAN,NFYA_HUMAN
MARC2_HUMAN,A0A1B0GTV8_HUMAN
MARC2_HUMAN,C9J634_HUMAN
MARC2_HUMAN,XRP2_HUMAN
MARC2_HUMAN,PCGF2_HUMAN
MARC2_HUMAN,HAOX2_HUMAN
MARC2_HUMAN,GNAT1_HUMAN
MARC2_HUMAN,A0A0S2Z5U8_HUMAN
MARC2_HUMAN,HPF1_HUMAN
MARC2_HUMAN,CCNO_HUMAN
MARC2_HUMAN,SIA4B_HUMAN
MARC2_HUMAN,DTBP1_HUMAN
MARC2_HUMAN,MBIP1_HUMAN
MARC2_HUMAN,PP1R8_HUMAN
MARC2_HUMAN,VA0D2_HUMAN
MARC2_HUMAN,THOC6_HUMAN
MARC2_HUMAN,HXC10_HUMAN
MARC2_HUMAN,NR1I3_HUMAN
MARC2_HUMAN,FOXA3_HUMAN
MARC2_HUMAN,R51A1_HUMAN
MARC2_HUMAN,LT4R1_HUMAN
MARC2_HUMAN,MCL1_HUMAN
MARC2_HUMAN,TUSC3_HUMAN
MARC2_HUMAN,ACKR4_HUMAN
MARC2_HUMAN,SRR_HUMAN
MARC2_HUMAN,NDUF5_HUMAN
MARC2_HUMAN,HLAF_HUMAN
MARC2_HUMAN,STRAP_HUMAN
MARC2_HUMAN,IRF2_HUMAN
MARC2_HUMAN,WNT8B_HUMAN
MARC2_HUMAN,MTR1A_HUMAN
MARC2_HUMAN,OPSB_HUMAN
MARC2_HUMAN,SH3G2_HUMAN
MARC2_HUMAN,HDA11_HUMAN
MARC2_HUMAN,CDK7_HUMAN
MARC2_HUMAN,MOAP1_HUMAN
MARC2_HUMAN,DMC1_HUMAN
MARC2_HUMAN,MTDC_HUMAN
MARC2_HUMAN,HPTR_HUMAN
MARC2_HUMAN,CEBPB_HUMAN
MARC2_HUMAN,HIF1N_HUMAN
MARC2_HUMAN,FPR2_HUMAN
MARC2_HUMAN,CXCR4_HUMAN
MARC2_HUMAN,HS3S5_HUMAN
MARC2_HUMAN,PCGF6_HUMAN
MARC2_HUMAN,CCRL2_HUMAN
MARC2_HUMAN,RNLS_HUMAN
MARC2_HUMAN,CC50B_HUMAN
MARC2_HUMAN,MRNIP_HUMAN
MARC2_HUMAN,VA0D1_HUMAN
MARC2_HUMAN,OTU1_HUMAN
MARC2_HUMAN,MP2K3_HUMAN
MARC2_HUMAN,NDEL1_HUMAN
MARC2_HUMAN,EI2BB_HUMAN
MARC2_HUMAN,RUSD3_HUMAN
MARC2_HUMAN,CERS1_HUMAN
MARC2_HUMAN,SYAP1_HUMAN
MARC2_HUMAN,AIM2_HUMAN
MARC2_HUMAN,CCNY_HUMAN
MARC2_HUMAN,SFRP4_HUMAN
MARC2_HUMAN,CCR5_HUMAN
MARC2_HUMAN,BDH_HUMAN
MARC2_HUMAN,GHITM_HUMAN
MARC2_HUMAN,NODAL_HUMAN
MARC2_HUMAN,KAPCG_HUMAN
MARC2_HUMAN,RASF1_HUMAN
MARC2_HUMAN,OXDD_HUMAN
MARC2_HUMAN,TWF2_HUMAN
MARC2_HUMAN,SG196_HUMAN
MARC2_HUMAN,GPD1L_HUMAN
MARC2_HUMAN,WNT4_HUMAN
MARC2_HUMAN,WNT3A_HUMAN
MARC2_HUMAN,RENR_HUMAN
MARC2_HUMAN,TACAN_HUMAN
LDHA_HUMAN,NSUN3_HUMAN
LDHA_HUMAN,OGG1_HUMAN
LDHA_HUMAN,SUCA_HUMAN
LDHA_HUMAN,KI2L1_HUMAN
LDHA_HUMAN,NAGK_HUMAN
LDHA_HUMAN,RM03_HUMAN
LDHA_HUMAN,HFE_HUMAN
LDHA_HUMAN,Q9NZX6_HUMAN
LDHA_HUMAN,FST_HUMAN
LDHA_HUMAN,GAS1_HUMAN
LDHA_HUMAN,R113A_HUMAN
LDHA_HUMAN,RX_HUMAN
LDHA_HUMAN,EFNB3_HUMAN
LDHA_HUMAN,UBAC2_HUMAN
LDHA_HUMAN,QTGAL_HUMAN
LDHA_HUMAN,UTF1_HUMAN
LDHA_HUMAN,WNT7A_HUMAN
LDHA_HUMAN,APOH_HUMAN
LDHA_HUMAN,ANXA1_HUMAN
LDHA_HUMAN,AURKB_HUMAN
LDHA_HUMAN,GALR1_HUMAN
LDHA_HUMAN,TRI44_HUMAN
LDHA_HUMAN,NU2M_HUMAN
LDHA_HUMAN,CAHM1_HUMAN
LDHA_HUMAN,CLYBL_HUMAN
LDHA_HUMAN,QKI_HUMAN
LDHA_HUMAN,ARM12_HUMAN
LDHA_HUMAN,TRUB1_HUMAN
LDHA_HUMAN,MOS_HUMAN
5NT3A_HUMAN,GP139_HUMAN
5NT3A_HUMAN,A0A0A0MRX3_HUMAN
5NT3A_HUMAN,H0YMB0_HUMAN
5NT3A_HUMAN,A0A5K1VW95_HUMAN
5NT3A_HUMAN,BRX1_HUMAN
5NT3A_HUMAN,BKRB1_HUMAN
5NT3A_HUMAN,THUM1_HUMAN
5NT3A_HUMAN,WNT8A_HUMAN
5NT3A_HUMAN,FPR3_HUMAN
5NT3A_HUMAN,MCHR1_HUMAN
5NT3A_HUMAN,A0A0A0MS77_HUMAN
5NT3A_HUMAN,PNMA1_HUMAN
5NT3A_HUMAN,K7EKQ2_HUMAN
5NT3A_HUMAN,Q86SK2_HUMAN
5NT3A_HUMAN,CD2_HUMAN
5NT3A_HUMAN,A0A7P0T854_HUMAN
5NT3A_HUMAN,A4GAT_HUMAN
5NT3A_HUMAN,H0YH12_HUMAN
5NT3A_HUMAN,J3KRY8_HUMAN
5NT3A_HUMAN,S1PR2_HUMAN
5NT3A_HUMAN,ROA2_HUMAN
5NT3A_HUMAN,KAPCB_HUMAN
5NT3A_HUMAN,TPO_HUMAN
5NT3A_HUMAN,DND1_HUMAN
5NT3A_HUMAN,A0A087WZT9_HUMAN
5NT3A_HUMAN,PLEK_HUMAN
5NT3A_HUMAN,TIM50_HUMAN
5NT3A_HUMAN,MCU_HUMAN
5NT3A_HUMAN,TWF1_HUMAN
5NT3A_HUMAN,MRM1_HUMAN
5NT3A_HUMAN,MAFA_HUMAN
5NT3A_HUMAN,LPAR3_HUMAN
5NT3A_HUMAN,C5AR1_HUMAN
5NT3A_HUMAN,MUL1_HUMAN
5NT3A_HUMAN,RIR2B_HUMAN
5NT3A_HUMAN,RN167_HUMAN
5NT3A_HUMAN,DKK3_HUMAN
5NT3A_HUMAN,TRI63_HUMAN
5NT3A_HUMAN,FEZ2_HUMAN
5NT3A_HUMAN,CSK22_HUMAN
5NT3A_HUMAN,OTUL_HUMAN
E2AK2_HUMAN,A0A5F9ZHN2_HUMAN
E2AK2_HUMAN,A0A1B0GUN0_HUMAN
E2AK2_HUMAN,A0A087WYX0_HUMAN
E2AK2_HUMAN,A0A0S2Z457_HUMAN
E2AK2_HUMAN,LRRC1_HUMAN
E2AK2_HUMAN,DERPC_HUMAN
E2AK2_HUMAN,J3KPD6_HUMAN
E2AK2_HUMAN,A0A1B0GWI5_HUMAN
E2AK2_HUMAN,A0A384P5Q0_HUMAN
E2AK2_HUMAN,BT1A1_HUMAN
E2AK2_HUMAN,COR2A_HUMAN
E2AK2_HUMAN,A0A7P0Z472_HUMAN
E2AK2_HUMAN,CP4FC_HUMAN
E2AK2_HUMAN,A0A494C0P9_HUMAN
E2AK2_HUMAN,BTBD2_HUMAN
E2AK2_HUMAN,F5GWF6_HUMAN
E2AK2_HUMAN,BT2A1_HUMAN
E2AK2_HUMAN,GMCL2_HUMAN
E2AK2_HUMAN,D6RGY2_HUMAN
E2AK2_HUMAN,CTSR2_HUMAN
E2AK2_HUMAN,A0A7P0TAX8_HUMAN
E2AK2_HUMAN,E9PER6_HUMAN
E2AK2_HUMAN,E5RJU9_HUMAN
E2AK2_HUMAN,K1C24_HUMAN
E2AK2_HUMAN,A0A1W2PR68_HUMAN
E2AK2_HUMAN,F8VWP4_HUMAN
E2AK2_HUMAN,E9PFU5_HUMAN
E2AK2_HUMAN,U17LO_HUMAN
E2AK2_HUMAN,GLIS2_HUMAN
E2AK2_HUMAN,GPTC2_HUMAN
E2AK2_HUMAN,H3BPE7_HUMAN
E2AK2_HUMAN,Q5VX20_HUMAN
E2AK2_HUMAN,H0YA88_HUMAN
E2AK2_HUMAN,M0R1A1_HUMAN
E2AK2_HUMAN,L0R4W3_HUMAN
E2AK2_HUMAN,JERKL_HUMAN
E2AK2_HUMAN,M0QXS5_HUMAN
E2AK2_HUMAN,TOX_HUMAN
E2AK2_HUMAN,PGBD5_HUMAN
E2AK2_HUMAN,L8B082_HUMAN
E2AK2_HUMAN,M1AP_HUMAN
E2AK2_HUMAN,SIAT2_HUMAN
E2AK2_HUMAN,K2C74_HUMAN
E2AK2_HUMAN,NTNG2_HUMAN
E2AK2_HUMAN,SEN54_HUMAN
E2AK2_HUMAN,MEPE_HUMAN
E2AK2_HUMAN,PDP2_HUMAN
E2AK2_HUMAN,Q6IBQ5_HUMAN
E2AK2_HUMAN,AGRG5_HUMAN
E2AK2_HUMAN,TXLNG_HUMAN
E2AK2_HUMAN,UDB15_HUMAN
E2AK2_HUMAN,E7EVV8_HUMAN
E2AK2_HUMAN,V9HVX9_HUMAN
E2AK2_HUMAN,RAG2_HUMAN
E2AK2_HUMAN,UD2A3_HUMAN
E2AK2_HUMAN,UD18_HUMAN
E2AK2_HUMAN,GP161_HUMAN
E2AK2_HUMAN,Q7LCB3_HUMAN
E2AK2_HUMAN,UDB10_HUMAN
E2AK2_HUMAN,ZN572_HUMAN
E2AK2_HUMAN,LPCT4_HUMAN
E2AK2_HUMAN,V9HW31_HUMAN
E2AK2_HUMAN,A8K070_HUMAN
E2AK2_HUMAN,A0A286YEX4_HUMAN
E2AK2_HUMAN,ENTP3_HUMAN
E2AK2_HUMAN,A0A7I2YQE1_HUMAN
E2AK2_HUMAN,K7EMM8_HUMAN
E2AK2_HUMAN,SPIT1_HUMAN
E2AK2_HUMAN,VMAT1_HUMAN
E2AK2_HUMAN,KCNA6_HUMAN
E2AK2_HUMAN,UD2B7_HUMAN
E2AK2_HUMAN,TBCE_HUMAN
E2AK2_HUMAN,E7EQ67_HUMAN
E2AK2_HUMAN,UDB17_HUMAN
E2AK2_HUMAN,ADCK1_HUMAN
E2AK2_HUMAN,GPTC3_HUMAN
E2AK2_HUMAN,PPBI_HUMAN
E2AK2_HUMAN,B5BUA4_HUMAN
E2AK2_HUMAN,A0A0S2Z3W3_HUMAN
E2AK2_HUMAN,ALG8_HUMAN
E2AK2_HUMAN,LAG3_HUMAN
E2AK2_HUMAN,ASIC1_HUMAN
E2AK2_HUMAN,UD19_HUMAN
E2AK2_HUMAN,E7EQN8_HUMAN
E2AK2_HUMAN,A2RUL8_HUMAN
E2AK2_HUMAN,HSF1_HUMAN
E2AK2_HUMAN,NSMF_HUMAN
E2AK2_HUMAN,H0Y3C5_HUMAN
E2AK2_HUMAN,S29A4_HUMAN
E2AK2_HUMAN,FLVC2_HUMAN
E2AK2_HUMAN,GMEB2_HUMAN
E2AK2_HUMAN,ARSG_HUMAN
E2AK2_HUMAN,STAM2_HUMAN
E2AK2_HUMAN,NACC1_HUMAN
E2AK2_HUMAN,AP4AT_HUMAN
E2AK2_HUMAN,A0A2U3TZL3_HUMAN
E2AK2_HUMAN,ZNF35_HUMAN
E2AK2_HUMAN,A0A0S2Z4R1_HUMAN
E2AK2_HUMAN,Q53YE7_HUMAN
E2AK2_HUMAN,VIAAT_HUMAN
TRIM8_HUMAN,GHDC_HUMAN
TRIM8_HUMAN,CEAM1_HUMAN
TRIM8_HUMAN,A0A096LNN3_HUMAN
TRIM8_HUMAN,ZC12D_HUMAN
TRIM8_HUMAN,C9JA08_HUMAN
TRIM8_HUMAN,A0A804HKG3_HUMAN
TRIM8_HUMAN,PSIP1_HUMAN
TRIM8_HUMAN,GTR2_HUMAN
TRIM8_HUMAN,UD2B4_HUMAN
TRIM8_HUMAN,AOFA_HUMAN
TRIM8_HUMAN,PDIA2_HUMAN
TRIM8_HUMAN,UDB11_HUMAN
TRIM8_HUMAN,A0A7P0Z494_HUMAN
TRIM8_HUMAN,UD110_HUMAN
TRIM8_HUMAN,NELFA_HUMAN
TRIM8_HUMAN,A0A384NQ03_HUMAN
TRIM8_HUMAN,DPOE2_HUMAN
TRIM8_HUMAN,ACHA2_HUMAN
TRIM8_HUMAN,GLU2B_HUMAN
TRIM8_HUMAN,CATA_HUMAN
TRIM8_HUMAN,FUT4_HUMAN
TRIM8_HUMAN,BI2L2_HUMAN
TRIM8_HUMAN,CHST2_HUMAN
TRIM8_HUMAN,FUS_HUMAN
TRIM8_HUMAN,TCPW_HUMAN
TRIM8_HUMAN,CDC73_HUMAN
TRIM8_HUMAN,API5_HUMAN
TRIM8_HUMAN,MITF_HUMAN
TRIM8_HUMAN,SYYC_HUMAN
TRIM8_HUMAN,NOP58_HUMAN
TRIM8_HUMAN,TXK_HUMAN
TRIM8_HUMAN,TY3H_HUMAN
TRIM8_HUMAN,ZN683_HUMAN
TRIM8_HUMAN,TRXR2_HUMAN
TRIM8_HUMAN,PUS10_HUMAN
TRIM8_HUMAN,RBM39_HUMAN
TRIM8_HUMAN,CCNL1_HUMAN
TRIM8_HUMAN,SAP_HUMAN
TRIM8_HUMAN,UD17_HUMAN
TRIM8_HUMAN,2A5G_HUMAN
TRIM8_HUMAN,NAB2_HUMAN
TRIM8_HUMAN,ATPB_HUMAN
TRIM8_HUMAN,EAA3_HUMAN
TRIM8_HUMAN,E7EMB1_HUMAN
TRIM8_HUMAN,NCF2_HUMAN
TRIM8_HUMAN,TYRO_HUMAN
TRIM8_HUMAN,CDSN_HUMAN
TRIM8_HUMAN,PPBT_HUMAN
TRIM8_HUMAN,HEXA_HUMAN
TRIM8_HUMAN,CP4V2_HUMAN
TRIM8_HUMAN,MPPA_HUMAN
TRIM8_HUMAN,ESR2_HUMAN
TRIM8_HUMAN,MPIP1_HUMAN
TRIM8_HUMAN,UD2A1_HUMAN
TRIM8_HUMAN,GCP60_HUMAN
TRIM8_HUMAN,OMA1_HUMAN
TRIM8_HUMAN,HRG_HUMAN
TRIM8_HUMAN,KCNS1_HUMAN
TRIM8_HUMAN,GATA_HUMAN
TRIM8_HUMAN,KS6B1_HUMAN
TRIM8_HUMAN,ARHG3_HUMAN
TRIM8_HUMAN,CP4FB_HUMAN
TRIM8_HUMAN,PAK2_HUMAN
TRIM8_HUMAN,NLK_HUMAN
TRIM8_HUMAN,MICU3_HUMAN
TRIM8_HUMAN,UDB28_HUMAN
TRIM8_HUMAN,BMR1A_HUMAN
TRIM8_HUMAN,FGR_HUMAN
TRIM8_HUMAN,IMA1_HUMAN
TRIM8_HUMAN,OXSR1_HUMAN
TRIM8_HUMAN,ICAM1_HUMAN
TRIM8_HUMAN,HCK_HUMAN
TRIM8_HUMAN,DEP1B_HUMAN
TRIM8_HUMAN,U17L2_HUMAN
TRIM8_HUMAN,UBP22_HUMAN
TRIM8_HUMAN,ANR53_HUMAN
TRIM8_HUMAN,SAHH2_HUMAN
TRIM8_HUMAN,CP4FN_HUMAN
TRIM8_HUMAN,S45A2_HUMAN
TRIM8_HUMAN,PP2BB_HUMAN
SRC8_HUMAN,BT2A2_HUMAN
SRC8_HUMAN,A0A5F9ZHY9_HUMAN
SRC8_HUMAN,E5RFU2_HUMAN
SRC8_HUMAN,TM266_HUMAN
SRC8_HUMAN,CDK17_HUMAN
SRC8_HUMAN,MOT7_HUMAN
SRC8_HUMAN,B7Z2R7_HUMAN
SRC8_HUMAN,UD3A2_HUMAN
SRC8_HUMAN,A0A6Q8PG30_HUMAN
SRC8_HUMAN,UD3A1_HUMAN
SRC8_HUMAN,A0A8I5KRC0_HUMAN
SRC8_HUMAN,F5H6I7_HUMAN
SRC8_HUMAN,DRC3_HUMAN
SRC8_HUMAN,H0YHG0_HUMAN
SRC8_HUMAN,EI2BD_HUMAN
SRC8_HUMAN,AAA1_HUMAN
SRC8_HUMAN,SYEM_HUMAN
SRC8_HUMAN,TTYH3_HUMAN
SRC8_HUMAN,DC1L1_HUMAN
SRC8_HUMAN,GLCTK_HUMAN
SRC8_HUMAN,K2C71_HUMAN
SRC8_HUMAN,A0A182DWF3_HUMAN
SRC8_HUMAN,KDM4D_HUMAN
SRC8_HUMAN,SIAE_HUMAN
SRC8_HUMAN,PSPC1_HUMAN
SRC8_HUMAN,ALAT2_HUMAN
SRC8_HUMAN,RORA_HUMAN
FASTK_HUMAN,A0A0A0MSZ4_HUMAN
FASTK_HUMAN,B0QZE2_HUMAN
FASTK_HUMAN,E5KP28_HUMAN
FASTK_HUMAN,TBL1Y_HUMAN
FASTK_HUMAN,E7EPE2_HUMAN
FASTK_HUMAN,PLIN1_HUMAN
FASTK_HUMAN,ZN454_HUMAN
FASTK_HUMAN,BTBD3_HUMAN
FASTK_HUMAN,SNX1_HUMAN
FASTK_HUMAN,GSHR_HUMAN
FASTK_HUMAN,GALNS_HUMAN
FASTK_HUMAN,A0A0A0MT54_HUMAN
FASTK_HUMAN,CP26C_HUMAN
FASTK_HUMAN,PRP4_HUMAN
FASTK_HUMAN,A0A2R8Y5K3_HUMAN
FASTK_HUMAN,V9HW90_HUMAN
FASTK_HUMAN,ZBT18_HUMAN
FASTK_HUMAN,TPTE2_HUMAN
FASTK_HUMAN,B3KNX7_HUMAN
FASTK_HUMAN,SIN1_HUMAN
FASTK_HUMAN,LRRT1_HUMAN
FASTK_HUMAN,FBX7_HUMAN
FASTK_HUMAN,UAP1_HUMAN
FASTK_HUMAN,NUP62_HUMAN
FASTK_HUMAN,RCC2_HUMAN
FASTK_HUMAN,OCLN_HUMAN
FASTK_HUMAN,NPFF2_HUMAN
FASTK_HUMAN,CGAS_HUMAN
FASTK_HUMAN,TRAF6_HUMAN
FASTK_HUMAN,SOAT2_HUMAN
MARC1_HUMAN,A0A2R8Y5A0_HUMAN
MARC1_HUMAN,PAQR8_HUMAN
MARC1_HUMAN,A0A2R8YDP2_HUMAN
MARC1_HUMAN,ZHANG_HUMAN
MARC1_HUMAN,A0A384NYW3_HUMAN
MARC1_HUMAN,A0A7I2V4V6_HUMAN
MARC1_HUMAN,A0A8I5KUW8_HUMAN
MARC1_HUMAN,CAH12_HUMAN
MARC1_HUMAN,F181A_HUMAN
MARC1_HUMAN,MBNL3_HUMAN
MARC1_HUMAN,NEGR1_HUMAN
MARC1_HUMAN,ERFE_HUMAN
MARC1_HUMAN,F5H6N4_HUMAN
MARC1_HUMAN,A0A7I2V594_HUMAN
MARC1_HUMAN,H2EHT1_HUMAN
MARC1_HUMAN,F8W876_HUMAN
MARC1_HUMAN,MBPHL_HUMAN
MARC1_HUMAN,HPLN1_HUMAN
MARC1_HUMAN,M0R0Y3_HUMAN
MARC1_HUMAN,P2Y13_HUMAN
MARC1_HUMAN,GNAT2_HUMAN
MARC1_HUMAN,T3HPD_HUMAN
MARC1_HUMAN,KLD8B_HUMAN
MARC1_HUMAN,BGAT_HUMAN
MARC1_HUMAN,GNAT3_HUMAN
MARC1_HUMAN,OPN5_HUMAN
MARC1_HUMAN,H3BPF5_HUMAN
MARC1_HUMAN,UBE2Z_HUMAN
MARC1_HUMAN,HMCES_HUMAN
MARC1_HUMAN,GRM2A_HUMAN
MARC1_HUMAN,GNAI3_HUMAN
MARC1_HUMAN,OTX1_HUMAN
MARC1_HUMAN,GNAI1_HUMAN
MARC1_HUMAN,CD68_HUMAN
MARC1_HUMAN,PON2_HUMAN
MARC1_HUMAN,OTC_HUMAN
MARC1_HUMAN,VEGFD_HUMAN
MARC1_HUMAN,PON3_HUMAN
MARC1_HUMAN,Q8NFD8_HUMAN
MARC1_HUMAN,B0B1U2_HUMAN
MARC1_HUMAN,GNAO_HUMAN
MARC1_HUMAN,CLVS1_HUMAN
MARC1_HUMAN,HOME1_HUMAN
MARC1_HUMAN,WNT11_HUMAN
MARC1_HUMAN,RFC2_HUMAN
MARC1_HUMAN,CCN6_HUMAN
MARC1_HUMAN,ATOH1_HUMAN
MARC1_HUMAN,ARGI2_HUMAN
MARC1_HUMAN,HOME2_HUMAN
SIA4A_HUMAN,A0A2R8Y7R8_HUMAN
SIA4A_HUMAN,A0A7I2V647_HUMAN
SIA4A_HUMAN,H0YNA2_HUMAN
SIA4A_HUMAN,B0QYV1_HUMAN
SIA4A_HUMAN,A0A5F9UP49_HUMAN
SIA4A_HUMAN,D6RDF7_HUMAN
SIA4A_HUMAN,SIR6_HUMAN
SIA4A_HUMAN,S35D1_HUMAN
SIA4A_HUMAN,GNA14_HUMAN
SIA4A_HUMAN,ADAL_HUMAN
SIA4A_HUMAN,Q5LJA5_HUMAN
SIA4A_HUMAN,BORC6_HUMAN
SIA4A_HUMAN,CDKL1_HUMAN
SIA4A_HUMAN,ATX3L_HUMAN
SIA4A_HUMAN,B4DI63_HUMAN
SIA4A_HUMAN,E5KPM6_HUMAN
SIA4A_HUMAN,CAF17_HUMAN
SIA4A_HUMAN,LHX8_HUMAN
SIA4A_HUMAN,A0MNP2_HUMAN
SIA4A_HUMAN,LEG9C_HUMAN
SIA4A_HUMAN,A0A6Q8PH79_HUMAN
SIA4A_HUMAN,E5KPM7_HUMAN
SIA4A_HUMAN,A0A7P0T8N0_HUMAN
SIA4A_HUMAN,CHSTA_HUMAN
SIA4A_HUMAN,ZCPW2_HUMAN
SIA4A_HUMAN,GPR32_HUMAN
SIA4A_HUMAN,PCMD1_HUMAN
SIA4A_HUMAN,A0A6I8PLE7_HUMAN
SIA4A_HUMAN,DAA10_HUMAN
SIA4A_HUMAN,PCBP1_HUMAN
SIA4A_HUMAN,STML2_HUMAN
SIA4A_HUMAN,HS2ST_HUMAN
SIA4A_HUMAN,IGFR1_HUMAN
SIA4A_HUMAN,SIA8A_HUMAN
SIA4A_HUMAN,H0Y7Q1_HUMAN
SIA4A_HUMAN,TSN10_HUMAN
SIA4A_HUMAN,HXB2_HUMAN
SIA4A_HUMAN,LEG9B_HUMAN
SIA4A_HUMAN,F118A_HUMAN
SIA4A_HUMAN,G3V3U8_HUMAN
SIA4A_HUMAN,RAI3_HUMAN
SIA4A_HUMAN,CCR8_HUMAN
SIA4A_HUMAN,E7EQR8_HUMAN
SIA4A_HUMAN,A0A5K1VW94_HUMAN
SIA4A_HUMAN,PON1_HUMAN
SIA4A_HUMAN,5HT5A_HUMAN
SIA4A_HUMAN,GNAZ_HUMAN
SIA4A_HUMAN,SNR40_HUMAN
SIA4A_HUMAN,Q53SS8_HUMAN
SIA4A_HUMAN,OTULL_HUMAN
SIA4A_HUMAN,FBX32_HUMAN
SIA4A_HUMAN,RFC3_HUMAN
SIA4A_HUMAN,AT1B4_HUMAN
SIA4A_HUMAN,LMAN2_HUMAN
SIA4A_HUMAN,B3KTU4_HUMAN
SIA4A_HUMAN,GNAI2_HUMAN
SIA4A_HUMAN,WNT3_HUMAN
SIA4A_HUMAN,IN80B_HUMAN
SIA4A_HUMAN,G6PC2_HUMAN
SIA4A_HUMAN,DSN1_HUMAN
SIA4A_HUMAN,ADPRH_HUMAN
SIA4A_HUMAN,CML2_HUMAN
SIA4A_HUMAN,BORG4_HUMAN
SIA4A_HUMAN,VP37C_HUMAN
SIA4A_HUMAN,CCN3_HUMAN
SIA4A_HUMAN,CCR3_HUMAN
SIA4A_HUMAN,NDUAA_HUMAN
SIA4A_HUMAN,HNRPD_HUMAN
SIA4A_HUMAN,CX3C1_HUMAN
SIA4A_HUMAN,B2R6D8_HUMAN
SIA4A_HUMAN,WNT9B_HUMAN
SIA4A_HUMAN,AMRP_HUMAN
SIA4A_HUMAN,KPRA_HUMAN
SIA4A_HUMAN,EIF3F_HUMAN
SIA4A_HUMAN,STX5_HUMAN
SIA4A_HUMAN,BNIPL_HUMAN
SIA4A_HUMAN,APTX_HUMAN
SIA4A_HUMAN,DEN10_HUMAN
SIA4A_HUMAN,IKBB_HUMAN
SIA4A_HUMAN,CCR1_HUMAN
SIA4A_HUMAN,DHSO_HUMAN
SIA4A_HUMAN,VASH2_HUMAN
SIA4A_HUMAN,G6PC1_HUMAN
SIA4A_HUMAN,NDF1_HUMAN
SIA4A_HUMAN,AUNIP_HUMAN
SIA4A_HUMAN,SPSB3_HUMAN
SIA4A_HUMAN,KLF2_HUMAN
SIA4A_HUMAN,LEG9_HUMAN
EIF3D_HUMAN,A0A7P0T9D6_HUMAN
EIF3D_HUMAN,GADL1_HUMAN
EIF3D_HUMAN,Q5T1M7_HUMAN
EIF3D_HUMAN,A0A804HHW6_HUMAN
EIF3D_HUMAN,D2HDH_HUMAN
EIF3D_HUMAN,B7Z720_HUMAN
EIF3D_HUMAN,SAPL1_HUMAN
EIF3D_HUMAN,TIGD6_HUMAN
EIF3D_HUMAN,Q5H907_HUMAN
EIF3D_HUMAN,H0YAL1_HUMAN
EIF3D_HUMAN,IL9R_HUMAN
EIF3D_HUMAN,A8MZ87_HUMAN
EIF3D_HUMAN,CP11A_HUMAN
EIF3D_HUMAN,IMA4_HUMAN
EIF3D_HUMAN,ARFG2_HUMAN
EIF3D_HUMAN,A0A1B0GUA1_HUMAN
EIF3D_HUMAN,NB5R4_HUMAN
EIF3D_HUMAN,TESP1_HUMAN
EIF3D_HUMAN,A0A2R8Y5H3_HUMAN
EIF3D_HUMAN,A0A7I2V560_HUMAN
EIF3D_HUMAN,IMA3_HUMAN
EIF3D_HUMAN,A0A7I2YQD7_HUMAN
EIF3D_HUMAN,MS3L1_HUMAN
EIF3D_HUMAN,MEF2D_HUMAN
EIF3D_HUMAN,PP2BA_HUMAN
EIF3D_HUMAN,RUNX2_HUMAN
EIF3D_HUMAN,PNKP_HUMAN
EIF3D_HUMAN,VEZF1_HUMAN
EIF3D_HUMAN,CASPA_HUMAN
EIF3D_HUMAN,HYCCI_HUMAN
DXO_HUMAN,A0A0A0MRH7_HUMAN
DXO_HUMAN,A0A024R531_HUMAN
DXO_HUMAN,3BP5L_HUMAN
DXO_HUMAN,A0A0S2Z5V7_HUMAN
DXO_HUMAN,DEMA_HUMAN
DXO_HUMAN,A0A087X0G7_HUMAN
DXO_HUMAN,A0A286YEQ7_HUMAN
DXO_HUMAN,A0A090N7T4_HUMAN
DXO_HUMAN,A0A087WZN1_HUMAN
DXO_HUMAN,A0A0A6YYH1_HUMAN
DXO_HUMAN,A0A0C4DG71_HUMAN
DXO_HUMAN,A0A087WZ58_HUMAN
DXO_HUMAN,A0A5H1ZRP6_HUMAN
DXO_HUMAN,E5KPN0_HUMAN
DXO_HUMAN,EFC4A_HUMAN
DXO_HUMAN,A0A087WUW6_HUMAN
DXO_HUMAN,H0Y8E2_HUMAN
DXO_HUMAN,A0A0C4DGI3_HUMAN
DXO_HUMAN,A0A0C4DGL7_HUMAN
DXO_HUMAN,A0A5F9ZI23_HUMAN
DXO_HUMAN,A0A0S2Z3I9_HUMAN
DXO_HUMAN,A0A0B4J1R8_HUMAN
DXO_HUMAN,A0A0S2Z5C3_HUMAN
DXO_HUMAN,A0A6Q8PHE3_HUMAN
DXO_HUMAN,A0A140VJL0_HUMAN
DXO_HUMAN,A0A286YFI3_HUMAN
DXO_HUMAN,A0A3B3ITP4_HUMAN
DXO_HUMAN,A0A7I2V5Z6_HUMAN
DXO_HUMAN,J3KNN3_HUMAN
DXO_HUMAN,A0A1W2PQZ6_HUMAN
DXO_HUMAN,A0A0S2Z471_HUMAN
DXO_HUMAN,A0A1W2PRF0_HUMAN
DXO_HUMAN,A0A286YEQ0_HUMAN
DXO_HUMAN,A0A7P0MPN9_HUMAN
DXO_HUMAN,A0A1W2PNY5_HUMAN
DXO_HUMAN,A0A286YEX7_HUMAN
DXO_HUMAN,APOL3_HUMAN
DXO_HUMAN,A0A7I2V3P9_HUMAN
DXO_HUMAN,A0A8I5KP46_HUMAN
DXO_HUMAN,B7Z7Q6_HUMAN
DXO_HUMAN,ATD3C_HUMAN
DXO_HUMAN,A0A7P0T9I3_HUMAN
DXO_HUMAN,A0A2R8YDQ9_HUMAN
DXO_HUMAN,GPR84_HUMAN
DXO_HUMAN,A0A494C1G2_HUMAN
DXO_HUMAN,A0A1W2PRJ0_HUMAN
DXO_HUMAN,A0A2R8YF29_HUMAN
DXO_HUMAN,A0A8I5KPY2_HUMAN
DXO_HUMAN,TUFT1_HUMAN
DXO_HUMAN,A0A286YFC0_HUMAN
DXO_HUMAN,A0A494C028_HUMAN
DXO_HUMAN,HCAR3_HUMAN
DXO_HUMAN,S35D3_HUMAN
DXO_HUMAN,A0A494C120_HUMAN
DXO_HUMAN,A0A6Q8PHC6_HUMAN
DXO_HUMAN,A0A8I5KQK1_HUMAN
DXO_HUMAN,A0A7I2V327_HUMAN
DXO_HUMAN,H0YG67_HUMAN
DXO_HUMAN,A0A6E1XD66_HUMAN
DXO_HUMAN,A0A7I2V3E2_HUMAN
DXO_HUMAN,A0A7I2V4N8_HUMAN
DXO_HUMAN,A0A7P0T9N9_HUMAN
DXO_HUMAN,A0A7I2V544_HUMAN
DXO_HUMAN,A0A7P0TAC9_HUMAN
DXO_HUMAN,B8ZZU6_HUMAN
DXO_HUMAN,A0A804HHY2_HUMAN
DXO_HUMAN,SOAT_HUMAN
DXO_HUMAN,A0A804HLH2_HUMAN
DXO_HUMAN,ARP6_HUMAN
DXO_HUMAN,A0A804HL02_HUMAN
DXO_HUMAN,A0A8I5KWP3_HUMAN
DXO_HUMAN,ACAD8_HUMAN
DXO_HUMAN,ACL7B_HUMAN
DXO_HUMAN,C9JJD3_HUMAN
DXO_HUMAN,C9J2V2_HUMAN
DXO_HUMAN,B4DGM3_HUMAN
DXO_HUMAN,A0N0Q0_HUMAN
DXO_HUMAN,OSGL1_HUMAN
DXO_HUMAN,B3KW56_HUMAN
DXO_HUMAN,HXA10_HUMAN
DXO_HUMAN,E7ETP9_HUMAN
DXO_HUMAN,A0A8J8YL86_HUMAN
DXO_HUMAN,A1A564_HUMAN
DXO_HUMAN,B3KP42_HUMAN
DXO_HUMAN,C9D7D0_HUMAN
DXO_HUMAN,B4DFJ1_HUMAN
DXO_HUMAN,DLK2_HUMAN
DXO_HUMAN,A0A8J8ZTU4_HUMAN
DXO_HUMAN,ABRA_HUMAN
DXO_HUMAN,ARB2A_HUMAN
DXO_HUMAN,B4E1N1_HUMAN
DXO_HUMAN,C9JIR6_HUMAN
DXO_HUMAN,B3KNK9_HUMAN
DXO_HUMAN,BHE22_HUMAN
DXO_HUMAN,ARK2N_HUMAN
DXO_HUMAN,B4DPR9_HUMAN
DXO_HUMAN,CRFR2_HUMAN
DXO_HUMAN,B4E1C5_HUMAN
DXO_HUMAN,CB069_HUMAN
DXO_HUMAN,GPR19_HUMAN
CXG1_HUMAN,K7EJU9_HUMAN
CXG1_HUMAN,B4DVN3_HUMAN
CXG1_HUMAN,BMP15_HUMAN
CXG1_HUMAN,DPF1_HUMAN
CXG1_HUMAN,E9PLT1_HUMAN
CXG1_HUMAN,F5H1Y4_HUMAN
CXG1_HUMAN,B5MCR8_HUMAN
CXG1_HUMAN,BARH2_HUMAN
CXG1_HUMAN,CADM3_HUMAN
CXG1_HUMAN,E7ESZ7_HUMAN
CXG1_HUMAN,BMP8B_HUMAN
CXG1_HUMAN,BFSP2_HUMAN
CXG1_HUMAN,E7ENE5_HUMAN
CXG1_HUMAN,C9J7L4_HUMAN
CXG1_HUMAN,BROX_HUMAN
CXG1_HUMAN,C9JTK4_HUMAN
CXG1_HUMAN,CH3L2_HUMAN
CXG1_HUMAN,DC4L1_HUMAN
CXG1_HUMAN,CPZIP_HUMAN
CXG1_HUMAN,C9JYJ8_HUMAN
CXG1_HUMAN,CTSR3_HUMAN
CXG1_HUMAN,D6REK3_HUMAN
CXG1_HUMAN,E9PC90_HUMAN
CXG1_HUMAN,CYB_HUMAN
CXG1_HUMAN,E5RK26_HUMAN
CXG1_HUMAN,D6RJF9_HUMAN
CXG1_HUMAN,DJB14_HUMAN
CXG1_HUMAN,DLK1_HUMAN
CXG1_HUMAN,DMBX1_HUMAN
CXG1_HUMAN,F8VZY9_HUMAN
CXG1_HUMAN,E7EQA9_HUMAN
CXG1_HUMAN,LIPK_HUMAN
CXG1_HUMAN,DPF3_HUMAN
CXG1_HUMAN,E7EMB6_HUMAN
CXG1_HUMAN,E9PHH9_HUMAN
CXG1_HUMAN,H0YLU7_HUMAN
CXG1_HUMAN,E9PK05_HUMAN
CXG1_HUMAN,EKI2_HUMAN
CXG1_HUMAN,E9PNM1_HUMAN
CXG1_HUMAN,E7ET07_HUMAN
CXG1_HUMAN,A0A0S2Z5Z4_HUMAN
CXG1_HUMAN,FBXW4_HUMAN
CXG1_HUMAN,KLF17_HUMAN
CXG1_HUMAN,G5E9Z4_HUMAN
CXG1_HUMAN,FA8A1_HUMAN
CXG1_HUMAN,EPT1_HUMAN
CXG1_HUMAN,GFOD1_HUMAN
CXG1_HUMAN,F5H251_HUMAN
CXG1_HUMAN,FOXQ1_HUMAN
CXG1_HUMAN,GP132_HUMAN
CXG1_HUMAN,LC7L2_HUMAN
CXG1_HUMAN,H0YG45_HUMAN
CXG1_HUMAN,H0Y7P8_HUMAN
CXG1_HUMAN,F6YB23_HUMAN
CXG1_HUMAN,G3PT_HUMAN
CXG1_HUMAN,FMT_HUMAN
CXG1_HUMAN,J3KR25_HUMAN
CXG1_HUMAN,M0QXN6_HUMAN
CXG1_HUMAN,G3ST2_HUMAN
CXG1_HUMAN,G3V5E1_HUMAN
CXG1_HUMAN,GP182_HUMAN
CXG1_HUMAN,S2A4R_HUMAN
CXG1_HUMAN,H0Y993_HUMAN
CXG1_HUMAN,G5E972_HUMAN
CXG1_HUMAN,GFRA3_HUMAN
CXG1_HUMAN,Q5SZP1_HUMAN
CXG1_HUMAN,GDPP1_HUMAN
CXG1_HUMAN,U3KQE8_HUMAN
CXG1_HUMAN,GRPR_HUMAN
CXG1_HUMAN,GPR34_HUMAN
CXG1_HUMAN,HENMT_HUMAN
CXG1_HUMAN,Q9HC06_HUMAN
CXG1_HUMAN,KCRM_HUMAN
CXG1_HUMAN,GNAL_HUMAN
CXG1_HUMAN,A0A7P0T9C1_HUMAN
CXG1_HUMAN,H0YNP4_HUMAN
CXG1_HUMAN,M0QZB7_HUMAN
CXG1_HUMAN,KR104_HUMAN
CXG1_HUMAN,HORM1_HUMAN
CXG1_HUMAN,I23O2_HUMAN
CXG1_HUMAN,V9HWH1_HUMAN
CXG1_HUMAN,IL1R2_HUMAN
CXG1_HUMAN,LHX5_HUMAN
CXG1_HUMAN,K7ERE3_HUMAN
CXG1_HUMAN,MMP23_HUMAN
CXG1_HUMAN,KCAB3_HUMAN
CXG1_HUMAN,IGHG4_HUMAN
CXG1_HUMAN,IL3RA_HUMAN
CXG1_HUMAN,TPRX1_HUMAN
CXG1_HUMAN,KT33A_HUMAN
CXG1_HUMAN,I3L3H2_HUMAN
CXG1_HUMAN,K7EPJ2_HUMAN
CXG1_HUMAN,Q6IB83_HUMAN
CXG1_HUMAN,KRT34_HUMAN
CXG1_HUMAN,TRI13_HUMAN
CXG1_HUMAN,O14943_HUMAN
CXG1_HUMAN,KT33B_HUMAN
CXG1_HUMAN,LAYN_HUMAN
CXG1_HUMAN,PEPA3_HUMAN
CXG1_HUMAN,Q6FG41_HUMAN
THIM_HUMAN,CBPB1_HUMAN
THIM_HUMAN,E9PM00_HUMAN
THIM_HUMAN,H0Y8R1_HUMAN
THIM_HUMAN,LLR1_HUMAN
THIM_HUMAN,G137A_HUMAN
THIM_HUMAN,KCRU_HUMAN
THIM_HUMAN,PEPA4_HUMAN
THIM_HUMAN,Q9UL10_HUMAN
THIM_HUMAN,LIPN_HUMAN
THIM_HUMAN,LHX9_HUMAN
THIM_HUMAN,LMX1A_HUMAN
THIM_HUMAN,LIPF_HUMAN
THIM_HUMAN,A0A384NY44_HUMAN
THIM_HUMAN,RBMS2_HUMAN
THIM_HUMAN,LFNG_HUMAN
THIM_HUMAN,M0QZM1_HUMAN
THIM_HUMAN,NCEH1_HUMAN
THIM_HUMAN,PGK2_HUMAN
THIM_HUMAN,MESP2_HUMAN
THIM_HUMAN,STML1_HUMAN
THIM_HUMAN,RMD5B_HUMAN
THIM_HUMAN,PCBP4_HUMAN
THIM_HUMAN,ZN821_HUMAN
THIM_HUMAN,RIMKA_HUMAN
THIM_HUMAN,SH22A_HUMAN
THIM_HUMAN,CYH3_HUMAN
THIM_HUMAN,M0QY25_HUMAN
THIM_HUMAN,MEIS1_HUMAN
THIM_HUMAN,F217B_HUMAN
THIM_HUMAN,SHBG_HUMAN
THIM_HUMAN,F5GZI0_HUMAN
THIM_HUMAN,MTEF2_HUMAN
THIM_HUMAN,Q15228_HUMAN
THIM_HUMAN,PEPA5_HUMAN
THIM_HUMAN,PLCD_HUMAN
THIM_HUMAN,PGAP4_HUMAN
THIM_HUMAN,PHKG1_HUMAN
THIM_HUMAN,PKR2_HUMAN
THIM_HUMAN,Q96B13_HUMAN
THIM_HUMAN,PTOV1_HUMAN
THIM_HUMAN,PTCD2_HUMAN
THIM_HUMAN,Q5JZH0_HUMAN
THIM_HUMAN,Q13696_HUMAN
THIM_HUMAN,V9GYX4_HUMAN
THIM_HUMAN,Q5VU21_HUMAN
THIM_HUMAN,Q5W009_HUMAN
THIM_HUMAN,E9PC15_HUMAN
THIM_HUMAN,S35B3_HUMAN
THIM_HUMAN,SPA9_HUMAN
THIM_HUMAN,S1PR4_HUMAN
THIM_HUMAN,PYRD_HUMAN
THIM_HUMAN,Q5T6W2_HUMAN
THIM_HUMAN,HECAM_HUMAN
THIM_HUMAN,A0A2R8YDR8_HUMAN
THIM_HUMAN,RL3L_HUMAN
THIM_HUMAN,SOX1_HUMAN
THIM_HUMAN,SIA8F_HUMAN
THIM_HUMAN,Q6IAX1_HUMAN
THIM_HUMAN,Q9H948_HUMAN
THIM_HUMAN,B4GA1_HUMAN
THIM_HUMAN,S35E1_HUMAN
THIM_HUMAN,RHCE_HUMAN
THIM_HUMAN,V9HWH2_HUMAN
THIM_HUMAN,SEPP1_HUMAN
THIM_HUMAN,RBMS1_HUMAN
THIM_HUMAN,TRI59_HUMAN
THIM_HUMAN,TRFR_HUMAN
THIM_HUMAN,RIBC2_HUMAN
THIM_HUMAN,J3KPV0_HUMAN
THIM_HUMAN,RIMKB_HUMAN
THIM_HUMAN,SPF45_HUMAN
THIM_HUMAN,S35F1_HUMAN
THIM_HUMAN,TET5D_HUMAN
THIM_HUMAN,SPMA2_HUMAN
THIM_HUMAN,SYT5_HUMAN
THIM_HUMAN,A0A1U9X8F2_HUMAN
THIM_HUMAN,SPA12_HUMAN
THIM_HUMAN,CERS6_HUMAN
THIM_HUMAN,THBG_HUMAN
THIM_HUMAN,ADRB3_HUMAN
THIM_HUMAN,TMM43_HUMAN
THIM_HUMAN,T2H2L_HUMAN
THIM_HUMAN,TBX10_HUMAN
THIM_HUMAN,MARH4_HUMAN
THIM_HUMAN,CP046_HUMAN
THIM_HUMAN,TEX44_HUMAN
THIM_HUMAN,VSIG4_HUMAN
THIM_HUMAN,TMM79_HUMAN
THIM_HUMAN,HABP4_HUMAN
THIM_HUMAN,GCST_HUMAN
THIM_HUMAN,NCF1_HUMAN
THIM_HUMAN,K7PPA8_HUMAN
THIM_HUMAN,G8JL98_HUMAN
THIM_HUMAN,TEFF1_HUMAN
THIM_HUMAN,B1AK66_HUMAN
THIM_HUMAN,ZN764_HUMAN
THIM_HUMAN,ECI2_HUMAN
THIM_HUMAN,WSB2_HUMAN
THIM_HUMAN,TEX9_HUMAN
THIM_HUMAN,Z385D_HUMAN
SNIP1_HUMAN,ZN684_HUMAN
SNIP1_HUMAN,PGTB1_HUMAN
SNIP1_HUMAN,S5FZ81_HUMAN
SNIP1_HUMAN,ZDH16_HUMAN
SNIP1_HUMAN,TM11B_HUMAN
SNIP1_HUMAN,U3KQC1_HUMAN
SNIP1_HUMAN,Q2TAM5_HUMAN
SNIP1_HUMAN,OSCP1_HUMAN
SNIP1_HUMAN,KCTD9_HUMAN
SNIP1_HUMAN,UBL7_HUMAN
SNIP1_HUMAN,A0A140VJI3_HUMAN
SNIP1_HUMAN,B2R7T2_HUMAN
SNIP1_HUMAN,X5D7H2_HUMAN
SNIP1_HUMAN,ZFP1_HUMAN
SNIP1_HUMAN,ZSC31_HUMAN
SNIP1_HUMAN,ZN670_HUMAN
SNIP1_HUMAN,A0A7P0T879_HUMAN
SNIP1_HUMAN,ZN704_HUMAN
SNIP1_HUMAN,YJU2B_HUMAN
SNIP1_HUMAN,HNRPF_HUMAN
SNIP1_HUMAN,ZN200_HUMAN
SNIP1_HUMAN,A0A0S2Z5T1_HUMAN
SNIP1_HUMAN,ZN787_HUMAN
SNIP1_HUMAN,ZSC23_HUMAN
SNIP1_HUMAN,ZSCA1_HUMAN
SNIP1_HUMAN,ZNG1A_HUMAN
SNIP1_HUMAN,KCJ10_HUMAN
SNIP1_HUMAN,ZSC9_HUMAN
SNIP1_HUMAN,H7BZH4_HUMAN
SNIP1_HUMAN,A0A1W2PPJ9_HUMAN
SNIP1_HUMAN,A0A7P0TAY5_HUMAN
SNIP1_HUMAN,A0A804HHV2_HUMAN
SNIP1_HUMAN,ACADS_HUMAN
SNIP1_HUMAN,CERS4_HUMAN
SNIP1_HUMAN,A0A3B3ITW1_HUMAN
SNIP1_HUMAN,PROZ_HUMAN
SNIP1_HUMAN,A0A0D9SFQ2_HUMAN
SNIP1_HUMAN,CERS5_HUMAN
SNIP1_HUMAN,M0R0R9_HUMAN
SNIP1_HUMAN,A0A494C050_HUMAN
SNIP1_HUMAN,SIG14_HUMAN
SNIP1_HUMAN,A0A0S2Z569_HUMAN
SNIP1_HUMAN,S14L2_HUMAN
SNIP1_HUMAN,A0A7I2V4K9_HUMAN
SNIP1_HUMAN,A0A0A0MQX8_HUMAN
SNIP1_HUMAN,A0A1W2PQM7_HUMAN
SNIP1_HUMAN,A0A1B0GW37_HUMAN
SNIP1_HUMAN,A0A7P0TBG0_HUMAN
SNIP1_HUMAN,B4GT5_HUMAN
SNIP1_HUMAN,A0A7P0T8E1_HUMAN
SNIP1_HUMAN,A0A7P0Z462_HUMAN
SNIP1_HUMAN,KISSR_HUMAN
SNIP1_HUMAN,F1D8R0_HUMAN
SNIP1_HUMAN,F1DAL9_HUMAN
SNIP1_HUMAN,A0A1W2PS91_HUMAN
SNIP1_HUMAN,F6QTA4_HUMAN
SNIP1_HUMAN,F5H415_HUMAN
SNIP1_HUMAN,A8K3N4_HUMAN
SNIP1_HUMAN,KCNKI_HUMAN
SNIP1_HUMAN,RAPSN_HUMAN
SNIP1_HUMAN,Q5QP19_HUMAN
SNIP1_HUMAN,F6KD01_HUMAN
SNIP1_HUMAN,E9PC52_HUMAN
SNIP1_HUMAN,A0A1W2PSA8_HUMAN
SNIP1_HUMAN,F4ZW62_HUMAN
SNIP1_HUMAN,EIPR1_HUMAN
SNIP1_HUMAN,F8W0Q9_HUMAN
SNIP1_HUMAN,I3L1J2_HUMAN
SNIP1_HUMAN,B7ZC38_HUMAN
SNIP1_HUMAN,H0YJJ9_HUMAN
SNIP1_HUMAN,K4DIA4_HUMAN
SNIP1_HUMAN,H0YKB1_HUMAN
SNIP1_HUMAN,A0A1B0GVV3_HUMAN
SNIP1_HUMAN,DPS1_HUMAN
SNIP1_HUMAN,F8VWL0_HUMAN
SNIP1_HUMAN,F8W8I6_HUMAN
SNIP1_HUMAN,H0YIB8_HUMAN
SNIP1_HUMAN,Q5VWC4_HUMAN
SNIP1_HUMAN,H3BR71_HUMAN
SNIP1_HUMAN,SIGIR_HUMAN
SNIP1_HUMAN,J3KMZ0_HUMAN
SNIP1_HUMAN,Q5T427_HUMAN
SNIP1_HUMAN,ABHD3_HUMAN
SNIP1_HUMAN,K7EQ55_HUMAN
SNIP1_HUMAN,K7EQG9_HUMAN
SNIP1_HUMAN,H3BNR1_HUMAN
SNIP1_HUMAN,K7EK33_HUMAN
SNIP1_HUMAN,Q5T6L4_HUMAN
SNIP1_HUMAN,K7ER44_HUMAN
SNIP1_HUMAN,A0A7P0TB15_HUMAN
SNIP1_HUMAN,C8C060_HUMAN
SNIP1_HUMAN,A0A0C4DGG1_HUMAN
SNIP1_HUMAN,J3QT10_HUMAN
SNIP1_HUMAN,UT1_HUMAN
SNIP1_HUMAN,Q5RGS4_HUMAN
SNIP1_HUMAN,IGHG2_HUMAN
SNIP1_HUMAN,S4R3A5_HUMAN
SNIP1_HUMAN,S4R334_HUMAN
SNIP1_HUMAN,TRDMT_HUMAN
SNIP1_HUMAN,H1BP3_HUMAN
VEGFA_HUMAN,PSMD6_HUMAN
VEGFA_HUMAN,A0A286YF19_HUMAN
VEGFA_HUMAN,PHLA1_HUMAN
VEGFA_HUMAN,A0A087X2E5_HUMAN
VEGFA_HUMAN,A0A7P0TBP9_HUMAN
VEGFA_HUMAN,PHIPL_HUMAN
VEGFA_HUMAN,MET2A_HUMAN
VEGFA_HUMAN,A0A804HK35_HUMAN
VEGFA_HUMAN,ACTH_HUMAN
VEGFA_HUMAN,TRABD_HUMAN
VEGFA_HUMAN,SIA8E_HUMAN
VEGFA_HUMAN,CHSTE_HUMAN
VEGFA_HUMAN,SHLB2_HUMAN
VEGFA_HUMAN,K7EIS8_HUMAN
VEGFA_HUMAN,G5E962_HUMAN
VEGFA_HUMAN,ZN260_HUMAN
VEGFA_HUMAN,A0A804HII8_HUMAN
VEGFA_HUMAN,E0XEN6_HUMAN
VEGFA_HUMAN,CHST4_HUMAN
VEGFA_HUMAN,B3GN6_HUMAN
VEGFA_HUMAN,CHSTC_HUMAN
VEGFA_HUMAN,A5YM40_HUMAN
VEGFA_HUMAN,A0A024RCW8_HUMAN
VEGFA_HUMAN,ARRC_HUMAN
VEGFA_HUMAN,CP089_HUMAN
VEGFA_HUMAN,RIPL1_HUMAN
VEGFA_HUMAN,Q53ZD3_HUMAN
VEGFA_HUMAN,A0A7P0T9E5_HUMAN
VEGFA_HUMAN,CYH4_HUMAN
VEGFA_HUMAN,CHKB_HUMAN
VEGFA_HUMAN,PCY2_HUMAN
VEGFA_HUMAN,HSFY1_HUMAN
VEGFA_HUMAN,SIR3_HUMAN
VEGFA_HUMAN,DOK2_HUMAN
VEGFA_HUMAN,A0A7P0T9K6_HUMAN
VEGFA_HUMAN,Q96C95_HUMAN
VEGFA_HUMAN,ZN174_HUMAN
VEGFA_HUMAN,E9PR26_HUMAN
VEGFA_HUMAN,MAS1L_HUMAN
VEGFA_HUMAN,MET2B_HUMAN
VEGFA_HUMAN,NOB1_HUMAN
VEGFA_HUMAN,B4GT6_HUMAN
VEGFA_HUMAN,A0A8I5KRX5_HUMAN
VEGFA_HUMAN,C9JSC3_HUMAN
VEGFA_HUMAN,H0Y849_HUMAN
VEGFA_HUMAN,SPO11_HUMAN
VEGFA_HUMAN,F5H5B9_HUMAN
VEGFA_HUMAN,THIC_HUMAN
VEGFA_HUMAN,A0A5F9ZI09_HUMAN
VEGFA_HUMAN,A0A0A0MRL7_HUMAN
VEGFA_HUMAN,D6RIF6_HUMAN
VEGFA_HUMAN,H0Y7R8_HUMAN
VEGFA_HUMAN,A8MYB8_HUMAN
VEGFA_HUMAN,A0A7P0TAS6_HUMAN
VEGFA_HUMAN,W8W3J1_HUMAN
VEGFA_HUMAN,H0Y911_HUMAN
VEGFA_HUMAN,ZN322_HUMAN
VEGFA_HUMAN,A0A0U5J797_HUMAN
VEGFA_HUMAN,PAR6G_HUMAN
VEGFA_HUMAN,Q6R5J7_HUMAN
VEGFA_HUMAN,A0A087WZT7_HUMAN
VEGFA_HUMAN,A0A654IBU3_HUMAN
VEGFA_HUMAN,H7C1M0_HUMAN
VEGFA_HUMAN,A0A804HHX5_HUMAN
VEGFA_HUMAN,NAR3_HUMAN
VEGFA_HUMAN,G5E975_HUMAN
VEGFA_HUMAN,I13R2_HUMAN
VEGFA_HUMAN,A0A0S2Z4Y3_HUMAN
VEGFA_HUMAN,A0A3Q5ACI7_HUMAN
VEGFA_HUMAN,A0A7I2V3U5_HUMAN
VEGFA_HUMAN,B3GN7_HUMAN
VEGFA_HUMAN,TM6S2_HUMAN
VEGFA_HUMAN,MYG1_HUMAN
VEGFA_HUMAN,A0A7I2V3D1_HUMAN
VEGFA_HUMAN,A0A7P0T943_HUMAN
VEGFA_HUMAN,A0A0S2Z4F8_HUMAN
VEGFA_HUMAN,A0A8I5KW93_HUMAN
VEGFA_HUMAN,J3KPG6_HUMAN
VEGFA_HUMAN,IP6K3_HUMAN
VEGFA_HUMAN,I3L3I9_HUMAN
VEGFA_HUMAN,HS3SA_HUMAN
VEGFA_HUMAN,RCCD1_HUMAN
VEGFA_HUMAN,ADAP2_HUMAN
VEGFA_HUMAN,Q5JX45_HUMAN
VEGFA_HUMAN,K7EMD7_HUMAN
VEGFA_HUMAN,UBAC1_HUMAN
VEGFA_HUMAN,HXA13_HUMAN
VEGFA_HUMAN,EME2_HUMAN
VEGFA_HUMAN,STAP2_HUMAN
VEGFA_HUMAN,SGPP2_HUMAN
VEGFA_HUMAN,SSR4_HUMAN
VEGFA_HUMAN,K7ELS2_HUMAN
VEGFA_HUMAN,J3KMZ8_HUMAN
VEGFA_HUMAN,J3QKW1_HUMAN
VEGFA_HUMAN,E5RIC7_HUMAN
VEGFA_HUMAN,DAZP1_HUMAN
VEGFA_HUMAN,Z385A_HUMAN
VEGFA_HUMAN,MFA3L_HUMAN
VEGFA_HUMAN,TFG_HUMAN
VEGFA_HUMAN,AAAD_HUMAN
SCP2_HUMAN,A0A7P0Z484_HUMAN
SCP2_HUMAN,K2C4_HUMAN
SCP2_HUMAN,UBX11_HUMAN
SCP2_HUMAN,A0A024R040_HUMAN
SCP2_HUMAN,DYRK4_HUMAN
SCP2_HUMAN,SCOT1_HUMAN
SCP2_HUMAN,F8VUB4_HUMAN
SCP2_HUMAN,MARCO_HUMAN
SCP2_HUMAN,F263_HUMAN
SCP2_HUMAN,MBOA2_HUMAN
SCP2_HUMAN,TBX22_HUMAN
SCP2_HUMAN,H0YDD4_HUMAN
SCP2_HUMAN,HMCS1_HUMAN
SCP2_HUMAN,VNN2_HUMAN
SCP2_HUMAN,TULP2_HUMAN
SCP2_HUMAN,AOFB_HUMAN
SCP2_HUMAN,UBP3_HUMAN
SCP2_HUMAN,DCA17_HUMAN
SCP2_HUMAN,PPIL2_HUMAN
SCP2_HUMAN,CP4F8_HUMAN
SCP2_HUMAN,K2C78_HUMAN
SCP2_HUMAN,GTR14_HUMAN
SCP2_HUMAN,CP4F3_HUMAN
SCP2_HUMAN,RIC8B_HUMAN
SCP2_HUMAN,DAAF8_HUMAN
SCP2_HUMAN,ADA1B_HUMAN
SCP2_HUMAN,CCNL2_HUMAN
SCP2_HUMAN,CR3L2_HUMAN
SCP2_HUMAN,CACB4_HUMAN
SCP2_HUMAN,INLR1_HUMAN
SCP2_HUMAN,SPAT2_HUMAN
SCP2_HUMAN,CP4F2_HUMAN
SCP2_HUMAN,MEX3A_HUMAN
SCP2_HUMAN,SMG9_HUMAN
SCP2_HUMAN,PNDC1_HUMAN
SCP2_HUMAN,SPP2A_HUMAN
ASAH1_HUMAN,ACTC_HUMAN
ASAH1_HUMAN,ARFG1_HUMAN
ASAH1_HUMAN,K7EKL3_HUMAN
ASAH1_HUMAN,F6U4U2_HUMAN
ASAH1_HUMAN,PHAX_HUMAN
ASAH1_HUMAN,ARRS_HUMAN
ASAH1_HUMAN,SNPC3_HUMAN
ASAH1_HUMAN,NXF5_HUMAN
ASAH1_HUMAN,IKBL1_HUMAN
ASAH1_HUMAN,NPY1R_HUMAN
ASAH1_HUMAN,RRAGD_HUMAN
ASAH1_HUMAN,CF263_HUMAN
ASAH1_HUMAN,TS101_HUMAN
ASAH1_HUMAN,GPT_HUMAN
ASAH1_HUMAN,NIF3L_HUMAN
ASAH1_HUMAN,ACTZ_HUMAN
ASAH1_HUMAN,LDH6B_HUMAN
ASAH1_HUMAN,RMD2_HUMAN
ASAH1_HUMAN,RGS20_HUMAN
ASAH1_HUMAN,A0A0C4DH56_HUMAN
ASAH1_HUMAN,E7EQ61_HUMAN
ASAH1_HUMAN,CHPT1_HUMAN
ASAH1_HUMAN,A0A7P0Z3Z7_HUMAN
ASAH1_HUMAN,CREST_HUMAN
ASAH1_HUMAN,CYH2_HUMAN
ASAH1_HUMAN,SIRB1_HUMAN
ASAH1_HUMAN,Q5VUU6_HUMAN
ASAH1_HUMAN,H0YKJ1_HUMAN
ASAH1_HUMAN,LDB1_HUMAN
ASAH1_HUMAN,CD1E_HUMAN
ASAH1_HUMAN,A2A2V2_HUMAN
ASAH1_HUMAN,A0A7P0T838_HUMAN
ASAH1_HUMAN,A0A0A0MR03_HUMAN
ASAH1_HUMAN,E5RGZ2_HUMAN
ASAH1_HUMAN,A0A7P0S4R7_HUMAN
ASAH1_HUMAN,A0A087WVN8_HUMAN
ASAH1_HUMAN,A0A024QZT4_HUMAN
ASAH1_HUMAN,CR3L4_HUMAN
ASAH1_HUMAN,A0A7P0T952_HUMAN
ASAH1_HUMAN,A0A024R5G9_HUMAN
ASAH1_HUMAN,Q5QP40_HUMAN
ASAH1_HUMAN,A0A7P0TA65_HUMAN
ASAH1_HUMAN,B4DFN3_HUMAN
ASAH1_HUMAN,A0A7P0TAS8_HUMAN
ASAH1_HUMAN,H9KVB1_HUMAN
ASAH1_HUMAN,A0A7P0T9T1_HUMAN
ASAH1_HUMAN,G5E9U8_HUMAN
ASAH1_HUMAN,I3NI32_HUMAN
ASAH1_HUMAN,A0A7P0T892_HUMAN
ASAH1_HUMAN,ANGL4_HUMAN
ASAH1_HUMAN,Q53ZR5_HUMAN
ASAH1_HUMAN,A0A140VKB3_HUMAN
ASAH1_HUMAN,NSUN4_HUMAN
ASAH1_HUMAN,HAUS8_HUMAN
ASAH1_HUMAN,A0A7P0Z473_HUMAN
ASAH1_HUMAN,CIPC_HUMAN
ASAH1_HUMAN,MNX1_HUMAN
ASAH1_HUMAN,B2RDU6_HUMAN
ASAH1_HUMAN,A4QPA9_HUMAN
ASAH1_HUMAN,A0A3B3IRK2_HUMAN
ASAH1_HUMAN,PRELP_HUMAN
ASAH1_HUMAN,HS3SB_HUMAN
ASAH1_HUMAN,A0A7P0TBG1_HUMAN
ASAH1_HUMAN,DNJA1_HUMAN
ASAH1_HUMAN,A0A140VK64_HUMAN
ASAH1_HUMAN,A0A494C0D9_HUMAN
ASAH1_HUMAN,A0A6Q8PFY7_HUMAN
ASAH1_HUMAN,D6RJG6_HUMAN
ASAH1_HUMAN,D8L7E9_HUMAN
ASAH1_HUMAN,F5GZK9_HUMAN
ASAH1_HUMAN,CEP44_HUMAN
ASAH1_HUMAN,A0A087WW40_HUMAN
ASAH1_HUMAN,A0A7P0Z4P2_HUMAN
ASAH1_HUMAN,AL3B2_HUMAN
ASAH1_HUMAN,IGHG1_HUMAN
ASAH1_HUMAN,POC1A_HUMAN
ASAH1_HUMAN,PSMD4_HUMAN
ASAH1_HUMAN,Q5JQI0_HUMAN
ASAH1_HUMAN,K7ELM1_HUMAN
ASAH1_HUMAN,ROA3_HUMAN
ASAH1_HUMAN,CL17A_HUMAN
ASAH1_HUMAN,TR10D_HUMAN
ASAH1_HUMAN,ACTY_HUMAN
ASAH1_HUMAN,CBG_HUMAN
ASAH1_HUMAN,ZDH23_HUMAN
ASAH1_HUMAN,M0QYA8_HUMAN
ASAH1_HUMAN,CCNB2_HUMAN
ASAH1_HUMAN,BCAT2_HUMAN
ASAH1_HUMAN,NEUS_HUMAN
ASAH1_HUMAN,HXA2_HUMAN
ASAH1_HUMAN,K1C19_HUMAN
ASAH1_HUMAN,CERS2_HUMAN
ASAH1_HUMAN,DXO_HUMAN
ASAH1_HUMAN,WDR73_HUMAN
ASAH1_HUMAN,GPR88_HUMAN
ASAH1_HUMAN,DGAT2_HUMAN
ASAH1_HUMAN,FBX22_HUMAN
ASAH1_HUMAN,LICH_HUMAN
ASAH1_HUMAN,I3L3S9_HUMAN
ASAH1_HUMAN,SPB10_HUMAN
CHKB_HUMAN,A0A654IDC0_HUMAN
CHKB_HUMAN,KIN17_HUMAN
CHKB_HUMAN,WDFY2_HUMAN
CHKB_HUMAN,KLDC3_HUMAN
CHKB_HUMAN,DUS4_HUMAN
CHKB_HUMAN,5HT4R_HUMAN
CHKB_HUMAN,A0A1U9X797_HUMAN
CHKB_HUMAN,CLUA1_HUMAN
CHKB_HUMAN,A0A024R0V4_HUMAN
CHKB_HUMAN,ERGI2_HUMAN
CHKB_HUMAN,HNF4G_HUMAN
CHKB_HUMAN,ACTA_HUMAN
CHKB_HUMAN,A0A6Q8PGL3_HUMAN
CHKB_HUMAN,PABP5_HUMAN
CHKB_HUMAN,CHST5_HUMAN
CHKB_HUMAN,ABD12_HUMAN
CHKB_HUMAN,NR2F6_HUMAN
CHKB_HUMAN,WDFY1_HUMAN
CHKB_HUMAN,B4DE15_HUMAN
CHKB_HUMAN,H3BRG4_HUMAN
CHKB_HUMAN,LHX4_HUMAN
CHKB_HUMAN,B4E1B9_HUMAN
CHKB_HUMAN,C9JYI3_HUMAN
CHKB_HUMAN,A0A1U9X830_HUMAN
CHKB_HUMAN,A0A6Q8PGS2_HUMAN
CHKB_HUMAN,KRR1_HUMAN
CHKB_HUMAN,MLC1_HUMAN
CHKB_HUMAN,PE2R3_HUMAN
CHKB_HUMAN,NEUR1_HUMAN
CHKB_HUMAN,CASP4_HUMAN
CHKB_HUMAN,RA51C_HUMAN
CHKB_HUMAN,CAVN1_HUMAN
CHKB_HUMAN,M0QZ10_HUMAN
CHKB_HUMAN,B4DR80_HUMAN
CHKB_HUMAN,GNA12_HUMAN
CHKB_HUMAN,RF1ML_HUMAN
CHKB_HUMAN,SIRPG_HUMAN
CHKB_HUMAN,A0A7I2V5I6_HUMAN
CHKB_HUMAN,E2F4_HUMAN
CHKB_HUMAN,FMOD_HUMAN
CHKB_HUMAN,PI5L1_HUMAN
CHKB_HUMAN,LCLT1_HUMAN
CHKB_HUMAN,CYH1_HUMAN
CHKB_HUMAN,RMD5A_HUMAN
CHKB_HUMAN,PLCC_HUMAN
CHKB_HUMAN,TR11B_HUMAN
CHKB_HUMAN,SUN5_HUMAN
CHKB_HUMAN,ELAV4_HUMAN
CHKB_HUMAN,TET5C_HUMAN
CHKB_HUMAN,WWOX_HUMAN
CHKB_HUMAN,THAP5_HUMAN
CHKB_HUMAN,B0QXZ6_HUMAN
CHKB_HUMAN,SPB3_HUMAN
CHKB_HUMAN,F8WCE5_HUMAN
CHKB_HUMAN,RNF13_HUMAN
CHKB_HUMAN,A0A2R8YFA1_HUMAN
CHKB_HUMAN,A0A0A0MSU3_HUMAN
CHKB_HUMAN,A0A2R8Y534_HUMAN
CHKB_HUMAN,A0A2R8YE59_HUMAN
CHKB_HUMAN,A0A7I2V5T5_HUMAN
CHKB_HUMAN,D6R9V2_HUMAN
CHKB_HUMAN,PHF23_HUMAN
CHKB_HUMAN,E5KMT6_HUMAN
CHKB_HUMAN,F8W7E0_HUMAN
CHKB_HUMAN,NEUR2_HUMAN
CHKB_HUMAN,NELFE_HUMAN
CHKB_HUMAN,TCF7_HUMAN
CHKB_HUMAN,MAEA_HUMAN
CHKB_HUMAN,B3GN4_HUMAN
CHKB_HUMAN,RHAG_HUMAN
CHKB_HUMAN,CLC4M_HUMAN
CHKB_HUMAN,NJMU_HUMAN
CHKB_HUMAN,WDR55_HUMAN
CHKB_HUMAN,E9PF18_HUMAN
CHKB_HUMAN,CBX6_HUMAN
CHKB_HUMAN,Q2MD54_HUMAN
CHKB_HUMAN,TFB2M_HUMAN
CHKB_HUMAN,F6RGN5_HUMAN
CHKB_HUMAN,Q6FHX6_HUMAN
CHKB_HUMAN,DPEP1_HUMAN
CHKB_HUMAN,G8JLB3_HUMAN
CHKB_HUMAN,VP37A_HUMAN
CHKB_HUMAN,LMX1B_HUMAN
CHKB_HUMAN,IF4A1_HUMAN
CHKB_HUMAN,PHF7_HUMAN
CHKB_HUMAN,MPPE1_HUMAN
CHKB_HUMAN,SAV1_HUMAN
CHKB_HUMAN,A0A3B3ISX8_HUMAN
CHKB_HUMAN,LHX1_HUMAN
CHKB_HUMAN,BACH_HUMAN
CHKB_HUMAN,CATE_HUMAN
CHKB_HUMAN,LIS1_HUMAN
CHKB_HUMAN,B4DDD6_HUMAN
CHKB_HUMAN,GNA13_HUMAN
CHKB_HUMAN,L7RXH5_HUMAN
CHKB_HUMAN,A0A024R336_HUMAN
CHKB_HUMAN,JAML_HUMAN
CHKB_HUMAN,TTC4_HUMAN
CHKB_HUMAN,IDH3B_HUMAN
CHKB_HUMAN,MFGM_HUMAN
CD2B2_HUMAN,A0A8I5KYH4_HUMAN
CD2B2_HUMAN,A0A7I2V5U7_HUMAN
CD2B2_HUMAN,MYCP1_HUMAN
CD2B2_HUMAN,DJC18_HUMAN
CD2B2_HUMAN,GPR87_HUMAN
CD2B2_HUMAN,A0A087X0D5_HUMAN
CD2B2_HUMAN,Q5STV6_HUMAN
CD2B2_HUMAN,SEPT3_HUMAN
CD2B2_HUMAN,STBD1_HUMAN
CD2B2_HUMAN,G3V1E0_HUMAN
CD2B2_HUMAN,G5EA06_HUMAN
CD2B2_HUMAN,PE2R2_HUMAN
CD2B2_HUMAN,Q59FH4_HUMAN
CD2B2_HUMAN,GDAP1_HUMAN
CD2B2_HUMAN,SEP12_HUMAN
CD2B2_HUMAN,DJB11_HUMAN
CD2B2_HUMAN,NHRF1_HUMAN
CD2B2_HUMAN,GPR20_HUMAN
CD2B2_HUMAN,TSSK2_HUMAN
CD2B2_HUMAN,LT4R2_HUMAN
CD2B2_HUMAN,HAUS7_HUMAN
CD2B2_HUMAN,PTPA_HUMAN
CD2B2_HUMAN,CEBPA_HUMAN
CD2B2_HUMAN,CLN5_HUMAN
CD2B2_HUMAN,PRKX_HUMAN
CD2B2_HUMAN,TRIB3_HUMAN
CD2B2_HUMAN,HLAE_HUMAN
CD2B2_HUMAN,CXA5_HUMAN
DUS4_HUMAN,ADH1G_HUMAN
DUS4_HUMAN,TGT_HUMAN
DUS4_HUMAN,B8ZZD3_HUMAN
DUS4_HUMAN,H0Y3S0_HUMAN
DUS4_HUMAN,KCJ15_HUMAN
DUS4_HUMAN,Q96J85_HUMAN
DUS4_HUMAN,UB2Q2_HUMAN
DUS4_HUMAN,H7C2X4_HUMAN
DUS4_HUMAN,V9HW50_HUMAN
DUS4_HUMAN,B4DWA1_HUMAN
DUS4_HUMAN,ACTBM_HUMAN
DUS4_HUMAN,GPR27_HUMAN
DUS4_HUMAN,MEIS3_HUMAN
DUS4_HUMAN,SPB5_HUMAN
DUS4_HUMAN,A0A1W2PRH3_HUMAN
DUS4_HUMAN,TTC19_HUMAN
DUS4_HUMAN,C9J4J4_HUMAN
DUS4_HUMAN,NDRG3_HUMAN
DUS4_HUMAN,B2R9U8_HUMAN
DUS4_HUMAN,GABP1_HUMAN
DUS4_HUMAN,MBNL1_HUMAN
DUS4_HUMAN,E9PAV9_HUMAN
DUS4_HUMAN,A0A7P0TBB8_HUMAN
DUS4_HUMAN,ADH1B_HUMAN
DUS4_HUMAN,SSUH2_HUMAN
DUS4_HUMAN,MTCH1_HUMAN
DUS4_HUMAN,VATC1_HUMAN
DUS4_HUMAN,U17L6_HUMAN
DUS4_HUMAN,PNKD_HUMAN
DUS4_HUMAN,NP1L4_HUMAN
DUS4_HUMAN,AJAP1_HUMAN
DUS4_HUMAN,GO45_HUMAN
DUS4_HUMAN,SIR7_HUMAN
DUS4_HUMAN,XYLK_HUMAN
DUS4_HUMAN,ADH1A_HUMAN
DUS4_HUMAN,S4R303_HUMAN
DUS4_HUMAN,SSR1_HUMAN
DUS4_HUMAN,MTLR_HUMAN
DUS4_HUMAN,AMACR_HUMAN
DUS4_HUMAN,ASCC1_HUMAN
DUS4_HUMAN,TSP50_HUMAN
DUS4_HUMAN,ACKR2_HUMAN
DUS4_HUMAN,ZFY27_HUMAN
DUS4_HUMAN,ALX4_HUMAN
DUS4_HUMAN,KLDC2_HUMAN
DUS4_HUMAN,X5DQM5_HUMAN
DUS4_HUMAN,GPC5B_HUMAN
DUS4_HUMAN,A0A075B736_HUMAN
DUS4_HUMAN,DNJA2_HUMAN
DUS4_HUMAN,NUP43_HUMAN
DUS4_HUMAN,PGES2_HUMAN
DUS4_HUMAN,F1T0B6_HUMAN
DUS4_HUMAN,A0A1B0GVJ7_HUMAN
DUS4_HUMAN,REQU_HUMAN
DUS4_HUMAN,E5RGN0_HUMAN
DUS4_HUMAN,B3GN2_HUMAN
DUS4_HUMAN,PAQR2_HUMAN
DUS4_HUMAN,CHST1_HUMAN
DUS4_HUMAN,FOXL2_HUMAN
DUS4_HUMAN,A0A0B4J2A4_HUMAN
DUS4_HUMAN,PAG15_HUMAN
DUS4_HUMAN,OLA1_HUMAN
DUS4_HUMAN,GLMP_HUMAN
DUS4_HUMAN,JMJD6_HUMAN
DUS4_HUMAN,ITPK1_HUMAN
DUS4_HUMAN,ADRM1_HUMAN
DUS4_HUMAN,IDHC_HUMAN
DUS4_HUMAN,AS3MT_HUMAN
DUS4_HUMAN,SERB1_HUMAN
DUS4_HUMAN,PI2R_HUMAN
DUS4_HUMAN,B3GT4_HUMAN
DUS4_HUMAN,VAT1_HUMAN
DUS4_HUMAN,RAD9A_HUMAN
DUS4_HUMAN,WDR4_HUMAN
DUS4_HUMAN,AIPL1_HUMAN
DUS4_HUMAN,DUS9_HUMAN
DUS4_HUMAN,B3GN8_HUMAN
DUS4_HUMAN,MET22_HUMAN
DUS4_HUMAN,PCID2_HUMAN
DUS4_HUMAN,FANCL_HUMAN
DUS4_HUMAN,CATIP_HUMAN
DUS4_HUMAN,WWTR1_HUMAN
DUS4_HUMAN,NDK7_HUMAN
DUS4_HUMAN,RGP1_HUMAN
DUS4_HUMAN,APJ_HUMAN
DUS4_HUMAN,NECA2_HUMAN
DUS4_HUMAN,CHST6_HUMAN
DUS4_HUMAN,FOXI1_HUMAN
DUS4_HUMAN,UBE3D_HUMAN
DUS4_HUMAN,MADCA_HUMAN
DUS4_HUMAN,ESX1_HUMAN
DUS4_HUMAN,DHB2_HUMAN
DUS4_HUMAN,AGT1_HUMAN
DUS4_HUMAN,WDR74_HUMAN
DUS4_HUMAN,CARME_HUMAN
DUS4_HUMAN,CEP43_HUMAN
DUS4_HUMAN,SAPC2_HUMAN
DUS4_HUMAN,X5D7I5_HUMAN
DUS4_HUMAN,HPT_HUMAN
DUS4_HUMAN,DCTN2_HUMAN
CERS4_HUMAN,BSCL2_HUMAN
CERS4_HUMAN,KLF12_HUMAN
CERS4_HUMAN,ANM6_HUMAN
CERS4_HUMAN,ILF2_HUMAN
CERS4_HUMAN,SELPL_HUMAN
CERS4_HUMAN,RING1_HUMAN
CERS4_HUMAN,NEIL1_HUMAN
CERS4_HUMAN,TM237_HUMAN
CERS4_HUMAN,A0A7I2ST14_HUMAN
CERS4_HUMAN,CALR3_HUMAN
CERS4_HUMAN,PSD13_HUMAN
CERS4_HUMAN,PRR5_HUMAN
CERS4_HUMAN,SPB6_HUMAN
CERS4_HUMAN,PYGO2_HUMAN
CERS4_HUMAN,CSN4_HUMAN
CERS4_HUMAN,S1PBP_HUMAN
CERS4_HUMAN,SGCA_HUMAN
CERS4_HUMAN,NUD19_HUMAN
CERS4_HUMAN,SEC62_HUMAN
CERS4_HUMAN,B4GT3_HUMAN
CERS4_HUMAN,SOX_HUMAN
CERS4_HUMAN,SPS1_HUMAN
CERS4_HUMAN,RT29_HUMAN
CERS4_HUMAN,SNIP1_HUMAN
CERS4_HUMAN,ERP44_HUMAN
CERS4_HUMAN,LPXN_HUMAN
CERS4_HUMAN,CBX8_HUMAN
CERS4_HUMAN,SPB12_HUMAN
CERS4_HUMAN,VASP_HUMAN
CERS4_HUMAN,ZNT3_HUMAN
CERS4_HUMAN,PRS10_HUMAN
CERS4_HUMAN,S1PR1_HUMAN
CERS4_HUMAN,ZNT7_HUMAN
CERS4_HUMAN,INPP_HUMAN
CERS4_HUMAN,TFDP1_HUMAN
CERS4_HUMAN,DHI2_HUMAN
CERS4_HUMAN,ACTT1_HUMAN
CERS4_HUMAN,GPI8_HUMAN
CERS4_HUMAN,RL3_HUMAN
CERS4_HUMAN,KLDC1_HUMAN
CERS4_HUMAN,SIA8B_HUMAN
CERS4_HUMAN,DUS5_HUMAN
CERS4_HUMAN,COX15_HUMAN
CERS4_HUMAN,S1PR3_HUMAN
CERS4_HUMAN,PA2G4_HUMAN
CERS4_HUMAN,NOXO1_HUMAN
CERS4_HUMAN,SNX5_HUMAN
CERS4_HUMAN,DNM3L_HUMAN
CERS4_HUMAN,ATG4B_HUMAN
CERS4_HUMAN,KAP2_HUMAN
CERS4_HUMAN,NDRG1_HUMAN
CERS4_HUMAN,PD2R2_HUMAN
CERS4_HUMAN,TBX1_HUMAN
CERS4_HUMAN,S35A2_HUMAN
CERS4_HUMAN,SMS1_HUMAN
CERS4_HUMAN,MBD2_HUMAN
CERS4_HUMAN,EDA_HUMAN
CERS4_HUMAN,ARC_HUMAN
CERS4_HUMAN,PRS8_HUMAN
CERS4_HUMAN,PALM_HUMAN
CERS4_HUMAN,RFOX1_HUMAN
CERS4_HUMAN,FKBP8_HUMAN
CERS4_HUMAN,ACTS_HUMAN
CERS4_HUMAN,MAPK3_HUMAN
CERS4_HUMAN,RT09_HUMAN
CERS4_HUMAN,TF2H2_HUMAN
CERS4_HUMAN,NAGAB_HUMAN
CERS4_HUMAN,IPSP_HUMAN
CERS4_HUMAN,BORG5_HUMAN
CERS4_HUMAN,5HT1D_HUMAN
CERS4_HUMAN,CSF2R_HUMAN
CERS4_HUMAN,GOLM1_HUMAN
CERS4_HUMAN,PODO_HUMAN
CERS4_HUMAN,SOX7_HUMAN
CERS4_HUMAN,DAF_HUMAN
CERS4_HUMAN,MP2K1_HUMAN
CERS4_HUMAN,RENI_HUMAN
CERS4_HUMAN,SIA8C_HUMAN
CERS4_HUMAN,RA51B_HUMAN
CERS4_HUMAN,DHH_HUMAN
CERS4_HUMAN,P2RX1_HUMAN
CERS4_HUMAN,ELK3_HUMAN
CERS4_HUMAN,CDC37_HUMAN
CERS4_HUMAN,RT31_HUMAN
CERS4_HUMAN,ATG4A_HUMAN
CERS4_HUMAN,CANT1_HUMAN
CERS4_HUMAN,CXG1_HUMAN
CERS4_HUMAN,DJB12_HUMAN
CERS4_HUMAN,LAX1_HUMAN
CERS4_HUMAN,RPC4_HUMAN
CERS4_HUMAN,APOL1_HUMAN
CERS4_HUMAN,CADM4_HUMAN
CERS4_HUMAN,TGIF1_HUMAN
CERS4_HUMAN,I5P1_HUMAN
CERS4_HUMAN,ARRD2_HUMAN
CERS4_HUMAN,ODPAT_HUMAN
CERS4_HUMAN,CATW_HUMAN
CERS4_HUMAN,PRS23_HUMAN
CERS4_HUMAN,F5H2Q3_HUMAN
CERS4_HUMAN,T23O_HUMAN
CDT1_HUMAN,PDIA5_HUMAN
CDT1_HUMAN,A0A090N7S2_HUMAN
CDT1_HUMAN,A0A2R8YFW8_HUMAN
CDT1_HUMAN,A0A8I5KP10_HUMAN
CDT1_HUMAN,Q547S7_HUMAN
CDT1_HUMAN,CD20B_HUMAN
CDT1_HUMAN,GAK1B_HUMAN
CDT1_HUMAN,H0Y7K5_HUMAN
CDT1_HUMAN,IRX4_HUMAN
CDT1_HUMAN,IKZF1_HUMAN
CDT1_HUMAN,A0A6Q8PFD2_HUMAN
CDT1_HUMAN,DPYS_HUMAN
CDT1_HUMAN,E9PDY7_HUMAN
CDT1_HUMAN,CP4AM_HUMAN
CDT1_HUMAN,TF3C5_HUMAN
CDT1_HUMAN,SNX2_HUMAN
CDT1_HUMAN,A0A2P1JJM6_HUMAN
CDT1_HUMAN,TYRP2_HUMAN
CDT1_HUMAN,BANP_HUMAN
CDT1_HUMAN,CR3L1_HUMAN
CDT1_HUMAN,F5H5D3_HUMAN
CDT1_HUMAN,RIOK3_HUMAN
CDT1_HUMAN,KCNG4_HUMAN
CDT1_HUMAN,BBS4_HUMAN
CDT1_HUMAN,PKHA8_HUMAN
CDT1_HUMAN,NHRF3_HUMAN
CDT1_HUMAN,CP4AB_HUMAN
CDT1_HUMAN,ZN692_HUMAN
CDT1_HUMAN,MBTP2_HUMAN
PAK1_HUMAN,A0A024RCP5_HUMAN
PAK1_HUMAN,ASB3_HUMAN
PAK1_HUMAN,M0R2A8_HUMAN
PAK1_HUMAN,E5KN95_HUMAN
PAK1_HUMAN,H7C4T7_HUMAN
PAK1_HUMAN,M0R0L2_HUMAN
PAK1_HUMAN,Q6I9R9_HUMAN
PAK1_HUMAN,FA98A_HUMAN
PAK1_HUMAN,INT14_HUMAN
PAK1_HUMAN,H8YHX0_HUMAN
PAK1_HUMAN,RIPK3_HUMAN
PAK1_HUMAN,ZN449_HUMAN
PAK1_HUMAN,AL1A2_HUMAN
PAK1_HUMAN,SYSM_HUMAN
PAK1_HUMAN,UN5CL_HUMAN
PAK1_HUMAN,A0A7I2YQJ9_HUMAN
PAK1_HUMAN,APEX2_HUMAN
PAK1_HUMAN,UTP15_HUMAN
PAK1_HUMAN,MFSD8_HUMAN
PAK1_HUMAN,MSPD2_HUMAN
PAK1_HUMAN,ATE1_HUMAN
PAK1_HUMAN,RORG_HUMAN
PAK1_HUMAN,BACE2_HUMAN
PAK1_HUMAN,TRI39_HUMAN
PAK1_HUMAN,TBX5_HUMAN
RIPK2_HUMAN,D6REA0_HUMAN
RIPK2_HUMAN,CTU2_HUMAN
RIPK2_HUMAN,A0A804HJ24_HUMAN
RIPK2_HUMAN,A0A494C179_HUMAN
RIPK2_HUMAN,A0A6Q8PG14_HUMAN
RIPK2_HUMAN,A0A7P0MRW0_HUMAN
RIPK2_HUMAN,E7EQY4_HUMAN
RIPK2_HUMAN,ARHG9_HUMAN
RIPK2_HUMAN,CFA53_HUMAN
RIPK2_HUMAN,FCRL4_HUMAN
RIPK2_HUMAN,H3BNQ7_HUMAN
RIPK2_HUMAN,B4DV78_HUMAN
RIPK2_HUMAN,D6RA09_HUMAN
RIPK2_HUMAN,VMAT2_HUMAN
RIPK2_HUMAN,FOXN4_HUMAN
RIPK2_HUMAN,G5EA30_HUMAN
RIPK2_HUMAN,GMCL1_HUMAN
RIPK2_HUMAN,GP176_HUMAN
RIPK2_HUMAN,GTPB6_HUMAN
RIPK2_HUMAN,PUR1_HUMAN
RIPK2_HUMAN,KR161_HUMAN
RIPK2_HUMAN,RBPJL_HUMAN
RIPK2_HUMAN,H3BRN4_HUMAN
RIPK2_HUMAN,E9PMG4_HUMAN
RIPK2_HUMAN,A8MV73_HUMAN
RIPK2_HUMAN,LAD1_HUMAN
RIPK2_HUMAN,SL9B1_HUMAN
RIPK2_HUMAN,MF13A_HUMAN
RIPK2_HUMAN,NECT1_HUMAN
RIPK2_HUMAN,A0A384MTJ7_HUMAN
RIPK2_HUMAN,SMRD1_HUMAN
RIPK2_HUMAN,STK33_HUMAN
RIPK2_HUMAN,TB22A_HUMAN
RIPK2_HUMAN,C9J7Z4_HUMAN
RIPK2_HUMAN,A0A384NL00_HUMAN
RIPK2_HUMAN,MOT10_HUMAN
RIPK2_HUMAN,CP2D7_HUMAN
RIPK2_HUMAN,A0A7P0T855_HUMAN
RIPK2_HUMAN,YLAT2_HUMAN
RIPK2_HUMAN,PPM1H_HUMAN
RIPK2_HUMAN,E7EUI8_HUMAN
RIPK2_HUMAN,CP1A2_HUMAN
RIPK2_HUMAN,TRI65_HUMAN
RIPK2_HUMAN,TBL1R_HUMAN
RIPK2_HUMAN,ARFG3_HUMAN
RIPK2_HUMAN,IMDH2_HUMAN
RIPK2_HUMAN,AL1B1_HUMAN
RIPK2_HUMAN,A0A8I5KUQ1_HUMAN
RIPK2_HUMAN,IMDH1_HUMAN
RIPK2_HUMAN,RNF38_HUMAN
RIPK2_HUMAN,NAGPA_HUMAN
RIPK2_HUMAN,NOC4L_HUMAN
RIPK2_HUMAN,FACR2_HUMAN
RIPK2_HUMAN,TSSP_HUMAN
RIPK2_HUMAN,OASL_HUMAN
RIPK2_HUMAN,A0A087WTH8_HUMAN
RIPK2_HUMAN,IMA8_HUMAN
RIPK2_HUMAN,DHC24_HUMAN
RIPK2_HUMAN,MOT12_HUMAN
RIPK2_HUMAN,ALDH2_HUMAN
RIPK2_HUMAN,A0A7I2V5E1_HUMAN
RIPK2_HUMAN,LRRT2_HUMAN
RIPK2_HUMAN,CP24A_HUMAN
RIPK2_HUMAN,PLRG1_HUMAN
RIPK2_HUMAN,TIKI2_HUMAN
RIPK2_HUMAN,DELE1_HUMAN
RIPK2_HUMAN,AGT2_HUMAN
RIPK2_HUMAN,UBP30_HUMAN
RIPK2_HUMAN,INAR2_HUMAN
RIPK2_HUMAN,TM117_HUMAN
RIPK2_HUMAN,HBP1_HUMAN
RIPK2_HUMAN,APCD1_HUMAN
RIPK2_HUMAN,FACR1_HUMAN
RIPK2_HUMAN,RNPC3_HUMAN
RIPK2_HUMAN,SCOT2_HUMAN
RIPK2_HUMAN,CDAC1_HUMAN
RIPK2_HUMAN,SNTG1_HUMAN
RIPK2_HUMAN,G6PD_HUMAN
RIPK2_HUMAN,ACHD_HUMAN
RIPK2_HUMAN,ATG13_HUMAN
RIPK2_HUMAN,SYSC_HUMAN
RIPK2_HUMAN,AEBP2_HUMAN
RIPK2_HUMAN,DKC1_HUMAN
RIPK2_HUMAN,ZBTB2_HUMAN
RIPK2_HUMAN,T2FA_HUMAN
RIPK2_HUMAN,ACHG_HUMAN
RIPK2_HUMAN,HINFP_HUMAN
BGAT_HUMAN,A0A024R8A0_HUMAN
BGAT_HUMAN,A0A2R8YF43_HUMAN
BGAT_HUMAN,A0A024RBH9_HUMAN
BGAT_HUMAN,A0A024RBE8_HUMAN
BGAT_HUMAN,A0A087WXC5_HUMAN
BGAT_HUMAN,A0A140VKD9_HUMAN
BGAT_HUMAN,A0A7I2V5B2_HUMAN
BGAT_HUMAN,A0A0S2Z3K3_HUMAN
BGAT_HUMAN,A0A1B0GWD1_HUMAN
BGAT_HUMAN,A0A087WUK2_HUMAN
BGAT_HUMAN,H7C2Q8_HUMAN
BGAT_HUMAN,ADK_HUMAN
BGAT_HUMAN,A0A7I2V480_HUMAN
BGAT_HUMAN,A0A0A0MRT5_HUMAN
BGAT_HUMAN,A0A286YFM6_HUMAN
BGAT_HUMAN,A0A6Q8PFI8_HUMAN
BGAT_HUMAN,CD244_HUMAN
BGAT_HUMAN,MK13_HUMAN
BGAT_HUMAN,H0YEJ9_HUMAN
BGAT_HUMAN,A0A140VKA6_HUMAN
BGAT_HUMAN,E5RIK9_HUMAN
BGAT_HUMAN,A0A7I2V588_HUMAN
BGAT_HUMAN,CD5R2_HUMAN
BGAT_HUMAN,A0A1X7SBT5_HUMAN
BGAT_HUMAN,A0A286YFB6_HUMAN
BGAT_HUMAN,A0A2R8Y739_HUMAN
BGAT_HUMAN,A0A1W2PP47_HUMAN
BGAT_HUMAN,A0A4Y1JWQ0_HUMAN
BGAT_HUMAN,I3L0A0_HUMAN
BGAT_HUMAN,A0A286YFN2_HUMAN
BGAT_HUMAN,A0A7P0MKV3_HUMAN
BGAT_HUMAN,A0A7P0P2U7_HUMAN
BGAT_HUMAN,A0A8I5KQX5_HUMAN
BGAT_HUMAN,RT22_HUMAN
BGAT_HUMAN,A0A804HIH3_HUMAN
BGAT_HUMAN,A0A8I5KU89_HUMAN
BGAT_HUMAN,AVEN_HUMAN
BGAT_HUMAN,PPM1L_HUMAN
BGAT_HUMAN,A0A8I5KY88_HUMAN
BGAT_HUMAN,DNS2A_HUMAN
BGAT_HUMAN,B3KQH0_HUMAN
BGAT_HUMAN,ELAV2_HUMAN
BGAT_HUMAN,A8K340_HUMAN
BGAT_HUMAN,P2RY4_HUMAN
BGAT_HUMAN,A0N0Q1_HUMAN
BGAT_HUMAN,A2A3S3_HUMAN
BGAT_HUMAN,ACTL8_HUMAN
BGAT_HUMAN,B0QYY4_HUMAN
BGAT_HUMAN,A0A024R640_HUMAN
BGAT_HUMAN,C9JV77_HUMAN
BGAT_HUMAN,A8K058_HUMAN
BGAT_HUMAN,B2WTI4_HUMAN
BGAT_HUMAN,C9JW69_HUMAN
BGAT_HUMAN,ARK72_HUMAN
BGAT_HUMAN,CCYL1_HUMAN
BGAT_HUMAN,E5RFH6_HUMAN
BGAT_HUMAN,FBX28_HUMAN
BGAT_HUMAN,GPR78_HUMAN
BGAT_HUMAN,E7ETU5_HUMAN
BGAT_HUMAN,ADH6_HUMAN
BGAT_HUMAN,TLRN1_HUMAN
BGAT_HUMAN,GPR45_HUMAN
BGAT_HUMAN,GPR6_HUMAN
BGAT_HUMAN,CDK10_HUMAN
BGAT_HUMAN,LFTY1_HUMAN
BGAT_HUMAN,MSI1H_HUMAN
BGAT_HUMAN,PP1R7_HUMAN
BGAT_HUMAN,B7Z964_HUMAN
BGAT_HUMAN,D6REL5_HUMAN
BGAT_HUMAN,ELAV3_HUMAN
BGAT_HUMAN,CAAP1_HUMAN
BGAT_HUMAN,PRCA1_HUMAN
BGAT_HUMAN,J3KSS9_HUMAN
BGAT_HUMAN,H0YG38_HUMAN
BGAT_HUMAN,PRD12_HUMAN
BGAT_HUMAN,C9JZE3_HUMAN
BGAT_HUMAN,HAVR1_HUMAN
BGAT_HUMAN,FA81A_HUMAN
BGAT_HUMAN,DMRTD_HUMAN
BGAT_HUMAN,CAB45_HUMAN
BGAT_HUMAN,HS3S2_HUMAN
BGAT_HUMAN,GKAP1_HUMAN
BGAT_HUMAN,Q9P1W6_HUMAN
BGAT_HUMAN,FCRLA_HUMAN
BGAT_HUMAN,E9PJH8_HUMAN
BGAT_HUMAN,FBX25_HUMAN
BGAT_HUMAN,FCGRN_HUMAN
BGAT_HUMAN,RSAD2_HUMAN
BGAT_HUMAN,F8VX11_HUMAN
BGAT_HUMAN,SERC_HUMAN
BGAT_HUMAN,SIA8D_HUMAN
BGAT_HUMAN,MK11_HUMAN
BGAT_HUMAN,H0YEU6_HUMAN
BGAT_HUMAN,CXCR5_HUMAN
BGAT_HUMAN,GPR52_HUMAN
BGAT_HUMAN,GPR17_HUMAN
BGAT_HUMAN,H0YH81_HUMAN
BGAT_HUMAN,SH3G1_HUMAN
BGAT_HUMAN,H0YJA4_HUMAN
BGAT_HUMAN,LFG1_HUMAN
PON3_HUMAN,H7C1Y7_HUMAN
PON3_HUMAN,HRH2_HUMAN
PON3_HUMAN,KR106_HUMAN
PON3_HUMAN,MTNA_HUMAN
PON3_HUMAN,LUC7L_HUMAN
PON3_HUMAN,E5KN55_HUMAN
PON3_HUMAN,NKX23_HUMAN
PON3_HUMAN,L7RSM2_HUMAN
PON3_HUMAN,LPAR5_HUMAN
PON3_HUMAN,NDRG2_HUMAN
PON3_HUMAN,M0QXM4_HUMAN
PON3_HUMAN,LIAS_HUMAN
PON3_HUMAN,HEM3_HUMAN
PON3_HUMAN,P2RY8_HUMAN
PON3_HUMAN,A0A384N6B9_HUMAN
PON3_HUMAN,ISL2_HUMAN
PON3_HUMAN,KR107_HUMAN
PON3_HUMAN,PDLI3_HUMAN
PON3_HUMAN,LHX6_HUMAN
PON3_HUMAN,PD2R_HUMAN
PON3_HUMAN,RIC3_HUMAN
PON3_HUMAN,HACD3_HUMAN
PON3_HUMAN,LRC19_HUMAN
PON3_HUMAN,M0QYZ0_HUMAN
PON3_HUMAN,MFAP3_HUMAN
PON3_HUMAN,NKX61_HUMAN
PON3_HUMAN,RBM4B_HUMAN
PON3_HUMAN,E9PJP9_HUMAN
PON3_HUMAN,A0A087WZG9_HUMAN
PON3_HUMAN,F5H211_HUMAN
PON3_HUMAN,POPD2_HUMAN
PON3_HUMAN,NIPA2_HUMAN
PON3_HUMAN,PRLHR_HUMAN
PON3_HUMAN,A0A494C0T3_HUMAN
PON3_HUMAN,A0A7P0Z4A4_HUMAN
PON3_HUMAN,A0A1W2PRG3_HUMAN
PON3_HUMAN,RBM48_HUMAN
PON3_HUMAN,RTCA_HUMAN
PON3_HUMAN,CABP1_HUMAN
PON3_HUMAN,Q6FGM0_HUMAN
PON3_HUMAN,CYTIP_HUMAN
PON3_HUMAN,SSBP2_HUMAN
PON3_HUMAN,SEPT1_HUMAN
PON3_HUMAN,Q7LC14_HUMAN
PON3_HUMAN,TECRL_HUMAN
PON3_HUMAN,Q53QE7_HUMAN
PON3_HUMAN,F1DAL7_HUMAN
PON3_HUMAN,ZN830_HUMAN
PON3_HUMAN,PHF6_HUMAN
PON3_HUMAN,A0A7P0TB39_HUMAN
PON3_HUMAN,STAR7_HUMAN
PON3_HUMAN,A0A0S2Z381_HUMAN
PON3_HUMAN,A0A8C8L741_HUMAN
PON3_HUMAN,UBP46_HUMAN
PON3_HUMAN,RHBD2_HUMAN
PON3_HUMAN,B1B1I9_HUMAN
PON3_HUMAN,Q59FU8_HUMAN
PON3_HUMAN,MB211_HUMAN
PON3_HUMAN,A0A7P0T9H8_HUMAN
PON3_HUMAN,E9PJK2_HUMAN
PON3_HUMAN,A0A0C4DGA2_HUMAN
PON3_HUMAN,MAGAA_HUMAN
PON3_HUMAN,A0A2R8Y5W7_HUMAN
PON3_HUMAN,Q5T7F5_HUMAN
PON3_HUMAN,VSX1_HUMAN
PON3_HUMAN,SKAP2_HUMAN
PON3_HUMAN,ZNT8_HUMAN
PON3_HUMAN,A0A1B0GTD0_HUMAN
PON3_HUMAN,CDCA7_HUMAN
PON3_HUMAN,UBP12_HUMAN
PON3_HUMAN,S4R467_HUMAN
PON3_HUMAN,F10A1_HUMAN
PON3_HUMAN,A0A6Q8PF40_HUMAN
PON3_HUMAN,H0Y5H9_HUMAN
PON3_HUMAN,S35C2_HUMAN
PON3_HUMAN,E7ENJ6_HUMAN
PON3_HUMAN,GORAB_HUMAN
PON3_HUMAN,A0A7P0Z4B6_HUMAN
PON3_HUMAN,A0A087WX59_HUMAN
PON3_HUMAN,DCUP_HUMAN
PON3_HUMAN,SSR2_HUMAN
PON3_HUMAN,HMGC2_HUMAN
PON3_HUMAN,H0YLF2_HUMAN
PON3_HUMAN,K9J968_HUMAN
PON3_HUMAN,A0A804HL89_HUMAN
PON3_HUMAN,D2IYK3_HUMAN
PON3_HUMAN,CCD86_HUMAN
PON3_HUMAN,Q5LJA9_HUMAN
PON3_HUMAN,SNPC1_HUMAN
PON3_HUMAN,ATAD1_HUMAN
PON3_HUMAN,K7EMX4_HUMAN
PON3_HUMAN,POPD1_HUMAN
PON3_HUMAN,IL2RG_HUMAN
PON3_HUMAN,COQ2_HUMAN
PON3_HUMAN,MYCL_HUMAN
PON3_HUMAN,SURF6_HUMAN
PON3_HUMAN,C1GLT_HUMAN
PON3_HUMAN,EPHX3_HUMAN
PON3_HUMAN,P5F1B_HUMAN
PON3_HUMAN,Q9UMW6_HUMAN
PON2_HUMAN,COQ3_HUMAN
PON2_HUMAN,G5E9Y7_HUMAN
PON2_HUMAN,CRLF2_HUMAN
PON2_HUMAN,DRG2_HUMAN
PON2_HUMAN,M0QZ28_HUMAN
PON2_HUMAN,A0A7I2V4X5_HUMAN
PON2_HUMAN,A0A384P5D7_HUMAN
PON2_HUMAN,B4DZS0_HUMAN
PON2_HUMAN,CCDB1_HUMAN
PON2_HUMAN,GMPPB_HUMAN
PON2_HUMAN,A0A0A0MTP0_HUMAN
PON2_HUMAN,S35F6_HUMAN
PON2_HUMAN,LGAT1_HUMAN
PON2_HUMAN,LYAM1_HUMAN
PON2_HUMAN,SEPT2_HUMAN
PON2_HUMAN,F5H442_HUMAN
PON2_HUMAN,LPAR4_HUMAN
PON2_HUMAN,CCR10_HUMAN
PON2_HUMAN,EXOG_HUMAN
PON2_HUMAN,B4GT2_HUMAN
PON2_HUMAN,FA2H_HUMAN
PON2_HUMAN,A0A384N6H6_HUMAN
PON2_HUMAN,A0A0A0MRK1_HUMAN
PON2_HUMAN,F8W6A0_HUMAN
PON2_HUMAN,A0A140VJU5_HUMAN
PON2_HUMAN,A0A0D9SGE8_HUMAN
PON2_HUMAN,H0Y630_HUMAN
PON2_HUMAN,SSR5_HUMAN
PON2_HUMAN,A0A384MDR8_HUMAN
PON2_HUMAN,B4DSN5_HUMAN
PON2_HUMAN,F110B_HUMAN
PON2_HUMAN,H0Y7P7_HUMAN
PON2_HUMAN,D6RB81_HUMAN
PON2_HUMAN,A0A384MDM5_HUMAN
PON2_HUMAN,IST1_HUMAN
PON2_HUMAN,TMOD1_HUMAN
PON2_HUMAN,DCX_HUMAN
PON2_HUMAN,V9HWA2_HUMAN
PON2_HUMAN,WNT9A_HUMAN
PON2_HUMAN,H0Y5J4_HUMAN
PON2_HUMAN,5HT1E_HUMAN
PON2_HUMAN,RAE1L_HUMAN
PON2_HUMAN,E9PIC8_HUMAN
PON2_HUMAN,HCAR2_HUMAN
PON2_HUMAN,HAP40_HUMAN
PON2_HUMAN,Q1HBJ4_HUMAN
PON2_HUMAN,IMPA3_HUMAN
PON2_HUMAN,TYY2_HUMAN
PON2_HUMAN,CAVN4_HUMAN
PON2_HUMAN,MB212_HUMAN
PON2_HUMAN,PRR11_HUMAN
PON2_HUMAN,5HT1F_HUMAN
PON2_HUMAN,Q7Z3H1_HUMAN
PON2_HUMAN,Q5ST81_HUMAN
PON2_HUMAN,FUT6_HUMAN
PON2_HUMAN,S2539_HUMAN
PON2_HUMAN,FIBP_HUMAN
PON2_HUMAN,CXAR_HUMAN
PON2_HUMAN,UBP18_HUMAN
PON2_HUMAN,PCY1A_HUMAN
PON2_HUMAN,QPCT_HUMAN
PON2_HUMAN,3BHS2_HUMAN
PON2_HUMAN,WNT6_HUMAN
PON2_HUMAN,TM129_HUMAN
PON2_HUMAN,GPR85_HUMAN
PON2_HUMAN,B3GN3_HUMAN
PON2_HUMAN,Q53PC4_HUMAN
PON2_HUMAN,PCY1B_HUMAN
PON2_HUMAN,GPR4_HUMAN
PON2_HUMAN,HAOX1_HUMAN
PON2_HUMAN,ANKR2_HUMAN
PON2_HUMAN,PDIP2_HUMAN
PON2_HUMAN,PTN7_HUMAN
PON2_HUMAN,TOM40_HUMAN
PON2_HUMAN,LTMD1_HUMAN
PON2_HUMAN,HLAH_HUMAN
PON2_HUMAN,SYWM_HUMAN
PON2_HUMAN,GMDS_HUMAN
PON2_HUMAN,ALDOC_HUMAN
PON2_HUMAN,SETD7_HUMAN
PON2_HUMAN,APOA5_HUMAN
PON2_HUMAN,ADPRS_HUMAN
PON2_HUMAN,SGT1_HUMAN
PON2_HUMAN,KLF8_HUMAN
PON2_HUMAN,YBOX2_HUMAN
PON2_HUMAN,Q8TBM3_HUMAN
PON2_HUMAN,S25A3_HUMAN
PON2_HUMAN,ARC1B_HUMAN
PON2_HUMAN,PARVB_HUMAN
PON2_HUMAN,RNZ1_HUMAN
PON2_HUMAN,RABEK_HUMAN
PON2_HUMAN,ATCAY_HUMAN
PON2_HUMAN,FUT3_HUMAN
PON2_HUMAN,ARC1A_HUMAN
PON2_HUMAN,PDGFD_HUMAN
PON2_HUMAN,SPN1_HUMAN
PON2_HUMAN,RD23A_HUMAN
PON2_HUMAN,PF2R_HUMAN
PON2_HUMAN,KPRB_HUMAN
PON2_HUMAN,ZNF24_HUMAN
AL7A1_HUMAN,ABI2_HUMAN
AL7A1_HUMAN,MMP27_HUMAN
AL7A1_HUMAN,G3V5S2_HUMAN
AL7A1_HUMAN,A0A7P0T9A7_HUMAN
AL7A1_HUMAN,C102B_HUMAN
AL7A1_HUMAN,S41A1_HUMAN
AL7A1_HUMAN,Q5W015_HUMAN
AL7A1_HUMAN,A0A7D9NKC8_HUMAN
AL7A1_HUMAN,A0A1U9X8R9_HUMAN
AL7A1_HUMAN,DMP1_HUMAN
AL7A1_HUMAN,A0A804HL17_HUMAN
AL7A1_HUMAN,ZN395_HUMAN
AL7A1_HUMAN,BMP6_HUMAN
AL7A1_HUMAN,COX1_HUMAN
AL7A1_HUMAN,VNN1_HUMAN
AL7A1_HUMAN,KRT82_HUMAN
AL7A1_HUMAN,BT3A1_HUMAN
AL7A1_HUMAN,SMU1_HUMAN
AL7A1_HUMAN,VATB1_HUMAN
AL7A1_HUMAN,AVR2A_HUMAN
AL7A1_HUMAN,TRI27_HUMAN
AL7A1_HUMAN,KCNG1_HUMAN
AL7A1_HUMAN,KLF4_HUMAN
AL7A1_HUMAN,KAT5_HUMAN
AL7A1_HUMAN,ZCHC4_HUMAN
VP37C_HUMAN,CCD34_HUMAN
VP37C_HUMAN,CREB3_HUMAN
VP37C_HUMAN,GP173_HUMAN
VP37C_HUMAN,A0A2R8Y5U5_HUMAN
VP37C_HUMAN,A0A804CD06_HUMAN
VP37C_HUMAN,A0A7P0TBI0_HUMAN
VP37C_HUMAN,HYKK_HUMAN
VP37C_HUMAN,MBNL2_HUMAN
VP37C_HUMAN,A0A8I5KV27_HUMAN
VP37C_HUMAN,Q5T4K5_HUMAN
VP37C_HUMAN,RASF7_HUMAN
VP37C_HUMAN,TPRA1_HUMAN
VP37C_HUMAN,ZDH20_HUMAN
VP37C_HUMAN,A0A3B3ISA7_HUMAN
VP37C_HUMAN,WNT5B_HUMAN
VP37C_HUMAN,SAMN1_HUMAN
VP37C_HUMAN,LDB2_HUMAN
VP37C_HUMAN,A0A384NPZ7_HUMAN
VP37C_HUMAN,MAF_HUMAN
VP37C_HUMAN,CCR9_HUMAN
VP37C_HUMAN,CEP41_HUMAN
VP37C_HUMAN,SCD_HUMAN
VP37C_HUMAN,LIPT_HUMAN
VP37C_HUMAN,NFE2_HUMAN
VP37C_HUMAN,FBLI1_HUMAN
VP37C_HUMAN,PEX3_HUMAN
VP37C_HUMAN,NSDHL_HUMAN
VP37C_HUMAN,SKAP1_HUMAN
VP37C_HUMAN,DMRT1_HUMAN
VP37C_HUMAN,MK12_HUMAN
VP37C_HUMAN,RCL1_HUMAN
VP37C_HUMAN,NAAA_HUMAN
VP37C_HUMAN,FOXH1_HUMAN
VP37C_HUMAN,HAUS4_HUMAN
VP37C_HUMAN,SEPT5_HUMAN
VP37C_HUMAN,MEF2B_HUMAN
VP37C_HUMAN,5NT1A_HUMAN
VP37C_HUMAN,EXO5_HUMAN
VP37C_HUMAN,SMS2_HUMAN
VP37C_HUMAN,ABI3_HUMAN
VP37C_HUMAN,3BHS1_HUMAN
VP37C_HUMAN,A0A087WWU1_HUMAN
VP37C_HUMAN,STN1_HUMAN
VP37C_HUMAN,FUCT1_HUMAN
VP37C_HUMAN,RNF32_HUMAN
VP37C_HUMAN,LFTY2_HUMAN
VP37C_HUMAN,FSP1_HUMAN
VP37C_HUMAN,DRG1_HUMAN
VP37C_HUMAN,PLCE_HUMAN
VP37C_HUMAN,KCAB2_HUMAN
VP37C_HUMAN,GPR15_HUMAN
VP37C_HUMAN,NSF1C_HUMAN
VP37C_HUMAN,CNTFR_HUMAN
VP37C_HUMAN,PANK3_HUMAN
VP37C_HUMAN,NPSR1_HUMAN
VP37C_HUMAN,NAA30_HUMAN
VP37C_HUMAN,DCD2C_HUMAN
VP37C_HUMAN,PAR6B_HUMAN
VP37C_HUMAN,HLAC_HUMAN
VP37C_HUMAN,PGS1_HUMAN
VP37C_HUMAN,ELF3_HUMAN
VP37C_HUMAN,SGK2_HUMAN
VP37C_HUMAN,OPRX_HUMAN
VP37C_HUMAN,PO3F4_HUMAN
VP37C_HUMAN,CCN4_HUMAN
VP37C_HUMAN,TEFM_HUMAN
VP37C_HUMAN,ROA1_HUMAN
VP37C_HUMAN,OPSG_HUMAN
VP37C_HUMAN,3BHS7_HUMAN
VP37C_HUMAN,C2C4A_HUMAN
VP37C_HUMAN,ST17B_HUMAN
VP37C_HUMAN,ARFP1_HUMAN
VP37C_HUMAN,TM198_HUMAN
VP37C_HUMAN,CCR4_HUMAN
VP37C_HUMAN,FFAR4_HUMAN
VP37C_HUMAN,TPST1_HUMAN
VP37C_HUMAN,OPRD_HUMAN
VP37C_HUMAN,V2R_HUMAN
VP37C_HUMAN,RFC4_HUMAN
VP37C_HUMAN,RBM4_HUMAN
VP37C_HUMAN,PGRP4_HUMAN
VP37C_HUMAN,ZNT2_HUMAN
VP37C_HUMAN,ODPB_HUMAN
VP37C_HUMAN,S39AD_HUMAN
VP37C_HUMAN,VSX2_HUMAN
VP37C_HUMAN,TYDP2_HUMAN
VP37C_HUMAN,HEXI1_HUMAN
VP37C_HUMAN,CC50A_HUMAN
VP37C_HUMAN,KCC1A_HUMAN
VP37C_HUMAN,WNT1_HUMAN
VP37C_HUMAN,LPAR1_HUMAN
VP37C_HUMAN,TRAM2_HUMAN
VP37C_HUMAN,RFFL_HUMAN
VP37C_HUMAN,FOXE1_HUMAN
VP37C_HUMAN,VPS72_HUMAN
VP37C_HUMAN,CXCR3_HUMAN
VP37C_HUMAN,SEH1_HUMAN
VP37C_HUMAN,GNA11_HUMAN
VP37C_HUMAN,ST2B1_HUMAN
VP37C_HUMAN,HPDL_HUMAN
HNRPD_HUMAN,CD33_HUMAN
HNRPD_HUMAN,CXCR2_HUMAN
HNRPD_HUMAN,GPR62_HUMAN
HNRPD_HUMAN,ALDOA_HUMAN
HNRPD_HUMAN,P2RY1_HUMAN
HNRPD_HUMAN,PPID_HUMAN
HNRPD_HUMAN,PSRC1_HUMAN
HNRPD_HUMAN,MO4L1_HUMAN
HNRPD_HUMAN,FETUA_HUMAN
HNRPD_HUMAN,VASH1_HUMAN
HNRPD_HUMAN,PARVA_HUMAN
HNRPD_HUMAN,MET18_HUMAN
HNRPD_HUMAN,ALDOB_HUMAN
HNRPD_HUMAN,ZN589_HUMAN
HNRPD_HUMAN,LSM11_HUMAN
HNRPD_HUMAN,CNR2_HUMAN
HNRPD_HUMAN,MK01_HUMAN
HNRPD_HUMAN,GDF3_HUMAN
HNRPD_HUMAN,ZDHC9_HUMAN
HNRPD_HUMAN,PCBP2_HUMAN
HNRPD_HUMAN,GNAQ_HUMAN
HNRPD_HUMAN,CD72_HUMAN
HNRPD_HUMAN,TRIB1_HUMAN
HNRPD_HUMAN,TRBP2_HUMAN
HNRPD_HUMAN,CML1_HUMAN
HNRPD_HUMAN,RPP40_HUMAN
HNRPD_HUMAN,CTNS_HUMAN
HNRPD_HUMAN,ZDHC2_HUMAN
HNRPD_HUMAN,AGTR2_HUMAN
HNRPD_HUMAN,STAC3_HUMAN
HNRPD_HUMAN,OPSR_HUMAN
HNRPD_HUMAN,INHA_HUMAN
HNRPD_HUMAN,RN146_HUMAN
HNRPD_HUMAN,HLAB_HUMAN
HNRPD_HUMAN,SHLB1_HUMAN
HNRPD_HUMAN,SIAS_HUMAN
HNRPD_HUMAN,PO5F1_HUMAN
HNRPD_HUMAN,HPBP1_HUMAN
HNRPD_HUMAN,ACKR3_HUMAN
HNRPD_HUMAN,TF3A_HUMAN
HNRPD_HUMAN,FUT9_HUMAN
HNRPD_HUMAN,PGS2_HUMAN
HNRPD_HUMAN,GRL1A_HUMAN
HNRPD_HUMAN,WNT2_HUMAN
HNRPD_HUMAN,BOP_HUMAN
HNRPD_HUMAN,BHMT2_HUMAN
HNRPD_HUMAN,SPSY_HUMAN
HNRPD_HUMAN,FUT1_HUMAN
HNRPD_HUMAN,H2AY_HUMAN
HNRPD_HUMAN,WNT16_HUMAN
HNRPD_HUMAN,GP183_HUMAN
HNRPD_HUMAN,DUS1_HUMAN
HNRPD_HUMAN,GPR68_HUMAN
HNRPD_HUMAN,KLF1_HUMAN
HNRPD_HUMAN,NKX21_HUMAN
HNRPD_HUMAN,AGTR1_HUMAN
HNRPD_HUMAN,MK14_HUMAN
HNRPD_HUMAN,ADA_HUMAN
HNRPD_HUMAN,C2C4B_HUMAN
HNRPD_HUMAN,WIPI4_HUMAN
HNRPD_HUMAN,DAPK2_HUMAN
HNRPD_HUMAN,S35G1_HUMAN
HNRPD_HUMAN,DHYS_HUMAN
HNRPD_HUMAN,MAGC2_HUMAN
HNRPD_HUMAN,GALR3_HUMAN
HNRPD_HUMAN,ATX3_HUMAN
HNRPD_HUMAN,IDH3A_HUMAN
HNRPD_HUMAN,RRS1_HUMAN
HNRPD_HUMAN,MCUR1_HUMAN
HNRPD_HUMAN,H2AW_HUMAN
HNRPD_HUMAN,GHSR_HUMAN
HNRPD_HUMAN,ANM1_HUMAN
HNRPD_HUMAN,MECR_HUMAN
HNRPD_HUMAN,PEX12_HUMAN
HNRPD_HUMAN,HLAA_HUMAN
HNRPD_HUMAN,CACL1_HUMAN
HNRPD_HUMAN,RNF34_HUMAN
HNRPD_HUMAN,GLNA_HUMAN
HNRPD_HUMAN,CDK9_HUMAN
HNRPD_HUMAN,ZMY12_HUMAN
HNRPD_HUMAN,PRR5L_HUMAN
HNRPD_HUMAN,LMCD1_HUMAN
HNRPD_HUMAN,MTR1B_HUMAN
HNRPD_HUMAN,TSSK1_HUMAN
HNRPD_HUMAN,ABC3F_HUMAN
HNRPD_HUMAN,YBOX3_HUMAN
HNRPD_HUMAN,CLMP_HUMAN
HNRPD_HUMAN,HOME3_HUMAN
HNRPD_HUMAN,PPM1K_HUMAN
HNRPD_HUMAN,NUDC3_HUMAN
ABD12_HUMAN,ANR61_HUMAN
ABD12_HUMAN,FCMR_HUMAN
ABD12_HUMAN,TEKT1_HUMAN
ABD12_HUMAN,E9PR89_HUMAN
ABD12_HUMAN,ZN114_HUMAN
ABD12_HUMAN,CASQ1_HUMAN
ABD12_HUMAN,H3BNH2_HUMAN
ABD12_HUMAN,ODPA_HUMAN
ABD12_HUMAN,A0A087X1B1_HUMAN
ABD12_HUMAN,A0A8I5KZ67_HUMAN
ABD12_HUMAN,KCJ16_HUMAN
ABD12_HUMAN,MITOK_HUMAN
ABD12_HUMAN,E9KL23_HUMAN
ABD12_HUMAN,AP3M1_HUMAN
ABD12_HUMAN,RASF5_HUMAN
ABD12_HUMAN,APMAP_HUMAN
ABD12_HUMAN,E9PKH5_HUMAN
ABD12_HUMAN,CENPU_HUMAN
ABD12_HUMAN,SOX17_HUMAN
ABD12_HUMAN,NECA3_HUMAN
ABD12_HUMAN,AP3M2_HUMAN
ABD12_HUMAN,SPRE2_HUMAN
ABD12_HUMAN,TPC13_HUMAN
ABD12_HUMAN,A0A3B3ITD0_HUMAN
ABD12_HUMAN,H0Y3Z3_HUMAN
ABD12_HUMAN,ARP10_HUMAN
ABD12_HUMAN,SIAT9_HUMAN
ABD12_HUMAN,A0A7P0T862_HUMAN
ABD12_HUMAN,B4GT1_HUMAN
ABD12_HUMAN,E9PKM0_HUMAN
ABD12_HUMAN,PAI1_HUMAN
ABD12_HUMAN,A0A8I5KYB4_HUMAN
ABD12_HUMAN,A0A0S2Z5P3_HUMAN
ABD12_HUMAN,A8K2M0_HUMAN
ABD12_HUMAN,J3KQ32_HUMAN
ABD12_HUMAN,J3QQV2_HUMAN
ABD12_HUMAN,Q5JPU2_HUMAN
ABD12_HUMAN,FXL14_HUMAN
ABD12_HUMAN,K7EPZ6_HUMAN
ABD12_HUMAN,B1APR7_HUMAN
ABD12_HUMAN,CEPT1_HUMAN
ABD12_HUMAN,A0A5F9ZHU3_HUMAN
ABD12_HUMAN,A0A0S2Z5Z2_HUMAN
ABD12_HUMAN,PPIP1_HUMAN
ABD12_HUMAN,HSDL2_HUMAN
ABD12_HUMAN,V1AR_HUMAN
ABD12_HUMAN,TM11D_HUMAN
ABD12_HUMAN,ALG2_HUMAN
ABD12_HUMAN,PRS6B_HUMAN
ABD12_HUMAN,FDFT_HUMAN
ABD12_HUMAN,A0A0A0MRA9_HUMAN
ABD12_HUMAN,A0A0A0MRI2_HUMAN
ABD12_HUMAN,JMJD4_HUMAN
ABD12_HUMAN,A1AT_HUMAN
ABD12_HUMAN,TNR25_HUMAN
ABD12_HUMAN,FA47E_HUMAN
ABD12_HUMAN,C9JG97_HUMAN
ABD12_HUMAN,UR2R_HUMAN
ABD12_HUMAN,E9PQC4_HUMAN
ABD12_HUMAN,QTRT2_HUMAN
ABD12_HUMAN,KAP3_HUMAN
ABD12_HUMAN,ERG24_HUMAN
ABD12_HUMAN,PP4R2_HUMAN
ABD12_HUMAN,KC1G2_HUMAN
ABD12_HUMAN,SSR3_HUMAN
ABD12_HUMAN,PTN2_HUMAN
ABD12_HUMAN,PAI2_HUMAN
ABD12_HUMAN,TRAF1_HUMAN
ABD12_HUMAN,NPRL2_HUMAN
ABD12_HUMAN,IGHA1_HUMAN
ABD12_HUMAN,KLF15_HUMAN
ABD12_HUMAN,GSDMB_HUMAN
ABD12_HUMAN,K1H1_HUMAN
ABD12_HUMAN,A0A0S2Z5H7_HUMAN
ABD12_HUMAN,NPY2R_HUMAN
ABD12_HUMAN,BAAT_HUMAN
ABD12_HUMAN,PTX3_HUMAN
ABD12_HUMAN,IPMK_HUMAN
ABD12_HUMAN,SERPH_HUMAN
ABD12_HUMAN,DUS6_HUMAN
ABD12_HUMAN,ANS4B_HUMAN
ABD12_HUMAN,LYOX_HUMAN
ABD12_HUMAN,LAMP3_HUMAN
ABD12_HUMAN,PVR_HUMAN
ABD12_HUMAN,RUNX3_HUMAN
ABD12_HUMAN,TOR3A_HUMAN
ABD12_HUMAN,Q5SQY0_HUMAN
ABD12_HUMAN,NK1R_HUMAN
ABD12_HUMAN,PICK1_HUMAN
ABD12_HUMAN,NTR1_HUMAN
ABD12_HUMAN,UST_HUMAN
ABD12_HUMAN,STK26_HUMAN
ABD12_HUMAN,STRAB_HUMAN
ABD12_HUMAN,SPPL3_HUMAN
ABD12_HUMAN,PCOC2_HUMAN
ABD12_HUMAN,IF_HUMAN
ABD12_HUMAN,ASAH1_HUMAN
ABD12_HUMAN,WNT5A_HUMAN
ABD12_HUMAN,A0A0S2Z5M0_HUMAN
ABD12_HUMAN,RD23B_HUMAN
P53_HUMAN,ARI3C_HUMAN
P53_HUMAN,FANCF_HUMAN
P53_HUMAN,A0A0C4DGR2_HUMAN
P53_HUMAN,A0A2R8YFU2_HUMAN
P53_HUMAN,A0A7P0T932_HUMAN
P53_HUMAN,A0A8I5KVL5_HUMAN
P53_HUMAN,CBPO_HUMAN
P53_HUMAN,FBXL8_HUMAN
P53_HUMAN,A3KME0_HUMAN
P53_HUMAN,H1UBN3_HUMAN
P53_HUMAN,A0A087X1E4_HUMAN
P53_HUMAN,PBX4_HUMAN
P53_HUMAN,J3KPS0_HUMAN
P53_HUMAN,A0A0C4DG85_HUMAN
P53_HUMAN,CHID1_HUMAN
P53_HUMAN,AURKA_HUMAN
P53_HUMAN,SIA7B_HUMAN
P53_HUMAN,PISD_HUMAN
P53_HUMAN,HIBCH_HUMAN
P53_HUMAN,G3V2I3_HUMAN
P53_HUMAN,CCR7_HUMAN
P53_HUMAN,H3BS72_HUMAN
P53_HUMAN,SPB4_HUMAN
P53_HUMAN,GPN1_HUMAN
P53_HUMAN,A0A0A0MR93_HUMAN
P53_HUMAN,E7EPI8_HUMAN
P53_HUMAN,M0QYM7_HUMAN
P53_HUMAN,OPRM_HUMAN
P53_HUMAN,H0Y449_HUMAN
P53_HUMAN,EIF3M_HUMAN
P53_HUMAN,F5H1S9_HUMAN
P53_HUMAN,Q53RZ9_HUMAN
P53_HUMAN,FUT5_HUMAN
P53_HUMAN,G3V4X8_HUMAN
P53_HUMAN,TRAM1_HUMAN
P53_HUMAN,A0A0A0MQW3_HUMAN
P53_HUMAN,ADAP1_HUMAN
P53_HUMAN,RRAGB_HUMAN
P53_HUMAN,IRF9_HUMAN
P53_HUMAN,CCR6_HUMAN
P53_HUMAN,MP2K4_HUMAN
P53_HUMAN,MNDA_HUMAN
P53_HUMAN,TF2AA_HUMAN
P53_HUMAN,TIAR_HUMAN
P53_HUMAN,ELL3_HUMAN
P53_HUMAN,BHE40_HUMAN
P53_HUMAN,IF4A2_HUMAN
P53_HUMAN,FEN1_HUMAN
P53_HUMAN,SPP_HUMAN
P53_HUMAN,GFRAL_HUMAN
P53_HUMAN,WBP4_HUMAN
P53_HUMAN,PAAF1_HUMAN
P53_HUMAN,CCNE2_HUMAN
P53_HUMAN,DNJA4_HUMAN
P53_HUMAN,SPOP_HUMAN
P53_HUMAN,SUV91_HUMAN
P53_HUMAN,ACY1_HUMAN
P53_HUMAN,DDI2_HUMAN
P53_HUMAN,EVX1_HUMAN
P53_HUMAN,FOXF1_HUMAN
P53_HUMAN,5HT1B_HUMAN
P53_HUMAN,ODBB_HUMAN
P53_HUMAN,DLP1_HUMAN
P53_HUMAN,CRTAP_HUMAN
P53_HUMAN,NHLC1_HUMAN
P53_HUMAN,AA2AR_HUMAN
P53_HUMAN,SPB13_HUMAN
P53_HUMAN,SPB9_HUMAN
P53_HUMAN,ACTB_HUMAN
P53_HUMAN,FNTA_HUMAN
P53_HUMAN,VRK1_HUMAN
P53_HUMAN,TFDP3_HUMAN
P53_HUMAN,CATD_HUMAN
P53_HUMAN,GP143_HUMAN
P53_HUMAN,NDUA9_HUMAN
P53_HUMAN,MP2K2_HUMAN
P53_HUMAN,PDK2_HUMAN
P53_HUMAN,OXER1_HUMAN
P53_HUMAN,PE2R1_HUMAN
P53_HUMAN,NPY4R_HUMAN
P53_HUMAN,H6ST1_HUMAN
P53_HUMAN,CERS3_HUMAN
P53_HUMAN,DDI1_HUMAN
P53_HUMAN,PTEN_HUMAN
P53_HUMAN,PPME1_HUMAN
P53_HUMAN,TDG_HUMAN
P53_HUMAN,PAFA2_HUMAN
P53_HUMAN,NSE4A_HUMAN
P53_HUMAN,ARP2_HUMAN
P53_HUMAN,P2Y11_HUMAN
P53_HUMAN,CCN1_HUMAN
P53_HUMAN,PGFRL_HUMAN
P53_HUMAN,IGHA2_HUMAN
P53_HUMAN,SIAT6_HUMAN
P53_HUMAN,RM38_HUMAN
P53_HUMAN,ENDOU_HUMAN
P53_HUMAN,TXNIP_HUMAN
P53_HUMAN,SUMF1_HUMAN
P53_HUMAN,KAP0_HUMAN
P53_HUMAN,MICB_HUMAN
B4GT1_HUMAN,ACTL9_HUMAN
B4GT1_HUMAN,MMAA_HUMAN
B4GT1_HUMAN,PEDF_HUMAN
B4GT1_HUMAN,SCRN1_HUMAN
B4GT1_HUMAN,MTEF3_HUMAN
B4GT1_HUMAN,KDM8_HUMAN
B4GT1_HUMAN,ABRX2_HUMAN
B4GT1_HUMAN,KC1D_HUMAN
B4GT1_HUMAN,SPHK1_HUMAN
B4GT1_HUMAN,ERGI3_HUMAN
B4GT1_HUMAN,OPRK_HUMAN
B4GT1_HUMAN,RT27_HUMAN
B4GT1_HUMAN,PELI1_HUMAN
B4GT1_HUMAN,PELO_HUMAN
B4GT1_HUMAN,PI42B_HUMAN
B4GT1_HUMAN,RAD52_HUMAN
B4GT1_HUMAN,PPAP_HUMAN
B4GT1_HUMAN,WN10A_HUMAN
B4GT1_HUMAN,SSXT_HUMAN
B4GT1_HUMAN,HHLA2_HUMAN
B4GT1_HUMAN,LA_HUMAN
B4GT1_HUMAN,CASP9_HUMAN
B4GT1_HUMAN,G137B_HUMAN
B4GT1_HUMAN,IDH3G_HUMAN
B4GT1_HUMAN,VMP1_HUMAN
B4GT1_HUMAN,S2546_HUMAN
B4GT1_HUMAN,KCMF1_HUMAN
B4GT1_HUMAN,ST17A_HUMAN
B4GT1_HUMAN,SKA3_HUMAN
B4GT1_HUMAN,THIM_HUMAN
B4GT1_HUMAN,TBC20_HUMAN
B4GT1_HUMAN,MTEF1_HUMAN
B4GT1_HUMAN,TM10C_HUMAN
B4GT1_HUMAN,SIAT1_HUMAN
B4GT1_HUMAN,KCNK3_HUMAN
B4GT1_HUMAN,KCNK4_HUMAN
B4GT1_HUMAN,ING3_HUMAN
B4GT1_HUMAN,KAP1_HUMAN
B4GT1_HUMAN,ANM8_HUMAN
B4GT1_HUMAN,ALKB5_HUMAN
B4GT1_HUMAN,PGLT1_HUMAN
B4GT1_HUMAN,S35G2_HUMAN
B4GT1_HUMAN,ESAM_HUMAN
B4GT1_HUMAN,PARL_HUMAN
B4GT1_HUMAN,LANC1_HUMAN
B4GT1_HUMAN,CXA1_HUMAN
B4GT1_HUMAN,LEF1_HUMAN
B4GT1_HUMAN,TIA1_HUMAN
B4GT1_HUMAN,CALR_HUMAN
B4GT1_HUMAN,KCC1D_HUMAN
B4GT1_HUMAN,KCNKD_HUMAN
B4GT1_HUMAN,PSPB_HUMAN
B4GT1_HUMAN,GATA5_HUMAN
B4GT1_HUMAN,NK2R_HUMAN
B4GT1_HUMAN,MTEF4_HUMAN
B4GT1_HUMAN,P5I13_HUMAN
B4GT1_HUMAN,SAMD8_HUMAN
B4GT1_HUMAN,CCBE1_HUMAN
B4GT1_HUMAN,GDN_HUMAN
B4GT1_HUMAN,PEX13_HUMAN
B4GT1_HUMAN,GNB5_HUMAN
B4GT1_HUMAN,RRAGC_HUMAN
B4GT1_HUMAN,PKHA1_HUMAN
B4GT1_HUMAN,PI42A_HUMAN
B4GT1_HUMAN,MAP11_HUMAN
B4GT1_HUMAN,IF4A3_HUMAN
B4GT1_HUMAN,R3GEF_HUMAN
B4GT1_HUMAN,ZACN_HUMAN
B4GT1_HUMAN,MET15_HUMAN
B4GT1_HUMAN,DCC1_HUMAN
B4GT1_HUMAN,CLIC5_HUMAN
B4GT1_HUMAN,ADRB2_HUMAN
B4GT1_HUMAN,KMT5A_HUMAN
B4GT1_HUMAN,DPTOR_HUMAN
B4GT1_HUMAN,SEC12_HUMAN
B4GT1_HUMAN,RBMX_HUMAN
B4GT1_HUMAN,PO4F2_HUMAN
B4GT1_HUMAN,MVD1_HUMAN
B4GT1_HUMAN,WN10B_HUMAN
B4GT1_HUMAN,WNT2B_HUMAN
B4GT1_HUMAN,OTUD3_HUMAN
B4GT1_HUMAN,CSK23_HUMAN
B4GT1_HUMAN,ARP3_HUMAN
B4GT1_HUMAN,LEUK_HUMAN
B4GT1_HUMAN,NKAP_HUMAN
B4GT1_HUMAN,KC1E_HUMAN
B4GT1_HUMAN,GALK1_HUMAN
B4GT1_HUMAN,PAR4_HUMAN
B4GT1_HUMAN,BCKD_HUMAN
B4GT1_HUMAN,CCNE1_HUMAN
B4GT1_HUMAN,SIR2_HUMAN
B4GT1_HUMAN,CD209_HUMAN
B4GT1_HUMAN,GALT_HUMAN
B4GT1_HUMAN,NCK2_HUMAN
B4GT1_HUMAN,FL2D_HUMAN
B4GT1_HUMAN,ST65G_HUMAN
B4GT1_HUMAN,TADBP_HUMAN
B4GT1_HUMAN,LAMP2_HUMAN
B4GT1_HUMAN,CRTAM_HUMAN
B4GT1_HUMAN,ILEU_HUMAN
B4GT3_HUMAN,PAR3_HUMAN
B4GT3_HUMAN,DUX4C_HUMAN
B4GT3_HUMAN,SMCE1_HUMAN
B4GT3_HUMAN,KI2L4_HUMAN
B4GT3_HUMAN,B3GN5_HUMAN
B4GT3_HUMAN,GPER1_HUMAN
B4GT3_HUMAN,KIF25_HUMAN
B4GT3_HUMAN,MUC7_HUMAN
B4GT3_HUMAN,AUP1_HUMAN
B4GT3_HUMAN,BABA2_HUMAN
B4GT3_HUMAN,PAQR1_HUMAN
B4GT3_HUMAN,ZDHC6_HUMAN
B4GT3_HUMAN,BASI_HUMAN
B4GT3_HUMAN,HDAC8_HUMAN
B4GT3_HUMAN,KCNK9_HUMAN
B4GT3_HUMAN,MICA_HUMAN
B4GT3_HUMAN,ALKB1_HUMAN
B4GT3_HUMAN,FOS_HUMAN
B4GT3_HUMAN,CD14_HUMAN
B4GT3_HUMAN,RT4I1_HUMAN
B4GT3_HUMAN,GDF8_HUMAN
B4GT3_HUMAN,UBA5_HUMAN
B4GT3_HUMAN,PHKG2_HUMAN
B4GT3_HUMAN,CCR2_HUMAN
B4GT3_HUMAN,PPM1A_HUMAN
B4GT3_HUMAN,RUSD4_HUMAN
B4GT3_HUMAN,NR2E3_HUMAN
B4GT3_HUMAN,KIME_HUMAN
B4GT3_HUMAN,PEX14_HUMAN
B4GT3_HUMAN,IHH_HUMAN
B4GT3_HUMAN,EGR3_HUMAN
B4GT3_HUMAN,CEGT_HUMAN
B4GT3_HUMAN,NTR2_HUMAN
B4GT3_HUMAN,VPS36_HUMAN
B4GT3_HUMAN,PDK3_HUMAN
B4GT3_HUMAN,HME1_HUMAN
B4GT3_HUMAN,O43898_HUMAN
B4GT3_HUMAN,CH3L1_HUMAN
B4GT3_HUMAN,P53_HUMAN
B4GT3_HUMAN,TBRG1_HUMAN
B4GT3_HUMAN,TTL_HUMAN
B4GT3_HUMAN,HPPD_HUMAN
B4GT3_HUMAN,SUV92_HUMAN
B4GT3_HUMAN,ADH4_HUMAN
B4GT3_HUMAN,FCGR1_HUMAN
B4GT3_HUMAN,OXYR_HUMAN
B4GT3_HUMAN,XXLT1_HUMAN
B4GT3_HUMAN,BODG_HUMAN
B4GT3_HUMAN,GNAS2_HUMAN
B4GT3_HUMAN,SOX18_HUMAN
B4GT3_HUMAN,SNX6_HUMAN
B4GT3_HUMAN,CSK21_HUMAN
B4GT3_HUMAN,LHX3_HUMAN
B4GT3_HUMAN,RIR2_HUMAN
B4GT3_HUMAN,BRS3_HUMAN
B4GT3_HUMAN,NAPEP_HUMAN
B4GT3_HUMAN,RFOX2_HUMAN
B4GT3_HUMAN,KCRB_HUMAN
B4GT3_HUMAN,CD34_HUMAN
B4GT3_HUMAN,GALR2_HUMAN
B4GT3_HUMAN,CASP1_HUMAN
B4GT3_HUMAN,BKRB2_HUMAN
B4GT3_HUMAN,GATA1_HUMAN
B4GT3_HUMAN,METK2_HUMAN
B4GT3_HUMAN,STING_HUMAN
B4GT3_HUMAN,X3CL1_HUMAN
B4GT3_HUMAN,GDF11_HUMAN
B4GT3_HUMAN,KCNJ1_HUMAN
B4GT3_HUMAN,RAGE_HUMAN
B4GT3_HUMAN,SAMTR_HUMAN
B4GT3_HUMAN,MCP_HUMAN
B4GT3_HUMAN,ADH7_HUMAN
B4GT3_HUMAN,ACTG_HUMAN
B4GT3_HUMAN,OFUT1_HUMAN
B4GT3_HUMAN,GNT2A_HUMAN
B4GT3_HUMAN,P2RX4_HUMAN
B4GT3_HUMAN,MK03_HUMAN
B4GT3_HUMAN,TGFB3_HUMAN
B4GT3_HUMAN,BUP1_HUMAN
B4GT3_HUMAN,MTG2_HUMAN
B4GT3_HUMAN,ASSY_HUMAN
B4GT3_HUMAN,TPST2_HUMAN
B4GT3_HUMAN,PDK4_HUMAN
B4GT3_HUMAN,ERCC8_HUMAN
B4GT3_HUMAN,BMP2_HUMAN
B4GT3_HUMAN,ABRX1_HUMAN
B4GT3_HUMAN,MCIN_HUMAN
B4GT3_HUMAN,MAPK2_HUMAN
B4GT3_HUMAN,BHMT1_HUMAN
B4GT3_HUMAN,TGFB1_HUMAN
B4GT3_HUMAN,BMP8A_HUMAN
B4GT3_HUMAN,TE2IP_HUMAN
B4GT3_HUMAN,LYAR_HUMAN
B4GT3_HUMAN,SNF5_HUMAN
B4GT3_HUMAN,ZDH18_HUMAN
B4GT3_HUMAN,ADHX_HUMAN
B4GT3_HUMAN,P2RY2_HUMAN
B4GT3_HUMAN,EGLN2_HUMAN
B4GT3_HUMAN,NR2E1_HUMAN
B4GT3_HUMAN,VEGFA_HUMAN
ATG4B_HUMAN,DEK_HUMAN
ATG4B_HUMAN,INHBB_HUMAN
ATG4B_HUMAN,SPNDC_HUMAN
ATG4B_HUMAN,HERP1_HUMAN
ATG4B_HUMAN,TEFF2_HUMAN
ATG4B_HUMAN,MALD3_HUMAN
ATG4B_HUMAN,BCAT1_HUMAN
ATG4B_HUMAN,OPN3_HUMAN
ATG4B_HUMAN,BMP4_HUMAN
ATG4B_HUMAN,CGL_HUMAN
ATG4B_HUMAN,SFTPD_HUMAN
ATG4B_HUMAN,ABC3G_HUMAN
ATG4B_HUMAN,FABD_HUMAN
ATG4B_HUMAN,CASQ2_HUMAN
ATG4B_HUMAN,GNA15_HUMAN
ATG4B_HUMAN,ARRB2_HUMAN
ATG4B_HUMAN,APOA4_HUMAN
ATG4B_HUMAN,SPOUT_HUMAN
ATG4B_HUMAN,DOC2A_HUMAN
ATG4B_HUMAN,KCJ11_HUMAN
ATG4B_HUMAN,DRD3_HUMAN
ATG4B_HUMAN,ABC3B_HUMAN
ATG4B_HUMAN,RILP_HUMAN
ATG4B_HUMAN,NCK1_HUMAN
ATG4B_HUMAN,XKR8_HUMAN
ATG4B_HUMAN,PAR2_HUMAN
ATG4B_HUMAN,QPCTL_HUMAN
ATG4B_HUMAN,SPB8_HUMAN
ATG4B_HUMAN,METK1_HUMAN
ATG4B_HUMAN,FEZ1_HUMAN
ATG4B_HUMAN,NMBR_HUMAN
ATG4B_HUMAN,FBX4_HUMAN
ATG4B_HUMAN,SHRPN_HUMAN
ATG4B_HUMAN,SNX7_HUMAN
ATG4B_HUMAN,P2RX3_HUMAN
ATG4B_HUMAN,ZDH11_HUMAN
ATG4B_HUMAN,PK1IP_HUMAN
ATG4B_HUMAN,NAGA_HUMAN
ATG4B_HUMAN,ZCHC3_HUMAN
ATG4B_HUMAN,ABC3D_HUMAN
ATG4B_HUMAN,NDF2_HUMAN
ATG4B_HUMAN,ZN365_HUMAN
ATG4B_HUMAN,NP1L1_HUMAN
ATG4B_HUMAN,OAS1_HUMAN
ATG4B_HUMAN,I23O1_HUMAN
ATG4B_HUMAN,PEPC_HUMAN
ATG4B_HUMAN,ASPN_HUMAN
ATG4B_HUMAN,AATC_HUMAN
ATG4B_HUMAN,PAX5_HUMAN
ATG4B_HUMAN,SPOPL_HUMAN
FYN_HUMAN,A0A8I5KT88_HUMAN
FYN_HUMAN,A0A140VK65_HUMAN
FYN_HUMAN,A0A7I2V487_HUMAN
FYN_HUMAN,A0A669KB03_HUMAN
FYN_HUMAN,A0A087WTJ2_HUMAN
FYN_HUMAN,E9PFR9_HUMAN
FYN_HUMAN,ADA2_HUMAN
FYN_HUMAN,A0A2R8Y5P7_HUMAN
FYN_HUMAN,ASIC2_HUMAN
FYN_HUMAN,E7ETE2_HUMAN
FYN_HUMAN,A0A6Q8PF47_HUMAN
FYN_HUMAN,MUC13_HUMAN
FYN_HUMAN,E9PNJ4_HUMAN
FYN_HUMAN,BI2L1_HUMAN
FYN_HUMAN,A0A8I5KVQ4_HUMAN
FYN_HUMAN,ZBT45_HUMAN
FYN_HUMAN,J3QSH4_HUMAN
FYN_HUMAN,K2C72_HUMAN
FYN_HUMAN,K7EK11_HUMAN
FYN_HUMAN,S4R3W2_HUMAN
FYN_HUMAN,GTR7_HUMAN
FYN_HUMAN,KCA10_HUMAN
FYN_HUMAN,H0Y4T7_HUMAN
FYN_HUMAN,TRIM7_HUMAN
FYN_HUMAN,YLAT1_HUMAN
FYN_HUMAN,CP4B1_HUMAN
FYN_HUMAN,AMY1C_HUMAN
FYN_HUMAN,A0A0S2Z5X3_HUMAN
FYN_HUMAN,APLF_HUMAN
FYN_HUMAN,Q53QU8_HUMAN
FYN_HUMAN,KLF11_HUMAN
FYN_HUMAN,PP2BC_HUMAN
FYN_HUMAN,H7C4F6_HUMAN
FYN_HUMAN,CCD61_HUMAN
FYN_HUMAN,ETV3_HUMAN
FYN_HUMAN,MIER1_HUMAN
FYN_HUMAN,KCNC1_HUMAN
FYN_HUMAN,RFIP2_HUMAN
FYN_HUMAN,CP1A1_HUMAN
FYN_HUMAN,VATB2_HUMAN
FYN_HUMAN,AMYP_HUMAN
FYN_HUMAN,COPD_HUMAN
FYN_HUMAN,PAOX_HUMAN
FYN_HUMAN,PRD11_HUMAN
FYN_HUMAN,AMY1B_HUMAN
FYN_HUMAN,AMY1A_HUMAN
FYN_HUMAN,AL1A3_HUMAN
FYN_HUMAN,CP26B_HUMAN
FYN_HUMAN,AVR2B_HUMAN
FYN_HUMAN,CC125_HUMAN
FYN_HUMAN,GBRB2_HUMAN
FYN_HUMAN,IGD_HUMAN
FYN_HUMAN,LYN_HUMAN
CALR_HUMAN,A0A087WY71_HUMAN
CALR_HUMAN,5MP1_HUMAN
CALR_HUMAN,A0A7P0T945_HUMAN
CALR_HUMAN,A0A024R2M6_HUMAN
CALR_HUMAN,ANR10_HUMAN
CALR_HUMAN,A0A024RCM3_HUMAN
CALR_HUMAN,A4D1W7_HUMAN
CALR_HUMAN,A0A087WZG8_HUMAN
CALR_HUMAN,A0A0A0MRQ0_HUMAN
CALR_HUMAN,A0A140VJX1_HUMAN
CALR_HUMAN,5MP2_HUMAN
CALR_HUMAN,E7EW16_HUMAN
CALR_HUMAN,A0A140VJQ5_HUMAN
CALR_HUMAN,A0A0S2Z3P9_HUMAN
CALR_HUMAN,CLNK_HUMAN
CALR_HUMAN,GPR83_HUMAN
CALR_HUMAN,A0A0U1RQT7_HUMAN
CALR_HUMAN,A0A1B0GVN4_HUMAN
CALR_HUMAN,A0A0A0MQU0_HUMAN
CALR_HUMAN,A0A0A0MT72_HUMAN
CALR_HUMAN,A0A286YEN5_HUMAN
CALR_HUMAN,A0A140VK19_HUMAN
CALR_HUMAN,A0A1W2PPP6_HUMAN
CALR_HUMAN,A0A1P0B7D2_HUMAN
CALR_HUMAN,A0A1W2PS93_HUMAN
CALR_HUMAN,CS047_HUMAN
CALR_HUMAN,A0A2R8Y6I1_HUMAN
CALR_HUMAN,ZNRF4_HUMAN
CALR_HUMAN,ASB6_HUMAN
CALR_HUMAN,A0A0S2Z366_HUMAN
CALR_HUMAN,A0A1X7SBS0_HUMAN
CALR_HUMAN,A0A286YFD7_HUMAN
CALR_HUMAN,GOLM2_HUMAN
CALR_HUMAN,A0A286YES9_HUMAN
CALR_HUMAN,A0A286YFJ4_HUMAN
CALR_HUMAN,STYK1_HUMAN
CALR_HUMAN,A0A6Q8PFU3_HUMAN
CALR_HUMAN,A0A286YFJ6_HUMAN
CALR_HUMAN,A0A384MTQ3_HUMAN
CALR_HUMAN,KAIN_HUMAN
CALR_HUMAN,Q6FHZ7_HUMAN
CALR_HUMAN,A0A3B3IS52_HUMAN
CALR_HUMAN,A0A494C0H2_HUMAN
CALR_HUMAN,H0Y8U5_HUMAN
CALR_HUMAN,CBPB2_HUMAN
CALR_HUMAN,FOXI3_HUMAN
CALR_HUMAN,A0A6Q8PFF7_HUMAN
CALR_HUMAN,FA53B_HUMAN
CALR_HUMAN,A0A3B3IUB5_HUMAN
CALR_HUMAN,A0A3B3ITF5_HUMAN
CALR_HUMAN,ACOT6_HUMAN
CALR_HUMAN,A0A7P0TAR9_HUMAN
CALR_HUMAN,LIPM_HUMAN
CALR_HUMAN,A0A5F9ZHL1_HUMAN
CALR_HUMAN,K7EKT3_HUMAN
CALR_HUMAN,A0A7I2YQD9_HUMAN
CALR_HUMAN,ACADL_HUMAN
CALR_HUMAN,A0A7I2V5Z5_HUMAN
CALR_HUMAN,A1ATR_HUMAN
CALR_HUMAN,CEA16_HUMAN
CALR_HUMAN,A0A804HJ31_HUMAN
CALR_HUMAN,A0A7I2YQN9_HUMAN
CALR_HUMAN,A1L4K2_HUMAN
CALR_HUMAN,KCNK2_HUMAN
CALR_HUMAN,A0A8I5KUS8_HUMAN
CALR_HUMAN,A0A8I5KQX1_HUMAN
CALR_HUMAN,A0A8I5KX65_HUMAN
CALR_HUMAN,PKHA2_HUMAN
CALR_HUMAN,B4DDD8_HUMAN
CALR_HUMAN,A0A8I5KXK0_HUMAN
CALR_HUMAN,H7C4C3_HUMAN
CALR_HUMAN,F8WB05_HUMAN
CALR_HUMAN,B4DHS6_HUMAN
CALR_HUMAN,RBMS3_HUMAN
CALR_HUMAN,CSTF1_HUMAN
CALR_HUMAN,CBPA1_HUMAN
CALR_HUMAN,C9JGT8_HUMAN
CALR_HUMAN,A0A0S2Z4C8_HUMAN
CALR_HUMAN,BEND5_HUMAN
CALR_HUMAN,CADM2_HUMAN
CALR_HUMAN,CDK15_HUMAN
CALR_HUMAN,IGHD_HUMAN
CALR_HUMAN,FCRL1_HUMAN
CALR_HUMAN,FCRLB_HUMAN
CALR_HUMAN,CI050_HUMAN
CALR_HUMAN,GOLI_HUMAN
CALR_HUMAN,KC1G1_HUMAN
CALR_HUMAN,D6RIY6_HUMAN
CALR_HUMAN,PLPL5_HUMAN
CALR_HUMAN,E5KPM5_HUMAN
CALR_HUMAN,KCRS_HUMAN
CALR_HUMAN,D6RF98_HUMAN
CALR_HUMAN,G3ST3_HUMAN
CALR_HUMAN,COT1_HUMAN
CALR_HUMAN,TEAD1_HUMAN
CALR_HUMAN,E7ESC7_HUMAN
CALR_HUMAN,G137C_HUMAN
CALR_HUMAN,FAAA_HUMAN
CALR_HUMAN,ZN789_HUMAN
CALR_HUMAN,H0YE88_HUMAN
PGK1_HUMAN,GPR22_HUMAN
PGK1_HUMAN,FXL20_HUMAN
PGK1_HUMAN,HNRDL_HUMAN
PGK1_HUMAN,HSFX1_HUMAN
PGK1_HUMAN,GRM2B_HUMAN
PGK1_HUMAN,H0Y9C1_HUMAN
PGK1_HUMAN,H0Y5W8_HUMAN
PGK1_HUMAN,K1C40_HUMAN
PGK1_HUMAN,F5H5B4_HUMAN
PGK1_HUMAN,ZBT25_HUMAN
PGK1_HUMAN,IGS11_HUMAN
PGK1_HUMAN,SOLH2_HUMAN
PGK1_HUMAN,ING1_HUMAN
PGK1_HUMAN,HDHD5_HUMAN
PGK1_HUMAN,GP151_HUMAN
PGK1_HUMAN,J3KP65_HUMAN
PGK1_HUMAN,K1C23_HUMAN
PGK1_HUMAN,PRI1_HUMAN
PGK1_HUMAN,HUTI_HUMAN
PGK1_HUMAN,Q5T081_HUMAN
PGK1_HUMAN,AADAT_HUMAN
PGK1_HUMAN,NEUA_HUMAN
PGK1_HUMAN,KCJ14_HUMAN
PGK1_HUMAN,MTU1_HUMAN
PGK1_HUMAN,M0R366_HUMAN
PGK1_HUMAN,P78365_HUMAN
PGK1_HUMAN,SAXO4_HUMAN
PGK1_HUMAN,PHAF1_HUMAN
PGK1_HUMAN,PIGM_HUMAN
PGK1_HUMAN,PSG4_HUMAN
PGK1_HUMAN,PSG7_HUMAN
PGK1_HUMAN,DPH1_HUMAN
PGK1_HUMAN,NXN_HUMAN
PGK1_HUMAN,ZN597_HUMAN
PGK1_HUMAN,PYGO1_HUMAN
PGK1_HUMAN,PPAL_HUMAN
PGK1_HUMAN,PSG1_HUMAN
PGK1_HUMAN,PSG6_HUMAN
PGK1_HUMAN,Q5T624_HUMAN
PGK1_HUMAN,NPTX2_HUMAN
PGK1_HUMAN,TES_HUMAN
PGK1_HUMAN,Q5T1P5_HUMAN
PGK1_HUMAN,B4DY26_HUMAN
PGK1_HUMAN,Q13584_HUMAN
PGK1_HUMAN,Q53GI4_HUMAN
PGK1_HUMAN,Q495G5_HUMAN
PGK1_HUMAN,Q5QPI9_HUMAN
PGK1_HUMAN,Q6FHQ0_HUMAN
PGK1_HUMAN,Q5STU3_HUMAN
PGK1_HUMAN,Q6FI91_HUMAN
PGK1_HUMAN,Q5T757_HUMAN
PGK1_HUMAN,Q9UK79_HUMAN
PGK1_HUMAN,F1T0F8_HUMAN
PGK1_HUMAN,SUCHY_HUMAN
PGK1_HUMAN,WSB1_HUMAN
PGK1_HUMAN,Q8IXA3_HUMAN
PGK1_HUMAN,J3QLD9_HUMAN
PGK1_HUMAN,VATC2_HUMAN
PGK1_HUMAN,S35A5_HUMAN
PGK1_HUMAN,S35F3_HUMAN
PGK1_HUMAN,SMYD3_HUMAN
PGK1_HUMAN,TEKT2_HUMAN
PGK1_HUMAN,ZC3HF_HUMAN
PGK1_HUMAN,SAHH_HUMAN
PGK1_HUMAN,Q68DU9_HUMAN
PGK1_HUMAN,KCNJ6_HUMAN
PGK1_HUMAN,TM130_HUMAN
PGK1_HUMAN,TEKT4_HUMAN
PGK1_HUMAN,X5D778_HUMAN
PGK1_HUMAN,QRFPR_HUMAN
PGK1_HUMAN,F1DAM0_HUMAN
PGK1_HUMAN,HMBX1_HUMAN
PGK1_HUMAN,BYST_HUMAN
PGK1_HUMAN,SYT2_HUMAN
PGK1_HUMAN,TM11E_HUMAN
PGK1_HUMAN,Q66SS1_HUMAN
PGK1_HUMAN,ZSCA4_HUMAN
PGK1_HUMAN,ZN134_HUMAN
PGK1_HUMAN,TCO2_HUMAN
PGK1_HUMAN,A4D1U5_HUMAN
PGK1_HUMAN,WDR18_HUMAN
PGK1_HUMAN,SPAG4_HUMAN
PGK1_HUMAN,TM11F_HUMAN
PGK1_HUMAN,TRIMM_HUMAN
PGK1_HUMAN,ELP4_HUMAN
PGK1_HUMAN,B7Z5F4_HUMAN
PGK1_HUMAN,A0A087WV97_HUMAN
PGK1_HUMAN,A0A024R4F1_HUMAN
PGK1_HUMAN,A0A8I5KPE6_HUMAN
PGK1_HUMAN,A4D0P7_HUMAN
PGK1_HUMAN,PBX3_HUMAN
PGK1_HUMAN,SYT13_HUMAN
PGK1_HUMAN,RHBL1_HUMAN
PGK1_HUMAN,A0A0S2Z3N3_HUMAN
PGK1_HUMAN,A0A1W2PQA8_HUMAN
PGK1_HUMAN,A0A6I8PRZ0_HUMAN
PGK1_HUMAN,A0A7P0TAA6_HUMAN
PGK1_HUMAN,I3L1H5_HUMAN
PGK1_HUMAN,B2RCP4_HUMAN
PGK1_HUMAN,Q5VW28_HUMAN
SRC_HUMAN,A0A0S2Z4C3_HUMAN
SRC_HUMAN,A0A7P0T843_HUMAN
SRC_HUMAN,K4PZ75_HUMAN
SRC_HUMAN,RPA34_HUMAN
SRC_HUMAN,TOE1_HUMAN
SRC_HUMAN,LMAN1_HUMAN
SRC_HUMAN,A0A0S2Z592_HUMAN
SRC_HUMAN,A0A5F9ZH86_HUMAN
SRC_HUMAN,OLFM4_HUMAN
SRC_HUMAN,CNO11_HUMAN
SRC_HUMAN,FBX15_HUMAN
SRC_HUMAN,ENTP1_HUMAN
SRC_HUMAN,SYT6_HUMAN
SRC_HUMAN,ETV5_HUMAN
SRC_HUMAN,INSM1_HUMAN
SRC_HUMAN,NECT4_HUMAN
SRC_HUMAN,FUMH_HUMAN
SRC_HUMAN,HOIL1_HUMAN
SRC_HUMAN,PIAS4_HUMAN
ARRB1_HUMAN,A0A0A0MTN9_HUMAN
ARRB1_HUMAN,A0A0C4DGS1_HUMAN
ARRB1_HUMAN,A0A0D9SFD0_HUMAN
ARRB1_HUMAN,A0A8I5KST0_HUMAN
ARRB1_HUMAN,A0A6E1XE14_HUMAN
ARRB1_HUMAN,ABHD8_HUMAN
ARRB1_HUMAN,A0A7P0T9K9_HUMAN
ARRB1_HUMAN,B4DUQ1_HUMAN
ARRB1_HUMAN,CXG2_HUMAN
ARRB1_HUMAN,E7EUP3_HUMAN
ARRB1_HUMAN,F8W0N3_HUMAN
ARRB1_HUMAN,E9PL17_HUMAN
ARRB1_HUMAN,F6SA91_HUMAN
ARRB1_HUMAN,FOXD4_HUMAN
ARRB1_HUMAN,E7EWD9_HUMAN
ARRB1_HUMAN,GPR63_HUMAN
ARRB1_HUMAN,LIRA3_HUMAN
ARRB1_HUMAN,ENOG_HUMAN
ARRB1_HUMAN,F1D8P8_HUMAN
ARRB1_HUMAN,A0A0S2Z4D1_HUMAN
ARRB1_HUMAN,E9PJM3_HUMAN
ARRB1_HUMAN,F8VX55_HUMAN
ARRB1_HUMAN,A0A804HJS0_HUMAN
ARRB1_HUMAN,A0A7I2V5N2_HUMAN
ARRB1_HUMAN,E9PCY7_HUMAN
ARRB1_HUMAN,TNR16_HUMAN
ARRB1_HUMAN,NOL4L_HUMAN
ARRB1_HUMAN,PTN20_HUMAN
ARRB1_HUMAN,EF1G_HUMAN
ARRB1_HUMAN,A0A804HKA6_HUMAN
ARRB1_HUMAN,PELI2_HUMAN
ARRB1_HUMAN,SMAP2_HUMAN
ARRB1_HUMAN,Q6FI27_HUMAN
ARRB1_HUMAN,A0A140VK54_HUMAN
ARRB1_HUMAN,STK40_HUMAN
ARRB1_HUMAN,GCNT3_HUMAN
ARRB1_HUMAN,A0A804HJP1_HUMAN
ARRB1_HUMAN,ENTP5_HUMAN
ARRB1_HUMAN,A0A7P0Z492_HUMAN
ARRB1_HUMAN,A0A7P0Z4J6_HUMAN
ARRB1_HUMAN,Q6FHV6_HUMAN
ARRB1_HUMAN,R4RL2_HUMAN
ARRB1_HUMAN,NSMA_HUMAN
ARRB1_HUMAN,A0A804HJ73_HUMAN
ARRB1_HUMAN,A0A804HHU9_HUMAN
ARRB1_HUMAN,A0A804HIJ2_HUMAN
ARRB1_HUMAN,VIPR2_HUMAN
ARRB1_HUMAN,KCNJ2_HUMAN
ARRB1_HUMAN,TBX6_HUMAN
ARRB1_HUMAN,H0YJX0_HUMAN
ARRB1_HUMAN,A8K1C4_HUMAN
ARRB1_HUMAN,F6VRR5_HUMAN
ARRB1_HUMAN,TCO1_HUMAN
ARRB1_HUMAN,ANM2_HUMAN
ARRB1_HUMAN,B3KP96_HUMAN
ARRB1_HUMAN,A0A804HJC8_HUMAN
ARRB1_HUMAN,A0A669KB72_HUMAN
ARRB1_HUMAN,J3KTM6_HUMAN
ARRB1_HUMAN,G3V4M0_HUMAN
ARRB1_HUMAN,H7BZW2_HUMAN
ARRB1_HUMAN,A0A2R8Y6G6_HUMAN
ARRB1_HUMAN,LACC1_HUMAN
ARRB1_HUMAN,SMYD2_HUMAN
ARRB1_HUMAN,A0A7I2V690_HUMAN
ARRB1_HUMAN,M0QXD6_HUMAN
ARRB1_HUMAN,H7BYT1_HUMAN
ARRB1_HUMAN,IL5RA_HUMAN
ARRB1_HUMAN,CBPA4_HUMAN
ARRB1_HUMAN,CCKAR_HUMAN
ARRB1_HUMAN,F8VZ44_HUMAN
ARRB1_HUMAN,ENOB_HUMAN
ARRB1_HUMAN,C9JYA1_HUMAN
ARRB1_HUMAN,A4D0U5_HUMAN
ARRB1_HUMAN,S17A9_HUMAN
ARRB1_HUMAN,R4SCQ0_HUMAN
ARRB1_HUMAN,B4DJV5_HUMAN
ARRB1_HUMAN,CAVN2_HUMAN
ARRB1_HUMAN,TNR3_HUMAN
ARRB1_HUMAN,J3QSV6_HUMAN
ARRB1_HUMAN,H0YJF7_HUMAN
ARRB1_HUMAN,SEPT6_HUMAN
ARRB1_HUMAN,ERR1_HUMAN
ARRB1_HUMAN,G3V5I6_HUMAN
ARRB1_HUMAN,CHST8_HUMAN
ARRB1_HUMAN,MACD2_HUMAN
ARRB1_HUMAN,MAGAB_HUMAN
ARRB1_HUMAN,Q569H8_HUMAN
ARRB1_HUMAN,CREL1_HUMAN
ARRB1_HUMAN,F8W0K6_HUMAN
ARRB1_HUMAN,ALG3_HUMAN
ARRB1_HUMAN,AR13B_HUMAN
ARRB1_HUMAN,ZN641_HUMAN
ARRB1_HUMAN,CRLF1_HUMAN
ARRB1_HUMAN,RBM34_HUMAN
ARRB1_HUMAN,PHAG1_HUMAN
ARRB1_HUMAN,A0A0R4J2G5_HUMAN
ARRB1_HUMAN,B7Z5N5_HUMAN
ARRB1_HUMAN,ZBTB6_HUMAN
ARRB1_HUMAN,AAMP_HUMAN
ARRB1_HUMAN,S67A1_HUMAN
BAAT_HUMAN,FCRL6_HUMAN
BAAT_HUMAN,NUP42_HUMAN
BAAT_HUMAN,M0R0F9_HUMAN
BAAT_HUMAN,A0A7P0T8T9_HUMAN
BAAT_HUMAN,G3ST1_HUMAN
BAAT_HUMAN,C9JTY4_HUMAN
BAAT_HUMAN,H0YNW1_HUMAN
BAAT_HUMAN,FOXN2_HUMAN
BAAT_HUMAN,NUCB2_HUMAN
BAAT_HUMAN,PO2F3_HUMAN
BAAT_HUMAN,A0A804HHU2_HUMAN
BAAT_HUMAN,A0A0D9SEQ1_HUMAN
BAAT_HUMAN,A0A2R8YEQ9_HUMAN
BAAT_HUMAN,PPA6_HUMAN
BAAT_HUMAN,Q9GZT1_HUMAN
BAAT_HUMAN,A0A7I2V6E3_HUMAN
BAAT_HUMAN,C3U3A0_HUMAN
BAAT_HUMAN,IFT57_HUMAN
BAAT_HUMAN,J3KNW5_HUMAN
BAAT_HUMAN,C9JUT4_HUMAN
BAAT_HUMAN,RL4_HUMAN
BAAT_HUMAN,H0YLB7_HUMAN
BAAT_HUMAN,DBNL_HUMAN
BAAT_HUMAN,FPPS_HUMAN
BAAT_HUMAN,Q6PJ72_HUMAN
BAAT_HUMAN,NPT4_HUMAN
BAAT_HUMAN,T2EA_HUMAN
BAAT_HUMAN,J3KSC6_HUMAN
BAAT_HUMAN,A0A140VJN8_HUMAN
BAAT_HUMAN,OMD_HUMAN
BAAT_HUMAN,MBOA4_HUMAN
BAAT_HUMAN,CN37_HUMAN
BAAT_HUMAN,SC65_HUMAN
BAAT_HUMAN,CCNA2_HUMAN
BAAT_HUMAN,S35B2_HUMAN
BAAT_HUMAN,I11RA_HUMAN
BAAT_HUMAN,K1C20_HUMAN
BAAT_HUMAN,ACL6A_HUMAN
BAAT_HUMAN,E5KMT5_HUMAN
BAAT_HUMAN,ZBT42_HUMAN
BAAT_HUMAN,Q5U0E6_HUMAN
BAAT_HUMAN,SF3B4_HUMAN
BAAT_HUMAN,IVD_HUMAN
BAAT_HUMAN,BCS1_HUMAN
BAAT_HUMAN,E9PEH0_HUMAN
BAAT_HUMAN,A0A140VJQ4_HUMAN
BAAT_HUMAN,A8K3M3_HUMAN
BAAT_HUMAN,K1C18_HUMAN
BAAT_HUMAN,RAD9B_HUMAN
BAAT_HUMAN,A0A7P0T7D6_HUMAN
BAAT_HUMAN,A0A0A0MT83_HUMAN
BAAT_HUMAN,A0A8J9C7E3_HUMAN
BAAT_HUMAN,TBXT_HUMAN
BAAT_HUMAN,MOT13_HUMAN
BAAT_HUMAN,IFT52_HUMAN
BAAT_HUMAN,B7Z1F5_HUMAN
BAAT_HUMAN,CSN3_HUMAN
BAAT_HUMAN,PBX1_HUMAN
BAAT_HUMAN,NPFF1_HUMAN
BAAT_HUMAN,B7Z4L4_HUMAN
BAAT_HUMAN,B5MDU3_HUMAN
BAAT_HUMAN,PKNX1_HUMAN
BAAT_HUMAN,CWC25_HUMAN
BAAT_HUMAN,EGLN1_HUMAN
BAAT_HUMAN,CCNB1_HUMAN
BAAT_HUMAN,ECSIT_HUMAN
BAAT_HUMAN,AP1M1_HUMAN
BAAT_HUMAN,A0A7I2V5L4_HUMAN
BAAT_HUMAN,TSYL1_HUMAN
BAAT_HUMAN,A0A804HLA0_HUMAN
BAAT_HUMAN,ORC5_HUMAN
BAAT_HUMAN,SYT4_HUMAN
BAAT_HUMAN,SEPT7_HUMAN
BAAT_HUMAN,LC7L3_HUMAN
BAAT_HUMAN,PUS1_HUMAN
BAAT_HUMAN,THIK_HUMAN
BAAT_HUMAN,Q5JP53_HUMAN
BAAT_HUMAN,CCG8_HUMAN
BAAT_HUMAN,C9JEH3_HUMAN
BAAT_HUMAN,ORC4_HUMAN
BAAT_HUMAN,GCNT1_HUMAN
BAAT_HUMAN,FGL2_HUMAN
BAAT_HUMAN,FA83A_HUMAN
BAAT_HUMAN,AP1M2_HUMAN
BAAT_HUMAN,ACOT4_HUMAN
BAAT_HUMAN,KPSH1_HUMAN
BAAT_HUMAN,RBM23_HUMAN
BAAT_HUMAN,GMPPA_HUMAN
BAAT_HUMAN,TXND5_HUMAN
BAAT_HUMAN,ZBP1_HUMAN
BAAT_HUMAN,PSD11_HUMAN
BAAT_HUMAN,ELK4_HUMAN
BAAT_HUMAN,PLIN3_HUMAN
BAAT_HUMAN,TR19L_HUMAN
BAAT_HUMAN,AACT_HUMAN
BAAT_HUMAN,K1C17_HUMAN
BAAT_HUMAN,NOCT_HUMAN
BAAT_HUMAN,HAT1_HUMAN
BAAT_HUMAN,K7EQ05_HUMAN
BAAT_HUMAN,HDAC3_HUMAN
FMO3_HUMAN,T11L1_HUMAN
FMO3_HUMAN,MMP19_HUMAN
FMO3_HUMAN,A0A1B0GV84_HUMAN
FMO3_HUMAN,A0A8I5KUC2_HUMAN
FMO3_HUMAN,A0A140VJL2_HUMAN
FMO3_HUMAN,A0A024R8S5_HUMAN
FMO3_HUMAN,A0A7P0Z4M0_HUMAN
FMO3_HUMAN,CP7B1_HUMAN
FMO3_HUMAN,A0A7I2V3S3_HUMAN
FMO3_HUMAN,ALG6_HUMAN
FMO3_HUMAN,A0A8I5KXC0_HUMAN
FMO3_HUMAN,CP4X1_HUMAN
FMO3_HUMAN,C9J8Q5_HUMAN
FMO3_HUMAN,F8W1C8_HUMAN
FMO3_HUMAN,E7ETN2_HUMAN
FMO3_HUMAN,GP101_HUMAN
FMO3_HUMAN,H0Y3D6_HUMAN
FMO3_HUMAN,HSP7E_HUMAN
FMO3_HUMAN,LDHD_HUMAN
FMO3_HUMAN,GSDMC_HUMAN
FMO3_HUMAN,MKRN3_HUMAN
FMO3_HUMAN,NUP54_HUMAN
FMO3_HUMAN,H0YM31_HUMAN
FMO3_HUMAN,S41A3_HUMAN
FMO3_HUMAN,TTI2_HUMAN
FMO3_HUMAN,Q96QB2_HUMAN
FMO3_HUMAN,ARSA_HUMAN
FMO3_HUMAN,A0A0S2Z5M2_HUMAN
FMO3_HUMAN,CP27B_HUMAN
FMO3_HUMAN,A0A0C4DG21_HUMAN
FMO3_HUMAN,TRM5_HUMAN
FMO3_HUMAN,KRT85_HUMAN
FMO3_HUMAN,PLGT3_HUMAN
FMO3_HUMAN,TB10A_HUMAN
FMO3_HUMAN,NOVA1_HUMAN
FMO3_HUMAN,THUM3_HUMAN
FMO3_HUMAN,A0A0S2Z453_HUMAN
FMO3_HUMAN,Q5JRR6_HUMAN
FMO3_HUMAN,ZNT1_HUMAN
FMO3_HUMAN,NOSTN_HUMAN
FMO3_HUMAN,ACVR1_HUMAN
FMO3_HUMAN,A0A0G2JLI4_HUMAN
FMO3_HUMAN,A0A0X1KG79_HUMAN
FMO3_HUMAN,H3BS10_HUMAN
FMO3_HUMAN,MOT9_HUMAN
FMO3_HUMAN,BEST2_HUMAN
FMO3_HUMAN,A0A590UK09_HUMAN
FMO3_HUMAN,TDT_HUMAN
FMO3_HUMAN,SPAG6_HUMAN
FMO3_HUMAN,A0A6E1WCP9_HUMAN
FMO3_HUMAN,UBXN4_HUMAN
FMO3_HUMAN,CP51A_HUMAN
FMO3_HUMAN,H3BTR4_HUMAN
FMO3_HUMAN,CELF2_HUMAN
FMO3_HUMAN,H7BYJ1_HUMAN
FMO3_HUMAN,SREK1_HUMAN
FMO3_HUMAN,SHB_HUMAN
FMO3_HUMAN,PDIA1_HUMAN
FMO3_HUMAN,IKZF3_HUMAN
FMO3_HUMAN,TM1L2_HUMAN
FMO3_HUMAN,PRI2_HUMAN
FMO3_HUMAN,SYHM_HUMAN
FMO3_HUMAN,KDM4E_HUMAN
FMO3_HUMAN,CNDP1_HUMAN
FMO3_HUMAN,TUB_HUMAN
FMO3_HUMAN,PRAME_HUMAN
FMO3_HUMAN,CP17A_HUMAN
FMO3_HUMAN,FRS2_HUMAN
FMO3_HUMAN,ABI1_HUMAN
FMO3_HUMAN,H0YCX2_HUMAN
FMO3_HUMAN,GLUT4_HUMAN
FMO3_HUMAN,CREB5_HUMAN
FMO3_HUMAN,EDC3_HUMAN
FMO3_HUMAN,HARS1_HUMAN
FMO3_HUMAN,HYALP_HUMAN
FMO3_HUMAN,EPOR_HUMAN
FMO3_HUMAN,VRK2_HUMAN
FMO3_HUMAN,TM102_HUMAN
FMO3_HUMAN,UGPA_HUMAN
FMO3_HUMAN,LAT1_HUMAN
FMO3_HUMAN,GTR6_HUMAN
FMO3_HUMAN,NFIA_HUMAN
FMO3_HUMAN,DLDH_HUMAN
FMO3_HUMAN,MEF2A_HUMAN
FMO3_HUMAN,GCM2_HUMAN
FMO3_HUMAN,CK5P3_HUMAN
FMO3_HUMAN,S38A2_HUMAN
FMO3_HUMAN,XPP3_HUMAN
FMO3_HUMAN,NFIC_HUMAN
FMO3_HUMAN,HMCS2_HUMAN
FMO3_HUMAN,FCRL2_HUMAN
FMO3_HUMAN,SRF_HUMAN
FMO3_HUMAN,MATK_HUMAN
FMO3_HUMAN,GBRE_HUMAN
FMO3_HUMAN,SOX9_HUMAN
FMO3_HUMAN,LCK_HUMAN
FMO3_HUMAN,SYFA_HUMAN
FMO3_HUMAN,PA2G3_HUMAN
FMO3_HUMAN,CAPON_HUMAN
GSK3B_HUMAN,A0A7P0Z4N7_HUMAN
GSK3B_HUMAN,A0A087WZ09_HUMAN
GSK3B_HUMAN,A0PJM9_HUMAN
GSK3B_HUMAN,A8MXZ4_HUMAN
GSK3B_HUMAN,G3V4F7_HUMAN
GSK3B_HUMAN,A0A804HHU6_HUMAN
GSK3B_HUMAN,A1BQX2_HUMAN
GSK3B_HUMAN,AP2E_HUMAN
GSK3B_HUMAN,MXRA8_HUMAN
GSK3B_HUMAN,C9JVN9_HUMAN
GSK3B_HUMAN,PRS4_HUMAN
GSK3B_HUMAN,MPI_HUMAN
GSK3B_HUMAN,EVA1C_HUMAN
GSK3B_HUMAN,MEIOB_HUMAN
GSK3B_HUMAN,GXLT1_HUMAN
GSK3B_HUMAN,TGON2_HUMAN
GSK3B_HUMAN,PUR6_HUMAN
GSK3B_HUMAN,E9PNF7_HUMAN
GSK3B_HUMAN,FOH1B_HUMAN
GSK3B_HUMAN,V9GYD9_HUMAN
GSK3B_HUMAN,TTC5_HUMAN
GSK3B_HUMAN,MIPO1_HUMAN
GSK3B_HUMAN,SOCS4_HUMAN
GSK3B_HUMAN,TULP3_HUMAN
GSK3B_HUMAN,OMGP_HUMAN
GSK3B_HUMAN,EED_HUMAN
GSK3B_HUMAN,R4GNJ5_HUMAN
GSK3B_HUMAN,SETD4_HUMAN
GSK3B_HUMAN,IP6K1_HUMAN
GSK3B_HUMAN,TET5A_HUMAN
GSK3B_HUMAN,COQA1_HUMAN
GSK3B_HUMAN,ZMY10_HUMAN
GSK3B_HUMAN,PI42C_HUMAN
GSK3B_HUMAN,TRMO_HUMAN
GSK3B_HUMAN,Q5TE25_HUMAN
GSK3B_HUMAN,R4RL1_HUMAN
GSK3B_HUMAN,Q53XL8_HUMAN
GSK3B_HUMAN,AKAP5_HUMAN
GSK3B_HUMAN,RSAD1_HUMAN
GSK3B_HUMAN,WIPF2_HUMAN
GSK3B_HUMAN,SDC3_HUMAN
GSK3B_HUMAN,X5D8Y5_HUMAN
GSK3B_HUMAN,SGCE_HUMAN
GSK3B_HUMAN,PDIA6_HUMAN
GSK3B_HUMAN,ENPP6_HUMAN
GSK3B_HUMAN,5HT1A_HUMAN
GSK3B_HUMAN,A0A384NPU5_HUMAN
GSK3B_HUMAN,B4DLN1_HUMAN
GSK3B_HUMAN,A0A7P0Z4E3_HUMAN
GSK3B_HUMAN,A0A8C8MSB2_HUMAN
GSK3B_HUMAN,ARMD1_HUMAN
GSK3B_HUMAN,REXO4_HUMAN
GSK3B_HUMAN,SCTR_HUMAN
GSK3B_HUMAN,GPC5C_HUMAN
GSK3B_HUMAN,J3KR55_HUMAN
GSK3B_HUMAN,5HT6R_HUMAN
GSK3B_HUMAN,AP2M1_HUMAN
GSK3B_HUMAN,P2RX6_HUMAN
GSK3B_HUMAN,UBXN6_HUMAN
GSK3B_HUMAN,CASP5_HUMAN
GSK3B_HUMAN,A0A140VK70_HUMAN
GSK3B_HUMAN,5HT3B_HUMAN
GSK3B_HUMAN,PPARD_HUMAN
GSK3B_HUMAN,CCD91_HUMAN
GSK3B_HUMAN,A0A7I2V556_HUMAN
GSK3B_HUMAN,NDUF7_HUMAN
GSK3B_HUMAN,TADA3_HUMAN
GSK3B_HUMAN,SCPDL_HUMAN
GSK3B_HUMAN,MICU2_HUMAN
GSK3B_HUMAN,SEP11_HUMAN
GSK3B_HUMAN,PLIN2_HUMAN
GSK3B_HUMAN,ASB4_HUMAN
GSK3B_HUMAN,C9JX88_HUMAN
GSK3B_HUMAN,J3KPQ3_HUMAN
GSK3B_HUMAN,PDIP3_HUMAN
GSK3B_HUMAN,RBBP4_HUMAN
GSK3B_HUMAN,IP6K2_HUMAN
GSK3B_HUMAN,TICN3_HUMAN
GSK3B_HUMAN,DUX4_HUMAN
GSK3B_HUMAN,KCJ12_HUMAN
GSK3B_HUMAN,GPAT3_HUMAN
GSK3B_HUMAN,ERF1_HUMAN
GSK3B_HUMAN,AGK_HUMAN
GSK3B_HUMAN,TET5B_HUMAN
GSK3B_HUMAN,PSG3_HUMAN
GSK3B_HUMAN,ZBT26_HUMAN
GSK3B_HUMAN,ACRO_HUMAN
GSK3B_HUMAN,O95883_HUMAN
GSK3B_HUMAN,KCNJ8_HUMAN
GSK3B_HUMAN,MP2K7_HUMAN
GSK3B_HUMAN,GCM1_HUMAN
GSK3B_HUMAN,NPT3_HUMAN
GSK3B_HUMAN,ZC3HA_HUMAN
GSK3B_HUMAN,IFRD2_HUMAN
GSK3B_HUMAN,TEAD4_HUMAN
GSK3B_HUMAN,CCD78_HUMAN
GSK3B_HUMAN,KBL_HUMAN
GSK3B_HUMAN,EXOS9_HUMAN
GSK3B_HUMAN,PRS7_HUMAN
GSK3B_HUMAN,CRBN_HUMAN
NEMO_HUMAN,KCJ18_HUMAN
NEMO_HUMAN,AGAL_HUMAN
NEMO_HUMAN,FLOT2_HUMAN
NEMO_HUMAN,IKZF5_HUMAN
NEMO_HUMAN,THIL_HUMAN
NEMO_HUMAN,RPA49_HUMAN
NEMO_HUMAN,HEMH_HUMAN
NEMO_HUMAN,RCC1_HUMAN
NEMO_HUMAN,FA98B_HUMAN
NEMO_HUMAN,GFAP_HUMAN
NEMO_HUMAN,IF5_HUMAN
NEMO_HUMAN,ERAL1_HUMAN
NEMO_HUMAN,BMP10_HUMAN
NEMO_HUMAN,GHRHR_HUMAN
NEMO_HUMAN,GATM_HUMAN
NEMO_HUMAN,CC85C_HUMAN
NEMO_HUMAN,OAT_HUMAN
NEMO_HUMAN,PRS6A_HUMAN
NEMO_HUMAN,RBBP7_HUMAN
NEMO_HUMAN,ERR2_HUMAN
NEMO_HUMAN,ACL7A_HUMAN
NEMO_HUMAN,LNP_HUMAN
NEMO_HUMAN,ARRD1_HUMAN
NEMO_HUMAN,ELK1_HUMAN
NEMO_HUMAN,STABP_HUMAN
NEMO_HUMAN,KCNKC_HUMAN
NEMO_HUMAN,CTBP1_HUMAN
NEMO_HUMAN,V5KA96_HUMAN
NEMO_HUMAN,DCP2_HUMAN
NEMO_HUMAN,WDR12_HUMAN
NEMO_HUMAN,MFAP1_HUMAN
NEMO_HUMAN,STRAA_HUMAN
NEMO_HUMAN,E2F2_HUMAN
NEMO_HUMAN,ACDSB_HUMAN
NEMO_HUMAN,TOR4A_HUMAN
NEMO_HUMAN,ISLR_HUMAN
NEMO_HUMAN,TNIP2_HUMAN
NEMO_HUMAN,A0A7P0T931_HUMAN
NEMO_HUMAN,TRNT1_HUMAN
NEMO_HUMAN,ENTR1_HUMAN
NEMO_HUMAN,VEGFC_HUMAN
NEMO_HUMAN,RASF9_HUMAN
NEMO_HUMAN,NFIB_HUMAN
NEMO_HUMAN,UROK_HUMAN
NEMO_HUMAN,LCOR_HUMAN
NEMO_HUMAN,D6RFN0_HUMAN
NEMO_HUMAN,ACOT1_HUMAN
NEMO_HUMAN,PGK1_HUMAN
NEMO_HUMAN,IRF8_HUMAN
NEMO_HUMAN,PACN3_HUMAN
NEMO_HUMAN,E2F1_HUMAN
NEMO_HUMAN,KCNG3_HUMAN
NEMO_HUMAN,RHG01_HUMAN
NEMO_HUMAN,PDK1_HUMAN
NEMO_HUMAN,DDB2_HUMAN
NEMO_HUMAN,CXA3_HUMAN
NEMO_HUMAN,LGMN_HUMAN
NEMO_HUMAN,TEAD3_HUMAN
NEMO_HUMAN,CXA8_HUMAN
NEMO_HUMAN,ATAT_HUMAN
NEMO_HUMAN,TERF1_HUMAN
NEMO_HUMAN,SYT1_HUMAN
NEMO_HUMAN,ACADM_HUMAN
NEMO_HUMAN,ZP3_HUMAN
NEMO_HUMAN,ARMT1_HUMAN
NEMO_HUMAN,MRM3_HUMAN
NEMO_HUMAN,DUS7_HUMAN
NEMO_HUMAN,DX39B_HUMAN
NEMO_HUMAN,MOK_HUMAN
NEMO_HUMAN,SERC5_HUMAN
NEMO_HUMAN,TR10B_HUMAN
NEMO_HUMAN,RENBP_HUMAN
NEMO_HUMAN,SUCB2_HUMAN
NEMO_HUMAN,SMOC1_HUMAN
NEMO_HUMAN,TICN1_HUMAN
NEMO_HUMAN,SQSTM_HUMAN
NEMO_HUMAN,TYY1_HUMAN
NEMO_HUMAN,ABHD2_HUMAN
NEMO_HUMAN,CLN3_HUMAN
NEMO_HUMAN,KCNJ5_HUMAN
NEMO_HUMAN,UHMK1_HUMAN
NEMO_HUMAN,KAT1_HUMAN
NEMO_HUMAN,RN135_HUMAN
NEMO_HUMAN,I13R1_HUMAN
NEMO_HUMAN,GCDH_HUMAN
NEMO_HUMAN,TMLH_HUMAN
NEMO_HUMAN,DIK2A_HUMAN
NEMO_HUMAN,PSG9_HUMAN
NEMO_HUMAN,SGK1_HUMAN
NEMO_HUMAN,PAX6_HUMAN
NEMO_HUMAN,SOX11_HUMAN
NEMO_HUMAN,KCNN4_HUMAN
NEMO_HUMAN,SEP14_HUMAN
NEMO_HUMAN,SGPP1_HUMAN
NEMO_HUMAN,UXS1_HUMAN
NEMO_HUMAN,ZBT8A_HUMAN
NEMO_HUMAN,BECN2_HUMAN
NEMO_HUMAN,KCAB1_HUMAN
NEMO_HUMAN,LCAT_HUMAN
NEMO_HUMAN,V1BR_HUMAN
KDM8_HUMAN,OFUT2_HUMAN
KDM8_HUMAN,SMAD3_HUMAN
KDM8_HUMAN,NAPSA_HUMAN
KDM8_HUMAN,NR1I2_HUMAN
KDM8_HUMAN,SMAD7_HUMAN
KDM8_HUMAN,ACL6B_HUMAN
KDM8_HUMAN,DX39A_HUMAN
KDM8_HUMAN,RU17_HUMAN
KDM8_HUMAN,NEMO_HUMAN
KDM8_HUMAN,G6PT1_HUMAN
KDM8_HUMAN,FNTB_HUMAN
KDM8_HUMAN,HEPS_HUMAN
KDM8_HUMAN,CBPA2_HUMAN
KDM8_HUMAN,CRFR1_HUMAN
KDM8_HUMAN,HYAL3_HUMAN
KDM8_HUMAN,VPS4A_HUMAN
KDM8_HUMAN,SYT11_HUMAN
KDM8_HUMAN,STK25_HUMAN
KDM8_HUMAN,AP2A_HUMAN
KDM8_HUMAN,TMPS4_HUMAN
KDM8_HUMAN,ARRD3_HUMAN
KDM8_HUMAN,RGMC_HUMAN
KDM8_HUMAN,EDNRA_HUMAN
KDM8_HUMAN,ZNT4_HUMAN
KDM8_HUMAN,COT2_HUMAN
KDM8_HUMAN,PANX1_HUMAN
KDM8_HUMAN,GSK3B_HUMAN
KDM8_HUMAN,MK09_HUMAN
KDM8_HUMAN,OXA1L_HUMAN
KDM8_HUMAN,TAD2B_HUMAN
KDM8_HUMAN,NMUR1_HUMAN
KDM8_HUMAN,NEUR3_HUMAN
KDM8_HUMAN,PAX2_HUMAN
KDM8_HUMAN,PAR1_HUMAN
KDM8_HUMAN,CD177_HUMAN
KDM8_HUMAN,FLOT1_HUMAN
KDM8_HUMAN,HXD3_HUMAN
KDM8_HUMAN,DAAF4_HUMAN
KDM8_HUMAN,RM37_HUMAN
KDM8_HUMAN,LAMP1_HUMAN
KDM8_HUMAN,PBX2_HUMAN
KDM8_HUMAN,TGFB2_HUMAN
KDM8_HUMAN,TASP1_HUMAN
KDM8_HUMAN,HYAL1_HUMAN
KDM8_HUMAN,MK08_HUMAN
KDM8_HUMAN,STK11_HUMAN
KDM8_HUMAN,SP7_HUMAN
KDM8_HUMAN,P20D2_HUMAN
KDM8_HUMAN,GDF2_HUMAN
KDM8_HUMAN,PIGU_HUMAN
KDM8_HUMAN,RBM22_HUMAN
KDM8_HUMAN,PTN1_HUMAN
KDM8_HUMAN,KPTN_HUMAN
KDM8_HUMAN,FOXP3_HUMAN
KDM8_HUMAN,RT05_HUMAN
KDM8_HUMAN,TTLL1_HUMAN
KDM8_HUMAN,ENOA_HUMAN
KDM8_HUMAN,FBXL2_HUMAN
KDM8_HUMAN,VDR_HUMAN
KDM8_HUMAN,B3GT2_HUMAN
KDM8_HUMAN,NIM1_HUMAN
KDM8_HUMAN,ARRB1_HUMAN
KDM8_HUMAN,NMUR2_HUMAN
KDM8_HUMAN,INHBA_HUMAN
KDM8_HUMAN,GFI1_HUMAN
KDM8_HUMAN,IRF3_HUMAN
KDM8_HUMAN,BMP7_HUMAN
KDM8_HUMAN,FBXL3_HUMAN
KDM8_HUMAN,DRD4_HUMAN
KDM8_HUMAN,TICN2_HUMAN
KDM8_HUMAN,BRF2_HUMAN
KDM8_HUMAN,TANK_HUMAN
KDM8_HUMAN,CLP1_HUMAN
KDM8_HUMAN,SMYD5_HUMAN
KDM8_HUMAN,WTIP_HUMAN
KDM8_HUMAN,RN128_HUMAN
KDM8_HUMAN,ARRD4_HUMAN
KDM8_HUMAN,TSYL5_HUMAN
KDM8_HUMAN,STALP_HUMAN
KDM8_HUMAN,RNFT1_HUMAN
KDM8_HUMAN,PPAT_HUMAN
KDM8_HUMAN,Q8IZM6_HUMAN
KDM8_HUMAN,OX1R_HUMAN
KDM8_HUMAN,AATM_HUMAN
KDM8_HUMAN,RNF26_HUMAN
KDM8_HUMAN,FOXJ1_HUMAN
KDM8_HUMAN,NPTX1_HUMAN
KDM8_HUMAN,PO4F1_HUMAN
KDM8_HUMAN,EVL_HUMAN
KDM8_HUMAN,SKP2_HUMAN
KDM8_HUMAN,PCH2_HUMAN
KDM8_HUMAN,FUZZY_HUMAN
KDM8_HUMAN,Q96J17_HUMAN
KDM8_HUMAN,NSUN5_HUMAN
KDM8_HUMAN,SNX30_HUMAN
KDM8_HUMAN,TRI31_HUMAN
KDM8_HUMAN,HXB3_HUMAN
KDM8_HUMAN,RNF39_HUMAN
KPYM_HUMAN,A0A0S2Z586_HUMAN
KPYM_HUMAN,ASIC5_HUMAN
KPYM_HUMAN,TB22B_HUMAN
KPYM_HUMAN,MOT6_HUMAN
KPYM_HUMAN,ZN649_HUMAN
KPYM_HUMAN,A0A1W2PR46_HUMAN
KPYM_HUMAN,KRT81_HUMAN
KPYM_HUMAN,KKCC1_HUMAN
KPYM_HUMAN,V9HVY3_HUMAN
KPYM_HUMAN,A0A0S2Z4N0_HUMAN
KPYM_HUMAN,A0A1W2PQQ0_HUMAN
KPYM_HUMAN,A0A140VKC0_HUMAN
KPYM_HUMAN,A0A0C4DGY3_HUMAN
KPYM_HUMAN,Q5T0G8_HUMAN
KPYM_HUMAN,A0A7I2YQH8_HUMAN
KPYM_HUMAN,B4DE54_HUMAN
KPYM_HUMAN,CP4Z1_HUMAN
KPYM_HUMAN,A0A804HJM6_HUMAN
KPYM_HUMAN,ACV1B_HUMAN
KPYM_HUMAN,PDIA3_HUMAN
KPYM_HUMAN,RTCB_HUMAN
KPYM_HUMAN,PPARG_HUMAN
KPYM_HUMAN,FRK_HUMAN
KPYM_HUMAN,ANX11_HUMAN
KPYM_HUMAN,F262_HUMAN
KPYM_HUMAN,SNTA1_HUMAN
KPYM_HUMAN,FOXO4_HUMAN
KPYM_HUMAN,PAX7_HUMAN
KPYM_HUMAN,ACHA3_HUMAN
KPYM_HUMAN,TIKI1_HUMAN
KPYM_HUMAN,FTO_HUMAN
KPYM_HUMAN,WASL_HUMAN
KPYM_HUMAN,KLH42_HUMAN
KPYM_HUMAN,PCYOX_HUMAN
KPYM_HUMAN,BLK_HUMAN
KPYM_HUMAN,ATF2_HUMAN
FPPS_HUMAN,NUSAP_HUMAN
FPPS_HUMAN,GORS1_HUMAN
FPPS_HUMAN,RT30_HUMAN
FPPS_HUMAN,ETS1_HUMAN
FPPS_HUMAN,PAFA_HUMAN
FPPS_HUMAN,GBRP_HUMAN
FPPS_HUMAN,UBP27_HUMAN
ESR2_HUMAN,A0A024QZ33_HUMAN
ESR2_HUMAN,H0Y8C4_HUMAN
ESR2_HUMAN,A0A8I5KUM4_HUMAN
ESR2_HUMAN,A0A087WWF6_HUMAN
ESR2_HUMAN,HHATL_HUMAN
ESR2_HUMAN,PSMD5_HUMAN
ESR2_HUMAN,A0A0C4DFQ2_HUMAN
ESR2_HUMAN,A0A590UJP9_HUMAN
ESR2_HUMAN,DMRTA_HUMAN
ESR2_HUMAN,A0A7I2V351_HUMAN
ESR2_HUMAN,MOT3_HUMAN
ESR2_HUMAN,S36A4_HUMAN
ESR2_HUMAN,CP2S1_HUMAN
ESR2_HUMAN,S38A3_HUMAN
ESR2_HUMAN,E9PFK9_HUMAN
ESR2_HUMAN,V9HW06_HUMAN
ESR2_HUMAN,A0A7I2V313_HUMAN
ESR2_HUMAN,DNJC3_HUMAN
ESR2_HUMAN,SRP54_HUMAN
ESR2_HUMAN,YAP1_HUMAN
ESR2_HUMAN,ONEC2_HUMAN
ESR2_HUMAN,DOK7_HUMAN
ESR2_HUMAN,PLPL2_HUMAN
ESR2_HUMAN,TAB1_HUMAN
ESR2_HUMAN,MYOC_HUMAN
ESR2_HUMAN,PIGW_HUMAN
ESR2_HUMAN,TRM2B_HUMAN
ESR2_HUMAN,SHPS1_HUMAN
ESR2_HUMAN,PRP19_HUMAN
ESR2_HUMAN,MFS2B_HUMAN
ESR2_HUMAN,FGRL1_HUMAN
ESR2_HUMAN,CP7A1_HUMAN
ESR2_HUMAN,TM175_HUMAN
ESR2_HUMAN,GLYM_HUMAN
AGK_HUMAN,A0A6Q8PG83_HUMAN
AGK_HUMAN,ZN506_HUMAN
AGK_HUMAN,A0A8I5KRR9_HUMAN
AGK_HUMAN,GLTL5_HUMAN
AGK_HUMAN,IFI44_HUMAN
AGK_HUMAN,KI3L1_HUMAN
AGK_HUMAN,TPH1_HUMAN
AGK_HUMAN,H0YCH5_HUMAN
AGK_HUMAN,S4X0W3_HUMAN
AGK_HUMAN,CRLF3_HUMAN
AGK_HUMAN,GXLT2_HUMAN
AGK_HUMAN,B0QZ35_HUMAN
AGK_HUMAN,PO3F2_HUMAN
AGK_HUMAN,XK_HUMAN
AGK_HUMAN,FADS2_HUMAN
AGK_HUMAN,HXA3_HUMAN
AGK_HUMAN,ZN713_HUMAN
AGK_HUMAN,ZPI_HUMAN
AGK_HUMAN,CHST9_HUMAN
AGK_HUMAN,VPS4B_HUMAN
AGK_HUMAN,NEMP1_HUMAN
AGK_HUMAN,PACN1_HUMAN
AGK_HUMAN,ZN232_HUMAN
AGK_HUMAN,A0A0S2Z5S1_HUMAN
AGK_HUMAN,CBPM_HUMAN
AGK_HUMAN,RXLT1_HUMAN
AGK_HUMAN,H0YAB3_HUMAN
AGK_HUMAN,H0Y9H2_HUMAN
AGK_HUMAN,DRC9_HUMAN
AGK_HUMAN,COX10_HUMAN
AGK_HUMAN,Q5SU16_HUMAN
AGK_HUMAN,GATA4_HUMAN
AGK_HUMAN,TBB8B_HUMAN
AGK_HUMAN,A0A0A0MRH0_HUMAN
AGK_HUMAN,MRS2_HUMAN
AGK_HUMAN,EDNRB_HUMAN
AGK_HUMAN,TBB5_HUMAN
AGK_HUMAN,CSN2_HUMAN
AGK_HUMAN,FBLN4_HUMAN
AGK_HUMAN,TBB4A_HUMAN
AGK_HUMAN,FADS1_HUMAN
AGK_HUMAN,TBB8_HUMAN
AGK_HUMAN,PLVAP_HUMAN
AGK_HUMAN,TAD2A_HUMAN
AGK_HUMAN,KLD10_HUMAN
AGK_HUMAN,KHDR1_HUMAN
AGK_HUMAN,STK24_HUMAN
AGK_HUMAN,P2RX5_HUMAN
AGK_HUMAN,TRI14_HUMAN
AGK_HUMAN,FOXF2_HUMAN
AGK_HUMAN,DRD2_HUMAN
AGK_HUMAN,SPRE1_HUMAN
AGK_HUMAN,NADK2_HUMAN
AGK_HUMAN,CCM2_HUMAN
AGK_HUMAN,CADM1_HUMAN
AGK_HUMAN,GATA3_HUMAN
AGK_HUMAN,OX2R_HUMAN
AGK_HUMAN,ENOF1_HUMAN
HSF1_HUMAN,Q86SK3_HUMAN
HSF1_HUMAN,ZBT37_HUMAN
HSF1_HUMAN,A0A096LP39_HUMAN
HSF1_HUMAN,A0A2R8YFQ8_HUMAN
HSF1_HUMAN,Q59EF0_HUMAN
HSF1_HUMAN,CP3A4_HUMAN
HSF1_HUMAN,A0A7P0T8K2_HUMAN
HSF1_HUMAN,A0A515VFR0_HUMAN
HSF1_HUMAN,CP343_HUMAN
HSF1_HUMAN,CP3A7_HUMAN
HSF1_HUMAN,CBPC6_HUMAN
HSF1_HUMAN,Q5T7S2_HUMAN
HSF1_HUMAN,EZHIP_HUMAN
HSF1_HUMAN,WIPF1_HUMAN
HSF1_HUMAN,A0A7P0TAG0_HUMAN
HSF1_HUMAN,NRF1_HUMAN
HSF1_HUMAN,TGFR1_HUMAN
HSF1_HUMAN,CP19A_HUMAN
HSF1_HUMAN,H0YMI4_HUMAN
HSF1_HUMAN,C11B2_HUMAN
HSF1_HUMAN,IRF7_HUMAN
HSF1_HUMAN,NMD3_HUMAN
HSF1_HUMAN,ANGP4_HUMAN
HSF1_HUMAN,LEMD2_HUMAN
HSF1_HUMAN,ACVL1_HUMAN
HSF1_HUMAN,TCP11_HUMAN
HSF1_HUMAN,C11B1_HUMAN
HSF1_HUMAN,THUM2_HUMAN
ACL6A_HUMAN,PAAT_HUMAN
ACL6A_HUMAN,A0A1W2PR08_HUMAN
ACL6A_HUMAN,A0A087X0W8_HUMAN
ACL6A_HUMAN,A0A0S2Z5V5_HUMAN
ACL6A_HUMAN,A0A7P0PJI2_HUMAN
ACL6A_HUMAN,A0A2R8YFL3_HUMAN
ACL6A_HUMAN,A0A286YF85_HUMAN
ACL6A_HUMAN,EVI2B_HUMAN
ACL6A_HUMAN,IFRD1_HUMAN
ACL6A_HUMAN,E9PAM4_HUMAN
ACL6A_HUMAN,A0A2Q2TCK2_HUMAN
ACL6A_HUMAN,CC112_HUMAN
ACL6A_HUMAN,A0A5F9ZI31_HUMAN
ACL6A_HUMAN,A0A7I2V2W0_HUMAN
ACL6A_HUMAN,A0A7P0TA47_HUMAN
ACL6A_HUMAN,RUN3A_HUMAN
ACL6A_HUMAN,AMBN_HUMAN
ACL6A_HUMAN,A0A7I2V4K5_HUMAN
ACL6A_HUMAN,C9JQD1_HUMAN
ACL6A_HUMAN,DRC10_HUMAN
ACL6A_HUMAN,TBA4A_HUMAN
ACL6A_HUMAN,M0QXF9_HUMAN
ACL6A_HUMAN,AT2L2_HUMAN
ACL6A_HUMAN,CBY2_HUMAN
ACL6A_HUMAN,F1D8S6_HUMAN
ACL6A_HUMAN,RGMA_HUMAN
ACL6A_HUMAN,F5GZ36_HUMAN
ACL6A_HUMAN,G3V480_HUMAN
ACL6A_HUMAN,HRH3_HUMAN
ACL6A_HUMAN,GABP2_HUMAN
ACL6A_HUMAN,H0YF72_HUMAN
ACL6A_HUMAN,IGHG3_HUMAN
ACL6A_HUMAN,H7C1B3_HUMAN
ACL6A_HUMAN,KRT37_HUMAN
ACL6A_HUMAN,TBB2B_HUMAN
ACL6A_HUMAN,K1H2_HUMAN
ACL6A_HUMAN,MFSD5_HUMAN
ACL6A_HUMAN,5HT3C_HUMAN
ACL6A_HUMAN,B4DXW7_HUMAN
ACL6A_HUMAN,MSRE_HUMAN
ACL6A_HUMAN,SOX8_HUMAN
ACL6A_HUMAN,K7N7A8_HUMAN
ACL6A_HUMAN,TBX19_HUMAN
ACL6A_HUMAN,GPR61_HUMAN
ACL6A_HUMAN,Q96B65_HUMAN
ACL6A_HUMAN,Q5T626_HUMAN
ACL6A_HUMAN,NADK_HUMAN
ACL6A_HUMAN,TBA8_HUMAN
ACL6A_HUMAN,SPS2_HUMAN
ACL6A_HUMAN,ZNF3_HUMAN
ACL6A_HUMAN,PNMA5_HUMAN
ACL6A_HUMAN,VWA1_HUMAN
ACL6A_HUMAN,A0A0S2Z5P1_HUMAN
ACL6A_HUMAN,R9W7C9_HUMAN
ACL6A_HUMAN,RMND1_HUMAN
ACL6A_HUMAN,S5FMB0_HUMAN
ACL6A_HUMAN,TTYH1_HUMAN
ACL6A_HUMAN,A0A1B0GUB2_HUMAN
ACL6A_HUMAN,A0A7I2V466_HUMAN
ACL6A_HUMAN,ZN446_HUMAN
ACL6A_HUMAN,GRWD1_HUMAN
ACL6A_HUMAN,H0YDZ5_HUMAN
ACL6A_HUMAN,RF1M_HUMAN
ACL6A_HUMAN,KC1G3_HUMAN
ACL6A_HUMAN,A0A0A0MRX8_HUMAN
ACL6A_HUMAN,MGAT1_HUMAN
ACL6A_HUMAN,A0A1B0GWJ4_HUMAN
ACL6A_HUMAN,A0A384MEJ3_HUMAN
ACL6A_HUMAN,A0A384MDT2_HUMAN
ACL6A_HUMAN,CMPK2_HUMAN
ACL6A_HUMAN,F1D8N1_HUMAN
ACL6A_HUMAN,A0A804HJF9_HUMAN
ACL6A_HUMAN,A0A804HKM0_HUMAN
ACL6A_HUMAN,H0Y900_HUMAN
ACL6A_HUMAN,E7EVW7_HUMAN
ACL6A_HUMAN,MINY3_HUMAN
ACL6A_HUMAN,SYFM_HUMAN
ACL6A_HUMAN,A6NJA2_HUMAN
ACL6A_HUMAN,TBA1C_HUMAN
ACL6A_HUMAN,SQOR_HUMAN
ACL6A_HUMAN,ZBT14_HUMAN
ACL6A_HUMAN,A0A804HJI9_HUMAN
ACL6A_HUMAN,CK024_HUMAN
ACL6A_HUMAN,NEK2_HUMAN
ACL6A_HUMAN,A0A0U1RR22_HUMAN
ACL6A_HUMAN,SOX3_HUMAN
ACL6A_HUMAN,TBA3C_HUMAN
ACL6A_HUMAN,LIRB4_HUMAN
ACL6A_HUMAN,A0A7P0Z445_HUMAN
ACL6A_HUMAN,M0QXN5_HUMAN
ACL6A_HUMAN,PO3F1_HUMAN
ACL6A_HUMAN,M0R0P9_HUMAN
ACL6A_HUMAN,CL18C_HUMAN
ACL6A_HUMAN,A0A024R1X5_HUMAN
ACL6A_HUMAN,F1D8Q4_HUMAN
ACL6A_HUMAN,GSDMA_HUMAN
ACL6A_HUMAN,A0A075B6Q2_HUMAN
ACL6A_HUMAN,HNRH2_HUMAN
ACL6A_HUMAN,HGD_HUMAN
ACL6A_HUMAN,LANC2_HUMAN
MAGAB_HUMAN,CL18A_HUMAN
MAGAB_HUMAN,TBB3_HUMAN
MAGAB_HUMAN,TBB6_HUMAN
MAGAB_HUMAN,A0A7I2V3E8_HUMAN
MAGAB_HUMAN,PSN2_HUMAN
MAGAB_HUMAN,TBL2_HUMAN
MAGAB_HUMAN,NPY5R_HUMAN
MAGAB_HUMAN,TBX20_HUMAN
MAGAB_HUMAN,ZIC1_HUMAN
MAGAB_HUMAN,TFDP2_HUMAN
MAGAB_HUMAN,GDIB_HUMAN
MAGAB_HUMAN,ZNF70_HUMAN
MAGAB_HUMAN,IRF4_HUMAN
MAGAB_HUMAN,TBB1_HUMAN
MAGAB_HUMAN,CIR1_HUMAN
MAGAB_HUMAN,A0A384MEE3_HUMAN
MAGAB_HUMAN,TBA3E_HUMAN
MAGAB_HUMAN,TBA3D_HUMAN
MAGAB_HUMAN,STAR3_HUMAN
MAGAB_HUMAN,SCLY_HUMAN
MAGAB_HUMAN,TPSN_HUMAN
MAGAB_HUMAN,EREP1_HUMAN
MAGAB_HUMAN,CSK_HUMAN
MAGAB_HUMAN,WIPI1_HUMAN
MAGAB_HUMAN,TAF1A_HUMAN
MAGAB_HUMAN,CACO2_HUMAN
MAGAB_HUMAN,SMOC2_HUMAN
MAGAB_HUMAN,S52A2_HUMAN
MAGAB_HUMAN,Q1ZYQ1_HUMAN
MAGAB_HUMAN,TB10C_HUMAN
MAGAB_HUMAN,GDIA_HUMAN
MAGAB_HUMAN,TBB2A_HUMAN
MAGAB_HUMAN,INT15_HUMAN
MAGAB_HUMAN,LIPH_HUMAN
MAGAB_HUMAN,TBA1B_HUMAN
MAGAB_HUMAN,ADA2B_HUMAN
MAGAB_HUMAN,ISPD_HUMAN
MAGAB_HUMAN,PCOC1_HUMAN
MAGAB_HUMAN,HNRH1_HUMAN
MAGAB_HUMAN,TBB4B_HUMAN
MAGAB_HUMAN,SNX4_HUMAN
MAGAB_HUMAN,MP2K5_HUMAN
MAGAB_HUMAN,K1C25_HUMAN
MAGAB_HUMAN,TBG1_HUMAN
MAGAB_HUMAN,AP2C_HUMAN
MAGAB_HUMAN,TBA1A_HUMAN
MAGAB_HUMAN,PDE7B_HUMAN
MAGAB_HUMAN,TEAD2_HUMAN
MAGAB_HUMAN,2ABA_HUMAN
MAGAB_HUMAN,FAF2_HUMAN
MAGAB_HUMAN,GASR_HUMAN
MAGAB_HUMAN,TBG2_HUMAN
MAGAB_HUMAN,ACH10_HUMAN
MAGAB_HUMAN,DCA13_HUMAN
MAGAB_HUMAN,PTK6_HUMAN
MAGAB_HUMAN,GBRA2_HUMAN
MAGAB_HUMAN,DRD1_HUMAN
MAGAB_HUMAN,CTBP2_HUMAN
MAGAB_HUMAN,NKD2_HUMAN
MAGAB_HUMAN,ALKMO_HUMAN
MAGAB_HUMAN,ITFG2_HUMAN
MAGAB_HUMAN,FBLN5_HUMAN
MAGAB_HUMAN,EIF3E_HUMAN
MAGAB_HUMAN,ODBA_HUMAN
MAGAB_HUMAN,SDE2_HUMAN
MAGAB_HUMAN,S52A1_HUMAN
MAGAB_HUMAN,BAG5_HUMAN
MAGAB_HUMAN,FBX9_HUMAN
MAGAB_HUMAN,GDF7_HUMAN
MAGAB_HUMAN,WT1_HUMAN
MAGAB_HUMAN,FBX5_HUMAN
MAGAB_HUMAN,CLUS_HUMAN
MAGAB_HUMAN,CDS2_HUMAN
MAGAB_HUMAN,BECN1_HUMAN
MAGAB_HUMAN,INP5K_HUMAN
MAGAB_HUMAN,KICS2_HUMAN
MAGAB_HUMAN,PAX8_HUMAN
MAGAB_HUMAN,AZIN1_HUMAN
MAGAB_HUMAN,EDAR_HUMAN
MAGAB_HUMAN,TINF2_HUMAN
MAGAB_HUMAN,KCNJ4_HUMAN
MAGAB_HUMAN,NR1H3_HUMAN
MAGAB_HUMAN,MYLIP_HUMAN
MAGAB_HUMAN,BFAR_HUMAN
MAGAB_HUMAN,MGAT2_HUMAN
AATM_HUMAN,A0A804HI80_HUMAN
AATM_HUMAN,A0A0S2Z404_HUMAN
AATM_HUMAN,TAM41_HUMAN
AATM_HUMAN,TRI49_HUMAN
AATM_HUMAN,A0A7I2V2H9_HUMAN
AATM_HUMAN,DPH7_HUMAN
AATM_HUMAN,F1D8T0_HUMAN
AATM_HUMAN,GLRA2_HUMAN
AATM_HUMAN,IF44L_HUMAN
AATM_HUMAN,ZN672_HUMAN
AATM_HUMAN,A0A7I2V2Q8_HUMAN
AATM_HUMAN,PH4H_HUMAN
AATM_HUMAN,A0A2R8YFR0_HUMAN
AATM_HUMAN,EKI1_HUMAN
AATM_HUMAN,ZFP57_HUMAN
AATM_HUMAN,GORS2_HUMAN
AATM_HUMAN,E9PC49_HUMAN
AATM_HUMAN,C9J5Y1_HUMAN
AATM_HUMAN,V9HWF0_HUMAN
AATM_HUMAN,A0A0S2Z3C9_HUMAN
AATM_HUMAN,CASP2_HUMAN
AATM_HUMAN,ETV6_HUMAN
AATM_HUMAN,K2C80_HUMAN
AATM_HUMAN,FLI1_HUMAN
AATM_HUMAN,A0A7I2V5U2_HUMAN
AATM_HUMAN,TIM44_HUMAN
AATM_HUMAN,EI2BG_HUMAN
AATM_HUMAN,GBRD_HUMAN
AATM_HUMAN,ILK_HUMAN
AATM_HUMAN,IDHP_HUMAN
SYYC_HUMAN,P4HTM_HUMAN
SYYC_HUMAN,A0A7P0Z4G8_HUMAN
SYYC_HUMAN,PLGT2_HUMAN
SYYC_HUMAN,C9IYS7_HUMAN
SYYC_HUMAN,CDK19_HUMAN
SYYC_HUMAN,A0A087WYI0_HUMAN
SYYC_HUMAN,TFCP2_HUMAN
SYYC_HUMAN,J3KNN9_HUMAN
SYYC_HUMAN,P20D1_HUMAN
SYYC_HUMAN,Q5VZZ6_HUMAN
SYYC_HUMAN,WASF3_HUMAN
SYYC_HUMAN,CP2J2_HUMAN
SYYC_HUMAN,A0A6G6AA68_HUMAN
SYYC_HUMAN,ACHB2_HUMAN
SYYC_HUMAN,UBAP1_HUMAN
SYYC_HUMAN,E7EP87_HUMAN
SYYC_HUMAN,I17RB_HUMAN
SYYC_HUMAN,ZC3C1_HUMAN
SYYC_HUMAN,SPHM_HUMAN
SYYC_HUMAN,ACHA7_HUMAN
SYYC_HUMAN,ADAT1_HUMAN
SYYC_HUMAN,BMR1B_HUMAN
SYYC_HUMAN,WASP_HUMAN
SYYC_HUMAN,CP3A5_HUMAN
SYYC_HUMAN,NFIX_HUMAN
WT1_HUMAN,Q5U0Q1_HUMAN
WT1_HUMAN,A0A024R2I8_HUMAN
WT1_HUMAN,A0A090N8F8_HUMAN
WT1_HUMAN,A0A5F9ZI14_HUMAN
WT1_HUMAN,A0A0A0MQU4_HUMAN
WT1_HUMAN,A0A024R6K8_HUMAN
WT1_HUMAN,A0A090N8Z9_HUMAN
WT1_HUMAN,A0A384MDW9_HUMAN
WT1_HUMAN,CC174_HUMAN
WT1_HUMAN,A0A1U9X7S4_HUMAN
WT1_HUMAN,A0A1B0GVC4_HUMAN
WT1_HUMAN,A0A0S1TJ81_HUMAN
WT1_HUMAN,A0A0C4DG53_HUMAN
WT1_HUMAN,A0A0S2Z5L8_HUMAN
WT1_HUMAN,A0A286YF97_HUMAN
WT1_HUMAN,A0A384ME17_HUMAN
WT1_HUMAN,A0A286YFA6_HUMAN
WT1_HUMAN,A0A2R8Y7R1_HUMAN
WT1_HUMAN,A0A8I5KTT6_HUMAN
WT1_HUMAN,NALF1_HUMAN
WT1_HUMAN,PLA1A_HUMAN
WT1_HUMAN,A0A7P0T907_HUMAN
WT1_HUMAN,A0A3B3ITN0_HUMAN
WT1_HUMAN,A4D1B1_HUMAN
WT1_HUMAN,A0A499FIS5_HUMAN
WT1_HUMAN,A0A8I5KR47_HUMAN
WT1_HUMAN,B4DJV2_HUMAN
WT1_HUMAN,A8IE48_HUMAN
WT1_HUMAN,EF1A2_HUMAN
WT1_HUMAN,AGRE4_HUMAN
WT1_HUMAN,A0A8I5QJP0_HUMAN
WT1_HUMAN,A0A5F9ZGW4_HUMAN
WT1_HUMAN,Q59FU4_HUMAN
WT1_HUMAN,A0A6Q8PFF2_HUMAN
WT1_HUMAN,TRI60_HUMAN
WT1_HUMAN,A0A7I2V4B4_HUMAN
WT1_HUMAN,A0A7I2V3I0_HUMAN
WT1_HUMAN,F1D8S2_HUMAN
WT1_HUMAN,A0A7P0T8E4_HUMAN
WT1_HUMAN,GALK2_HUMAN
WT1_HUMAN,A0A7P0T947_HUMAN
WT1_HUMAN,Q53SH4_HUMAN
WT1_HUMAN,ASB18_HUMAN
WT1_HUMAN,ABHGB_HUMAN
WT1_HUMAN,A0A804HKE0_HUMAN
WT1_HUMAN,A0A7P0T9Y9_HUMAN
WT1_HUMAN,GP152_HUMAN
WT1_HUMAN,A0A856PRE8_HUMAN
WT1_HUMAN,A0A8I5KW00_HUMAN
WT1_HUMAN,ASM3B_HUMAN
WT1_HUMAN,A0A8I5QKQ5_HUMAN
WT1_HUMAN,A0A8I5KNU9_HUMAN
WT1_HUMAN,A0A8I5KYZ8_HUMAN
WT1_HUMAN,A0A8I5QKP8_HUMAN
WT1_HUMAN,MET17_HUMAN
WT1_HUMAN,A8K3H3_HUMAN
WT1_HUMAN,PROC_HUMAN
WT1_HUMAN,ASB16_HUMAN
WT1_HUMAN,B1AKN7_HUMAN
WT1_HUMAN,C9JIG9_HUMAN
WT1_HUMAN,B3KRD1_HUMAN
WT1_HUMAN,C9JWJ8_HUMAN
WT1_HUMAN,LIPR1_HUMAN
WT1_HUMAN,B4DHA8_HUMAN
WT1_HUMAN,H7BZ94_HUMAN
WT1_HUMAN,C9J2C0_HUMAN
WT1_HUMAN,BPIB3_HUMAN
WT1_HUMAN,C9J2C3_HUMAN
WT1_HUMAN,FRMD8_HUMAN
WT1_HUMAN,C9JLE1_HUMAN
WT1_HUMAN,SH24A_HUMAN
WT1_HUMAN,CHIN_HUMAN
WT1_HUMAN,C9JPV8_HUMAN
WT1_HUMAN,CE57L_HUMAN
WT1_HUMAN,KCNA7_HUMAN
WT1_HUMAN,FBXW9_HUMAN
WT1_HUMAN,CTSR4_HUMAN
WT1_HUMAN,SRG2B_HUMAN
WT1_HUMAN,CBPN_HUMAN
WT1_HUMAN,A0A804HKQ7_HUMAN
WT1_HUMAN,Q5TFC9_HUMAN
WT1_HUMAN,GBRA6_HUMAN
WT1_HUMAN,KRT38_HUMAN
WT1_HUMAN,E5KS60_HUMAN
WT1_HUMAN,FBCD1_HUMAN
WT1_HUMAN,E5RIA4_HUMAN
WT1_HUMAN,CTSL2_HUMAN
WT1_HUMAN,E7EUN9_HUMAN
WT1_HUMAN,CDR2L_HUMAN
WT1_HUMAN,E7EU05_HUMAN
WT1_HUMAN,D4Q8H0_HUMAN
WT1_HUMAN,DMRT3_HUMAN
WT1_HUMAN,E9PFW3_HUMAN
WT1_HUMAN,Z385B_HUMAN
WT1_HUMAN,F2Z2I2_HUMAN
WT1_HUMAN,K1C28_HUMAN
WT1_HUMAN,E7EU85_HUMAN
WT1_HUMAN,GBRR3_HUMAN
WT1_HUMAN,FBW12_HUMAN
WT1_HUMAN,GBRG1_HUMAN
CMPK2_HUMAN,I3L3P5_HUMAN
CMPK2_HUMAN,I3L514_HUMAN
CMPK2_HUMAN,GPR39_HUMAN
CMPK2_HUMAN,HNF6_HUMAN
CMPK2_HUMAN,A0A8I5QJC6_HUMAN
CMPK2_HUMAN,H0Y3A4_HUMAN
CMPK2_HUMAN,H0YAK1_HUMAN
CMPK2_HUMAN,K7ES74_HUMAN
CMPK2_HUMAN,HSP13_HUMAN
CMPK2_HUMAN,NR0B1_HUMAN
CMPK2_HUMAN,K1C27_HUMAN
CMPK2_HUMAN,J3KMX2_HUMAN
CMPK2_HUMAN,J3QQX3_HUMAN
CMPK2_HUMAN,KI3L2_HUMAN
CMPK2_HUMAN,HYPDH_HUMAN
CMPK2_HUMAN,A0A7P0T969_HUMAN
CMPK2_HUMAN,MFSD1_HUMAN
CMPK2_HUMAN,I6S2Y9_HUMAN
CMPK2_HUMAN,KRT35_HUMAN
CMPK2_HUMAN,J3QQY0_HUMAN
CMPK2_HUMAN,K1C26_HUMAN
CMPK2_HUMAN,Q53SB5_HUMAN
CMPK2_HUMAN,Q5T4U5_HUMAN
CMPK2_HUMAN,PORCN_HUMAN
CMPK2_HUMAN,KCNG2_HUMAN
CMPK2_HUMAN,Q5T7U1_HUMAN
CMPK2_HUMAN,KREM2_HUMAN
CMPK2_HUMAN,RORB_HUMAN
CMPK2_HUMAN,Q53Y25_HUMAN
CMPK2_HUMAN,SIGL9_HUMAN
CMPK2_HUMAN,CL18B_HUMAN
CMPK2_HUMAN,B7ZLG1_HUMAN
CMPK2_HUMAN,KMT5C_HUMAN
CMPK2_HUMAN,PLAL1_HUMAN
CMPK2_HUMAN,RRP1_HUMAN
CMPK2_HUMAN,FA9_HUMAN
CMPK2_HUMAN,A0A7P0TBE6_HUMAN
CMPK2_HUMAN,V9HWE1_HUMAN
CMPK2_HUMAN,M0R0K9_HUMAN
CMPK2_HUMAN,NR3L1_HUMAN
CMPK2_HUMAN,ZN436_HUMAN
CMPK2_HUMAN,S46A3_HUMAN
CMPK2_HUMAN,D6RFZ5_HUMAN
CMPK2_HUMAN,Q3ZM02_HUMAN
CMPK2_HUMAN,RNB3L_HUMAN
CMPK2_HUMAN,MACA1_HUMAN
CMPK2_HUMAN,TRAF4_HUMAN
CMPK2_HUMAN,PERI_HUMAN
CMPK2_HUMAN,Q5T196_HUMAN
CMPK2_HUMAN,B5MDW0_HUMAN
CMPK2_HUMAN,SERC2_HUMAN
CMPK2_HUMAN,SRPX_HUMAN
CMPK2_HUMAN,SCMC2_HUMAN
CMPK2_HUMAN,TINAL_HUMAN
CMPK2_HUMAN,TMPS5_HUMAN
CMPK2_HUMAN,TM143_HUMAN
CMPK2_HUMAN,TMPS3_HUMAN
CMPK2_HUMAN,MOT4_HUMAN
CMPK2_HUMAN,Q15552_HUMAN
CMPK2_HUMAN,A0A140VJT8_HUMAN
CMPK2_HUMAN,TRM9B_HUMAN
CMPK2_HUMAN,SEN2_HUMAN
CMPK2_HUMAN,A0A7I2V5B9_HUMAN
CMPK2_HUMAN,PURA2_HUMAN
CMPK2_HUMAN,S29A2_HUMAN
CMPK2_HUMAN,MFS10_HUMAN
CMPK2_HUMAN,C9JFE4_HUMAN
CMPK2_HUMAN,F1D8R8_HUMAN
CMPK2_HUMAN,UN93A_HUMAN
CMPK2_HUMAN,ZBT12_HUMAN
CMPK2_HUMAN,A0A6Q8PG68_HUMAN
CMPK2_HUMAN,U3KQ48_HUMAN
CMPK2_HUMAN,A0A0S2Z4Z9_HUMAN
CMPK2_HUMAN,SRGEF_HUMAN
CMPK2_HUMAN,A0A1U9X8A3_HUMAN
CMPK2_HUMAN,A0A7P0T9Z6_HUMAN
CMPK2_HUMAN,A0A7I2YQK0_HUMAN
CMPK2_HUMAN,A0A2R8Y491_HUMAN
CMPK2_HUMAN,A0A7I2V4J2_HUMAN
CMPK2_HUMAN,A0A3B3ITU5_HUMAN
CMPK2_HUMAN,CISY_HUMAN
CMPK2_HUMAN,A0A0A0MTL5_HUMAN
CMPK2_HUMAN,A0A6I8PS32_HUMAN
CMPK2_HUMAN,ERO1A_HUMAN
CMPK2_HUMAN,S38A7_HUMAN
CMPK2_HUMAN,A0A7I2V457_HUMAN
CMPK2_HUMAN,2A5E_HUMAN
CMPK2_HUMAN,SIGL6_HUMAN
CMPK2_HUMAN,A0A8I5KZ80_HUMAN
CMPK2_HUMAN,A0A0C4DGS2_HUMAN
CMPK2_HUMAN,B0ZTD4_HUMAN
CMPK2_HUMAN,I3L112_HUMAN
CMPK2_HUMAN,B4DXU5_HUMAN
CMPK2_HUMAN,X5DR79_HUMAN
CMPK2_HUMAN,Q5T6X2_HUMAN
CMPK2_HUMAN,F5H7W1_HUMAN
CMPK2_HUMAN,J3KN53_HUMAN
CMPK2_HUMAN,G8JLB6_HUMAN
CMPK2_HUMAN,H7BZ69_HUMAN
CMPK2_HUMAN,Q68DB7_HUMAN
BECN1_HUMAN,A0A6E1WB48_HUMAN
BECN1_HUMAN,STEA4_HUMAN
BECN1_HUMAN,DEN2D_HUMAN
BECN1_HUMAN,A0A286YF62_HUMAN
BECN1_HUMAN,A0A6Q8PHA5_HUMAN
BECN1_HUMAN,KREM1_HUMAN
BECN1_HUMAN,J3KNK0_HUMAN
BECN1_HUMAN,A0A804HI22_HUMAN
BECN1_HUMAN,ZBTB9_HUMAN
BECN1_HUMAN,J3KND1_HUMAN
BECN1_HUMAN,DPOD3_HUMAN
BECN1_HUMAN,A0A2R8Y3N3_HUMAN
BECN1_HUMAN,A0A6Q8PG75_HUMAN
BECN1_HUMAN,ACHB3_HUMAN
BECN1_HUMAN,RGF1B_HUMAN
BECN1_HUMAN,PLIN5_HUMAN
BECN1_HUMAN,GPBP1_HUMAN
BECN1_HUMAN,A0A7P0T841_HUMAN
BECN1_HUMAN,SSF1_HUMAN
BECN1_HUMAN,PKNX2_HUMAN
BECN1_HUMAN,PURA1_HUMAN
BECN1_HUMAN,FBXW2_HUMAN
BECN1_HUMAN,EF1A1_HUMAN
BECN1_HUMAN,E9PM17_HUMAN
BECN1_HUMAN,K7EIU8_HUMAN
BECN1_HUMAN,S29A1_HUMAN
BECN1_HUMAN,DUS1L_HUMAN
BECN1_HUMAN,A0A804HKK0_HUMAN
BECN1_HUMAN,A0A0S2Z475_HUMAN
BECN1_HUMAN,F5GYW0_HUMAN
BECN1_HUMAN,MKNK2_HUMAN
BECN1_HUMAN,A0A804HL99_HUMAN
BECN1_HUMAN,A0A0S2Z5C2_HUMAN
BECN1_HUMAN,GP142_HUMAN
BECN1_HUMAN,AL3A1_HUMAN
BECN1_HUMAN,A0A7P0T8F8_HUMAN
BECN1_HUMAN,NR1H2_HUMAN
BECN1_HUMAN,RINI_HUMAN
BECN1_HUMAN,A0A0C4DGS8_HUMAN
BECN1_HUMAN,A0A804HJ86_HUMAN
BECN1_HUMAN,Q5T8R5_HUMAN
BECN1_HUMAN,F5GZQ3_HUMAN
BECN1_HUMAN,E9PEZ7_HUMAN
BECN1_HUMAN,CHIO_HUMAN
BECN1_HUMAN,CBPQ_HUMAN
BECN1_HUMAN,ANT3_HUMAN
BECN1_HUMAN,MOT11_HUMAN
BECN1_HUMAN,VIPR1_HUMAN
BECN1_HUMAN,PTSS1_HUMAN
BECN1_HUMAN,WIPI2_HUMAN
BECN1_HUMAN,EM55_HUMAN
BECN1_HUMAN,FOXD1_HUMAN
BECN1_HUMAN,NSUN6_HUMAN
BECN1_HUMAN,GCNT4_HUMAN
BECN1_HUMAN,A0A7I2V4A8_HUMAN
BECN1_HUMAN,A0A0S2Z4D2_HUMAN
BECN1_HUMAN,S18B1_HUMAN
BECN1_HUMAN,S38A5_HUMAN
BECN1_HUMAN,ALG1_HUMAN
BECN1_HUMAN,A0A024R6A3_HUMAN
BECN1_HUMAN,DCTN4_HUMAN
BECN1_HUMAN,E9PDL4_HUMAN
BECN1_HUMAN,UBA3_HUMAN
BECN1_HUMAN,PELI3_HUMAN
BECN1_HUMAN,BEST4_HUMAN
BECN1_HUMAN,GPAT4_HUMAN
BECN1_HUMAN,NRX1B_HUMAN
BECN1_HUMAN,Q86X91_HUMAN
BECN1_HUMAN,SAM50_HUMAN
BECN1_HUMAN,B7Z7V6_HUMAN
BECN1_HUMAN,A0A0D9SGI5_HUMAN
BECN1_HUMAN,TBD_HUMAN
BECN1_HUMAN,RTN4R_HUMAN
BECN1_HUMAN,ASB10_HUMAN
BECN1_HUMAN,A0A1B0GV32_HUMAN
BECN1_HUMAN,Q53XR6_HUMAN
BECN1_HUMAN,A0A5K1VW74_HUMAN
BECN1_HUMAN,SIGL7_HUMAN
BECN1_HUMAN,GPHRA_HUMAN
BECN1_HUMAN,CDA7L_HUMAN
BECN1_HUMAN,ZIC3_HUMAN
BECN1_HUMAN,COLQ_HUMAN
BECN1_HUMAN,RHG08_HUMAN
BECN1_HUMAN,DCSTP_HUMAN
BECN1_HUMAN,HEM6_HUMAN
BECN1_HUMAN,HECA2_HUMAN
BECN1_HUMAN,F1D8P9_HUMAN
BECN1_HUMAN,TMX3_HUMAN
BECN1_HUMAN,CNR1_HUMAN
BECN1_HUMAN,F8VXI8_HUMAN
BECN1_HUMAN,Q6I9R7_HUMAN
BECN1_HUMAN,R4GMX3_HUMAN
BECN1_HUMAN,A0A024RCX7_HUMAN
BECN1_HUMAN,IRF6_HUMAN
BECN1_HUMAN,SCG3_HUMAN
BECN1_HUMAN,ERRFI_HUMAN
BECN1_HUMAN,F1D8N9_HUMAN
BECN1_HUMAN,P2R3C_HUMAN
BECN1_HUMAN,K2C7_HUMAN
BECN1_HUMAN,AG10B_HUMAN
INP5K_HUMAN,HNRPK_HUMAN
INP5K_HUMAN,QTMAN_HUMAN
INP5K_HUMAN,A0A5F9UY30_HUMAN
INP5K_HUMAN,C9JN07_HUMAN
INP5K_HUMAN,J3QQP4_HUMAN
INP5K_HUMAN,H0Y2S2_HUMAN
INP5K_HUMAN,M3K8_HUMAN
INP5K_HUMAN,A0A2R8Y4N5_HUMAN
INP5K_HUMAN,MOD5_HUMAN
INP5K_HUMAN,NUF2_HUMAN
INP5K_HUMAN,NPT1_HUMAN
INP5K_HUMAN,RUVB2_HUMAN
INP5K_HUMAN,TR10A_HUMAN
INP5K_HUMAN,GBRA5_HUMAN
INP5K_HUMAN,F1D8P4_HUMAN
INP5K_HUMAN,A0A384MTR5_HUMAN
INP5K_HUMAN,GOPC_HUMAN
INP5K_HUMAN,TRI11_HUMAN
INP5K_HUMAN,NUD12_HUMAN
INP5K_HUMAN,M0R3C8_HUMAN
INP5K_HUMAN,A0A2R8Y701_HUMAN
INP5K_HUMAN,A0A3B3ITQ0_HUMAN
INP5K_HUMAN,A0A087X1S6_HUMAN
INP5K_HUMAN,T151A_HUMAN
INP5K_HUMAN,BPIB2_HUMAN
INP5K_HUMAN,J3KQ82_HUMAN
INP5K_HUMAN,PACR_HUMAN
INP5K_HUMAN,NOE2_HUMAN
INP5K_HUMAN,BLMH_HUMAN
INP5K_HUMAN,CR3L3_HUMAN
INP5K_HUMAN,F124B_HUMAN
INP5K_HUMAN,A0A2R8YFN3_HUMAN
INP5K_HUMAN,TNR1B_HUMAN
INP5K_HUMAN,5HT3E_HUMAN
INP5K_HUMAN,E9PHV6_HUMAN
INP5K_HUMAN,CRDL1_HUMAN
INP5K_HUMAN,J3KPK3_HUMAN
INP5K_HUMAN,A4D1Q0_HUMAN
INP5K_HUMAN,LIPR2_HUMAN
INP5K_HUMAN,A0A6M8YDW1_HUMAN
INP5K_HUMAN,H7BXE3_HUMAN
INP5K_HUMAN,NUP50_HUMAN
INP5K_HUMAN,3BP5_HUMAN
INP5K_HUMAN,GFRA2_HUMAN
INP5K_HUMAN,5HT3D_HUMAN
INP5K_HUMAN,GBRG3_HUMAN
INP5K_HUMAN,MIDN_HUMAN
INP5K_HUMAN,WDR41_HUMAN
INP5K_HUMAN,HOT_HUMAN
INP5K_HUMAN,L2HDH_HUMAN
INP5K_HUMAN,HYEP_HUMAN
INP5K_HUMAN,PROP_HUMAN
INP5K_HUMAN,BCD1_HUMAN
INP5K_HUMAN,ZNT6_HUMAN
INP5K_HUMAN,DMAP1_HUMAN
INP5K_HUMAN,FKBP4_HUMAN
INP5K_HUMAN,ACM1_HUMAN
INP5K_HUMAN,MYCN_HUMAN
INP5K_HUMAN,FKBP5_HUMAN
INP5K_HUMAN,ATTY_HUMAN
INP5K_HUMAN,PSD12_HUMAN
INP5K_HUMAN,DPOD2_HUMAN
INP5K_HUMAN,AMNLS_HUMAN
INP5K_HUMAN,RHBG_HUMAN
INP5K_HUMAN,HTRA3_HUMAN
INP5K_HUMAN,PTN18_HUMAN
INP5K_HUMAN,ADA1A_HUMAN
INP5K_HUMAN,RARB_HUMAN
INP5K_HUMAN,KBTBD_HUMAN
INP5K_HUMAN,NFYC_HUMAN
INP5K_HUMAN,ANGL3_HUMAN
INP5K_HUMAN,KLF5_HUMAN
INP5K_HUMAN,AL3B1_HUMAN
INP5K_HUMAN,PDLI7_HUMAN
INP5K_HUMAN,MLKL_HUMAN
INP5K_HUMAN,INT12_HUMAN
INP5K_HUMAN,RMD3_HUMAN
INP5K_HUMAN,CEP55_HUMAN
INP5K_HUMAN,BLNK_HUMAN
INP5K_HUMAN,ERR3_HUMAN
INP5K_HUMAN,IIGP5_HUMAN
INP5K_HUMAN,SRPX2_HUMAN
INP5K_HUMAN,FUCO_HUMAN
INP5K_HUMAN,K1C15_HUMAN
INP5K_HUMAN,A0A7I2V420_HUMAN
INP5K_HUMAN,VIME_HUMAN
INP5K_HUMAN,RUFY3_HUMAN
INP5K_HUMAN,ERO1B_HUMAN
INP5K_HUMAN,SNX17_HUMAN
INP5K_HUMAN,AZIN2_HUMAN
INP5K_HUMAN,CAH9_HUMAN
INP5K_HUMAN,GABPA_HUMAN
INP5K_HUMAN,CHIT1_HUMAN
INP5K_HUMAN,RL3R1_HUMAN
INP5K_HUMAN,NFS1_HUMAN
INP5K_HUMAN,LS14A_HUMAN
INP5K_HUMAN,IL7RA_HUMAN
INP5K_HUMAN,LIPI_HUMAN
INP5K_HUMAN,SUCB1_HUMAN
INP5K_HUMAN,SIL1_HUMAN
TINF2_HUMAN,ACD_HUMAN
TINF2_HUMAN,G1UCX3_HUMAN
TINF2_HUMAN,A0A7I2V5K0_HUMAN
TINF2_HUMAN,H0YML5_HUMAN
TINF2_HUMAN,CDK18_HUMAN
TINF2_HUMAN,A0A1B0GV49_HUMAN
TINF2_HUMAN,CCDC6_HUMAN
TINF2_HUMAN,A0A804HLJ5_HUMAN
TINF2_HUMAN,F1D8T1_HUMAN
TINF2_HUMAN,IF2G_HUMAN
TINF2_HUMAN,A0A348FV93_HUMAN
TINF2_HUMAN,RGS6_HUMAN
TINF2_HUMAN,MK10_HUMAN
TINF2_HUMAN,RUVB1_HUMAN
TINF2_HUMAN,VRK3_HUMAN
TINF2_HUMAN,SAAL1_HUMAN
TINF2_HUMAN,CWC27_HUMAN
TINF2_HUMAN,MKNK1_HUMAN
TINF2_HUMAN,A0A7I2V2M2_HUMAN
TINF2_HUMAN,A0A2R8Y4Q0_HUMAN
TINF2_HUMAN,B6ZGS9_HUMAN
TINF2_HUMAN,TMM8B_HUMAN
TINF2_HUMAN,MEAK7_HUMAN
TINF2_HUMAN,D6RJA6_HUMAN
TINF2_HUMAN,V9HWG1_HUMAN
TINF2_HUMAN,GFRA1_HUMAN
TINF2_HUMAN,K4DIA0_HUMAN
TINF2_HUMAN,GLRA1_HUMAN
TINF2_HUMAN,H7C4S2_HUMAN
TINF2_HUMAN,BMP3_HUMAN
TINF2_HUMAN,GLP1R_HUMAN
TINF2_HUMAN,VTDB_HUMAN
TINF2_HUMAN,IGHM_HUMAN
TINF2_HUMAN,ZN140_HUMAN
TINF2_HUMAN,LAP2B_HUMAN
TINF2_HUMAN,RIOX2_HUMAN
TINF2_HUMAN,SYT17_HUMAN
TINF2_HUMAN,BAG4_HUMAN
TINF2_HUMAN,NARF_HUMAN
TINF2_HUMAN,COQ6_HUMAN
TINF2_HUMAN,A0A7I2YQD1_HUMAN
TINF2_HUMAN,QCR2_HUMAN
TINF2_HUMAN,SNX8_HUMAN
TINF2_HUMAN,ATG4C_HUMAN
TINF2_HUMAN,MOCS3_HUMAN
TINF2_HUMAN,CCNA1_HUMAN
TINF2_HUMAN,ANCHR_HUMAN
TINF2_HUMAN,OXSM_HUMAN
TINF2_HUMAN,ODO2_HUMAN
TINF2_HUMAN,P2RX2_HUMAN
TINF2_HUMAN,SBP1_HUMAN
TINF2_HUMAN,KRT36_HUMAN
TINF2_HUMAN,RARG_HUMAN
TINF2_HUMAN,A0A7P0T8L3_HUMAN
TINF2_HUMAN,CATC_HUMAN
TINF2_HUMAN,SF3A2_HUMAN
TINF2_HUMAN,COR1A_HUMAN
TINF2_HUMAN,MBOA7_HUMAN
TINF2_HUMAN,RCC1L_HUMAN
TINF2_HUMAN,S5TLS4_HUMAN
TINF2_HUMAN,LIPP_HUMAN
TINF2_HUMAN,ZN239_HUMAN
TINF2_HUMAN,FBX3_HUMAN
TINF2_HUMAN,GSHB_HUMAN
TINF2_HUMAN,AP4M1_HUMAN
TINF2_HUMAN,K1C16_HUMAN
TINF2_HUMAN,NUCB1_HUMAN
TINF2_HUMAN,K1C14_HUMAN
TINF2_HUMAN,HEMO_HUMAN
TINF2_HUMAN,CPSF7_HUMAN
TINF2_HUMAN,ETS2_HUMAN
TINF2_HUMAN,J3KNH0_HUMAN
TINF2_HUMAN,USH1G_HUMAN
TINF2_HUMAN,S52A3_HUMAN
TINF2_HUMAN,CHKA_HUMAN
TINF2_HUMAN,ACHA5_HUMAN
TINF2_HUMAN,SPTC1_HUMAN
TINF2_HUMAN,FA7_HUMAN
TINF2_HUMAN,ACM2_HUMAN
TINF2_HUMAN,STF1_HUMAN
TINF2_HUMAN,C9J813_HUMAN
TINF2_HUMAN,KAT8_HUMAN
TINF2_HUMAN,DESM_HUMAN
TINF2_HUMAN,SOX4_HUMAN
TINF2_HUMAN,ATG4D_HUMAN
TINF2_HUMAN,TNR1A_HUMAN
TINF2_HUMAN,GIPR_HUMAN
TINF2_HUMAN,CDK8_HUMAN
TINF2_HUMAN,SYWC_HUMAN
TINF2_HUMAN,EFTU_HUMAN
TINF2_HUMAN,ECHB_HUMAN
TINF2_HUMAN,DAPK3_HUMAN
TINF2_HUMAN,NDUV1_HUMAN
TINF2_HUMAN,MMP1_HUMAN
TINF2_HUMAN,GDF9_HUMAN
TINF2_HUMAN,ZSC21_HUMAN
TINF2_HUMAN,VAS1_HUMAN
TINF2_HUMAN,MTX1_HUMAN
TINF2_HUMAN,OST48_HUMAN
TINF2_HUMAN,PPHLN_HUMAN
AOFA_HUMAN,FOXC2_HUMAN
AOFA_HUMAN,A0A140VJW5_HUMAN
AOFA_HUMAN,V9HW83_HUMAN
AOFA_HUMAN,ODPX_HUMAN
AOFA_HUMAN,IRX3_HUMAN
AOFA_HUMAN,1A1L1_HUMAN
AOFA_HUMAN,GLYG2_HUMAN
AOFA_HUMAN,ACHB_HUMAN
AOFA_HUMAN,KCNJ3_HUMAN
AOFA_HUMAN,SPCS_HUMAN
AOFA_HUMAN,A0A7I2V347_HUMAN
AOFA_HUMAN,ARMC6_HUMAN
AOFA_HUMAN,CP8B1_HUMAN
AOFA_HUMAN,GTR5_HUMAN
AOFA_HUMAN,NRBP2_HUMAN
AOFA_HUMAN,A0A5F9ZI63_HUMAN
AOFA_HUMAN,E7EX40_HUMAN
AOFA_HUMAN,D3YTF8_HUMAN
AOFA_HUMAN,SYDC_HUMAN
AOFA_HUMAN,A0A7I2V535_HUMAN
AOFA_HUMAN,GDF5_HUMAN
AOFA_HUMAN,CP2R1_HUMAN
AOFA_HUMAN,CMAH_HUMAN
AOFA_HUMAN,A0A7I2V2Y9_HUMAN
AOFA_HUMAN,BACE1_HUMAN
AOFA_HUMAN,AL1A1_HUMAN
AOFA_HUMAN,G6PT3_HUMAN
AOFA_HUMAN,XCT_HUMAN
AOFA_HUMAN,SF3A3_HUMAN
AOFA_HUMAN,TRAF2_HUMAN
AOFA_HUMAN,Q8WVD2_HUMAN
AOFA_HUMAN,PWP1_HUMAN
ENOA_HUMAN,DDX47_HUMAN
ENOA_HUMAN,BCL3_HUMAN
ENOA_HUMAN,PPM1F_HUMAN
ENOA_HUMAN,RUNX1_HUMAN
ENOA_HUMAN,DCA12_HUMAN
ENOA_HUMAN,GUAD_HUMAN
ENOA_HUMAN,BMP5_HUMAN
ENOA_HUMAN,PRUN1_HUMAN
ENOA_HUMAN,CHMP7_HUMAN
ENOA_HUMAN,MYC_HUMAN
ENOA_HUMAN,MET14_HUMAN
ENOA_HUMAN,MID49_HUMAN
ENOA_HUMAN,GDF6_HUMAN
ENOA_HUMAN,ASM3A_HUMAN
ENOA_HUMAN,FIBG_HUMAN
ENOA_HUMAN,RRP8_HUMAN
ENOA_HUMAN,GBRA1_HUMAN
ENOA_HUMAN,ENPP4_HUMAN
LCAT_HUMAN,RXRA_HUMAN
LCAT_HUMAN,IP3KA_HUMAN
LCAT_HUMAN,TGFI1_HUMAN
LCAT_HUMAN,ENPP7_HUMAN
LCAT_HUMAN,FKTN_HUMAN
LCAT_HUMAN,AP2B_HUMAN
LCAT_HUMAN,SHH_HUMAN
LCAT_HUMAN,ADA2C_HUMAN
LCAT_HUMAN,FICD_HUMAN
LCAT_HUMAN,K1C13_HUMAN
LCAT_HUMAN,MANEA_HUMAN
LCAT_HUMAN,RNF25_HUMAN
LCAT_HUMAN,ACHA_HUMAN
LCAT_HUMAN,WASH3_HUMAN
LCAT_HUMAN,SRG2C_HUMAN
LCAT_HUMAN,TRM11_HUMAN
LCAT_HUMAN,TF2H4_HUMAN
LCAT_HUMAN,MCRS1_HUMAN
LCAT_HUMAN,P55G_HUMAN
LCAT_HUMAN,DCOR_HUMAN
LCAT_HUMAN,THB_HUMAN
LCAT_HUMAN,HTRA2_HUMAN
LCAT_HUMAN,RXRG_HUMAN
LCAT_HUMAN,PCFT_HUMAN
LCAT_HUMAN,NDUS2_HUMAN
LCAT_HUMAN,ZPR1_HUMAN
LCAT_HUMAN,CALRL_HUMAN
LCAT_HUMAN,MID51_HUMAN
LCAT_HUMAN,FOXA2_HUMAN
LCAT_HUMAN,NFIL3_HUMAN
LCAT_HUMAN,CD4_HUMAN
LCAT_HUMAN,RARA_HUMAN
LCAT_HUMAN,CDS1_HUMAN
LCAT_HUMAN,SEMG1_HUMAN
LCAT_HUMAN,5HT2C_HUMAN
LCAT_HUMAN,IRAK4_HUMAN
LCAT_HUMAN,S39A8_HUMAN
LCAT_HUMAN,WRP73_HUMAN
LCAT_HUMAN,CMGA_HUMAN
LCAT_HUMAN,NU4M_HUMAN
IDHP_HUMAN,A0A024R5F7_HUMAN
IDHP_HUMAN,A0A0C4DGW3_HUMAN
IDHP_HUMAN,IRX2_HUMAN
IDHP_HUMAN,A0A2R8YDT5_HUMAN
IDHP_HUMAN,TM181_HUMAN
IDHP_HUMAN,B4DKA4_HUMAN
IDHP_HUMAN,A0A8I5KU46_HUMAN
IDHP_HUMAN,A0A1W2PRF5_HUMAN
IDHP_HUMAN,A0A0C4DGH8_HUMAN
IDHP_HUMAN,ZN383_HUMAN
IDHP_HUMAN,TBE_HUMAN
IDHP_HUMAN,S29A3_HUMAN
IDHP_HUMAN,MMP8_HUMAN
IDHP_HUMAN,PPARA_HUMAN
IDHP_HUMAN,ZN296_HUMAN
IDHP_HUMAN,BTBDA_HUMAN
IDHP_HUMAN,ZBT43_HUMAN
IDHP_HUMAN,CNDP2_HUMAN
IDHP_HUMAN,D3DQW7_HUMAN
IDHP_HUMAN,GBRR2_HUMAN
IDHP_HUMAN,FEZF1_HUMAN
IDHP_HUMAN,B0ZBD3_HUMAN
IDHP_HUMAN,E9PFV2_HUMAN
IDHP_HUMAN,FUCO2_HUMAN
IDHP_HUMAN,J3QLM1_HUMAN
IDHP_HUMAN,GBRB1_HUMAN
IDHP_HUMAN,A0A1C9HIH9_HUMAN
IDHP_HUMAN,RHG15_HUMAN
IDHP_HUMAN,LTV1_HUMAN
IDHP_HUMAN,ATX10_HUMAN
IDHP_HUMAN,GBA3_HUMAN
IDHP_HUMAN,O96023_HUMAN
IDHP_HUMAN,STK38_HUMAN
IDHP_HUMAN,CAP1_HUMAN
IDHP_HUMAN,CDK14_HUMAN
IDHP_HUMAN,FACE1_HUMAN
IDHP_HUMAN,MPIP3_HUMAN
IDHP_HUMAN,CP39A_HUMAN
IDHP_HUMAN,ERMAP_HUMAN
IDHP_HUMAN,G3BP1_HUMAN
IDHP_HUMAN,CALCR_HUMAN
IDHP_HUMAN,SOX10_HUMAN
IDHP_HUMAN,SMAD1_HUMAN
IDHP_HUMAN,TRI38_HUMAN
IDHP_HUMAN,HNF4A_HUMAN
IDHP_HUMAN,U3IP2_HUMAN
IDHP_HUMAN,SAXO1_HUMAN
IDHP_HUMAN,ULK3_HUMAN
IDHP_HUMAN,MINY1_HUMAN
IDHP_HUMAN,MMP13_HUMAN
IDHP_HUMAN,SMAD2_HUMAN
IDHP_HUMAN,NONO_HUMAN
IDHP_HUMAN,E2F3_HUMAN
IDHP_HUMAN,SMAD5_HUMAN
IDHP_HUMAN,TTC29_HUMAN
IDHP_HUMAN,GLRA3_HUMAN
IDHP_HUMAN,RGS11_HUMAN
IDHP_HUMAN,FOXA1_HUMAN
IDHP_HUMAN,TRAIP_HUMAN
IDHP_HUMAN,5HT2A_HUMAN
IDHP_HUMAN,KCC4_HUMAN
IDHP_HUMAN,UFSP2_HUMAN
IDHP_HUMAN,DHCR7_HUMAN
IDHP_HUMAN,ARLY_HUMAN
IDHP_HUMAN,PSN1_HUMAN
IDHP_HUMAN,GBRB3_HUMAN
IDHP_HUMAN,S39A7_HUMAN
IDHP_HUMAN,RETR3_HUMAN
IDHP_HUMAN,IL6RA_HUMAN
IDHP_HUMAN,PDCD4_HUMAN
IDHP_HUMAN,SETD6_HUMAN
IDHP_HUMAN,DAA11_HUMAN
IDHP_HUMAN,SCMC3_HUMAN
IDHP_HUMAN,METL4_HUMAN
IDHP_HUMAN,NK3R_HUMAN
IDHP_HUMAN,GBRG2_HUMAN
IDHP_HUMAN,PEAK3_HUMAN
IDHP_HUMAN,U2AF2_HUMAN
IDHP_HUMAN,TOIP2_HUMAN
IDHP_HUMAN,ST38L_HUMAN
IDHP_HUMAN,MEF2C_HUMAN
IDHP_HUMAN,ADA2A_HUMAN
IDHP_HUMAN,MAPK5_HUMAN
IDHP_HUMAN,MMP12_HUMAN
IDHP_HUMAN,PRKN_HUMAN
IDHP_HUMAN,CD36_HUMAN
IDHP_HUMAN,HYAL2_HUMAN
IDHP_HUMAN,CELF3_HUMAN
IDHP_HUMAN,KYNU_HUMAN
IDHP_HUMAN,TPSNR_HUMAN
IDHP_HUMAN,NKD1_HUMAN
IDHP_HUMAN,COR1C_HUMAN
IDHP_HUMAN,F261_HUMAN
IDHP_HUMAN,RNF14_HUMAN
IDHP_HUMAN,IFIT2_HUMAN
IDHP_HUMAN,CBLC_HUMAN
IDHP_HUMAN,TRI62_HUMAN
IDHP_HUMAN,SERC3_HUMAN
IDHP_HUMAN,LIPL_HUMAN
IDHP_HUMAN,S46A2_HUMAN
CP4V2_HUMAN,A0A7P0Z4K4_HUMAN
CP4V2_HUMAN,HEP2_HUMAN
CP4V2_HUMAN,BTNL8_HUMAN
CP4V2_HUMAN,AT2L1_HUMAN
CP4V2_HUMAN,NPTXR_HUMAN
CP4V2_HUMAN,A0A8I5KPC6_HUMAN
CP4V2_HUMAN,A0A494BZW7_HUMAN
CP4V2_HUMAN,LRP11_HUMAN
CP4V2_HUMAN,PLDX1_HUMAN
CP4V2_HUMAN,CRLD1_HUMAN
CP4V2_HUMAN,IC1_HUMAN
CP4V2_HUMAN,H7C3A1_HUMAN
CP4V2_HUMAN,A0A0A0MTR2_HUMAN
CP4V2_HUMAN,X5D8S1_HUMAN
CP4V2_HUMAN,ENDD1_HUMAN
CP4V2_HUMAN,A0A0S2Z454_HUMAN
CP4V2_HUMAN,IKBE_HUMAN
CP4V2_HUMAN,E9PNZ6_HUMAN
CP4V2_HUMAN,A0A804HKH7_HUMAN
CP4V2_HUMAN,A0A1B0GTJ4_HUMAN
CP4V2_HUMAN,NCKX5_HUMAN
CP4V2_HUMAN,F5H4X0_HUMAN
CP4V2_HUMAN,A0A7P0T8Z7_HUMAN
CP4V2_HUMAN,E7EV13_HUMAN
CP4V2_HUMAN,KCNV1_HUMAN
CP4V2_HUMAN,CLK2_HUMAN
CP4V2_HUMAN,KCNA2_HUMAN
CP4V2_HUMAN,TRIM4_HUMAN
CP4V2_HUMAN,TRI69_HUMAN
CP4V2_HUMAN,PPP5_HUMAN
CP4V2_HUMAN,MOT1_HUMAN
CP4V2_HUMAN,PYRD1_HUMAN
CP4V2_HUMAN,CEP57_HUMAN
CP4V2_HUMAN,AINX_HUMAN
CP4V2_HUMAN,SUH_HUMAN
CP4V2_HUMAN,A8K7I0_HUMAN
CP4V2_HUMAN,SIGL8_HUMAN
CP4V2_HUMAN,PLAG1_HUMAN
CP4V2_HUMAN,CP46A_HUMAN
CP4V2_HUMAN,B3GL2_HUMAN
CP4V2_HUMAN,GABT_HUMAN
CP4V2_HUMAN,PMYT1_HUMAN
CP4V2_HUMAN,PRP31_HUMAN
CP4V2_HUMAN,TCFL5_HUMAN
CP4V2_HUMAN,PO3F3_HUMAN
CP4V2_HUMAN,LIPG_HUMAN
CP4V2_HUMAN,KCC2D_HUMAN
CP4V2_HUMAN,KCNK5_HUMAN
CP4V2_HUMAN,LIPC_HUMAN
CP4V2_HUMAN,LIRA4_HUMAN
CP4V2_HUMAN,CDC20_HUMAN
CP4V2_HUMAN,ERF3A_HUMAN
CP4V2_HUMAN,PTGIS_HUMAN
RUNX1_HUMAN,A0A7I2V5M7_HUMAN
RUNX1_HUMAN,E9PRZ1_HUMAN
RUNX1_HUMAN,A0A2R8Y7T2_HUMAN
RUNX1_HUMAN,A0A1W2PQ47_HUMAN
RUNX1_HUMAN,ESS2_HUMAN
RUNX1_HUMAN,A0A7P0MUT5_HUMAN
RUNX1_HUMAN,RAB3I_HUMAN
RUNX1_HUMAN,ANGT_HUMAN
RUNX1_HUMAN,EVX2_HUMAN
RUNX1_HUMAN,F1DAL1_HUMAN
RUNX1_HUMAN,S36A1_HUMAN
RUNX1_HUMAN,TFEB_HUMAN
RUNX1_HUMAN,GAS7_HUMAN
RUNX1_HUMAN,TRIP6_HUMAN
RUNX1_HUMAN,PRAM6_HUMAN
RUNX1_HUMAN,NOXA1_HUMAN
RUNX1_HUMAN,A0A7I2V5Y7_HUMAN
RUNX1_HUMAN,GPKOW_HUMAN
RUNX1_HUMAN,CBPE_HUMAN
RUNX1_HUMAN,RBM45_HUMAN
RUNX1_HUMAN,MCES_HUMAN
RUNX1_HUMAN,REN3A_HUMAN
RUNX1_HUMAN,F5GX88_HUMAN
RUNX1_HUMAN,MMP10_HUMAN
RUNX1_HUMAN,S61A1_HUMAN
RUNX1_HUMAN,MICU1_HUMAN
RUNX1_HUMAN,TM1L1_HUMAN
RUNX1_HUMAN,CHK1_HUMAN
RUNX1_HUMAN,CIAO3_HUMAN
RUNX1_HUMAN,SMAD9_HUMAN
RUNX1_HUMAN,WASH1_HUMAN
RUNX1_HUMAN,HTRA4_HUMAN
RUNX1_HUMAN,CHIA_HUMAN
RUNX1_HUMAN,EGR2_HUMAN
RUNX1_HUMAN,ZN141_HUMAN
RUNX1_HUMAN,DCDC2_HUMAN
RUNX1_HUMAN,TRI15_HUMAN
RUNX1_HUMAN,TINAG_HUMAN
RUNX1_HUMAN,RO52_HUMAN
RUNX1_HUMAN,HXK4_HUMAN
PPBT_HUMAN,A0A7P0T9I2_HUMAN
PPBT_HUMAN,A0A096LNY6_HUMAN
PPBT_HUMAN,TCHP_HUMAN
PPBT_HUMAN,A0A0A6YY92_HUMAN
PPBT_HUMAN,B4DP46_HUMAN
PPBT_HUMAN,Q9H9W4_HUMAN
PPBT_HUMAN,A0A140VKC4_HUMAN
PPBT_HUMAN,B3GLT_HUMAN
PPBT_HUMAN,A0A6I8PIX5_HUMAN
PPBT_HUMAN,FSCN3_HUMAN
PPBT_HUMAN,PHF10_HUMAN
PPBT_HUMAN,B4DHR0_HUMAN
PPBT_HUMAN,Q6JHV3_HUMAN
PPBT_HUMAN,H7BYG4_HUMAN
PPBT_HUMAN,X6R8A1_HUMAN
PPBT_HUMAN,Q86XE2_HUMAN
PPBT_HUMAN,A0A7P0TBD9_HUMAN
PPBT_HUMAN,A0A7I2V411_HUMAN
PPBT_HUMAN,WASF2_HUMAN
PPBT_HUMAN,CC14B_HUMAN
PPBT_HUMAN,A0A7I2V474_HUMAN
PPBT_HUMAN,B8ZZZ7_HUMAN
PPBT_HUMAN,IRF5_HUMAN
PPBT_HUMAN,MYOTI_HUMAN
PPBT_HUMAN,TRI22_HUMAN
PPBT_HUMAN,ANGP1_HUMAN
PPBT_HUMAN,ACHB4_HUMAN
PPBT_HUMAN,NMT2_HUMAN
EFTU_HUMAN,A0A8I5KS72_HUMAN
EFTU_HUMAN,NOP53_HUMAN
EFTU_HUMAN,MYBPH_HUMAN
EFTU_HUMAN,FA83E_HUMAN
EFTU_HUMAN,MGT4C_HUMAN
EFTU_HUMAN,H0YJB4_HUMAN
EFTU_HUMAN,A8MUP8_HUMAN
EFTU_HUMAN,OSGI1_HUMAN
EFTU_HUMAN,C9JAA8_HUMAN
EFTU_HUMAN,SYNM_HUMAN
EFTU_HUMAN,F8VQZ7_HUMAN
EFTU_HUMAN,A0A6Q8PGA4_HUMAN
EFTU_HUMAN,PPOX_HUMAN
EFTU_HUMAN,K7EKW2_HUMAN
EFTU_HUMAN,F8W9R5_HUMAN
EFTU_HUMAN,ABTB1_HUMAN
EFTU_HUMAN,TF2AY_HUMAN
EFTU_HUMAN,PRAM9_HUMAN
EFTU_HUMAN,Q5VWE5_HUMAN
EFTU_HUMAN,TRI72_HUMAN
EFTU_HUMAN,A0A087WUE2_HUMAN
EFTU_HUMAN,A0A384MR00_HUMAN
EFTU_HUMAN,D9ZGG2_HUMAN
EFTU_HUMAN,ZN410_HUMAN
EFTU_HUMAN,A0A1B0GU97_HUMAN
EFTU_HUMAN,FOXD3_HUMAN
EFTU_HUMAN,TMCC3_HUMAN
EFTU_HUMAN,MAP2_HUMAN
EFTU_HUMAN,A0A140VJE3_HUMAN
EFTU_HUMAN,ZSC26_HUMAN
EFTU_HUMAN,GLR_HUMAN
EFTU_HUMAN,A0A7I2YQ95_HUMAN
EFTU_HUMAN,IFIT1_HUMAN
EFTU_HUMAN,TR61B_HUMAN
EFTU_HUMAN,MOT2_HUMAN
EFTU_HUMAN,MEIS2_HUMAN
EFTU_HUMAN,OPN4_HUMAN
EFTU_HUMAN,DRC4_HUMAN
EFTU_HUMAN,ETV1_HUMAN
EFTU_HUMAN,A0A5F9ZGS6_HUMAN
EFTU_HUMAN,SCMC1_HUMAN
EFTU_HUMAN,SEPT4_HUMAN
EFTU_HUMAN,5HT3A_HUMAN
EFTU_HUMAN,SCRB2_HUMAN
EFTU_HUMAN,CAP2_HUMAN
EFTU_HUMAN,MAZ_HUMAN
EFTU_HUMAN,F8WJN3_HUMAN
EFTU_HUMAN,ZN207_HUMAN
EFTU_HUMAN,VTNC_HUMAN
EFTU_HUMAN,SL2A8_HUMAN
EFTU_HUMAN,POC1B_HUMAN
EFTU_HUMAN,SYYM_HUMAN
EFTU_HUMAN,ZN622_HUMAN
EFTU_HUMAN,KCC2A_HUMAN
EFTU_HUMAN,DIRC2_HUMAN
EFTU_HUMAN,DRD5_HUMAN
EFTU_HUMAN,SHPK_HUMAN
EFTU_HUMAN,GDF10_HUMAN
EFTU_HUMAN,ENPP5_HUMAN
EFTU_HUMAN,TRI17_HUMAN
EFTU_HUMAN,ADRB1_HUMAN
EFTU_HUMAN,MMP3_HUMAN
F263_HUMAN,F1D8N3_HUMAN
F263_HUMAN,B7WPK3_HUMAN
F263_HUMAN,A0A090N8N3_HUMAN
F263_HUMAN,A0A0A0MRT2_HUMAN
F263_HUMAN,A0A0C4DGN7_HUMAN
F263_HUMAN,B1AMR3_HUMAN
F263_HUMAN,2A5B_HUMAN
F263_HUMAN,A0A0C4DH52_HUMAN
F263_HUMAN,A6NL54_HUMAN
F263_HUMAN,B0QZ55_HUMAN
F263_HUMAN,ALAT1_HUMAN
F263_HUMAN,E9PMQ6_HUMAN
F263_HUMAN,CD5_HUMAN
F263_HUMAN,NUFP1_HUMAN
F263_HUMAN,RBY1D_HUMAN
F263_HUMAN,RBY1B_HUMAN
F263_HUMAN,RCOR3_HUMAN
F263_HUMAN,F1D8P6_HUMAN
F263_HUMAN,J3KNA0_HUMAN
F263_HUMAN,H0YBC9_HUMAN
F263_HUMAN,CRNN_HUMAN
F263_HUMAN,TCAIM_HUMAN
F263_HUMAN,A0A6I8PU73_HUMAN
F263_HUMAN,MATN1_HUMAN
F263_HUMAN,RAD18_HUMAN
F263_HUMAN,A0A804HKW5_HUMAN
F263_HUMAN,MBOA1_HUMAN
F263_HUMAN,ZSA5A_HUMAN
F263_HUMAN,GTR11_HUMAN
F263_HUMAN,ZN212_HUMAN
F263_HUMAN,PLAL2_HUMAN
F263_HUMAN,B0QZ65_HUMAN
F263_HUMAN,A0A0S2Z417_HUMAN
F263_HUMAN,SGK3_HUMAN
F263_HUMAN,F5H731_HUMAN
F263_HUMAN,FOXD2_HUMAN
F263_HUMAN,RBY1A_HUMAN
F263_HUMAN,X6R4W8_HUMAN
F263_HUMAN,ZBT8B_HUMAN
F263_HUMAN,DOK3_HUMAN
F263_HUMAN,GTR3_HUMAN
F263_HUMAN,CRLD2_HUMAN
F263_HUMAN,A0A7P0TBQ3_HUMAN
F263_HUMAN,A0A7I2V340_HUMAN
F263_HUMAN,CP21A_HUMAN
F263_HUMAN,KCNA1_HUMAN
F263_HUMAN,A1BG_HUMAN
F263_HUMAN,S17A5_HUMAN
F263_HUMAN,RBY1F_HUMAN
F263_HUMAN,B1AVT0_HUMAN
F263_HUMAN,RGS7_HUMAN
F263_HUMAN,I3L0K7_HUMAN
F263_HUMAN,RBY1E_HUMAN
F263_HUMAN,A0A140VK97_HUMAN
F263_HUMAN,FKRP_HUMAN
F263_HUMAN,RBY1C_HUMAN
F263_HUMAN,S17A4_HUMAN
F263_HUMAN,CP2D6_HUMAN
F263_HUMAN,CDK16_HUMAN
F263_HUMAN,MNS1_HUMAN
F263_HUMAN,GLRB_HUMAN
F263_HUMAN,NMT1_HUMAN
F263_HUMAN,PCP_HUMAN
F263_HUMAN,S19A3_HUMAN
F263_HUMAN,S19A2_HUMAN
F263_HUMAN,SMAD6_HUMAN
F263_HUMAN,FSD1_HUMAN
F263_HUMAN,RETR1_HUMAN
F263_HUMAN,TRM6_HUMAN
F263_HUMAN,DCAF4_HUMAN
F263_HUMAN,CP26A_HUMAN
F263_HUMAN,GSDME_HUMAN
F263_HUMAN,ADPGK_HUMAN
F263_HUMAN,ANGP2_HUMAN
F263_HUMAN,FZR1_HUMAN
F263_HUMAN,NOTUM_HUMAN
F263_HUMAN,XIAP_HUMAN
RUVB1_HUMAN,A0A2R8Y4U4_HUMAN
RUVB1_HUMAN,PPM1B_HUMAN
RUVB1_HUMAN,A0A024RCN4_HUMAN
RUVB1_HUMAN,FXL16_HUMAN
RUVB1_HUMAN,BCL6B_HUMAN
RUVB1_HUMAN,A0A7P0T8X1_HUMAN
RUVB1_HUMAN,ERG_HUMAN
RUVB1_HUMAN,TF2L1_HUMAN
RUVB1_HUMAN,Q5JTV1_HUMAN
RUVB1_HUMAN,ACM4_HUMAN
RUVB1_HUMAN,PO2F2_HUMAN
RUVB1_HUMAN,A0A087WUU7_HUMAN
RUVB1_HUMAN,GBRR1_HUMAN
RUVB1_HUMAN,A0A7I2V3M3_HUMAN
RUVB1_HUMAN,OFUT3_HUMAN
RUVB1_HUMAN,A0A6Q8PFX2_HUMAN
RUVB1_HUMAN,RHCG_HUMAN
RUVB1_HUMAN,P4K2A_HUMAN
RUVB1_HUMAN,DD19B_HUMAN
RUVB1_HUMAN,5HT7R_HUMAN
RUVB1_HUMAN,PAIP1_HUMAN
RUVB1_HUMAN,CHST3_HUMAN
RUVB1_HUMAN,T161A_HUMAN
RUVB1_HUMAN,AKT3_HUMAN
RUVB1_HUMAN,KAD8_HUMAN
RUVB1_HUMAN,ACHA9_HUMAN
RUVB1_HUMAN,SAS10_HUMAN
RUVB1_HUMAN,CASP8_HUMAN
RUVB1_HUMAN,PAX3_HUMAN
MOCS3_HUMAN,Q5JY90_HUMAN
MOCS3_HUMAN,6PGD_HUMAN
MOCS3_HUMAN,A0A087X0U9_HUMAN
MOCS3_HUMAN,B7Z8X5_HUMAN
MOCS3_HUMAN,PPGB_HUMAN
MOCS3_HUMAN,CLK4_HUMAN
MOCS3_HUMAN,A0A0A0MRY2_HUMAN
MOCS3_HUMAN,A0A1B0GWJ0_HUMAN
MOCS3_HUMAN,A0A286YF11_HUMAN
MOCS3_HUMAN,ZN177_HUMAN
MOCS3_HUMAN,M0QY66_HUMAN
MOCS3_HUMAN,A0A7P0T8C0_HUMAN
MOCS3_HUMAN,A0A0A0MTR6_HUMAN
MOCS3_HUMAN,ICA69_HUMAN
MOCS3_HUMAN,E9PBC1_HUMAN
MOCS3_HUMAN,AFG1L_HUMAN
MOCS3_HUMAN,CCZ1B_HUMAN
MOCS3_HUMAN,X5DNW2_HUMAN
MOCS3_HUMAN,X5D8S6_HUMAN
MOCS3_HUMAN,A0A6Q8PH35_HUMAN
MOCS3_HUMAN,NEUR4_HUMAN
MOCS3_HUMAN,A0A2R8Y6Y7_HUMAN
MOCS3_HUMAN,Q6IT96_HUMAN
MOCS3_HUMAN,C3AR_HUMAN
MOCS3_HUMAN,BTNL2_HUMAN
MOCS3_HUMAN,HYAL4_HUMAN
MOCS3_HUMAN,F8W1P7_HUMAN
MOCS3_HUMAN,X6R5C5_HUMAN
MOCS3_HUMAN,HTRA1_HUMAN
MOCS3_HUMAN,MKRN1_HUMAN
MOCS3_HUMAN,A0A7P0T914_HUMAN
MOCS3_HUMAN,A0A7I2YQK6_HUMAN
MOCS3_HUMAN,CELF6_HUMAN
MOCS3_HUMAN,HEMGN_HUMAN
MOCS3_HUMAN,SP9_HUMAN
MOCS3_HUMAN,EDIL3_HUMAN
MOCS3_HUMAN,PUS3_HUMAN
MOCS3_HUMAN,PDE7A_HUMAN
MOCS3_HUMAN,DOK1_HUMAN
MOCS3_HUMAN,OTUD1_HUMAN
MOCS3_HUMAN,VATH_HUMAN
MOCS3_HUMAN,A0A6I8PUD4_HUMAN
MOCS3_HUMAN,CATF_HUMAN
MOCS3_HUMAN,B7ZKQ9_HUMAN
MOCS3_HUMAN,A0A7I2V5Q1_HUMAN
MOCS3_HUMAN,A0A0A0MTH3_HUMAN
MOCS3_HUMAN,Q53G26_HUMAN
MOCS3_HUMAN,PRSR3_HUMAN
MOCS3_HUMAN,B0LPE5_HUMAN
MOCS3_HUMAN,H7C4J6_HUMAN
MOCS3_HUMAN,S4R369_HUMAN
MOCS3_HUMAN,E7EW77_HUMAN
MOCS3_HUMAN,H7BZX8_HUMAN
MOCS3_HUMAN,GATA2_HUMAN
MOCS3_HUMAN,DNJA3_HUMAN
MOCS3_HUMAN,Q05BE5_HUMAN
MOCS3_HUMAN,A0A1B0GWI9_HUMAN
MOCS3_HUMAN,WIPF3_HUMAN
MOCS3_HUMAN,ENTP6_HUMAN
MOCS3_HUMAN,B7Z3L6_HUMAN
MOCS3_HUMAN,Q6NVW1_HUMAN
MOCS3_HUMAN,H0YD65_HUMAN
MOCS3_HUMAN,A6PVH9_HUMAN
MOCS3_HUMAN,IFIT5_HUMAN
MOCS3_HUMAN,E9PD56_HUMAN
MOCS3_HUMAN,CLK1_HUMAN
MOCS3_HUMAN,A0A7I2V2K3_HUMAN
MOCS3_HUMAN,C9J453_HUMAN
MOCS3_HUMAN,IRG1_HUMAN
MOCS3_HUMAN,SRS11_HUMAN
MOCS3_HUMAN,P4K2B_HUMAN
MOCS3_HUMAN,G3BP2_HUMAN
MOCS3_HUMAN,A0A024RA29_HUMAN
MOCS3_HUMAN,SUFU_HUMAN
MOCS3_HUMAN,S36A2_HUMAN
MOCS3_HUMAN,DDC_HUMAN
MOCS3_HUMAN,REN3B_HUMAN
MOCS3_HUMAN,H0YBM4_HUMAN
MOCS3_HUMAN,PUR8_HUMAN
MOCS3_HUMAN,ATL5_HUMAN
MOCS3_HUMAN,CCZ1_HUMAN
MOCS3_HUMAN,BTBD1_HUMAN
MOCS3_HUMAN,GRSF1_HUMAN
MOCS3_HUMAN,UMPS_HUMAN
MOCS3_HUMAN,GSDMD_HUMAN
MOCS3_HUMAN,NR6A1_HUMAN
MOCS3_HUMAN,G37L1_HUMAN
MOCS3_HUMAN,IRX1_HUMAN
MOCS3_HUMAN,MFS12_HUMAN
MOCS3_HUMAN,K2C8_HUMAN
MOCS3_HUMAN,COR2B_HUMAN
MOCS3_HUMAN,ETV4_HUMAN
MOCS3_HUMAN,A0A3B3ITS3_HUMAN
MOCS3_HUMAN,ATF7_HUMAN
MOCS3_HUMAN,CCD47_HUMAN
MOCS3_HUMAN,B7WNT5_HUMAN
MOCS3_HUMAN,U2AFM_HUMAN
MOCS3_HUMAN,E7EMK3_HUMAN
MOCS3_HUMAN,CFLAR_HUMAN
MOCS3_HUMAN,IRX5_HUMAN
NR1H2_HUMAN,SEPT8_HUMAN
NR1H2_HUMAN,MMP20_HUMAN
NR1H2_HUMAN,SESN2_HUMAN
NR1H2_HUMAN,CACB3_HUMAN
NR1H2_HUMAN,CI072_HUMAN
NR1H2_HUMAN,QCR1_HUMAN
NR1H2_HUMAN,ACOT2_HUMAN
NR1H2_HUMAN,KLF10_HUMAN
NR1H2_HUMAN,RBM42_HUMAN
NR1H2_HUMAN,ODB2_HUMAN
NR1H2_HUMAN,HDAC1_HUMAN
NR1H2_HUMAN,DUS10_HUMAN
NR1H2_HUMAN,DDX6_HUMAN
NR1H2_HUMAN,PIGA_HUMAN
NR1H2_HUMAN,SMRD3_HUMAN
NR1H2_HUMAN,KS6B2_HUMAN
NR1H2_HUMAN,LIRA2_HUMAN
NR1H2_HUMAN,BHE41_HUMAN
NR1H2_HUMAN,GSK3A_HUMAN
NR1H2_HUMAN,TYPH_HUMAN
NR1H2_HUMAN,GLYC_HUMAN
NR1H2_HUMAN,DDX49_HUMAN
NR1H2_HUMAN,PLPL3_HUMAN
NR1H2_HUMAN,AKT2_HUMAN
NR1H2_HUMAN,OSBL2_HUMAN
NR1H2_HUMAN,AKT1_HUMAN
NR1H2_HUMAN,5HT2B_HUMAN
NR1H2_HUMAN,BPIB1_HUMAN
NR1H2_HUMAN,ERLEC_HUMAN
NR1H2_HUMAN,GLD2_HUMAN
NR1H2_HUMAN,SIG16_HUMAN
NR1H2_HUMAN,LBP_HUMAN
NR1H2_HUMAN,RGF1A_HUMAN
NR1H2_HUMAN,DRC2_HUMAN
NR1H2_HUMAN,PXYP1_HUMAN
CP4AB_HUMAN,A0A8I5KTW5_HUMAN
CP4AB_HUMAN,B7Z7F3_HUMAN
CP4AB_HUMAN,ONEC3_HUMAN
CP4AB_HUMAN,A0A499FIY5_HUMAN
CP4AB_HUMAN,SMTL1_HUMAN
CP4AB_HUMAN,DPOLM_HUMAN
CP4AB_HUMAN,KCNF1_HUMAN
CP4AB_HUMAN,A0A7P0TAL9_HUMAN
CP4AB_HUMAN,ITGBL_HUMAN
CP4AB_HUMAN,CP2A7_HUMAN
CP4AB_HUMAN,NAF1_HUMAN
CP4AB_HUMAN,A0A2R8Y5N9_HUMAN
CP4AB_HUMAN,TISD_HUMAN
CP4AB_HUMAN,A0A5K1VW50_HUMAN
CP4AB_HUMAN,Q5JW30_HUMAN
CP4AB_HUMAN,RHG19_HUMAN
CP4AB_HUMAN,A0A7I2V539_HUMAN
CP4AB_HUMAN,UBP14_HUMAN
CP4AB_HUMAN,CP2A6_HUMAN
CP4AB_HUMAN,A0A182DWF2_HUMAN
CP4AB_HUMAN,CP2AD_HUMAN
CP4AB_HUMAN,ACHA6_HUMAN
CP4AB_HUMAN,SRSF4_HUMAN
CP4AB_HUMAN,DNJC7_HUMAN
CP4AB_HUMAN,SNPH_HUMAN
CP4AB_HUMAN,SPX3_HUMAN
CP4AB_HUMAN,UGDH_HUMAN
CP4AB_HUMAN,PCYXL_HUMAN
CP4AB_HUMAN,GP135_HUMAN
CP4AB_HUMAN,WDR37_HUMAN
CP4AB_HUMAN,AL9A1_HUMAN
CP4AB_HUMAN,K1C12_HUMAN
SMAD1_HUMAN,A0A804HJQ7_HUMAN
SMAD1_HUMAN,C9J5J4_HUMAN
SMAD1_HUMAN,A0A087X1B2_HUMAN
SMAD1_HUMAN,A0A494BZU6_HUMAN
SMAD1_HUMAN,A0A0D9SEN7_HUMAN
SMAD1_HUMAN,A0A8I5KUA2_HUMAN
SMAD1_HUMAN,A0A0S2Z3Y2_HUMAN
SMAD1_HUMAN,ANTR2_HUMAN
SMAD1_HUMAN,A0A5F9ZGZ3_HUMAN
SMAD1_HUMAN,A0A7P0T8J3_HUMAN
SMAD1_HUMAN,A0A0D9SFL2_HUMAN
SMAD1_HUMAN,A0A5F9ZHE0_HUMAN
SMAD1_HUMAN,A0A7P0T9U6_HUMAN
SMAD1_HUMAN,A0A8I5KW33_HUMAN
SMAD1_HUMAN,B8ZZ60_HUMAN
SMAD1_HUMAN,DPEP2_HUMAN
SMAD1_HUMAN,B2L13_HUMAN
SMAD1_HUMAN,HLX_HUMAN
SMAD1_HUMAN,A0A8J9AK24_HUMAN
SMAD1_HUMAN,H7C410_HUMAN
SMAD1_HUMAN,B1AKN5_HUMAN
SMAD1_HUMAN,COR1B_HUMAN
SMAD1_HUMAN,DNPEP_HUMAN
SMAD1_HUMAN,CELF5_HUMAN
SMAD1_HUMAN,D3YJ43_HUMAN
SMAD1_HUMAN,SCHI1_HUMAN
SMAD1_HUMAN,CCD77_HUMAN
SMAD1_HUMAN,DPH2_HUMAN
SMAD1_HUMAN,E5KS15_HUMAN
SMAD1_HUMAN,K7EJE6_HUMAN
SMAD1_HUMAN,Q3BDU5_HUMAN
SMAD1_HUMAN,G3ST4_HUMAN
SMAD1_HUMAN,MOT5_HUMAN
SMAD1_HUMAN,Q5VW27_HUMAN
SMAD1_HUMAN,NAB1_HUMAN
SMAD1_HUMAN,FOXG1_HUMAN
SMAD1_HUMAN,Q5JQP8_HUMAN
SMAD1_HUMAN,M9RSF4_HUMAN
SMAD1_HUMAN,TOX2_HUMAN
SMAD1_HUMAN,R4GMN1_HUMAN
SMAD1_HUMAN,A0A096LP07_HUMAN
SMAD1_HUMAN,TRI34_HUMAN
SMAD1_HUMAN,H0YLL6_HUMAN
SMAD1_HUMAN,DAZ3_HUMAN
SMAD1_HUMAN,TRI50_HUMAN
SMAD1_HUMAN,HEXD_HUMAN
SMAD1_HUMAN,ZDH14_HUMAN
SMAD1_HUMAN,AL8A1_HUMAN
SMAD1_HUMAN,B7Z499_HUMAN
SMAD1_HUMAN,NR1H4_HUMAN
SMAD1_HUMAN,MBOA5_HUMAN
SMAD1_HUMAN,A0A8I5KPE0_HUMAN
SMAD1_HUMAN,S38A1_HUMAN
SMAD1_HUMAN,NLE1_HUMAN
SMAD1_HUMAN,WDR13_HUMAN
SMAD1_HUMAN,H3BTN5_HUMAN
SMAD1_HUMAN,MMP11_HUMAN
SMAD1_HUMAN,C9JKZ3_HUMAN
SMAD1_HUMAN,PTSS2_HUMAN
SMAD1_HUMAN,PE2R4_HUMAN
SMAD1_HUMAN,UBXN7_HUMAN
SMAD1_HUMAN,MINP1_HUMAN
SMAD1_HUMAN,U3KQ90_HUMAN
SMAD1_HUMAN,E7EP65_HUMAN
SMAD1_HUMAN,A0A0C4DFY5_HUMAN
SMAD1_HUMAN,A0A140VJV0_HUMAN
SMAD1_HUMAN,ALG12_HUMAN
SMAD1_HUMAN,A0A8I5KNX5_HUMAN
SMAD1_HUMAN,BPI_HUMAN
SMAD1_HUMAN,KRT86_HUMAN
SMAD1_HUMAN,A0A8I5KYI5_HUMAN
SMAD1_HUMAN,BAT1_HUMAN
SMAD1_HUMAN,APBB3_HUMAN
SMAD1_HUMAN,2A5A_HUMAN
SMAD1_HUMAN,MECP2_HUMAN
SMAD1_HUMAN,MATN3_HUMAN
SMAD1_HUMAN,Q5VUC6_HUMAN
SMAD1_HUMAN,FA10_HUMAN
SMAD1_HUMAN,HRH1_HUMAN
SMAD1_HUMAN,INGR1_HUMAN
SMAD1_HUMAN,ZN345_HUMAN
SMAD1_HUMAN,A0A7P0T9I9_HUMAN
SMAD1_HUMAN,HDAC2_HUMAN
SMAD1_HUMAN,DGAT1_HUMAN
SMAD1_HUMAN,TM39A_HUMAN
SMAD1_HUMAN,LMBRL_HUMAN
SMAD1_HUMAN,ZBT32_HUMAN
SMAD1_HUMAN,TRI68_HUMAN
SMAD1_HUMAN,SPRTN_HUMAN
SMAD1_HUMAN,CHST7_HUMAN
SMAD1_HUMAN,C9JM79_HUMAN
SMAD1_HUMAN,M0R063_HUMAN
SMAD1_HUMAN,TRIM6_HUMAN
SMAD1_HUMAN,PACN2_HUMAN
SMAD1_HUMAN,PDCD7_HUMAN
SMAD1_HUMAN,LIRA1_HUMAN
SMAD1_HUMAN,SPAG8_HUMAN
SMAD1_HUMAN,RCOR1_HUMAN
SMAD1_HUMAN,J3KPP4_HUMAN
SMAD1_HUMAN,AL3A2_HUMAN
TRI15_HUMAN,AAKG3_HUMAN
TRI15_HUMAN,HCLS1_HUMAN
TRI15_HUMAN,ZN639_HUMAN
TRI15_HUMAN,CELF1_HUMAN
TRI15_HUMAN,STEA3_HUMAN
TRI15_HUMAN,FXRD1_HUMAN
TRI15_HUMAN,ANXA7_HUMAN
TRI15_HUMAN,MPPB_HUMAN
TRI15_HUMAN,STK4_HUMAN
TRI15_HUMAN,KMO_HUMAN
TRI15_HUMAN,NOE1_HUMAN
TRI15_HUMAN,SRMS_HUMAN
TRI15_HUMAN,DPOG2_HUMAN
TRI15_HUMAN,ZNT10_HUMAN
TRI15_HUMAN,RNF8_HUMAN
TRI15_HUMAN,ZDHC1_HUMAN
TRI15_HUMAN,CELF4_HUMAN
G3BP1_HUMAN,B0QYD3_HUMAN
G3BP1_HUMAN,B0QYS6_HUMAN
G3BP1_HUMAN,G3V0E4_HUMAN
G3BP1_HUMAN,E9PFF5_HUMAN
G3BP1_HUMAN,SP8_HUMAN
G3BP1_HUMAN,H0Y322_HUMAN
G3BP1_HUMAN,A0A6Q8PGC1_HUMAN
G3BP1_HUMAN,TEKT3_HUMAN
G3BP1_HUMAN,CLC14_HUMAN
G3BP1_HUMAN,TPH2_HUMAN
G3BP1_HUMAN,A0A096LPJ3_HUMAN
G3BP1_HUMAN,S5RV20_HUMAN
G3BP1_HUMAN,SUSD4_HUMAN
G3BP1_HUMAN,H7C2Z3_HUMAN
G3BP1_HUMAN,H0Y8B5_HUMAN
G3BP1_HUMAN,RL1D1_HUMAN
G3BP1_HUMAN,SMYD1_HUMAN
G3BP1_HUMAN,CP2CI_HUMAN
G3BP1_HUMAN,A0A7P0T895_HUMAN
G3BP1_HUMAN,K7ELE1_HUMAN
G3BP1_HUMAN,PKHO2_HUMAN
G3BP1_HUMAN,M0QYH2_HUMAN
G3BP1_HUMAN,CP2C9_HUMAN
G3BP1_HUMAN,STEA2_HUMAN
G3BP1_HUMAN,CP2W1_HUMAN
G3BP1_HUMAN,PLD3_HUMAN
G3BP1_HUMAN,FOXN3_HUMAN
G3BP1_HUMAN,CP2CJ_HUMAN
G3BP1_HUMAN,CP2C8_HUMAN
G3BP1_HUMAN,MDM4_HUMAN
G3BP1_HUMAN,Q5T765_HUMAN
G3BP1_HUMAN,AP5M1_HUMAN
G3BP1_HUMAN,IFIT3_HUMAN
G3BP1_HUMAN,THA_HUMAN
G3BP1_HUMAN,CLK3_HUMAN
G3BP1_HUMAN,KATL1_HUMAN
ABI2_HUMAN,CSN1_HUMAN
ABI2_HUMAN,A0A804HI25_HUMAN
ABI2_HUMAN,A0A0C4DFN8_HUMAN
ABI2_HUMAN,A0A0S2Z456_HUMAN
ABI2_HUMAN,ANGL1_HUMAN
ABI2_HUMAN,A0A804HK37_HUMAN
ABI2_HUMAN,A0A8I5QKQ8_HUMAN
ABI2_HUMAN,ANGL2_HUMAN
ABI2_HUMAN,A0A8I5KUC3_HUMAN
ABI2_HUMAN,B4DZG1_HUMAN
ABI2_HUMAN,A0A2R8Y5K2_HUMAN
ABI2_HUMAN,DC1L2_HUMAN
ABI2_HUMAN,E7EVX8_HUMAN
ABI2_HUMAN,E7ETB3_HUMAN
ABI2_HUMAN,A0A024RC21_HUMAN
ABI2_HUMAN,V9HVY1_HUMAN
ABI2_HUMAN,A0A384MEG1_HUMAN
ABI2_HUMAN,K1C39_HUMAN
ABI2_HUMAN,M21D2_HUMAN
ABI2_HUMAN,PRDM7_HUMAN
ABI2_HUMAN,Q5T760_HUMAN
ABI2_HUMAN,Q6IBL8_HUMAN
ABI2_HUMAN,PPIL4_HUMAN
ABI2_HUMAN,NAMPT_HUMAN
ABI2_HUMAN,A0A804HKF0_HUMAN
ABI2_HUMAN,PEPD_HUMAN
ABI2_HUMAN,A0A7I2V3X1_HUMAN
ABI2_HUMAN,A0A140VJG1_HUMAN
ABI2_HUMAN,X6RLN4_HUMAN
ABI2_HUMAN,SYT9_HUMAN
ABI2_HUMAN,LARP6_HUMAN
ABI2_HUMAN,PRCC_HUMAN
ABI2_HUMAN,F8WEZ9_HUMAN
ABI2_HUMAN,OFUT4_HUMAN
ABI2_HUMAN,CP2B6_HUMAN
ABI2_HUMAN,PIGV_HUMAN
ABI2_HUMAN,LRC14_HUMAN
ABI2_HUMAN,J3QRS9_HUMAN
ABI2_HUMAN,S43A3_HUMAN
ABI2_HUMAN,E7EPP6_HUMAN
ABI2_HUMAN,IPPK_HUMAN
ABI2_HUMAN,CABYR_HUMAN
ABI2_HUMAN,D4PHA4_HUMAN
ABI2_HUMAN,ALG11_HUMAN
ABI2_HUMAN,E7EQL6_HUMAN
ABI2_HUMAN,CP2E1_HUMAN
ABI2_HUMAN,ANKH_HUMAN
ABI2_HUMAN,A0A0A0MRN4_HUMAN
ABI2_HUMAN,FRS3_HUMAN
ABI2_HUMAN,KCNS3_HUMAN
ABI2_HUMAN,KTNA1_HUMAN
ABI2_HUMAN,HHAT_HUMAN
ABI2_HUMAN,CP2F1_HUMAN
ABI2_HUMAN,ZN655_HUMAN
ABI2_HUMAN,SESN1_HUMAN
ABI2_HUMAN,FSCN1_HUMAN
ABI2_HUMAN,CDKL2_HUMAN
ABI2_HUMAN,TOM1_HUMAN
ABI2_HUMAN,GTPB3_HUMAN
ABI2_HUMAN,KANL2_HUMAN
ABI2_HUMAN,DPP2_HUMAN
ABI2_HUMAN,DCMC_HUMAN
ABI2_HUMAN,KRT83_HUMAN
ABI2_HUMAN,ARI2_HUMAN
ABI2_HUMAN,S39AE_HUMAN
ABI2_HUMAN,TMPS2_HUMAN
ABI2_HUMAN,FSCN2_HUMAN
ABI2_HUMAN,ADRO_HUMAN
ABI2_HUMAN,PLTP_HUMAN
ABI2_HUMAN,NOVA2_HUMAN
ABI2_HUMAN,SPE39_HUMAN
ABI2_HUMAN,RABX5_HUMAN
ABI2_HUMAN,GTR1_HUMAN
ABI2_HUMAN,HAKAI_HUMAN
ABI2_HUMAN,A2AP_HUMAN
ABI2_HUMAN,GBRA3_HUMAN
ABI2_HUMAN,DUS2_HUMAN
ABI2_HUMAN,SESN3_HUMAN
ABI2_HUMAN,STK3_HUMAN
ABI2_HUMAN,IFIX_HUMAN
ABI2_HUMAN,TRIM5_HUMAN
ABI2_HUMAN,HSF4_HUMAN
ABI2_HUMAN,TRI35_HUMAN
ABI2_HUMAN,ACV1C_HUMAN
ABI2_HUMAN,BAKOR_HUMAN
ABI2_HUMAN,ACHE_HUMAN
ABI2_HUMAN,CETP_HUMAN
ABI2_HUMAN,FBXL7_HUMAN
ABI2_HUMAN,MDM2_HUMAN
ABI2_HUMAN,PKDCC_HUMAN
ABI2_HUMAN,FIBB_HUMAN
ABI2_HUMAN,FBLN3_HUMAN
