protein_id,mbl_avg,mbl_max,mbl_min,sim_lin_avg,sim_lin_max,sim_lin_min,sim_resnik_avg,sim_resnik_max,sim_resnik_min,sim_schlicker_avg,sim_schlicker_max,sim_schlicker_min,sim_wang_avg,sim_wang_max,sim_wang_min
MACD2_HUMAN,5.666666666666667,9.0,1.0,0.061636791587407466,0.9681366466381487,0.0,0.40612414904422556,7.76046702921342,0.0,0.0508519245499882,0.9677239711706985,0.0,0.09677734925914942,0.9018276086524903,0.0
VP37C_HUMAN,6.444444444444445,11.0,1.0,0.027868837444808964,0.5015908087879888,0.0,0.06812087216802083,0.9541634882030295,0.0,0.015996182358283272,0.3084110443884832,0.0,0.10266046269942422,0.8822265772216779,0.0
LIPT2_HUMAN,8.0,8.0,8.0,0.0009894351897807225,0.0029683055693421672,0.0,0.0032861223214189932,0.00985836696425698,0.0,9.706292480988103e-06,2.911887744296431e-05,0.0,0.06129778912922023,0.18389336738766068,0.0
NUDT5_HUMAN,8.40625,14.0,1.0,0.057175736699892385,0.7500176413652418,0.0,0.3444774378089867,3.6495931650401094,0.0,0.04781664242985238,0.7178432472064998,0.0,0.08654436919939089,0.7469635627530365,0.0
AK1BF_HUMAN,5.0,8.0,2.0,0.054159636208304524,0.7998722556431899,0.0,0.319913331120316,4.76912486591197,0.0,0.05288039592037159,0.7930830960099257,0.0,0.10422028159341895,0.7025434969181555,0.0
SPT5H_HUMAN,8.09375,21.0,1.0,0.15649456991061322,0.9717181097103059,0.0,0.8266435413451262,6.234410725718371,0.0,0.14315323973771588,0.969812780083423,0.0,0.14735693856668594,0.8535674206438616,0.0
BIN1_HUMAN,8.115384615384615,18.0,2.0,0.02522856193636994,0.6285625175488802,0.0,0.12961790601044637,3.1315803166080136,0.0,0.015941839456978527,0.601126540653311,0.0,0.08096380529257666,0.7289444010755487,0.0
ST2B1_HUMAN,7.904761904761905,17.0,2.0,0.04820757010310773,0.8894266191132889,0.0,0.23689614422924582,5.045378242540129,0.0,0.03879726957164371,0.8772946277187342,0.0,0.07606231250503542,0.6248864261674111,0.0
RNT2_HUMAN,7.5,12.0,4.0,0.04060677513110542,0.5977503696420411,0.0,0.19862990240938047,2.9301567013194223,0.0,0.037729908442544015,0.5658372715693726,0.0,0.10823899258284714,0.5046235138705418,0.0
HIP1_HUMAN,6.369047619047619,14.0,1.0,0.033770248187451155,0.8641781609693168,0.0,0.17095434600657197,6.190510546843131,0.0,0.022302489168550207,0.8624076496151357,0.0,0.09767025010794121,0.8822265772216779,0.0
PK3CD_HUMAN,11.442260442260443,18.0,1.0,0.12334964473297025,0.898116298600857,0.0,0.7669838790274581,6.661854740545311,0.0,0.10559732690574725,0.8913785122174916,0.0,0.13299502302696287,0.8813159294759124,0.0
S28A1_HUMAN,4.483870967741935,9.0,1.0,0.16427285046074636,1.0,0.0,1.262360838342645,7.848738623446663,0.0,0.16063775605467642,0.9994884910485934,0.0,0.15338315053110116,0.8397907299239402,0.0
P3C2A_HUMAN,8.887640449438202,17.0,2.0,0.03564135798504602,0.8435418013740945,0.0,0.2103026034101702,6.290594005400114,0.0,0.027786375840314223,0.8419781629130109,0.0,0.08918343575438047,0.8040531219824183,0.0
SDCB1_HUMAN,6.581196581196581,14.0,2.0,0.046206352199820874,0.5499073129731868,0.0,0.22949276882363323,3.764102875351524,0.0,0.030096111671400663,0.5371558390491709,0.0,0.10079237649859743,0.5901639344262295,0.0
EST2_HUMAN,7.5,10.0,2.0,0.044237971671572576,0.26614556732556793,0.0,0.18927206252661882,0.943074190311675,0.0,0.026901620581279193,0.1625008144233348,0.0,0.09145271587364336,0.6612466124661247,0.0
G3PT_HUMAN,0.0,0.0,0.0,0.0,0.0,0.0,0.0,0.0,0.0,0.0,0.0,0.0,0.0,0.0,0.0
UBE2C_HUMAN,11.971830985915492,24.0,1.0,0.06938194498249271,0.948826144347862,0.0,0.349231771783795,5.326853673812971,0.0,0.06273967824218489,0.9258691800748601,0.0,0.08160028239810163,0.9305546419632897,0.0
PLPP1_HUMAN,5.5,13.0,1.0,0.13437482125096287,0.9772414853743812,0.0,0.7476436790040485,6.837137711768183,0.0,0.11842067137601055,0.9761927384144672,0.0,0.1463475271243209,0.8767343963496025,0.0
PLPP3_HUMAN,8.875968992248062,18.0,2.0,0.04381797513683715,0.9366670260095855,0.0,0.24415252610151056,6.837137711768183,0.0,0.03545215788800644,0.9356618223719166,0.0,0.07738679207323004,0.759681194995832,0.0
PHF8_HUMAN,7.885245901639344,16.0,1.0,0.09607830349595478,0.9440304754590594,0.0,0.6356509249739735,6.932447891572509,0.0,0.09220656200233433,0.9304177832976572,0.0,0.11556931384937899,0.9157215760618685,0.0
PTGES_HUMAN,6.375,10.0,1.0,0.06756426309067799,0.9436968677594367,0.0,0.37213661552221294,6.151029116779321,0.0,0.05625359529090256,0.9416855786124643,0.0,0.08537315126427959,0.6897407611693325,0.0
ACOT8_HUMAN,8.375,20.0,1.0,0.14168526660255037,1.0,0.0,0.9910909657234979,6.056979154218609,0.0,0.13664518392467953,0.9976585365853659,0.0,0.13867511710773806,0.8985982218184176,0.0
ITBP1_HUMAN,9.423180592991914,18.0,2.0,0.04162767196559767,0.8143486165267023,0.0,0.21815250091684238,5.681025487533585,0.0,0.02705223890230914,0.8115716391472421,0.0,0.09026016744121573,0.7235666536084819,0.0
H17B6_HUMAN,4.6875,8.0,2.0,0.2132955018562421,0.7977418162214417,0.0,1.5477036305908995,6.59731621940774,0.0,0.20031037402069954,0.7959517614143107,0.0,0.24733618706898616,0.7934430563817831,0.0
NRP1_HUMAN,9.096654275092936,18.0,1.0,0.05416288209268223,0.9583954468264329,0.0,0.32671205696145694,7.983610580527631,0.0,0.03856755425625727,0.9580686282597402,0.0,0.11431449921984015,0.841611758743031,0.0
TNF11_HUMAN,9.60759493670886,17.0,1.0,0.12927018828711015,0.9011458635448979,0.0,0.6244500354292611,4.240006226724447,0.0,0.09897656984716857,0.8794046632564746,0.0,0.143568345696273,0.9012738048601723,0.0
MGST3_HUMAN,6.0,9.0,2.0,0.06239221916860636,0.7751907882511683,0.0,0.2976814513838484,5.07944550049913,0.0,0.05097901665806177,0.7703664977531005,0.0,0.08469772208416408,0.6897407611693325,0.0
FANCG_HUMAN,5.6875,10.0,2.0,0.009163969640512207,0.22829020656163898,0.0,0.028398483100623914,0.6926285205770805,0.0,0.0035284545434902553,0.11408588542786996,0.0,0.13372066676732686,0.5901639344262295,0.0
IKKB_HUMAN,11.069544364508394,19.0,1.0,0.07617298777387359,0.9434739051341976,0.0,0.4408383013538583,6.002609111661047,0.0,0.06022124117574985,0.9042622091744739,0.0,0.0964952855431143,0.9112468048849759,0.0
LX15B_HUMAN,8.638095238095238,21.0,1.0,0.04179276431761214,0.8479842901062933,0.0,0.21147075566640536,6.290594005400114,0.0,0.03234820600943249,0.774384761400185,0.0,0.08419103378896627,0.8145400593471811,0.0
EIF3D_HUMAN,5.833333333333333,10.0,2.0,0.05750944096090974,0.8381220483395739,0.0,0.3829246611648684,5.758987029003297,0.0,0.05514010252595806,0.835478355603976,0.0,0.09791825034428614,0.7289679098005204,0.0
HDAC3_HUMAN,8.991902834008098,20.0,1.0,0.03493097579278996,1.0,0.0,0.1759378470442696,7.6255950721324535,0.0,0.026429080516159102,0.9995121951219512,0.0,0.06595427810939765,0.9192078040018249,0.0
BCAT2_HUMAN,4.0,8.0,2.0,0.1434489063227817,1.0,0.0,1.3206987645044017,9.235032984566555,0.0,0.14284901073460035,0.9999024390243902,0.0,0.14769241712859277,0.7469266775724398,0.0
GAK_HUMAN,9.045454545454545,16.0,1.0,0.06787750659227683,0.8370731568244043,0.0,0.344188956860461,4.795193963144138,0.0,0.054921185798522315,0.8301510684857882,0.0,0.09842691779294427,0.9043207230597774,0.0
DEGS1_HUMAN,6.095238095238095,14.0,1.0,0.0626271674841294,0.8479842901062933,0.0,0.21111681235003132,3.4192623890597944,0.0,0.04582063343014493,0.5853547113711787,0.0,0.1109585725857396,0.8145400593471811,0.0
MRP3_HUMAN,4.393939393939394,10.0,1.0,0.13658351596659044,0.9326014354391734,0.0,0.8797807746893401,6.056979154218609,0.0,0.12945869273218769,0.9304177832976572,0.0,0.14909561343517988,0.8962965421119002,0.0
MDM4_HUMAN,9.766666666666667,17.0,1.0,0.07443631143725654,0.9381156548996041,0.0,0.2845606505141974,2.7700344424346843,0.0,0.05384402289285064,0.8793334719199614,0.0,0.08054170216376765,0.9192078040018249,0.0
GSTA4_HUMAN,4.75,8.0,1.0,0.061592437678072466,0.7500176413652418,0.0,0.17748120597754025,1.7191438993514285,0.0,0.048117280025606377,0.6155998455420273,0.0,0.09971674170097836,0.7469635627530365,0.0
PDPK1_HUMAN,9.989583333333334,17.0,1.0,0.06069140298899629,0.8714212762181417,0.0,0.3109551753340235,4.735175953417885,0.0,0.040030880454114716,0.8475741978152411,0.0,0.10023117342633857,0.9270060375934089,0.0
MRP4_HUMAN,6.333333333333333,16.0,1.0,0.10720685538205825,0.9215070591164771,0.0,0.7113858263115298,7.067319848653476,0.0,0.0980240905515752,0.9207214606006063,0.0,0.1111184925880521,0.8962965421119002,0.0
PAPS1_HUMAN,9.0,15.0,5.0,0.029179409088414036,0.5008811517467671,0.0,0.2538503007455306,4.346024420801244,0.0,0.02801096133841568,0.4943906201981304,0.0,0.0414327409666362,0.3581813931052036,0.0
HTRA2_HUMAN,8.423423423423424,16.0,1.0,0.037649965936866786,0.9665145850465756,0.0,0.1902979845995213,4.562204150104648,0.0,0.02895064761485123,0.956425115719748,0.0,0.0771309280961136,0.9121628458675781,0.0
SERA_HUMAN,0.0,0.0,0.0,0.0,0.0,0.0,0.0,0.0,0.0,0.0,0.0,0.0,0.0,0.0,0.0
SMAD6_HUMAN,7.244897959183674,14.0,2.0,0.03262355065413074,0.8736121659998745,0.0,0.17367884346398413,5.140688422344454,0.0,0.024397112217106165,0.8679519337222964,0.0,0.07898409033839726,0.7690147091433218,0.0
B4GT5_HUMAN,2.0,2.0,2.0,0.1422487263606226,0.8534923581637357,0.0,1.0094965257031014,6.056979154218609,0.0,0.14191565617207091,0.8514939370324255,0.0,0.12041619961276988,0.7224971976766192,0.0
DENR_HUMAN,8.0,9.0,7.0,0.03660307823290918,0.2196184693974551,0.0,0.25008387151173866,1.5005032290704319,0.0,0.028439936488894656,0.17063961893336793,0.0,0.08542929735458271,0.27467775661222504,0.0
SYNC_HUMAN,9.0,13.0,1.0,0.03754819180732811,0.8124340731268925,0.0,0.25653721214874425,5.935917737162375,0.0,0.032466976143490776,0.8102869754059263,0.0,0.07521707963345554,0.9198755093610019,0.0
PLPP2_HUMAN,4.521739130434782,12.0,1.0,0.13343626675544082,0.9366670260095855,0.0,0.7464737822851111,6.837137711768183,0.0,0.12296154589146625,0.9356618223719166,0.0,0.13454928740285854,0.8145400593471811,0.0
M3K7_HUMAN,10.253807106598984,20.0,1.0,0.12757404611565476,0.8984495537450226,0.0,0.8032851601660835,6.002609111661047,0.0,0.11322080140540017,0.8943134688428716,0.0,0.1286556812554267,0.9588027490918946,0.0
RIPK2_HUMAN,11.085106382978724,20.0,1.0,0.048794892049954484,0.8543547974373613,0.0,0.2631046725495531,6.59731621940774,0.0,0.03786361728362028,0.8531894370998508,0.0,0.07742584154759113,0.900744510818893,0.0
NCK2_HUMAN,8.722222222222221,14.0,2.0,0.07324210231695799,0.5820569077770641,0.0,0.29203961327951206,2.540111204135096,0.0,0.045325555130251,0.5361572794996741,0.0,0.0965028156617519,0.6343213421830468,0.0
MAAI_HUMAN,6.428571428571429,9.0,1.0,0.027332365749644472,0.7500176413652418,0.0,0.11308903263840586,1.7191438993514285,0.0,0.01998546956310023,0.6155998455420273,0.0,0.0760481152785894,0.7469635627530365,0.0
AK1BA_HUMAN,6.523809523809524,10.0,1.0,0.1196023741861215,0.9514594379134996,0.0,0.887377442863373,6.730847612032263,0.0,0.11324187171550468,0.9496957570041965,0.0,0.1078239924254368,0.8767343963496026,0.0
TLR2_HUMAN,10.218905472636816,21.0,1.0,0.05963574869019294,0.9858268260075046,0.0,0.367711663520552,8.271292652979412,0.0,0.05127309900412113,0.9854066099691382,0.0,0.07727489670502732,0.9507841947194343,0.0
TYW4_HUMAN,0.0,0.0,0.0,0.0,0.0,0.0,0.0,0.0,0.0,0.0,0.0,0.0,0.0,0.0,0.0
CC14B_HUMAN,6.857142857142857,19.0,2.0,0.029013742206542185,0.8431989122945508,0.0,0.13398625901528885,4.455909491455025,0.0,0.022699580191268238,0.8334095785810823,0.0,0.11294460094274446,0.8095557316107015,0.0
KDM1A_HUMAN,8.797833935018051,18.0,1.0,0.049247806311291546,0.9933485732882773,0.0,0.2698484896233062,7.289122835511241,0.0,0.039410993116969655,0.9908288598340826,0.0,0.07553142639231429,0.8550726381955113,0.0
PLPL9_HUMAN,7.870967741935484,17.0,2.0,0.0487400427552602,0.777678820680513,0.0,0.26512520288332236,5.060645714670917,0.0,0.04234744286300766,0.7727471988908317,0.0,0.08612369490180909,0.6887356470939783,0.0
B4GT3_HUMAN,6.0,8.0,5.0,0.001201344494767037,0.005180073574353667,0.0,0.002957510089277094,0.00985836696425698,0.0,1.1785108471043923e-05,5.081617240322433e-05,0.0,0.08607607269831288,0.35522606244126553,0.0
F262_HUMAN,11.5,12.0,11.0,0.06212763228235618,0.6212763228235618,0.0,0.4188121391355436,4.188121391355436,0.0,0.06118486002777311,0.6118486002777311,0.0,0.0225485177624608,0.15840410677313843,0.0
B4GT4_HUMAN,5.2,9.0,1.0,0.0842137279101893,0.8331892485426263,0.0,0.5211870407823673,6.099538768637404,0.0,0.0765058737407552,0.8313196531556526,0.0,0.10859722077830017,0.9022741203107212,0.0
NMT2_HUMAN,6.4,16.0,2.0,0.02869722557053087,1.0,0.0,0.2389176668275598,8.54188580400661,0.0,0.027781377444413564,0.9998048780487805,0.0,0.09049469493670173,0.6423257411010646,0.0
PLOD3_HUMAN,7.842105263157895,14.0,2.0,0.06576549559397914,0.8383749114522877,0.0,0.31909087965725524,4.204595063174119,0.0,0.05691018714681318,0.7234562040776082,0.0,0.1013604674819626,0.7707128811669065,0.0
UD19_HUMAN,7.03125,15.0,1.0,0.05421994138963731,0.9583416260730353,0.0,0.23328909698764014,6.972009668849151,0.0,0.039330323134258036,0.9574429254859251,0.0,0.09460035303464881,0.7469635627530365,0.0
MCE1_HUMAN,7.625,11.0,1.0,0.08071040282546138,0.9610085871008484,0.0,0.6414062699639168,8.54188580400661,0.0,0.07264971916047594,0.9608210732301945,0.0,0.09132839768104728,0.9115182060139304,0.0
KDM4A_HUMAN,7.666666666666667,14.0,2.0,0.054824739254814604,0.9168509806177461,0.0,0.3103225836829106,6.190510546843131,0.0,0.05015277699609527,0.9147042075899582,0.0,0.08963227547318811,0.817807021196852,0.0
HMMR_HUMAN,4.6,7.0,2.0,0.029573252665441214,0.38627458901886397,0.0025609817767386156,0.12042437216812019,1.6683484450222053,0.00985836696425698,0.020933445700670683,0.3134393389647481,2.5123058508778632e-05,0.38699213397165677,0.6815541612682515,0.23489203044896692
CISY_HUMAN,8.0,8.0,8.0,0.0004947175948903612,0.0029683055693421672,0.0,0.0016430611607094966,0.00985836696425698,0.0,4.853146240494052e-06,2.911887744296431e-05,0.0,0.030648894564610115,0.18389336738766068,0.0
PR40A_HUMAN,8.0,11.0,2.0,0.011417986248035602,0.09846424974998161,0.0,0.05043823381422799,0.5057235718820953,0.0,0.0036069842754562205,0.03908350782914871,0.0,0.10261210319261331,0.5901639344262295,0.0
STK16_HUMAN,4.0,6.0,2.0,0.0040649570864943205,0.010101138481523414,0.0,0.005915020178554188,0.00985836696425698,0.0,3.9876954864444684e-05,9.909148724977009e-05,0.0,0.2454341723344823,0.5901639344262295,0.0
P3C2G_HUMAN,0.0,0.0,0.0,0.0,0.0,0.0,0.0,0.0,0.0,0.0,0.0,0.0,0.0,0.0,0.0
EIF3G_HUMAN,3.75,5.0,2.0,0.00042853836101240585,0.006428075415186088,0.0,0.0006572244642837987,0.00985836696425698,0.0,4.203932419496327e-06,6.305898629244491e-05,0.0,0.08856026333284689,0.5901639344262295,0.0
ERN1_HUMAN,10.205405405405406,23.0,1.0,0.037116262505784,0.8158244423597342,0.0,0.20342802684603895,4.816192376769957,0.0,0.02587344024072207,0.8092182541923334,0.0,0.06191522716654833,0.8431955843876566,0.0
DGAT1_HUMAN,6.25,14.0,1.0,0.13420071907078318,0.9446013713142379,0.0,0.7854903901347757,6.661854740545311,0.0,0.12290301637206338,0.9429102691149541,0.0,0.12238769379411067,0.8145400593471811,0.0
UBP2_HUMAN,10.5625,20.0,3.0,0.03849528064273702,0.8615491895686765,0.0,0.18234664712133772,4.390845898107963,0.0,0.02712031220974762,0.850874384975972,0.0,0.055866180773293334,0.6015996151301942,0.0
OFD1_HUMAN,4.363636363636363,6.0,2.0,0.03685832572270837,0.8564556916923871,0.0,0.13253642366224563,2.967964984859361,0.0,0.031608418962964624,0.8124271719572221,0.0,0.13957790770670944,0.6612466124661246,0.0
TM1L1_HUMAN,6.6,13.0,2.0,0.034789385126900295,0.5998961497696678,0.0,0.18221345353922003,3.9672275597752416,0.0,0.022420102206347665,0.5885426165003697,0.0,0.09165867004379208,0.686848108400317,0.0
UDB17_HUMAN,3.0,5.0,1.0,0.1149801403787507,0.8368990662174465,0.0,0.4900253149841793,4.294731126413694,0.0,0.09380656570747871,0.8254835631829375,0.0,0.14740721621173447,0.6897407611693325,0.0
CP7B1_HUMAN,0.0,0.0,0.0,0.0,0.0,0.0,0.0,0.0,0.0,0.0,0.0,0.0,0.0,0.0,0.0
PIAS1_HUMAN,10.307692307692308,20.0,1.0,0.02602734666068783,0.9321930276590934,0.0,0.165065563908538,6.143990531208238,0.0,0.0221749098926115,0.9301922231119226,0.0,0.05074333581048975,0.8311723392760672,0.0
DXO_HUMAN,4.142857142857143,6.0,2.0,0.02991337025473119,0.4048356115778908,0.0,0.18448002685918347,2.70805020110221,0.0,0.025218458862069342,0.3778465708060314,0.0,0.18528356511680483,0.5901639344262295,0.0
ZO3_HUMAN,5.0,9.0,2.0,0.07369249158123121,0.6976547275682423,0.002372875133674415,0.34358976625571025,3.34717235987879,0.00985836696425698,0.06734938905352214,0.6731086526370577,2.3277745026849005e-05,0.3722636073261032,0.5901639344262295,0.16026463450450593
GBRAP_HUMAN,9.096774193548388,17.0,2.0,0.022509292925151154,0.41497669348106875,0.0,0.12782948643455203,2.9369648489083415,0.0,0.012816724028856355,0.39297196173808285,0.0,0.06882624057428843,0.7913049285428077,0.0
PAPS2_HUMAN,7.25,11.0,4.0,0.07924524070959985,0.5008811517467671,0.0,0.6242031168388851,4.346024420801244,0.0,0.06684892261296244,0.4943906201981304,0.0,0.10363535747272443,0.42508710801393734,0.0
TPPP_HUMAN,8.547619047619047,18.0,2.0,0.03828789449299432,0.6166594196520303,0.0,0.2296216007598124,3.9900075881070616,0.0,0.0319900813134151,0.6052514832441453,0.0,0.08720566517477883,0.7690147091433218,0.0
LYPA2_HUMAN,7.9,15.0,2.0,0.039772702312168104,0.5648341289701319,0.0,0.28613764803684183,4.313659136299213,0.0,0.03331095074790645,0.5572741154792272,0.0,0.0859950327257712,0.5901639344262295,0.0
CXB5_HUMAN,0.0,0.0,0.0,0.0,0.0,0.0,0.0,0.0,0.0,0.0,0.0,0.0,0.0,0.0,0.0
INMT_HUMAN,2.0,2.0,2.0,0.03059958514439472,0.18359751086636833,0.0,0.1571790317186125,0.943074190311675,0.0,0.018683224961991048,0.11209934977194629,0.0,0.11020776874435412,0.6612466124661247,0.0
MOCS3_HUMAN,6.846153846153846,14.0,1.0,0.08778105335389814,0.9636792496703134,0.0,0.6879007456786209,7.6255950721324535,0.0,0.07845213370858233,0.9631041640140736,0.0,0.11261327257457299,0.8581737315058546,0.0
MBD4_HUMAN,7.625,13.0,2.0,0.0974543326499242,0.8828303657513054,0.0,0.6576578381330863,6.750126334778554,0.0,0.09579254648272574,0.881796808249938,0.0,0.08182271057821008,0.8288046455571382,0.0
ASML_HUMAN,0.0,0.0,0.0,0.0,0.0,0.0,0.0,0.0,0.0,0.0,0.0,0.0,0.0,0.0,0.0
TNKS1_HUMAN,11.512345679012345,21.0,1.0,0.053887466079351486,0.9884603523310996,0.0,0.3307091035890022,6.278862488289206,0.0,0.049422274584010197,0.9866064624972305,0.0,0.07850221891204211,0.835807068419011,0.0
G6PE_HUMAN,22.0,22.0,22.0,0.0,0.0,0.0,0.0,0.0,0.0,0.0,0.0,0.0,0.004722104390830967,0.0283326263449858,0.0
GCNT3_HUMAN,2.0,3.0,1.0,0.13729370898319898,0.9069898432453712,0.0,0.7742232420729283,5.708672459950393,0.0,0.12727546340417464,0.8990256528059617,0.0,0.14773613999686747,0.9281539166116421,0.0
CD2B2_HUMAN,5.523809523809524,12.0,2.0,0.011308342868149416,0.24702802215839295,0.0,0.02966591635988137,0.6926285205770805,0.0,0.004433312811269107,0.12344993268831447,0.0,0.24506234439610258,0.5901639344262295,0.0
LARG1_HUMAN,5.125,13.0,1.0,0.19744253923478156,1.0,0.0,1.0999966650162114,6.837137711768183,0.0,0.19345900048035958,0.9989268292682927,0.0,0.16926271930585005,0.9328782658750955,0.0
ACSL3_HUMAN,11.26530612244898,20.0,1.0,0.033649278210650654,0.9068760298635321,0.0,0.1829678095909871,6.750126334778554,0.0,0.02857650321149412,0.905814321340765,0.0,0.06208320358482144,0.9198808339571948,0.0
YETS4_HUMAN,7.916666666666667,14.0,2.0,0.028567145180674394,0.6208473718244671,0.0,0.2120871987295857,5.303207351842229,0.0,0.024758760309878756,0.6177582775841698,0.0,0.07869616193091532,0.7469266775724399,0.0
IL33_HUMAN,6.2,15.0,1.0,0.041166334169148305,0.6329328514776517,0.0,0.2034533970247084,4.133462978817572,0.0,0.028372462522636706,0.5514558782445088,0.0,0.1346896865768052,0.8822265772216779,0.0
TRUB2_HUMAN,10.0,20.0,4.0,0.016401570060191946,0.24037740880257968,0.0,0.0474896836337063,0.6926285205770805,0.0,0.008012115962297778,0.12012635116125711,0.0,0.05542783560224899,0.4247099241589422,0.0
LATS1_HUMAN,10.25531914893617,18.0,2.0,0.03723429295618634,0.8210948435521802,0.0,0.2030668927555317,3.8444520025157374,0.0,0.02530148729494762,0.8035249538904925,0.0,0.06947158274446459,0.605262050227609,0.0
AIFM1_HUMAN,7.888888888888889,12.0,2.0,0.019611748586142546,0.8732900152056057,0.0,0.10288360017265126,5.546153530452618,0.0,0.01363299653348224,0.869882054170657,0.0,0.05899194047612407,0.7690147091433218,0.0
ABHGA_HUMAN,7.0,7.0,7.0,0.16571701300857508,0.4971510390257252,0.0,1.4378863787664045,4.313659136299213,0.0,0.16349897626157198,0.4904969287847159,0.0,0.11065026464638476,0.3319507939391543,0.0
FTCD_HUMAN,4.363636363636363,10.0,2.0,0.03742406598111863,0.4170899046222734,0.0,0.1854057671614264,2.783352476318851,0.0,0.028608269881026525,0.3735435245203289,0.0,0.1624701206416865,0.6576414429924093,0.0
NUDT3_HUMAN,7.63265306122449,14.0,1.0,0.09219044607881571,0.9615913927146821,0.0,0.7497719242644095,8.676757761087575,0.0,0.0885126118929944,0.9614274385130257,0.0,0.13309982367483653,0.9433230036711461,0.0
AL1A1_HUMAN,6.9,12.0,1.0,0.028285024596110455,0.8233736110183882,0.0,0.21937110989824554,6.462444262326773,0.0,0.02533146257826792,0.8220883448938717,0.0,0.07764202592366387,0.8767343963496025,0.0
PTTG1_HUMAN,4.0,5.0,2.0,0.0017689416783294258,0.0065357093884471406,0.0,0.002957510089277094,0.00985836696425698,0.0,1.7353198561171602e-05,6.411486831094696e-05,0.0,0.12334465287346345,0.5901639344262295,0.0
MOC2B_HUMAN,6.142857142857143,12.0,1.0,0.04727452206392456,0.9739447716100539,0.0,0.3622724082529637,7.578145472419466,0.0,0.046363391188228506,0.9734465901411997,0.0,0.11257459676301552,0.8737577765209665,0.0
DYR_HUMAN,9.153846153846153,18.0,1.0,0.08023940004028388,0.9161984456794349,0.0,0.6153383187968812,7.578145472419466,0.0,0.07737609663650849,0.915729801973205,0.0,0.07597529550232755,0.8581737315058545,0.0
AATM_HUMAN,12.153846153846153,17.0,2.0,0.026879064976294,0.6817959437292672,0.0,0.214058803877764,5.541263545158426,0.0,0.02387334427737918,0.6791222341460152,0.0,0.05554254242549703,0.6742594059270907,0.0
CERU_HUMAN,5.0,8.0,1.0,0.09166297145316235,1.0,0.0,0.6550618847540243,7.4432735153384995,0.0,0.0893961790996048,0.9994146341463415,0.0,0.12666384411374704,0.8581737315058546,0.0
EGFR_HUMAN,7.896419437340153,17.0,1.0,0.050987124352550296,0.9911513649796575,0.0,0.23100654958575584,5.681025487533585,0.0,0.035135201910183565,0.9710410474293456,0.0,0.09440630238192603,0.918056532758717,0.0
ADA_HUMAN,9.236842105263158,18.0,1.0,0.052610103071814504,0.9881135561137263,0.0,0.3880189053707707,8.271292652979412,0.0,0.04803650777143235,0.9876081271847679,0.0,0.082328062764286,0.8145400593471811,0.0
KAD1_HUMAN,3.0,3.0,3.0,0.27269929831506917,0.8180978949452076,0.0,1.8932283076923804,5.679684923077141,0.0,0.27176812997935923,0.8153043899380776,0.0,0.24212251229000661,0.7263675368700199,0.0
THRB_HUMAN,10.267605633802816,19.0,1.0,0.06428545248078456,0.9702699613381504,0.0,0.40751741339748593,6.730847612032263,0.0,0.05329126440945464,0.9665476980593595,0.0,0.07979135578787822,0.9616964841662463,0.0
CRYAA_HUMAN,5.2631578947368425,12.0,2.0,0.01178543732122452,0.3001534950357252,0.0,0.0469670926259415,1.3447156197566865,0.0,0.006372918249283676,0.22192934888702853,0.0,0.09242334968609531,0.6612466124661246,0.0
B3AT_HUMAN,6.818181818181818,11.0,1.0,0.05801482763973677,0.9356696781541999,0.0,0.34102738320010123,6.290594005400114,0.0,0.054245888052211304,0.9339352660678653,0.0,0.07577177564117747,0.6326009443962609,0.0
CRYAB_HUMAN,6.771929824561403,17.0,1.0,0.04428973685470948,0.9018541639374648,0.0,0.17506309115522195,3.39609532977826,0.0,0.030132287623636067,0.8381938700124673,0.0,0.0893698541493955,0.7469635627530365,0.0
CAH2_HUMAN,5.5,12.0,2.0,0.006563587596060367,0.13853411640361982,0.0,0.044388122417776926,1.0330986333723322,0.0,0.003269031021231784,0.08922948648748273,0.0,0.10555693933367236,0.5901639344262295,0.0
ESR1_HUMAN,7.786127167630058,19.0,1.0,0.04841955456092585,0.9668552096771641,0.0,0.22717849206400745,6.234410725718371,0.0,0.03487470269787004,0.9649594151483853,0.0,0.09448302065572033,0.9202459436448907,0.0
ALDOA_HUMAN,7.942528735632184,18.0,1.0,0.03742652532898933,0.8666546893417665,0.0,0.19077326515642484,5.211021858287849,0.0,0.03231201367018616,0.8321431179374723,0.0,0.08118440361757893,0.892061829747138,0.0
TIMP1_HUMAN,8.625,18.0,2.0,0.06317745939670688,0.8431739111652726,0.0,0.4108644458237901,6.59731621940774,0.0,0.054844610518603724,0.8420238018235296,0.0,0.0789564736026477,0.8378447003669872,0.0
A2GL_HUMAN,8.212765957446809,14.0,2.0,0.06506113272224266,0.8924002084300374,0.0,0.4036234082696061,6.143990531208238,0.0,0.057631376033262294,0.8904848128607241,0.0,0.09687446266569115,0.7713441722293184,0.0
LCAT_HUMAN,10.040816326530612,16.0,1.0,0.056753442657464175,0.9101346785734298,0.0,0.3554266630782969,6.234410725718371,0.0,0.052534034942201734,0.9066431133103603,0.0,0.07030838767372559,0.892061829747138,0.0
SHBG_HUMAN,0.0,0.0,0.0,0.0,0.0,0.0,0.0,0.0,0.0,0.0,0.0,0.0,0.0,0.0,0.0
MT1A_HUMAN,2.0,2.0,2.0,0.24034448647962978,0.7210334594388893,0.0,1.6797238671203967,5.03917160136119,0.0,0.2387872673003926,0.7163618019011778,0.0,0.23417420276059017,0.7025226082817705,0.0
SLPI_HUMAN,7.454545454545454,14.0,1.0,0.0313611721189094,0.8988864898098066,0.0,0.14125320112270548,4.944573543418163,0.0,0.026048519588272576,0.8924846640775026,0.0,0.0666140371624411,0.9103485076253973,0.0
RAF1_HUMAN,7.755102040816326,16.0,1.0,0.041779230721410196,0.9434739051341976,0.0,0.15428091047762021,3.1805936382971836,0.0,0.02470963753146859,0.9042622091744739,0.0,0.0925957178713555,0.9112468048849759,0.0
ANXA1_HUMAN,10.767045454545455,22.0,1.0,0.02899821321968582,0.9202264266054903,0.0,0.16887594360779148,6.804955584185985,0.0,0.02003220152676965,0.8801853547746562,0.0,0.07155019868753346,0.841611758743031,0.0
HSPB1_HUMAN,9.971830985915492,20.0,1.0,0.03792360711996257,0.7904684950039347,0.0,0.1623149648626128,4.859045435130671,0.0,0.024833312132142,0.784336130720443,0.0,0.06863408999099842,0.7469635627530365,0.0
G3P_HUMAN,8.738095238095237,18.0,1.0,0.03615083556582575,0.8076042034530162,0.0,0.16998178550486967,3.6078535588673444,0.0,0.027634390692115752,0.7857100741522439,0.0,0.07936860390264783,0.9159069136626377,0.0
ERBB2_HUMAN,8.488135593220338,20.0,1.0,0.05108304832806759,0.9457764727966896,0.0,0.22610486644633446,4.639913134431964,0.0,0.035791171262716304,0.9200558679525171,0.0,0.0985058088623995,0.8924683082598104,0.0
MT1E_HUMAN,3.5,5.0,2.0,0.12095984856975839,0.7210334594388893,0.0,0.8415049947209078,5.03917160136119,0.0,0.11940136000536435,0.7163618019011778,0.0,0.17069398423932883,0.7025226082817705,0.0
MT1F_HUMAN,5.0,5.0,5.0,0.0015752106598870103,0.004725631979661031,0.0,0.0032861223214189932,0.00985836696425698,0.0,1.545271033610805e-05,4.635813100832415e-05,0.0,0.10721376571806751,0.32164129715420253,0.0
CP1A1_HUMAN,5.861702127659575,12.0,1.0,0.20816438654571798,0.9005695000663592,0.0,1.3410625668608172,6.056979154218609,0.0,0.19711754320322344,0.8874417836752349,0.0,0.19427797520419757,0.9198808339571948,0.0
ALDOB_HUMAN,8.117647058823529,23.0,2.0,0.02929004225874449,0.8392070081858718,0.0,0.18768082186274335,7.289122835511241,0.0,0.023038697017285524,0.8386338912046717,0.0,0.08008378591837005,0.7289444010755487,0.0
A4_HUMAN,9.077844311377245,18.0,1.0,0.04187147823250086,0.9602531173674164,0.0,0.22387166054157298,7.76046702921342,0.0,0.03171545743104598,0.9595982132805503,0.0,0.09199504156487784,0.9014674507734537,0.0
CP17A_HUMAN,5.416666666666667,11.0,1.0,0.18130135824942195,0.9031183883801109,0.0,1.146547321078891,6.111808403626039,0.0,0.17613627848888372,0.9008856148709018,0.0,0.16440455862058387,0.7862548589203145,0.0
HMGN1_HUMAN,2.0,2.0,2.0,0.0006312937227890683,0.0037877623367344095,0.0,0.0016430611607094966,0.00985836696425698,0.0,6.192948844037471e-06,3.715769306422483e-05,0.0,0.09836065573770492,0.5901639344262295,0.0
ADT2_HUMAN,6.857142857142857,16.0,1.0,0.035809184151537575,0.8479842901062933,0.0,0.11254091135150611,2.6162940010493347,0.0,0.024942213112042463,0.5846664310269255,0.0,0.08005177311684276,0.8145400593471811,0.0
CP1A2_HUMAN,6.337748344370861,13.0,1.0,0.10770472183905999,0.9043262767659753,0.0,0.6828337682586842,6.730847612032263,0.0,0.09163958218592146,0.9021206029202047,0.0,0.14774039569587008,0.8860993869413405,0.0
PPBT_HUMAN,7.5,12.0,2.0,0.054858616249022496,0.47822708048071555,0.0,0.40483294784767987,3.9880089124060683,0.0,0.05128863283538349,0.4693623833791218,0.0,0.09205535820841185,0.7469266775724398,0.0
FGF1_HUMAN,10.004854368932039,18.0,1.0,0.06700455498567028,0.8444580943653638,0.0,0.33988594918570003,4.735175953417885,0.0,0.04935325426169813,0.8370429891889245,0.0,0.08992115232464026,0.8913919897682566,0.0
RLA0_HUMAN,5.666666666666667,11.0,2.0,0.05065109891554965,0.7710717713151337,0.0,0.21955353034578812,3.848215780250319,0.0,0.03404363658535149,0.7546342652719115,0.0,0.25424426229389174,0.7690147091433218,0.0
JUN_HUMAN,8.28158844765343,17.0,1.0,0.059823154088218214,0.9921808457783536,0.0,0.22355819490484077,6.0377004314723175,0.0,0.04634867977150519,0.9661421484598778,0.0,0.0861149757450416,0.9202459436448907,0.0
LA_HUMAN,8.622222222222222,19.0,1.0,0.10478226538801519,0.9630865384430087,0.0,0.6573270759395923,6.479533183751356,0.0,0.09975783171873039,0.9560255459190447,0.0,0.12098038814728038,0.8659603671613624,0.0
ENOA_HUMAN,9.957446808510639,26.0,1.0,0.030106004030281356,0.9381156548996041,0.0,0.13939325419369297,5.706343295517875,0.0,0.022488107157133175,0.8793334719199614,0.0,0.06655141397189693,0.9192078040018249,0.0
DPOLB_HUMAN,5.804347826086956,12.0,1.0,0.07928223986411737,0.9276001251067453,0.0,0.466298413308716,7.037808407230335,0.0,0.07522396451380635,0.9267856469481149,0.0,0.10628754123321416,0.9342509446824269,0.0
S10A9_HUMAN,9.55813953488372,17.0,2.0,0.026909111543503814,0.692017360491422,0.0,0.14908630203858433,4.697076107185615,0.0,0.02142952393237074,0.6857048406642624,0.0,0.06401017159868545,0.7291114856730074,0.0
MT1B_HUMAN,0.0,0.0,0.0,0.0,0.0,0.0,0.0,0.0,0.0,0.0,0.0,0.0,0.0,0.0,0.0
G6PI_HUMAN,9.142857142857142,15.0,3.0,0.022261370344483507,0.6261661532766101,0.0,0.11169857977242616,2.9301567013194223,0.0,0.017633995695834622,0.5927359742684922,0.0,0.05045877214263737,0.5845763838436925,0.0
GP1BA_HUMAN,9.487179487179487,19.0,1.0,0.06817356811838175,0.8809176217979559,0.0,0.3505439292109666,5.563242451877201,0.0,0.05395357661053034,0.8775381424304445,0.0,0.09192320675202072,0.8145400593471811,0.0
PMGE_HUMAN,6.0,6.0,6.0,0.0,0.0,0.0,0.0,0.0,0.0,0.0,0.0,0.0,0.026498626595572797,0.15899175957343678,0.0
LIPL_HUMAN,10.196629213483146,19.0,1.0,0.039018343351526444,0.9396479220427061,0.0,0.24794267628528743,7.172680364311302,0.0,0.03189068268940903,0.9384761443666904,0.0,0.07108408291172578,0.8898763796287162,0.0
CRGC_HUMAN,5.0,5.0,5.0,0.0015752106598870103,0.004725631979661031,0.0,0.0032861223214189932,0.00985836696425698,0.0,1.545271033610805e-05,4.635813100832415e-05,0.0,0.10721376571806751,0.32164129715420253,0.0
HS90A_HUMAN,8.984423676012462,20.0,1.0,0.028174049257574767,0.7500176413652418,0.0,0.14468231906832144,3.2663254245811886,0.0,0.019352954502333385,0.6155998455420273,0.0,0.07340557692061288,0.7469635627530365,0.0
ANXA2_HUMAN,8.090452261306533,17.0,2.0,0.022580040813907708,0.6783385168841523,0.0,0.14425580018799739,5.165212322256555,0.0,0.01763403403884383,0.6600423997137831,0.0,0.07095668714217852,0.6612466124661246,0.0
MDR1_HUMAN,7.356643356643357,15.0,1.0,0.08328700581777454,0.9774402547399993,0.0,0.5276864634195862,7.289122835511241,0.0,0.07554718358611343,0.9767727345660305,0.0,0.1009055060583075,0.8145400593471811,0.0
ADRB2_HUMAN,8.280898876404494,16.0,1.0,0.03297459104181084,0.9713966912032267,0.0,0.17176110729792837,6.884998291859521,0.0,0.022938538146284847,0.9704029349973922,0.0,0.07872642078474126,0.8022677516103314,0.0
FUMH_HUMAN,7.136363636363637,19.0,2.0,0.017895532970520437,0.628231646602454,0.0,0.105380070568485,5.380920895083247,0.0,0.01363222759585865,0.6253395316053072,0.0,0.10256201642216826,0.7690147091433218,0.0
TSP1_HUMAN,9.544740024183797,19.0,1.0,0.07153510504302388,0.9636721193274043,0.0,0.4286031738412033,7.423994792592207,0.0,0.05348015798692567,0.9598108584912246,0.0,0.09451465549978562,0.9011774162194468,0.0
RU17_HUMAN,8.882352941176471,18.0,2.0,0.03282392159127402,0.6026611596477879,0.0,0.20807659369948217,3.848215780250319,0.0,0.027004246051340466,0.58981378690993,0.0,0.06492510177073017,0.7289679098005204,0.0
PFKAM_HUMAN,10.23076923076923,24.0,1.0,0.032345744374122215,0.9634343873538793,0.0,0.18290583814674224,6.1918511112995755,0.0,0.02640963561817769,0.9614631661009814,0.0,0.05402253928760891,0.9816294474372927,0.0
THIK_HUMAN,5.1,11.0,1.0,0.1272040640246135,0.9024198019020162,0.0,0.8072141553596726,5.732318781921135,0.0,0.12427393588805964,0.8994963617935527,0.0,0.16371642231878786,0.9527145051622146,0.0
HS90B_HUMAN,6.560165975103734,19.0,1.0,0.03313569754112776,0.9657589475294026,0.0,0.15822525227926015,6.406549898593137,0.0,0.02198602860779903,0.8992393556312798,0.0,0.09765916333670488,0.841611758743031,0.0
ASNS_HUMAN,9.333333333333334,11.0,6.0,0.013375136898558612,0.13375136898558612,0.0,0.05511267726105114,0.5511267726105114,0.0,0.005667044363668909,0.05667044363668909,0.0,0.035188219074023065,0.25602497804663876,0.0
FGF2_HUMAN,10.15698393077874,22.0,1.0,0.08958770007594305,0.9562667663625772,0.0,0.5424723853500489,7.578145472419466,0.0,0.0705399560989583,0.9557776273516502,0.0,0.10968293775553423,0.9010216466450613,0.0
MMP2_HUMAN,8.914285714285715,15.0,1.0,0.04330291087590894,0.8906895685799973,0.0,0.21280741265259065,3.916912990722338,0.0,0.03418505769427891,0.8729626737516734,0.0,0.0817098918551719,0.7500999600159935,0.0
HMGB1_HUMAN,11.078916372202592,24.0,1.0,0.058272519179240825,0.952319255778721,0.0,0.33393609440402733,7.172680364311302,0.0,0.04374879127629142,0.9169208522224582,0.0,0.0755687129399146,0.9034867086527795,0.0
VIME_HUMAN,5.625,16.0,1.0,0.020835314320642877,0.7542673416964213,0.0,0.09713209923753148,3.453702879040086,0.0,0.014196967706209287,0.7260930392569757,0.0,0.10159522088915905,0.8862693433100899,0.0
F16P1_HUMAN,11.297872340425531,19.0,3.0,0.04010606120790231,0.720869560745061,0.0,0.22112917461508852,4.963185694383268,0.0,0.030130468997962755,0.7158302338924528,0.0,0.05276920567820828,0.5565129244804867,0.0
CP3A4_HUMAN,5.459016393442623,13.0,1.0,0.14491500775317329,0.9147636806842259,0.0,0.9474708099571488,6.972009668849151,0.0,0.13446876124084214,0.9139058460305578,0.0,0.15967579247214655,0.8691220076055818,0.0
DLDH_HUMAN,7.090909090909091,10.0,2.0,0.1362698842561798,0.8951843250539847,0.0,1.0914819588911004,7.47699131029455,0.0,0.13212553085506115,0.8946776886392959,0.0,0.14908484596222565,0.7917360879706764,0.0
GSTA2_HUMAN,0.0,0.0,0.0,0.0,0.0,0.0,0.0,0.0,0.0,0.0,0.0,0.0,0.0,0.0,0.0
PARP1_HUMAN,10.08355091383812,23.0,1.0,0.04728837838384609,0.9674997572291327,0.0,0.28892756178910645,8.54188580400661,0.0,0.04019837767496827,0.9626173125739652,0.0,0.07423818892790301,0.9342509446824269,0.0
LOX5_HUMAN,7.32183908045977,18.0,1.0,0.04344851823141835,0.9484322756794797,0.0,0.2923888729676739,7.067319848653476,0.0,0.0409419530174234,0.946815170350103,0.0,0.10882855792105638,0.8145400593471811,0.0
GSTP1_HUMAN,10.985294117647058,22.0,2.0,0.04576751497013605,0.7998752050113366,0.0,0.2818724416889686,5.0932388226314655,0.0,0.03945955244396209,0.7936698645462017,0.0,0.07563773423386647,0.8018183247972525,0.0
GSTM1_HUMAN,7.357142857142857,12.0,2.0,0.048418444506151966,0.6149466153890409,0.0,0.3207584819560841,4.346024420801244,0.0,0.03435063282550795,0.6069779976960201,0.0,0.09641826001467303,0.5901639344262295,0.0
LKHA4_HUMAN,5.75,13.0,1.0,0.06652487074947613,0.9153416116574089,0.0,0.4158786268990546,7.037808407230335,0.0,0.06030265795168821,0.9129304678998723,0.0,0.11588768166523498,0.773678281161986,0.0
PA24B_HUMAN,4.066666666666666,7.0,2.0,0.12155431166953169,0.9117415905219799,0.0,0.8014940630148272,6.016157159698354,0.0,0.11906373275868644,0.909517830545097,0.0,0.15181455332069338,0.8329935129870658,0.0
GSTT2_HUMAN,0.0,0.0,0.0,0.0,0.0,0.0,0.0,0.0,0.0,0.0,0.0,0.0,0.0,0.0,0.0
CO4A_HUMAN,4.9655172413793105,10.0,2.0,0.018598418397612858,0.802788401549533,0.0,0.1177662290524465,5.11771087362396,0.0,0.0164199653548667,0.7979799250605083,0.0,0.19293752481143367,0.7289444010755487,0.0
HS71B_HUMAN,8.582733812949641,21.0,1.0,0.031317402267923365,0.9657227784137148,0.0,0.15406120012391858,6.0377004314723175,0.0,0.02131425762753233,0.9619424175870234,0.0,0.07750774627744116,0.8660522931847406,0.0
UBC_HUMAN,4.380952380952381,6.0,2.0,0.24249371910809098,0.7466265194161311,0.0032332383852983052,0.9561844723044045,3.3702242280738925,0.00985836696425698,0.20302859759597577,0.7209560608652487,3.171785049955427e-05,0.4281962454479422,0.805040863435024,0.2652217977703282
ANDR_HUMAN,7.841145833333333,17.0,1.0,0.05148014837522867,0.9614095571712294,0.0,0.21924498358698155,5.706343295517875,0.0,0.03589958502030287,0.9315560294611246,0.0,0.09117733573451997,0.9157215760618685,0.0
CALM1_HUMAN,9.057692307692308,18.0,1.0,0.037538319623628455,0.9704040938779868,0.0,0.24179363350410338,7.983610580527631,0.0,0.031267465373109884,0.9685840691494858,0.0,0.07803981023343895,0.8877111031261229,0.0
RARA_HUMAN,9.221945137157107,24.0,1.0,0.04206850594423686,0.9614095571712294,0.0,0.20514850168610613,5.873397380181041,0.0,0.030898495561994796,0.9482565656020915,0.0,0.0773225130777946,0.9202459436448907,0.0
LIPC_HUMAN,10.98360655737705,16.0,2.0,0.08532572187939517,0.8846009803223601,0.0,0.6004666619785549,7.172680364311302,0.0,0.08135444710882135,0.8828664685962379,0.0,0.09290604770326187,0.8396083672593715,0.0
MGST1_HUMAN,7.625,14.0,3.0,0.04984072866754078,0.45987951153064677,0.0,0.19716100403953177,2.118833943390497,0.0,0.03691371973855621,0.3966925867451208,0.0,0.0744106689648425,0.5565129244804865,0.0
VDR_HUMAN,10.185897435897436,21.0,1.0,0.04213160179374415,0.9381156548996041,0.0,0.22610127513764441,5.571471338436908,0.0,0.03257233647054723,0.9315560294611246,0.0,0.06968186490789804,0.9192078040018249,0.0
BIP_HUMAN,7.608465608465608,18.0,1.0,0.029908149546516383,0.980651715643281,0.0,0.1463205868815842,7.2904633999676856,0.0,0.02071304892585623,0.9799828994689292,0.0,0.08467642633771957,0.8822265772216779,0.0
HSP7C_HUMAN,7.718411552346571,20.0,1.0,0.01778328967209665,0.8692322528375868,0.0,0.08602852260542486,3.848215780250319,0.0,0.012187385375389947,0.8507021873618243,0.0,0.06976260837988166,0.7289679098005203,0.0
PABP1_HUMAN,6.694444444444445,21.0,1.0,0.07339998959226468,0.9138019713763258,0.0,0.4231437768562638,5.632235323364153,0.0,0.06911518359485787,0.9006967138356117,0.0,0.1109795334635625,0.9704833722304246,0.0
PYC_HUMAN,9.090909090909092,17.0,2.0,0.023185807413881127,0.6140728552291905,0.0,0.1408733456760698,4.517874677727904,0.0,0.020089156790917852,0.607371974967525,0.0,0.05429804525205762,0.5901639344262295,0.0
C1TC_HUMAN,7.5,12.0,3.0,0.10891268759196782,0.8597604916493796,0.0,0.8172820917878553,6.804955584185985,0.0,0.10254084310418915,0.8582945743575648,0.0,0.08245787898540896,0.547398085612944,0.0
SRC_HUMAN,9.734439834024895,20.0,1.0,0.05155242818214831,0.9668531906231108,0.0,0.2904722537392655,5.58571530772926,0.0,0.0345931529634372,0.9632264608373122,0.0,0.09027098460941926,0.9112468048849759,0.0
ADHX_HUMAN,10.285714285714286,14.0,8.0,0.028655422197990523,0.42983133296985787,0.0,0.1394276921241622,2.091415381862433,0.0,0.02511612810017043,0.3767419215025564,0.0,0.06783080725001865,0.3059095263071063,0.0
XRCC6_HUMAN,7.751412429378531,21.0,1.0,0.04355007816784169,0.9820787807779364,0.0,0.23105473878886607,7.882456418402715,0.0,0.036421935426818056,0.9817082374469822,0.0,0.08147508181823437,0.9250036382235025,0.0
ADT1_HUMAN,8.052631578947368,17.0,1.0,0.08099057081000209,0.9377246197274771,0.0,0.49542361399257073,8.271292652979412,0.0,0.07059109759814378,0.9374847924590046,0.0,0.09296168388668224,0.8429165852160074,0.0
EF2_HUMAN,5.742857142857143,15.0,2.0,0.008751639889415222,0.6261661532766101,0.0,0.03879348482602437,2.9301567013194223,0.0,0.00688141828155411,0.5927359742684922,0.0,0.11616892937250416,0.5901639344262295,0.0
CADH1_HUMAN,6.812206572769953,17.0,1.0,0.023905350487857947,0.8479842901062933,0.0,0.12168508262797584,5.0932388226314655,0.0,0.017975652393069967,0.746550090322934,0.0,0.1021478455216253,0.841611758743031,0.0
XRCC5_HUMAN,8.096774193548388,19.0,1.0,0.036848993201429765,0.9820787807779364,0.0,0.20008690833851342,7.882456418402715,0.0,0.031246463936471156,0.9817082374469822,0.0,0.07563260983667827,0.9294157931541677,0.0
CCL5_HUMAN,10.637958532695375,19.0,1.0,0.0669107054058819,0.9655365419985252,0.0,0.4031191230959315,6.804955584185985,0.0,0.05174019789458439,0.9611092037083856,0.0,0.0959476686112969,0.9159069136626375,0.0
MTDC_HUMAN,8.583333333333334,12.0,2.0,0.06260967785621298,0.9189801195850141,0.0,0.4760449816282273,6.595975654951296,0.0,0.05890138456492702,0.9174132310605726,0.0,0.07687852845038942,0.7289444010755486,0.0
CFTR_HUMAN,8.198019801980198,18.0,1.0,0.035017771384854436,0.9556536963570205,0.0,0.17252465461593897,6.670083627105018,0.0,0.028185272343093485,0.9544416477665189,0.0,0.07853117037903373,0.8145400593471811,0.0
ITA4_HUMAN,8.408163265306122,15.0,1.0,0.08427814184826939,0.9169664045089929,0.0,0.5613438010812193,6.826403744153401,0.0,0.07678779339528805,0.9135268033326591,0.0,0.10925288081338819,0.8581737315058546,0.0
MT1G_HUMAN,6.454545454545454,9.0,2.0,0.09930352960865274,0.7210334594388893,0.0,0.6963044622906681,5.03917160136119,0.0,0.09318533752768257,0.7163618019011778,0.0,0.1128139291715077,0.7025226082817705,0.0
3BHS1_HUMAN,6.172413793103448,10.0,2.0,0.06703605148903702,0.8383292073934737,0.0,0.30489527187781645,6.111808403626039,0.0,0.050696401827887656,0.8364710181869749,0.0,0.19389201164182396,0.8180377187590983,0.0
MIF_HUMAN,9.112612612612613,23.0,1.0,0.05251679954977025,0.8663643881393951,0.0,0.2685570123863168,6.002609111661047,0.0,0.03753540772857594,0.8642224812974477,0.0,0.0930064774294688,0.8464614900850974,0.0
FPPS_HUMAN,5.5,9.0,2.0,0.002632736326200274,0.010101138481523414,0.0,0.005915020178554188,0.00985836696425698,0.0,2.5826965799634874e-05,9.909148724977009e-05,0.0,0.2051459865662093,0.5901639344262295,0.0
GLNA_HUMAN,10.52,17.0,3.0,0.011332300075462999,0.15304111274155596,0.0,0.07322310158473283,1.067639146774153,0.0,0.004997699235840967,0.10042262956280958,0.0,0.050471340964373036,0.4807121661721067,0.0
ETS1_HUMAN,9.302884615384615,20.0,1.0,0.06941496530188508,0.9604117647074649,0.0,0.2770790392530383,4.859045435130671,0.0,0.04953841527690662,0.925199834815128,0.0,0.08981499902113757,0.9157215760618685,0.0
ALDR_HUMAN,7.7,13.0,2.0,0.06325001384908749,0.9453437515968823,0.0,0.445423282361023,6.730847612032263,0.0,0.053360081635850806,0.94421546408432,0.0,0.08693942496357719,0.6880907372400754,0.0
AMPN_HUMAN,6.0,10.0,3.0,0.04214770340570353,0.6180920080375232,0.0,0.1934046567550503,3.2663254245811886,0.0,0.034069094740843096,0.5945140592431162,0.0,0.13729778198485837,0.6586564718732933,0.0
PPAP_HUMAN,7.433333333333334,17.0,1.0,0.05265361714947552,0.7500176413652418,0.0,0.3108265064575359,3.9880089124060683,0.0,0.04829437413856789,0.684802404192498,0.0,0.09701412256863066,0.869122007605582,0.0
AK1A1_HUMAN,7.285714285714286,12.0,2.0,0.17444839034351864,0.9453437515968823,0.0,1.372303893417598,6.730847612032263,0.0,0.16234377470809516,0.94421546408432,0.0,0.16992190847772218,0.7289444010755486,0.0
ATF2_HUMAN,10.075892857142858,19.0,1.0,0.04913692681498534,0.9897601816826211,0.0,0.20588276612075193,6.099538768637404,0.0,0.03879101942850659,0.9591500375271683,0.0,0.07057310262079595,0.9305546419632899,0.0
NDKA_HUMAN,8.318181818181818,14.0,2.0,0.03809561207595539,0.795711888892866,0.0,0.1681769894510552,4.375220580204882,0.0,0.028384128307787963,0.7856975636570436,0.0,0.06940300036697711,0.745536459202403,0.0
I23O1_HUMAN,12.5,19.0,6.0,0.0,0.0,0.0,0.0,0.0,0.0,0.0,0.0,0.0,0.020121916479099843,0.18398245797222515,0.0
VEGFA_HUMAN,10.229681978798586,19.0,1.0,0.07264960015952332,0.9749201441399523,0.0,0.42300942786251794,6.932447891572509,0.0,0.05345529653354677,0.9739690025359133,0.0,0.09529328599906184,0.9348900819572397,0.0
NQO1_HUMAN,7.951219512195122,13.0,2.0,0.03914595079244923,0.9532169182146383,0.0,0.24559366592548287,5.546153530452618,0.0,0.02964841296635419,0.9387520749544332,0.0,0.10579376868885258,0.6612466124661247,0.0
PLAK_HUMAN,8.870689655172415,18.0,1.0,0.026467317330040305,0.8757505870838663,0.0,0.1500865574861356,4.697076107185615,0.0,0.020826537500038385,0.8671595328880711,0.0,0.06680983348802404,0.8581737315058547,0.0
ZEP1_HUMAN,5.538461538461538,14.0,2.0,0.056979506276662026,0.782675106310168,0.0,0.16140870712547117,2.300030813188949,0.0,0.03735227026601256,0.7042074230176908,0.0,0.13491824190295165,0.7690147091433218,0.0
DESP_HUMAN,9.243243243243244,16.0,1.0,0.031332414327357956,0.7183803930709638,0.0,0.19145363580799865,4.697076107185615,0.0,0.02603258840490311,0.7118273920429508,0.0,0.06399619177725713,0.841611758743031,0.0
PGDH_HUMAN,10.72972972972973,19.0,1.0,0.03476033310192778,0.9526780976035335,0.0,0.22860762270066548,6.401819640510338,0.0,0.031131759029030866,0.9510980461245813,0.0,0.06573011014030197,0.8581737315058546,0.0
BGAT_HUMAN,5.75,7.0,4.0,0.06315201191977687,0.4635881585223581,0.0,0.28028649268902756,1.987240402798708,0.0,0.04548087828140064,0.40004265972002506,0.0,0.13272355621841933,0.37939110070257615,0.0
RAG1_HUMAN,7.333333333333333,10.0,3.0,0.12336788286307494,0.7578923245485942,0.0,0.7344666203981978,4.735175953417885,0.0,0.11920192666144318,0.751237345057673,0.0,0.1037432329895136,0.6802960518370972,0.0
LOX15_HUMAN,10.238805970149254,19.0,2.0,0.06261732570770753,0.8316222176983594,0.0,0.393527583810796,6.290594005400114,0.0,0.058219334534290276,0.8263758371263493,0.0,0.0831579042778614,0.8441745131477534,0.0
NAGAB_HUMAN,8.0,10.0,6.0,0.02986166195705175,0.1791699717423105,0.0,0.17793985779569219,1.067639146774153,0.0,0.01959464723643882,0.11756788341863292,0.0,0.08570648626885047,0.4314406909592682,0.0
F261_HUMAN,10.25,12.0,9.0,0.0769790014701711,0.6481806132017631,0.0,0.5440494146391254,4.188121391355436,0.0,0.07202721013169006,0.6383446243569282,0.0,0.041300825268716486,0.21644267914467583,0.0
AK1C4_HUMAN,8.55813953488372,16.0,1.0,0.08617132059557471,0.9453437515968823,0.0,0.5581099498558183,6.730847612032263,0.0,0.07824984627008562,0.94421546408432,0.0,0.08749342660994634,0.6880907372400754,0.0
H13_HUMAN,1.0,1.0,1.0,0.2650448850816442,0.7951346552449325,0.0,1.4031084404189726,4.209325321256918,0.0,0.26110727536600403,0.783321826098012,0.0,0.27151335311572694,0.8145400593471809,0.0
DPEP1_HUMAN,6.861111111111111,16.0,1.0,0.05291944790422351,0.9538035235498302,0.0,0.3877892315359302,7.155591442886719,0.0,0.048822059116882394,0.9530590915314499,0.0,0.09185538185890159,0.8333688813053216,0.0
ERCC2_HUMAN,8.648351648351648,19.0,1.0,0.03921690560979623,0.8957000970680992,0.0,0.2519144744241274,5.732318781921135,0.0,0.033711334259516744,0.8927984258244003,0.0,0.08545824107482518,0.9294157931541679,0.0
AATC_HUMAN,13.333333333333334,16.0,6.0,0.05953172985736927,0.6867661388763481,0.0,0.3832695486745105,4.1994209466093695,0.0,0.05205054049224852,0.6764617194013065,0.0,0.038716831678249804,0.26066642929718375,0.0
RL35A_HUMAN,8.75,11.0,6.0,0.003082592248801599,0.04317210793669507,0.0,0.016723329022088302,0.24099156836706756,0.0,0.0006183644818891664,0.009245382364618757,0.0,0.044635803711782586,0.2940314835073147,0.0
ASM_HUMAN,9.951754385964913,16.0,1.0,0.048099897304557895,0.9391206586074154,0.0,0.2810836690974744,7.6255950721324535,0.0,0.04005227527887494,0.9383200442352011,0.0,0.0715044730314707,0.9139871010928178,0.0
PLCG1_HUMAN,8.803571428571429,15.0,1.0,0.04447944761560016,0.9845800492821958,0.0,0.25313047941500294,6.099538768637404,0.0,0.03329940839721602,0.9823707477081967,0.0,0.08369991295351117,0.9139871010928181,0.0
LEG3_HUMAN,8.949308755760368,18.0,1.0,0.04103203027872469,0.9179706964069165,0.0,0.24712462700944396,5.84354441703136,0.0,0.03542774053256767,0.9135099692376757,0.0,0.07276948856957817,0.9022741203107216,0.0
LOX12_HUMAN,5.37037037037037,18.0,1.0,0.189195287033864,0.9262616948984148,0.0,1.2693177887315106,6.290594005400114,0.0,0.18478299297000692,0.9205762011189872,0.0,0.1976982494205238,0.8670354846243383,0.0
PGAM1_HUMAN,5.214285714285714,10.0,2.0,0.05204413193563108,0.8439476043050773,0.0,0.35028963792768764,7.037808407230335,0.0,0.05048172559104143,0.8432065771403217,0.0,0.12040813937992226,0.7289444010755486,0.0
AMD_HUMAN,10.25,12.0,8.0,0.011186734634286967,0.11186734634286967,0.0,0.10330986333723322,1.0330986333723322,0.0,0.007205348493225615,0.07205348493225615,0.0,0.04520906765134517,0.20461634435433562,0.0
C11B2_HUMAN,9.10344827586207,16.0,1.0,0.12196049379616591,0.9823018280503345,0.0,0.8974363935119445,7.983610580527631,0.0,0.1161005580529627,0.9819668572649806,0.0,0.10145105742700561,0.8180377187590983,0.0
NUCL_HUMAN,6.163265306122449,15.0,2.0,0.03366199057576841,0.6567122111932865,0.0,0.14591596967427134,3.0264429584699255,0.0,0.023576667892211866,0.6248696776359144,0.0,0.11038658666637884,0.7690147091433217,0.0
WT1_HUMAN,9.805389221556887,18.0,1.0,0.07539787631155222,0.9440304754590594,0.0,0.38689540770955777,4.2166133471497425,0.0,0.06243999937287847,0.8793334719199614,0.0,0.09330391482669821,0.9192078040018249,0.0
RXRA_HUMAN,7.895196506550218,21.0,1.0,0.062245997329204536,0.9866482513434109,0.0,0.2555121473264552,5.399613028095399,0.0,0.045844745224636704,0.9333248752533916,0.0,0.09768606997868884,0.9202459436448907,0.0
SDHL_HUMAN,7.375,10.0,2.0,0.050975675337563406,0.9411913162156295,0.0,0.4122264333991161,7.848738623446663,0.0,0.048229015022856425,0.9408240220434477,0.0,0.0640278055832758,0.7289444010755488,0.0
ERCC3_HUMAN,9.673076923076923,16.0,1.0,0.07012497702944667,0.8957000970680992,0.0,0.4038838226425765,5.732318781921135,0.0,0.06252450333870928,0.8927984258244003,0.0,0.08763008725151988,0.9342509446824269,0.0
RAB4A_HUMAN,7.230769230769231,15.0,2.0,0.06685185495179766,0.8856080904396216,0.0,0.30757703454121443,4.398751077615076,0.0,0.06449046547831991,0.8747215909864127,0.0,0.11905632118807422,0.8431955843876566,0.0
RAB6A_HUMAN,6.848214285714286,15.0,1.0,0.042536812317817245,0.8804731771262272,0.0,0.19896673661853795,6.278862488289206,0.0,0.033392517641181625,0.8788218207837909,0.0,0.113992392172725,0.8145400593471811,0.0
FUT1_HUMAN,9.148148148148149,16.0,1.0,0.07134067232856679,0.8691845186659954,0.0,0.3202889248664791,5.706343295517875,0.0,0.05623739047189576,0.8662946468648041,0.0,0.09517218073951166,0.8670696971656282,0.0
AOFA_HUMAN,5.0,9.0,2.0,0.08279921774624995,0.8669998773140478,0.0,0.5827420653281286,6.526982783464344,0.0,0.08205568691003903,0.8640433559932837,0.0,0.08985122797431856,0.7289444010755486,0.0
IMDH1_HUMAN,4.916666666666667,10.0,1.0,0.07712173898812974,0.9223475355520204,0.0,0.28638373096833597,4.209325321256918,0.0,0.064256640921891,0.8565458772294663,0.0,0.21027820827308266,0.8284872729933774,0.0
FUT3_HUMAN,7.1395348837209305,13.0,1.0,0.0941714838129168,0.9895366187444199,0.0,0.5980022563772914,7.289122835511241,0.0,0.083231460697616,0.988860837638936,0.0,0.12672789007135837,0.8767343963496025,0.0
TAF1_HUMAN,11.8661800486618,22.0,1.0,0.039233857756811145,0.958467797821292,0.0,0.1977519029549255,5.597446824840168,0.0,0.03137858687896555,0.9071313274794491,0.0,0.054644797493174184,0.9112468048849759,0.0
GSTM3_HUMAN,6.038461538461538,10.0,1.0,0.030545621579223782,0.7500176413652418,0.0,0.11518073312881806,1.7191438993514285,0.0,0.01786758590050358,0.6155998455420273,0.0,0.08777258636583421,0.7469635627530365,0.0
ACOHC_HUMAN,5.90625,13.0,1.0,0.04950255581773031,0.9473762215273446,0.0,0.2977268417170158,6.239300711012564,0.0,0.04157860681907318,0.9455276825585107,0.0,0.11997863026056416,0.8581737315058546,0.0
AGT1_HUMAN,5.738095238095238,10.0,1.0,0.08865435740226948,0.9823018280503345,0.0,0.6757992037754221,7.983610580527631,0.0,0.08354409021909069,0.9819668572649806,0.0,0.10868118866533581,0.8581737315058546,0.0
5NTD_HUMAN,7.388888888888889,15.0,1.0,0.031877163064033355,0.8479842901062933,0.0,0.12359176023391141,3.9880089124060683,0.0,0.02347204259602748,0.5846664310269255,0.0,0.08358535101991654,0.8145400593471811,0.0
SDHB_HUMAN,6.4,9.0,3.0,0.0013478612960503584,0.0076277805279319,0.0,0.002816676275501994,0.00985836696425698,0.0,1.3222428410058732e-05,7.482801253642594e-05,0.0,0.11165875837627907,0.4807121661721067,0.0
TGM2_HUMAN,10.340540540540541,16.0,1.0,0.024106306099979803,0.8506882966534166,0.0,0.16856218674560247,7.172680364311302,0.0,0.018839674344106064,0.836780081738436,0.0,0.06332119698109424,0.804053121982418,0.0
EST1_HUMAN,11.419642857142858,18.0,1.0,0.04053671059037082,0.9282284053146698,0.0,0.28201439909669473,5.362571756415051,0.0,0.035640770073924376,0.9238760982138764,0.0,0.0658866545061755,0.9191163833712601,0.0
NR4A1_HUMAN,7.6,17.0,1.0,0.02953951073815994,0.7943143912506406,0.0,0.1361038870123252,5.541263545158426,0.0,0.02265517432453316,0.7911994328535793,0.0,0.08605450623827061,0.7690147091433218,0.0
PUR2_HUMAN,3.272727272727273,8.0,1.0,0.290908972253012,0.9686034326431571,0.0,2.2157029052997754,6.972009668849151,0.0,0.2887517378550294,0.9676951088785302,0.0,0.28660859305767084,0.8712822225769545,0.0
PUR6_HUMAN,6.142857142857143,10.0,2.0,0.13785647078545843,0.7270270628901476,0.0,1.075479040769881,5.519757339937462,0.0,0.1352926444867681,0.7241139962272459,0.0,0.16531769529960477,0.8712822225769545,0.0
SCP2_HUMAN,10.9,20.0,1.0,0.05471174782469519,0.9630320445557873,0.0,0.3799302799495774,7.289122835511241,0.0,0.05016235928526074,0.962374364135115,0.0,0.05881650573967014,0.9330749132650876,0.0
RS3_HUMAN,8.406296851574213,19.0,1.0,0.041350980313110956,0.9780328611527407,0.0,0.2151825230035942,7.289122835511241,0.0,0.030968124029916926,0.9707315012389807,0.0,0.07884299210135233,0.9342509446824269,0.0
GNLY_HUMAN,6.222222222222222,10.0,2.0,0.1368777889553641,0.6380821062925093,0.0,0.7085366809442258,3.119929699388038,0.0,0.12957554537021376,0.6099042264067872,0.0,0.14374422411520132,0.5901639344262295,0.0
ARBK1_HUMAN,9.423076923076923,16.0,1.0,0.02452770717317803,0.5767518037931156,0.0,0.18722248412487397,4.795193963144138,0.0,0.021758954588785486,0.5527814361427871,0.0,0.07264636327138536,0.9112468048849759,0.0
ZBT25_HUMAN,0.0,0.0,0.0,0.0,0.0,0.0,0.0,0.0,0.0,0.0,0.0,0.0,0.0,0.0,0.0
THAS_HUMAN,5.916666666666667,8.0,1.0,0.0678832478608493,0.9835280156372526,0.0,0.4433248165011853,6.661854740545311,0.0,0.06461825448928993,0.9822703071773584,0.0,0.08431292615447836,0.9255536899641139,0.0
PPAC_HUMAN,3.5,4.0,3.0,0.09757304851503311,0.582932545650017,0.0,0.6663112132283876,3.9880089124060683,0.0,0.09535859132480225,0.572126966755041,0.0,0.17220678254238053,0.6261805739084474,0.0
3BHS2_HUMAN,5.235294117647059,9.0,2.0,0.05696030881612175,0.8427767294793528,0.0,0.260309001075279,5.309461931101102,0.0,0.04165132062443591,0.838609547014749,0.0,0.13128218225649857,0.6815541612682515,0.0
PSA3_HUMAN,5.266666666666667,10.0,2.0,0.019911962312897786,0.5169495961669845,0.0,0.12673935240597115,3.4895516655816503,0.0,0.01791333041031276,0.5011751119562579,0.0,0.16291343552738027,0.6025878003696858,0.0
IVD_HUMAN,4.75,7.0,2.0,0.13478313073166223,0.8360910571840253,0.0,1.0436804060546305,6.730847612032263,0.0,0.1334344362102822,0.8350931650441638,0.0,0.13020597853780946,0.7489710913869195,0.0
SYTC_HUMAN,10.333333333333334,14.0,8.0,0.0567532939270013,0.5568775581515586,0.0,0.19314543593264955,2.091415381862433,0.0,0.03904863644321701,0.48809638853010756,0.0,0.05548124956001021,0.22943659270871541,0.0
DPP4_HUMAN,8.50943396226415,17.0,1.0,0.03287833396965605,0.9665145850465756,0.0,0.17284542114641196,6.1918511112995755,0.0,0.02529897142545947,0.956425115719748,0.0,0.07039364034223608,0.9383244783731085,0.0
ARNT_HUMAN,8.74698795180723,16.0,1.0,0.051504966528722114,0.9807273272270732,0.0,0.237014796433728,3.621904878178484,0.0,0.03788851540963271,0.8929881117083195,0.0,0.07007859640273685,0.8000639795265515,0.0
RL10_HUMAN,8.26923076923077,17.0,2.0,0.028046644710148037,0.4442216828153644,0.0,0.09645481661479116,1.751229928919574,0.0,0.019008339975488946,0.367122414185428,0.0,0.0730303475141089,0.7690147091433218,0.0
CALR_HUMAN,8.140816326530611,19.0,1.0,0.022327299676951254,0.9381156548996041,0.0,0.10774135180462222,4.975455786975083,0.0,0.013725388247869227,0.8793334719199614,0.0,0.0760881786789608,0.9192078040018249,0.0
DCK_HUMAN,5.583333333333333,11.0,2.0,0.1503148457526561,0.9188531436190797,0.0,1.2290200603215495,7.848738623446663,0.0,0.14931091306892658,0.9184945667825454,0.0,0.15149997216544234,0.759681194995832,0.0
AOFB_HUMAN,5.25,7.0,2.0,0.05744757339159175,0.860272075649437,0.0,0.4357894100285734,6.526982783464344,0.0,0.05726848547798765,0.8590131409045841,0.0,0.09042929487173852,0.7289444010755486,0.0
PEX2_HUMAN,10.763157894736842,16.0,2.0,0.03287514621424596,0.9524298469451191,0.0,0.20668224451935197,6.425465962481081,0.0,0.024983001376537924,0.9508871217028381,0.0,0.06484235367585546,0.695092204117475,0.0
MK03_HUMAN,9.6570796460177,20.0,1.0,0.0444310519826153,0.9915306564382413,0.0,0.24210514567242847,4.892568127169315,0.0,0.03028825868954427,0.9627061079433189,0.0,0.08605621616505142,0.9092044860247547,0.0
MK01_HUMAN,8.713924050632912,17.0,1.0,0.03784205916032123,0.9799671958096741,0.0,0.19497957880934239,5.457881936219375,0.0,0.025084850488648325,0.9757900125368281,0.0,0.09650398460106423,0.9092044860247547,0.0
RXRB_HUMAN,5.705882352941177,11.0,1.0,0.05110799780662801,0.9440304754590594,0.0,0.1612040893963143,3.1642952565640643,0.0,0.04461120453191787,0.862665188955299,0.0,0.0977272915869525,0.9157215760618685,0.0
PYR1_HUMAN,6.833333333333333,12.0,2.0,0.051516293962577,0.8227554218616885,0.0,0.3587112225382724,7.423994792592207,0.0,0.04209994405122376,0.8222644339714044,0.0,0.08585857992360327,0.6612466124661246,0.0
GSTM2_HUMAN,10.05813953488372,21.0,1.0,0.03130392423592727,0.9704040938779868,0.0,0.20297477402832745,6.278862488289206,0.0,0.023064644694271937,0.9685840691494858,0.0,0.06659752296125207,0.7584684968315547,0.0
ABCD3_HUMAN,9.666666666666666,17.0,1.0,0.0504043784779592,0.873601332487034,0.0,0.30339463774514464,6.1918511112995755,0.0,0.04543507459041452,0.8718139128809225,0.0,0.06690512421127563,0.7913049285428077,0.0
DUS1_HUMAN,11.235294117647058,19.0,2.0,0.055483827169625625,0.7720868752597522,0.0,0.3566309198296308,4.859045435130671,0.0,0.04911415456403715,0.7631231349518585,0.0,0.06879063272970473,0.8095557316107015,0.0
GRN_HUMAN,8.376237623762377,18.0,1.0,0.03645679791665171,0.8479842901062933,0.0,0.17125583901656968,3.940874610733024,0.0,0.023090478524271128,0.8294439731821428,0.0,0.09860069591986408,0.9014674507734537,0.0
PTN6_HUMAN,8.470588235294118,17.0,1.0,0.043070019280982294,0.8779890739654338,0.0,0.22517226103325946,5.140688422344454,0.0,0.030224867449690506,0.8720010836911597,0.0,0.08999192387645155,0.9270060375934089,0.0
NOS3_HUMAN,9.068627450980392,18.0,1.0,0.02183361062653213,0.9609947218025428,0.0,0.12922959504566797,6.536691597591305,0.0,0.015563931211876554,0.9596019758289158,0.0,0.05914753916501254,0.779498235985888,0.0
ECHM_HUMAN,6.0,8.0,4.0,0.07182359855505609,0.7152676799812188,0.0,0.44671084228757263,4.457250055911469,0.0,0.07070038402501838,0.7069747213727409,0.0,0.07075816309437535,0.5236882635560928,0.0
CD38_HUMAN,11.068965517241379,19.0,1.0,0.08276853140077958,0.8479842901062933,0.0,0.29569841382319034,3.0068768381070563,0.0,0.05536976749349694,0.6536024590706484,0.0,0.08428962213863929,0.8145400593471811,0.0
CXB2_HUMAN,7.933333333333334,13.0,1.0,0.028271459702981838,0.9774402547399993,0.0,0.18398778209459357,7.289122835511241,0.0,0.024387615134687464,0.9767727345660305,0.0,0.0652587115148922,0.8767343963496025,0.0
IMPA1_HUMAN,8.48,15.0,1.0,0.06946220258853698,1.0,0.0,0.36217799779293236,8.54188580400661,0.0,0.05681079697724373,0.9998048780487805,0.0,0.102732365169899,0.8822150712845697,0.0
RL12_HUMAN,7.166666666666667,11.0,4.0,0.011319798883048158,0.10761206115370739,0.0,0.06839046758979747,0.6641879419694607,0.0,0.0052279865218526535,0.0522250676447507,0.0,0.1363168974091337,0.4070601213458357,0.0
KCY_HUMAN,3.5,7.0,1.0,0.1463159272851867,0.9221922724221326,0.0,1.0984881481897575,7.423994792592207,0.0,0.14493958188571704,0.921641944552827,0.0,0.1491910989821654,0.9022741203107214,0.0
NMT1_HUMAN,7.25,16.0,1.0,0.060102290822223244,1.0,0.0,0.5015638802152819,8.54188580400661,0.0,0.056838322458989884,0.9998048780487805,0.0,0.08971525968223662,0.8000639795265515,0.0
GSTT1_HUMAN,7.0,7.0,7.0,0.0270165714531275,0.162099428718765,0.0,0.17218310556205538,1.0330986333723322,0.0,0.01740130777888271,0.10440784667329625,0.0,0.03900853311661926,0.23405119869971558,0.0
OTX2_HUMAN,9.567567567567568,19.0,2.0,0.026208707855411534,0.8284162875379447,0.0,0.13899876040899828,2.5250894624392584,0.0,0.02041097601135906,0.7610114891177842,0.0,0.059001783811592254,0.7619565808803527,0.0
FMO3_HUMAN,6.0,6.0,6.0,0.0007382100744353725,0.004429260446612235,0.0,0.0016430611607094966,0.00985836696425698,0.0,7.241791042897602e-06,4.345074625738561e-05,0.0,0.040833687792428755,0.24500212675457253,0.0
PUR9_HUMAN,5.416666666666667,10.0,3.0,0.16498218107646986,0.7270270628901476,0.0,1.1497210663149582,5.519757339937462,0.0,0.1583873686289454,0.7241139962272459,0.0,0.18397280103869587,0.8712822225769545,0.0
RL9_HUMAN,6.428571428571429,11.0,1.0,0.04677552915901364,0.9760252286025278,0.0,0.24936583645941976,5.216965831719301,0.0,0.046228234289818274,0.9707315012389807,0.0,0.09654988813282227,0.88626934331009,0.0
1433S_HUMAN,7.666666666666667,17.0,1.0,0.048574461734541205,0.905984385266359,0.0,0.21612143778343001,3.271830659481281,0.0,0.03447546516350531,0.8684474363115892,0.0,0.08285680035083777,0.7794982359858879,0.0
ARRB2_HUMAN,10.57857142857143,20.0,1.0,0.03804308443999161,0.8590986669039713,0.0,0.19488128254311782,5.706343295517875,0.0,0.028508830870070074,0.8562423286252624,0.0,0.07295748574540065,0.9034867086527795,0.0
GLPK_HUMAN,7.0,10.0,1.0,0.08296478563954393,0.9446013713142379,0.0,0.5969833483791297,6.325382503924098,0.0,0.07203831401572386,0.9429102691149541,0.0,0.09785791414572051,0.6874618855958043,0.0
DUT_HUMAN,6.75,11.0,3.0,0.08309681674218662,0.5601168120768543,0.0,0.413735023501757,2.0653889951873663,0.0,0.07219145830113857,0.48911138159447726,0.0,0.0875441273005194,0.6415136865994124,0.0
STX2_HUMAN,5.846153846153846,10.0,3.0,0.010854234104657627,0.34099416483033607,0.0,0.05008790407251251,1.9256562921508156,0.0,0.006898387354422788,0.268279509802663,0.0,0.08517210079659351,0.5565129244804866,0.0
ABCD1_HUMAN,9.296610169491526,20.0,1.0,0.05722455248888835,0.873601332487034,0.0,0.3545788400475333,6.1918511112995755,0.0,0.05188171209245818,0.8718139128809225,0.0,0.08165389405061128,0.8787046510653032,0.0
GLYC_HUMAN,9.130434782608695,20.0,1.0,0.066195178477762,0.9343986459995731,0.0,0.4490184324340851,7.067319848653476,0.0,0.056459532994019644,0.9333630805777492,0.0,0.08265239194207505,0.7988709188036154,0.0
ACSL1_HUMAN,8.833333333333334,18.0,2.0,0.06579313431829713,0.8627659398375418,0.0,0.31966447161844486,5.632235323364153,0.0,0.058860268836499384,0.8596767523291721,0.0,0.09462614049670713,0.7690147091433218,0.0
CP2CJ_HUMAN,5.866666666666666,11.0,1.0,0.09793021876072473,0.8858854774881086,0.0,0.5553705183472013,5.904169038847795,0.0,0.08825124088851502,0.8787119658167415,0.0,0.12553619558588025,0.8860993869413405,0.0
HYES_HUMAN,8.51923076923077,14.0,1.0,0.03378486581698821,0.8529963725827928,0.0,0.20331318461262943,4.669424575855105,0.0,0.02838677757801927,0.844997259114412,0.0,0.0711788865132868,0.869122007605582,0.0
RL22_HUMAN,5.9375,11.0,2.0,0.027174755575743212,0.7710717713151337,0.0,0.12750378154579678,3.848215780250319,0.0,0.023520764785492036,0.7546342652719115,0.0,0.11921919196081673,0.6019108280254777,0.0
PHB1_HUMAN,9.53921568627451,19.0,1.0,0.06881486169986774,0.9381156548996041,0.0,0.3264068227042119,6.526982783464344,0.0,0.047509061317123145,0.8793334719199614,0.0,0.09426143569388644,0.9534437204165463,0.0
CHKA_HUMAN,7.818181818181818,12.0,2.0,0.050193508413552676,0.6396003804438163,0.0,0.31013246437594705,4.464630163209091,0.0,0.044596923792033547,0.6322392507456138,0.0,0.08107624158592841,0.8136896536647991,0.0
CTNB1_HUMAN,8.646258503401361,21.0,1.0,0.02931366491063523,0.952319255778721,0.0,0.14860553611274277,7.56400268728418,0.0,0.02063630090365931,0.9394134931686869,0.0,0.07852809130129428,0.9157215760618685,0.0
PCKGC_HUMAN,11.0,16.0,1.0,0.06429220474190116,0.9829614975090823,0.0,0.37674412028185417,5.706343295517875,0.0,0.05742641390219942,0.9796933390774665,0.0,0.06200263389533365,0.699873718491933,0.0
CXA5_HUMAN,8.539473684210526,17.0,1.0,0.07896564946438593,1.0,0.0,0.6756156195065977,9.235032984566555,0.0,0.07625355935464734,0.9999024390243902,0.0,0.10181769661934728,0.8862607598413087,0.0
GDE_HUMAN,5.25,10.0,2.0,0.027561219925348712,0.6261661532766101,0.0,0.14471359419178811,2.9301567013194223,0.0,0.02375428086382292,0.5927359742684922,0.0,0.1896719092010455,0.5901639344262295,0.0
GGT5_HUMAN,6.3076923076923075,9.0,2.0,0.10727346280516135,0.8533388297104424,0.0,0.7462596082029425,7.289122835511241,0.0,0.08929160635394069,0.8527560617291767,0.0,0.12202357693816926,0.6957368384449545,0.0
PP1G_HUMAN,6.766666666666667,12.0,1.0,0.027356109514771895,0.901615392856751,0.0,0.10817875599411962,4.455909491455025,0.0,0.019601269820281347,0.8911478580518775,0.0,0.09107433646076081,0.9053431877385351,0.0
NU214_HUMAN,5.222222222222222,15.0,2.0,0.030538524892527397,0.8335666122366653,0.0,0.18255596535345545,5.052416828111211,0.0,0.029587426233583843,0.8282369024397556,0.0,0.13604144859298892,0.5901639344262295,0.0
DHB2_HUMAN,5.666666666666667,12.0,2.0,0.13701275368281707,0.7977418162214417,0.0,1.0758736872536148,6.099538768637404,0.0,0.1363617891365617,0.7959517614143107,0.0,0.1416366889204062,0.7934430563817831,0.0
CXG1_HUMAN,6.722222222222222,13.0,3.0,0.03128674117105489,0.6254207015738807,0.0,0.1645005241289505,4.624359880381233,0.0,0.026021237668376676,0.6192853666718684,0.0,0.1410779406397337,0.6335416212956294,0.0
NUP62_HUMAN,8.032679738562091,17.0,1.0,0.04061557087054835,0.9918218048709281,0.0,0.20917895748425253,5.27556037942542,0.0,0.029336606752258985,0.9503902034739328,0.0,0.0925871109856234,0.8368487000104416,0.0
8ODP_HUMAN,3.7027027027027026,11.0,2.0,0.15030380399513935,0.8533388297104424,0.0,1.1937043410120465,7.289122835511241,0.0,0.14596509443478065,0.8527560617291767,0.0,0.1758508824470981,0.821552392217645,0.0
SYUA_HUMAN,9.517531556802243,20.0,1.0,0.031338093978757094,1.0,0.0,0.19521996304142383,9.36990494164752,0.0,0.023444287164599564,0.9999147485080989,0.0,0.0685158738053435,0.8822150712845697,0.0
GPX4_HUMAN,7.071428571428571,14.0,2.0,0.1033541183485129,0.8316222176983594,0.0,0.6315492089217631,5.801045780081408,0.0,0.09758114675930454,0.8263758371263493,0.0,0.10409704882314674,0.7784473590925204,0.0
DHB3_HUMAN,6.75,13.0,1.0,0.033282325772264094,0.49173636693738776,0.0,0.0649253481421029,0.9541634882030295,0.0,0.020161696325517495,0.3023518849107543,0.0,0.09216286879255153,0.8822265772216779,0.0
RS19_HUMAN,9.80451127819549,18.0,1.0,0.032417923780679016,0.9760252286025278,0.0,0.20062161704746262,8.271292652979412,0.0,0.02607407410726295,0.9707315012389807,0.0,0.07284076404148922,0.9208163141197816,0.0
BRCA1_HUMAN,10.391442155309033,22.0,1.0,0.04936683126001143,0.9550053209815903,0.0,0.2399159045226953,7.848738623446663,0.0,0.03830684369153356,0.948492070710616,0.0,0.06793590611082687,0.9157215760618685,0.0
SMBP2_HUMAN,7.515384615384615,15.0,1.0,0.09608337952798579,0.9374907815071811,0.0,0.5209792840065341,5.651514046110444,0.0,0.08125472542705343,0.9310884054383516,0.0,0.16028857827574,0.9274841045157098,0.0
CDN1A_HUMAN,8.886746987951808,18.0,1.0,0.06628508433642731,0.977457435243689,0.0,0.3520345634431945,5.681025487533585,0.0,0.052950364481455375,0.9684578271442585,0.0,0.087728846068661,0.8691220076055819,0.0
STAT3_HUMAN,8.993986254295532,21.0,1.0,0.07459431000150618,0.9760760029500724,0.0,0.3938080399330494,8.271292652979412,0.0,0.055569729091737685,0.9758263671436912,0.0,0.1177149231609729,0.9157215760618685,0.0
BCL6_HUMAN,6.849056603773585,16.0,1.0,0.05066578487566314,0.9807273272270732,0.0,0.1738111164529413,3.078053998980999,0.0,0.03438283235420489,0.8929881117083195,0.0,0.08720653621026742,0.9192078040018249,0.0
ADH7_HUMAN,9.590909090909092,15.0,1.0,0.04691551439023926,0.9782266387651464,0.0,0.33284497391949064,6.462444262326773,0.0,0.04482868323314959,0.9766996508412202,0.0,0.05936368542701176,0.8767343963496026,0.0
RL13A_HUMAN,6.611111111111111,19.0,1.0,0.08900490989693072,0.934290721842816,0.0,0.5175105450997005,5.3769304814119785,0.0,0.08499833774152088,0.9299724418475042,0.0,0.12959230927744142,0.8581737315058546,0.0
MDHC_HUMAN,2.6,3.0,2.0,0.07391744492911818,0.9304825579872428,0.0,0.5639662649705076,7.6255950721324535,0.0,0.07276266519469388,0.9300286640565173,0.0,0.14486476377276483,0.8329303294652091,0.0
ABEC1_HUMAN,8.583333333333334,20.0,2.0,0.030131201786309982,0.6436086047411712,0.0,0.19166748188497118,4.735175953417885,0.0,0.025446760804816566,0.6379571395844499,0.0,0.08865252997884882,0.7076324308141386,0.0
ABL2_HUMAN,8.129032258064516,16.0,1.0,0.04473508767111656,0.8860081047947626,0.0,0.19389004082968758,4.639913134431964,0.0,0.0296529147039827,0.8774505630996716,0.0,0.09681608920312185,0.9112468048849759,0.0
THIM_HUMAN,7.666666666666667,14.0,1.0,0.05460375173483641,0.985579763516541,0.0,0.3966085472656412,7.6255950721324535,0.0,0.04838359415218921,0.9850989929001914,0.0,0.067328127642483,0.7445711743629186,0.0
PK3CA_HUMAN,9.8625,16.0,2.0,0.06205698210059182,0.8435418013740945,0.0,0.37639769944117735,6.290594005400114,0.0,0.047603320017062765,0.8419781629130109,0.0,0.1048678335992229,0.8040531219824183,0.0
EPS15_HUMAN,6.8,12.0,2.0,0.0461141055733351,0.8691845186659954,0.0,0.29101911058957236,5.706343295517875,0.0,0.039548647566529996,0.8662946468648041,0.0,0.10652929129769795,0.6612466124661247,0.0
RS27_HUMAN,6.833333333333333,11.0,2.0,0.025111460626891076,0.623360717807712,0.0,0.1361427461277165,3.848215780250319,0.0,0.01768695796901355,0.6100720773111272,0.0,0.10820966172547478,0.5901639344262295,0.0
AL3B1_HUMAN,5.428571428571429,9.0,1.0,0.08323727464862486,0.9532169182146383,0.0,0.3796093198458302,4.432468872571127,0.0,0.06863871407258228,0.9387520749544332,0.0,0.12845709997953694,0.9022741203107216,0.0
HD_HUMAN,7.522491349480969,18.0,1.0,0.025737989051177145,0.9760760029500724,0.0,0.1440272486524495,8.271292652979412,0.0,0.01794964689230927,0.9758263671436912,0.0,0.09920636076943208,0.8145400593471809,0.0
VDAC2_HUMAN,8.021739130434783,14.0,1.0,0.04936798223663763,0.8466445328232498,0.0,0.2566034074648265,4.5906420854251815,0.0,0.04127990379148028,0.8266393962414242,0.0,0.07546587819183319,0.8224977419384877,0.0
CRK_HUMAN,7.670103092783505,16.0,1.0,0.055196037909696474,0.9807224894715745,0.0,0.24052471142022389,5.521460917862246,0.0,0.033144735030127145,0.9767995995136882,0.0,0.10146414283664593,0.9097707455101923,0.0
CRBB2_HUMAN,0.0,0.0,0.0,0.0,0.0,0.0,0.0,0.0,0.0,0.0,0.0,0.0,0.0,0.0,0.0
KSYK_HUMAN,10.307692307692308,19.0,1.0,0.05867135997741078,0.958467797821292,0.0,0.32073212327946693,5.519757339937462,0.0,0.04605534685659891,0.9071313274794491,0.0,0.08820624027738888,0.9112468048849759,0.0
YAP1_HUMAN,8.751196172248804,18.0,1.0,0.05063798743199423,0.9440304754590594,0.0,0.21619530635680737,3.4389752338011825,0.0,0.03602825649929024,0.9074098179715864,0.0,0.08598921554064674,0.9157215760618685,0.0
GSTM5_HUMAN,7.0,7.0,7.0,0.0,0.0,0.0,0.0,0.0,0.0,0.0,0.0,0.0,0.024328433857070453,0.14597060314242272,0.0
PA24A_HUMAN,8.24705882352941,18.0,2.0,0.07091700353468706,0.8706894459360229,0.0,0.4683771869333459,6.479533183751356,0.0,0.06654832890885459,0.8686853014313108,0.0,0.08260175796346882,0.8136896536647991,0.0
CDN1B_HUMAN,8.423728813559322,19.0,1.0,0.05150825439795488,0.9858130015580615,0.0,0.26525549725036546,6.972009668849151,0.0,0.04102245734533304,0.9848885392377599,0.0,0.07932709399667466,0.8433303664121905,0.0
NOTC1_HUMAN,9.162790697674419,17.0,2.0,0.05231060057007327,0.8879048468301218,0.0,0.293439796405749,6.3741726680935304,0.0,0.03946371574631772,0.886390942572952,0.0,0.08800751293115905,0.7448771328271695,0.0
XCL1_HUMAN,11.875,20.0,1.0,0.14230451740119182,0.9655365419985252,0.0,0.9570915428528569,6.804955584185985,0.0,0.1164192550733337,0.9611092037083856,0.0,0.12260932017867095,0.8287877625710877,0.0
RS9_HUMAN,5.90625,11.0,2.0,0.03410309124352372,0.7961568499736214,0.0,0.1736245212412634,3.848215780250319,0.0,0.03146602710679874,0.7791845867944449,0.0,0.11416028275499225,0.6815541612682515,0.0
RL29_HUMAN,7.4,11.0,6.0,0.00014603694263471025,0.0030667757953289155,0.0,0.00046944604591699904,0.00985836696425698,0.0,1.4326125580351746e-06,3.0084863718738667e-05,0.0,0.03860720927289588,0.2940314835073147,0.0
XDH_HUMAN,7.9523809523809526,11.0,2.0,0.10754429764804802,1.0,0.0,0.9306400700691673,9.235032984566555,0.0,0.10091490784472341,0.9999024390243902,0.0,0.11271717021459571,0.896163839984878,0.0
SDF1_HUMAN,9.741444866920151,16.0,1.0,0.06880323890062302,0.9739447716100539,0.0,0.3808024437728327,7.578145472419466,0.0,0.05339415193353831,0.9734465901411997,0.0,0.10972112277887583,0.9159069136626375,0.0
CXA8_HUMAN,7.0,7.0,7.0,0.0,0.0,0.0,0.0,0.0,0.0,0.0,0.0,0.0,0.024328433857070453,0.14597060314242272,0.0
PK3CG_HUMAN,11.116071428571429,21.0,1.0,0.05466214214448517,0.8834678185842917,0.0,0.3342554376166501,7.882456418402715,0.0,0.04520017347832493,0.8831344816721248,0.0,0.07857829450312398,0.9112468048849759,0.0
FNTA_HUMAN,7.333333333333333,14.0,2.0,0.03858273435778335,0.9411913162156295,0.0,0.2740881407319895,7.848738623446663,0.0,0.03459463178864651,0.9408240220434477,0.0,0.07981415679001296,0.8379905645704805,0.0
CDK8_HUMAN,7.428571428571429,14.0,2.0,0.08294760283556274,0.8392760350972521,0.0,0.473166136094205,6.200697844388988,0.0,0.07112207763605934,0.8375739707898814,0.0,0.153130926455065,0.7531333449023411,0.0
FMO5_HUMAN,5.0,5.0,5.0,0.0008463914794320207,0.005078348876592124,0.0,0.0016430611607094966,0.00985836696425698,0.0,8.30304332980525e-06,4.98182599788315e-05,0.0,0.053606882859033755,0.32164129715420253,0.0
KC1D_HUMAN,7.282051282051282,16.0,1.0,0.03990753875885478,0.9434739051341976,0.0,0.20592449388065312,3.9900075881070616,0.0,0.0349054143429959,0.9042622091744739,0.0,0.10773517038343387,0.9112468048849759,0.0
IDHP_HUMAN,8.0,8.0,8.0,0.0009894351897807225,0.0029683055693421672,0.0,0.0032861223214189932,0.00985836696425698,0.0,9.706292480988103e-06,2.911887744296431e-05,0.0,0.06129778912922023,0.18389336738766068,0.0
AL9A1_HUMAN,5.428571428571429,12.0,1.0,0.10580143183024783,0.8614105706494904,0.0,0.8693525508200577,6.462444262326773,0.0,0.1028759159372617,0.8600659297587205,0.0,0.1336647393225678,0.8767343963496025,0.0
RL34_HUMAN,6.454545454545454,11.0,3.0,0.02951168585627905,0.4047926727200467,0.0,0.11011359239532634,1.6683484450222053,0.0,0.01901929395489525,0.32846568571185225,0.0,0.10890586931589172,0.6815541612682515,0.0
FHIT_HUMAN,8.222222222222221,20.0,2.0,0.025751372122344685,0.5913268904309956,0.0,0.1837454300335986,4.008612775938096,0.0,0.020412508791443452,0.5805892410139621,0.0,0.07737014594764265,0.5986285565587639,0.0
ARRB1_HUMAN,10.844559585492227,20.0,1.0,0.04152736132479539,0.9369500549226913,0.0,0.19358134734095392,4.1495491165691964,0.0,0.03240784747710229,0.9147444184974136,0.0,0.06496277109104535,0.8674197070175869,0.0
AL7A1_HUMAN,7.142857142857143,12.0,1.0,0.02985342494642022,0.8233736110183882,0.0,0.231857834400698,6.462444262326773,0.0,0.02936468527462571,0.8220883448938717,0.0,0.07213581819415946,0.8767343963496025,0.0
UB2R1_HUMAN,8.071428571428571,17.0,1.0,0.10636889354485039,0.9299401601610672,0.0,0.45833497400554624,4.122880869487035,0.0,0.09954529090047237,0.9040952759144766,0.0,0.12204423833782083,0.9009441563054525,0.0
MEOX2_HUMAN,6.75,14.0,1.0,0.10049696163558791,0.9807273272270732,0.0,0.3005814978282331,2.9232981754136396,0.0,0.0908845460714412,0.8929881117083195,0.0,0.10087457023112523,0.7707263389581804,0.0
NU153_HUMAN,5.018518518518518,15.0,2.0,0.012390006257152157,0.45715467252222525,0.0,0.06366078802043106,3.116018084818501,0.0,0.009898923866306503,0.436887474853457,0.0,0.1280396401118044,0.6897407611693327,0.0
DYN2_HUMAN,8.408163265306122,16.0,1.0,0.03995856433683515,0.9406527984752356,0.0,0.2152067690983774,4.795193963144138,0.0,0.03281820896982666,0.9273409174396952,0.0,0.09511680437476575,0.9053431877385352,0.0
RBP2_HUMAN,5.92,16.0,1.0,0.02725907816616196,0.9321930276590934,0.0,0.16923043665559606,6.143990531208238,0.0,0.022987540517416378,0.9301922231119226,0.0,0.12218991642407953,0.8822265772216779,0.0
GSK3A_HUMAN,10.78688524590164,17.0,1.0,0.05468904604646652,0.6908002996506707,0.0,0.3477160619730359,3.5617097173950616,0.0,0.04053964455571784,0.6711883106557102,0.0,0.07309081019743405,0.9092044860247547,0.0
GSK3B_HUMAN,9.27497789566755,19.0,1.0,0.04662482418596542,0.9614654564260952,0.0,0.26012472607873577,6.278862488289206,0.0,0.03158982034719958,0.9558917436352192,0.0,0.08767929395259236,0.9270060375934089,0.0
DNA2_HUMAN,7.94,18.0,1.0,0.10970577020478871,0.933282874766824,0.0,0.7299939780963851,6.804955584185985,0.0,0.10197624457456538,0.9266360796587286,0.0,0.12532627845694505,0.9274841045157098,0.0
5NTC_HUMAN,11.0,19.0,1.0,0.06335722888155607,0.9391206586074154,0.0,0.4611797125099229,7.067319848653476,0.0,0.054906681153321944,0.9383200442352011,0.0,0.07971417725287082,0.9056175241528532,0.0
MECP2_HUMAN,7.261904761904762,15.0,1.0,0.06522178365180231,0.9223475355520204,0.0,0.29798786831324453,4.510092537285849,0.0,0.05272733420968732,0.7750418852399562,0.0,0.09360618734048624,0.8145400593471811,0.0
VASP_HUMAN,6.0,9.0,3.0,0.0015690215196002397,0.007748200689397844,0.0,0.003943346785702792,0.00985836696425698,0.0,1.539199528731079e-05,7.600932619887542e-05,0.0,0.12080785758544871,0.4807121661721067,0.0
DHB4_HUMAN,7.391304347826087,11.0,1.0,0.0876926195942462,0.9772414853743812,0.0,0.6163226977040793,6.837137711768183,0.0,0.0821161803700441,0.9761927384144672,0.0,0.09168923863612025,0.8856994462366771,0.0
CDK9_HUMAN,10.67142857142857,21.0,1.0,0.03772598254649838,0.9776381925325762,0.0,0.20628525711483206,8.863285671414442,0.0,0.032040834622172755,0.9774998670796876,0.0,0.06548196016290025,0.9331347131190336,0.0
DUS3_HUMAN,8.696428571428571,16.0,1.0,0.06859094691353948,0.9542267365902194,0.0,0.3822582548721234,5.541263545158426,0.0,0.059972914085730834,0.9481755426508668,0.0,0.08881728860760171,0.9010216466450613,0.0
UB2D1_HUMAN,11.567567567567568,22.0,1.0,0.07264341417683175,0.948826144347862,0.0,0.32568834028924043,4.122880869487035,0.0,0.06517274924149465,0.9258691800748601,0.0,0.08974726716280682,0.9007567540325453,0.0
HXK2_HUMAN,10.615384615384615,25.0,1.0,0.03007598313261887,0.9675913518116086,0.0,0.17943901485890468,7.6255950721324535,0.0,0.02407070855059245,0.9671193560302371,0.0,0.06976866937647129,0.9022741203107214,0.0
NUP98_HUMAN,5.5,18.0,2.0,0.017609846988430954,0.5532820792813893,0.0,0.10560417617265176,3.116018084818501,0.0,0.015190782908521324,0.5124201735237296,0.0,0.11230353202797834,0.6612466124661247,0.0
MAT1_HUMAN,7.944444444444445,19.0,2.0,0.10295046261966942,0.8880104572287723,0.0,0.7906265569605867,6.200697844388988,0.0,0.096729591045006,0.8862095587870028,0.0,0.11572299572087608,0.7500999600159937,0.0
UB2E1_HUMAN,7.566666666666666,22.0,1.0,0.12295712647714628,0.9299401601610672,0.0,0.6174174111452846,4.122880869487035,0.0,0.11637534816925804,0.9040952759144766,0.0,0.14804785055172223,0.9009441563054525,0.0
NUBP1_HUMAN,7.428571428571429,12.0,3.0,0.015703770612174796,0.42666442602692906,0.0,0.07202912513183854,1.987240402798708,0.0,0.013153861183067278,0.3681801803129939,0.0,0.06083185660332608,0.4807121661721068,0.0
PLK1_HUMAN,11.63719862227325,23.0,1.0,0.05461912951010361,0.9776719135887594,0.0,0.31028505978002685,6.972009668849151,0.0,0.04459571991726623,0.9767550857073036,0.0,0.07461948505057703,0.9243148271923974,0.0
SUCA_HUMAN,10.0,10.0,10.0,0.0,0.0,0.0,0.0,0.0,0.0,0.0,0.0,0.0,0.08881949865556425,0.08881949865556425,0.08881949865556425
VAV2_HUMAN,8.54054054054054,13.0,4.0,0.07869822822027057,0.8758568789082533,0.0,0.4018225588083499,5.519757339937462,0.0,0.05476295673548575,0.8723474779441708,0.0,0.127610449365696,0.6771287453065543,0.0
CRBA4_HUMAN,12.0,12.0,12.0,0.0,0.0,0.0,0.0,0.0,0.0,0.0,0.0,0.0,0.02211388434481679,0.06634165303445037,0.0
RM12_HUMAN,10.857142857142858,19.0,8.0,0.0003973132939649799,0.0029773349767272983,0.0,0.001408338137750997,0.00985836696425698,0.0,3.897616617682216e-06,2.9207455320439538e-05,0.0,0.03883979585380722,0.18389336738766068,0.0
NDST2_HUMAN,3.0,3.0,3.0,0.15026538791439428,0.4507961637431829,0.0,0.38983340590854826,1.1695002177256448,0.0,0.10360466471350895,0.31081399414052685,0.0,0.20063694267515922,0.6019108280254777,0.0
AK1C2_HUMAN,9.320987654320987,19.0,2.0,0.06883043744713627,0.9453437515968823,0.0,0.4519879910007775,6.730847612032263,0.0,0.05821298618910567,0.94421546408432,0.0,0.08816877636938367,0.813946257756374,0.0
CLH2_HUMAN,7.026315789473684,14.0,1.0,0.061538327094416485,0.9810865882443395,0.0,0.3809783794674927,5.787510690186913,0.0,0.05543664347235008,0.9780789653496603,0.0,0.14993625223656834,0.9014674507734537,0.0
AAPK2_HUMAN,8.19047619047619,15.0,1.0,0.03688490224271816,0.9434739051341976,0.0,0.17215551114552632,4.517874677727904,0.0,0.029442431576105786,0.9042622091744739,0.0,0.08336064093801854,0.9112468048849759,0.0
ATX1_HUMAN,4.84,17.0,2.0,0.020092838113238278,0.7704560410271059,0.0,0.10517592356048198,5.2460489380022794,0.0,0.01474626887806287,0.7663970531036459,0.0,0.14670941692839992,0.5901639344262295,0.0
LIPR2_HUMAN,6.076923076923077,12.0,1.0,0.13523785461524482,0.9291207536530843,0.0,0.9435955203208926,6.325382503924098,0.0,0.1334507324923972,0.927457366114575,0.0,0.12194646252296192,0.7772471309430466,0.0
ECHB_HUMAN,6.967741935483871,11.0,2.0,0.029483884992559828,0.8139110224478088,0.0,0.14169091707370063,3.745291858997686,0.0,0.02181884518037464,0.7946793372029683,0.0,0.11584254309665586,0.7690147091433218,0.0
ADK_HUMAN,2.6666666666666665,3.0,2.0,0.004246186616475527,0.010101138481523414,0.0,0.00492918348212849,0.00985836696425698,0.0,4.165480433084524e-05,9.909148724977009e-05,0.0,0.2585980444617405,0.5901639344262295,0.0
SYMC_HUMAN,10.952380952380953,22.0,1.0,0.041432449859470484,0.8124340731268925,0.0,0.28980570593699395,5.935917737162375,0.0,0.04003729216384198,0.8102869754059263,0.0,0.08059465752448257,0.9198755093610019,0.0
AT12A_HUMAN,6.545454545454546,12.0,2.0,0.06158405811367143,0.9119862604922561,0.0,0.4051388041932462,7.289122835511241,0.0,0.05525554537549004,0.9113634406070419,0.0,0.15799674851577952,0.7606431401108733,0.0
NR1H2_HUMAN,8.16,15.0,1.0,0.08603885090014132,0.9749819977057395,0.0,0.4687664927426828,6.111808403626039,0.0,0.0704052853441113,0.9728209122888298,0.0,0.08740453038018683,0.9157215760618685,0.0
TERA_HUMAN,9.898852971845672,21.0,1.0,0.03174850739273146,0.9921808457783536,0.0,0.18128353696600466,7.2904633999676856,0.0,0.024458643767400944,0.9681117391640344,0.0,0.06895013798621667,0.8877111031261229,0.0
CAD13_HUMAN,8.681614349775785,18.0,1.0,0.04787625278734336,0.974995867833688,0.0,0.2555711546201198,6.3446612266703895,0.0,0.03118606193982367,0.973283679968224,0.0,0.1066032270187635,0.8581737315058546,0.0
DHB7_HUMAN,3.0,4.0,2.0,0.2102717673919348,0.7977418162214417,0.0,1.5332162138019383,6.099538768637404,0.0,0.20898134190546566,0.7959517614143107,0.0,0.17805582371427778,0.7934430563817831,0.0
SCND1_HUMAN,0.0,0.0,0.0,0.0,0.0,0.0,0.0,0.0,0.0,0.0,0.0,0.0,0.0,0.0,0.0
NU107_HUMAN,6.428571428571429,14.0,2.0,0.015021342270879543,0.4477066793628942,0.0,0.1080227148620067,3.116018084818501,0.0,0.01337262916433592,0.427858342872722,0.0,0.10069229306533838,0.6612466124661247,0.0
DEF1_HUMAN,8.764705882352942,17.0,2.0,0.1366647837895647,0.8968834137945944,0.0,0.7890112577819163,5.03917160136119,0.0,0.1292761204062755,0.8910724044639559,0.0,0.12720897070858767,0.8023766278650794,0.0
MLF1_HUMAN,8.0,8.0,8.0,0.019175612649229522,0.11505367589537713,0.0,0.0918544621017519,0.5511267726105114,0.0,0.008124705444728961,0.04874823266837377,0.0,0.04571056708242044,0.27426340249452263,0.0
ACTB_HUMAN,7.204081632653061,18.0,1.0,0.023912809763265014,0.9615913927146821,0.0,0.13683814487956517,8.676757761087575,0.0,0.020330889454795338,0.9614274385130257,0.0,0.08404034218936801,0.8862693433100899,0.0
DEF3_HUMAN,8.285714285714286,17.0,2.0,0.12062207078254762,0.8968834137945944,0.0,0.6896950374019688,5.03917160136119,0.0,0.11560444464742319,0.8910724044639559,0.0,0.12471859949657449,0.8023766278650794,0.0
KR109_HUMAN,0.0,0.0,0.0,0.0,0.0,0.0,0.0,0.0,0.0,0.0,0.0,0.0,0.0,0.0,0.0
UBE2K_HUMAN,13.12,21.0,2.0,0.03563284312356317,0.8020663198061204,0.0,0.21105813968129308,5.563242451877201,0.0,0.031666351088349476,0.7989893390396008,0.0,0.048316097844195556,0.7679295357982006,0.0
PTEN_HUMAN,9.139841688654354,21.0,1.0,0.05477484938514524,0.9935941196493218,0.0,0.3276292679493637,6.670083627105018,0.0,0.045053568425396054,0.9899517882644181,0.0,0.07979464476210549,0.9053431877385351,0.0
GBRL2_HUMAN,7.5,14.0,3.0,0.021840486782215417,0.5244829397481713,0.0,0.11555454963227826,2.783352476318851,0.0,0.018475004333866386,0.4920537017153527,0.0,0.0777209150091414,0.6335416212956294,0.0
RS20_HUMAN,6.555555555555555,11.0,2.0,0.0005791302156879757,0.010101138481523414,0.0,0.001056253603313248,0.00985836696425698,0.0,5.681228357454098e-06,9.909148724977009e-05,0.0,0.07216514680042875,0.5901639344262295,0.0
UB2D3_HUMAN,8.711864406779661,22.0,1.0,0.2162399128384188,0.948826144347862,0.0,1.019214008732283,4.122880869487035,0.0,0.20400036069225108,0.9258691800748601,0.0,0.22748600687867612,0.9009441563054529,0.0
RL26_HUMAN,10.313432835820896,18.0,2.0,0.032499131384390444,0.7919496722256233,0.0,0.197880851067974,6.151029116779321,0.0,0.02620434254080674,0.7841179448617552,0.0,0.0716415649493937,0.6815541612682515,0.0
HNRPK_HUMAN,8.386363636363637,19.0,2.0,0.046769031254398845,0.8404148134164204,0.0,0.2227234729280754,5.632235323364153,0.0,0.03421622062200981,0.805952790803181,0.0,0.09301182862701542,0.8187788830626489,0.0
RL15_HUMAN,6.4,11.0,1.0,0.06490590969863705,0.9760252286025278,0.0,0.3157999035126777,5.216965831719301,0.0,0.05513624328007269,0.9707315012389807,0.0,0.14478236529784566,0.88626934331009,0.0
PP1B_HUMAN,6.285714285714286,12.0,2.0,0.012392869110716928,0.13500731333987384,0.0,0.056158295833534246,0.5511267726105114,0.0,0.004908529104220349,0.05720258715252967,0.0,0.08375732784545273,0.5901639344262295,0.0
PHS_HUMAN,4.5,7.0,2.0,0.0016835230802539024,0.010101138481523414,0.0,0.0016430611607094966,0.00985836696425698,0.0,1.6515247874961683e-05,9.909148724977009e-05,0.0,0.12254810849658625,0.5901639344262295,0.0
CH10_HUMAN,6.0,6.0,6.0,0.0,0.0,0.0,0.0,0.0,0.0,0.0,0.0,0.0,0.030152601581173014,0.18091560948703808,0.0
1433E_HUMAN,8.773755656108598,18.0,1.0,0.03776805987582787,0.9084259042952675,0.0,0.19700550344872086,5.769297081766828,0.0,0.027646804961860883,0.9055898429355164,0.0,0.08254476842171955,0.841611758743031,0.0
RS13_HUMAN,6.676470588235294,14.0,1.0,0.030758457834161302,0.8135228116518953,0.0,0.14800771825459633,4.244600397787818,0.0,0.023929034853775448,0.8018557040116193,0.0,0.09932649914762208,0.8581737315058545,0.0
1433G_HUMAN,7.829268292682927,14.0,2.0,0.03986662361032019,0.9593613662153452,0.0,0.20592426864470886,4.240006226724447,0.0,0.026332063962262797,0.945539365286923,0.0,0.07699404649122833,0.5565129244804866,0.0
RS7_HUMAN,7.9605263157894735,21.0,1.0,0.03565967848965571,0.7961568499736214,0.0,0.16294723360005814,4.244600397787818,0.0,0.027984215713976083,0.7791845867944449,0.0,0.07490897622775454,0.7690147091433218,0.0
RS15A_HUMAN,6.714285714285714,11.0,2.0,0.01774104454805179,0.623360717807712,0.0,0.09187468020082766,3.848215780250319,0.0,0.015075948579610362,0.6100720773111272,0.0,0.0950474535321336,0.6490735541830434,0.0
RL7A_HUMAN,5.666666666666667,11.0,1.0,0.0653746829024742,0.9760252286025278,0.0,0.30795254608976824,5.216965831719301,0.0,0.05851843965277625,0.9707315012389807,0.0,0.1911855219444453,0.88626934331009,0.0
UBE2H_HUMAN,2.0,2.0,2.0,0.12813360085115125,0.7688016051069074,0.0,0.6871468115811724,4.122880869487035,0.0,0.1260581205304591,0.7563487231827546,0.0,0.1335577454445728,0.8013464726674369,0.0
RL23A_HUMAN,7.333333333333333,11.0,5.0,0.019346617010930534,0.1838636849255293,0.0,0.07123452545055944,0.6926285205770805,0.0,0.009197834845961109,0.09188414872758141,0.0,0.13143927549751344,0.38676429912800436,0.0
RS6_HUMAN,6.85,14.0,1.0,0.041716770600055395,0.9636582382480221,0.0,0.20187851458567171,6.070077661971924,0.0,0.033961280686496335,0.9614312301041673,0.0,0.11447546534338057,0.9121628458675781,0.0
RS11_HUMAN,6.6,11.0,2.0,0.030456017326046442,0.623360717807712,0.0,0.18465670862586142,3.848215780250319,0.0,0.029058626271673143,0.6100720773111272,0.0,0.11272970081077897,0.5901639344262295,0.0
LSM3_HUMAN,6.136363636363637,11.0,1.0,0.0975789862401049,0.9544164429441978,0.0,0.5801857539678476,5.851024095909239,0.0,0.09396912916337664,0.9373297035564501,0.0,0.12895672378189302,0.7975428616575808,0.0
RS24_HUMAN,7.571428571428571,13.0,2.0,0.020462618843539327,0.623360717807712,0.0,0.1116319712573995,3.848215780250319,0.0,0.015540099632340886,0.6100720773111272,0.0,0.08220241493537163,0.5901639344262295,0.0
UB2D2_HUMAN,2.625,6.0,1.0,0.18479347866101972,0.948826144347862,0.0,0.774364659292656,4.122880869487035,0.0,0.1764006203595176,0.9258691800748601,0.0,0.20640334256590206,0.9009441563054529,0.0
RL32_HUMAN,8.0,11.0,6.0,0.00030667757953289156,0.0030667757953289155,0.0,0.000985836696425698,0.00985836696425698,0.0,3.008486371873867e-06,3.0084863718738667e-05,0.0,0.05242567731873006,0.2940314835073147,0.0
TYB4_HUMAN,9.675675675675675,16.0,2.0,0.04655043785094478,0.7904684950039347,0.0,0.28608687089019164,4.859045435130671,0.0,0.03267930768350775,0.784336130720443,0.0,0.06714582146546182,0.6440241014418898,0.0
PPIA_HUMAN,10.759036144578314,21.0,1.0,0.04843408714662626,0.9669739189680483,0.0,0.2785902591827984,5.165212322256555,0.0,0.038187483616352,0.9597195536765575,0.0,0.07479536183620752,0.7783240170566672,0.0
RS27A_HUMAN,6.290909090909091,10.0,2.0,0.07658482714942057,0.7466265194161311,0.0,0.2992372450104904,3.3702242280738925,0.0,0.061495891713361846,0.7209560608652487,0.0,0.20777394822727452,0.805040863435024,0.0
RAN_HUMAN,8.885416666666666,19.0,1.0,0.034518066469905094,0.9652192124591125,0.0,0.22767065044511894,7.983610580527631,0.0,0.02937890182232385,0.9648900669476175,0.0,0.0798159961661446,0.8705787634867281,0.0
GRB2_HUMAN,8.338842975206612,18.0,2.0,0.029503991493307215,0.6744271441280035,0.0,0.1616335920043322,4.018046808171455,0.0,0.019079586335366504,0.6622955049625296,0.0,0.07790539994593401,0.706859501075541,0.0
RS25_HUMAN,5.758620689655173,11.0,1.0,0.05567137759681701,0.9760252286025278,0.0,0.24795879375175803,5.216965831719301,0.0,0.04043153772316259,0.9707315012389807,0.0,0.17864478144096071,0.88626934331009,0.0
RBX1_HUMAN,11.330948121645797,23.0,1.0,0.06933903218841563,0.977086282600249,0.0,0.4027379710628462,7.4432735153384995,0.0,0.060634960108593844,0.9650080634206211,0.0,0.08459568375990115,0.93055464196329,0.0
RL30_HUMAN,8.1,14.0,1.0,0.05542885117264183,0.8940896471820606,0.0,0.29728426261879887,4.881268571915381,0.0,0.04829704930263193,0.8873058467899716,0.0,0.08658258947482766,0.9121628458675781,0.0
SKP1_HUMAN,8.385714285714286,24.0,1.0,0.04051380328182519,0.9299401601610672,0.0,0.2064030732162428,5.064058160131639,0.0,0.034452115872916786,0.9040952759144766,0.0,0.08275149601597694,0.9305546419632897,0.0
UBC9_HUMAN,8.0,20.0,1.0,0.02674434167878862,0.9381156548996041,0.0,0.1207696848645998,6.143990531208238,0.0,0.02089078812746634,0.8793334719199614,0.0,0.08249292754069606,0.9192078040018249,0.0
1433Z_HUMAN,8.155172413793103,17.0,2.0,0.03809246623548422,0.568618218195842,0.0,0.15821447634406094,2.403880754541408,0.0,0.023114587163555123,0.4878466937379741,0.0,0.08077307542909634,0.6612466124661246,0.0
UB2L3_HUMAN,9.642857142857142,22.0,1.0,0.040363837532244956,0.9436968677594367,0.0,0.1739705163653709,6.151029116779321,0.0,0.03392043503709189,0.9416855786124643,0.0,0.07542863356188068,0.9009441563054525,0.0
YBOX1_HUMAN,7.757575757575758,20.0,1.0,0.051828505673660215,0.9866482513434109,0.0,0.2408671435770033,5.632235323364153,0.0,0.04443767600159364,0.9008820472510227,0.0,0.0979432863552182,0.9704833722304246,0.0
SUMO1_HUMAN,9.158940397350994,21.0,1.0,0.04125635488827493,0.9897247541281311,0.0,0.21988612086603096,7.423994792592207,0.0,0.032110585406796656,0.9891341255451049,0.0,0.07317049258755204,0.908542213537329,0.0
RS21_HUMAN,6.4,11.0,2.0,0.00910638231862155,0.1649136934288656,0.0,0.0353295407332555,0.6926285205770805,0.0,0.003936774727086677,0.08241406855502807,0.0,0.12752893904937035,0.5901639344262295,0.0
CSK2B_HUMAN,7.4961832061068705,18.0,2.0,0.019226984067209536,0.7531698634141095,0.0,0.0893544578205048,5.165212322256555,0.0,0.011571630903881344,0.7488678701618721,0.0,0.08577219139880594,0.7434649529148244,0.0
EF1A1_HUMAN,6.651376146788991,15.0,1.0,0.02165569556458979,0.9780328611527407,0.0,0.09422507785894829,5.216965831719301,0.0,0.016675781267161262,0.9707315012389807,0.0,0.10636902041402252,0.88626934331009,0.0
CP4F2_HUMAN,8.628352490421456,19.0,1.0,0.12683211485167117,1.0,0.0,0.9118773347213625,8.676757761087575,0.0,0.12149536032940733,0.9998294970161978,0.0,0.1300748880460433,0.9459578176988583,0.0
SRPK2_HUMAN,9.265822784810126,18.0,2.0,0.02793894253245506,0.8852169250573454,0.0,0.1221337637252078,5.165212322256555,0.0,0.018961567331947916,0.8801606988016896,0.0,0.0786949660955994,0.8388349957811757,0.0
S10AC_HUMAN,9.495238095238095,20.0,2.0,0.05623709068841074,0.8087117216282641,0.0,0.28728127448894264,5.026099519793838,0.0,0.0504037479014037,0.8034030428076864,0.0,0.080651136979311,0.7783157773176828,0.0
ELF3_HUMAN,6.888888888888889,15.0,2.0,0.04493176913179406,0.8787910237803502,0.0,0.13701657749243062,2.9232981754136396,0.0,0.040302430089876065,0.8315506477703041,0.0,0.07258156006835811,0.6061560833737276,0.0
NTH_HUMAN,6.68,11.0,1.0,0.13903195017194442,0.9713966912032267,0.0,0.9481014819645873,7.037808407230335,0.0,0.13605553401016565,0.9704029349973922,0.0,0.11959767272368832,0.8288046455571382,0.0
MT1H_HUMAN,2.0,2.0,2.0,0.7210334594388893,0.7210334594388893,0.7210334594388893,5.03917160136119,5.03917160136119,5.03917160136119,0.7163618019011778,0.7163618019011778,0.7163618019011778,0.7025226082817705,0.7025226082817705,0.7025226082817705
SMAD3_HUMAN,8.324298160697,18.0,1.0,0.05412081404528461,0.9897601816826211,0.0,0.24894895827646382,8.35246004764845,0.0,0.038822556844488446,0.9865854218028538,0.0,0.08928153073111915,0.9283899505375983,0.0
MT1X_HUMAN,4.285714285714286,7.0,2.0,0.21776977182756976,0.7971848619410357,0.0,1.4020776896048133,5.03917160136119,0.0,0.20963506003193852,0.7884178672956483,0.0,0.1932752695848552,0.7025226082817705,0.0
D103A_HUMAN,4.666666666666667,9.0,1.0,0.2023908861433833,0.9043293779517352,0.0,1.0313279816693357,4.301000739427289,0.0,0.1961182152458058,0.8920712047979137,0.0,0.21287602268052389,0.9228433163794382,0.0
XIAP_HUMAN,11.427807486631016,24.0,1.0,0.07769823896679702,0.948826144347862,0.0,0.4157983567723573,6.59731621940774,0.0,0.06115446982930811,0.9258691800748601,0.0,0.0914318999667146,0.900744510818893,0.0
RL36A_HUMAN,6.8,11.0,3.0,0.008950736115744259,0.1649136934288656,0.0,0.035329540733255504,0.6926285205770805,0.0,0.003935247848333743,0.08241406855502807,0.0,0.11504291773678912,0.4807121661721067,0.0
RBM10_HUMAN,5.857142857142857,8.0,3.0,0.02420214747373423,0.24702802215839295,0.0,0.07434855553794997,0.6926285205770805,0.0,0.010563055906197123,0.12344993268831447,0.0,0.12392561058819657,0.339622641509434,0.0
RL19_HUMAN,6.142857142857143,11.0,1.0,0.06224958728033045,0.8940896471820606,0.0,0.3128254167079095,4.881268571915381,0.0,0.0578977873264498,0.8873058467899716,0.0,0.12006406966585523,0.9121628458675781,0.0
CDK6_HUMAN,7.723076923076923,15.0,1.0,0.05205290723547132,0.8333589038294084,0.0,0.29001866020144934,6.200697844388988,0.0,0.04086756328450046,0.8286576859274175,0.0,0.10375793938626109,0.8822150712845696,0.0
NAAA_HUMAN,5.909090909090909,11.0,2.0,0.08625823285664456,0.78334696961252,0.0,0.6007514302320529,5.428370494796234,0.0,0.08341594576548098,0.7768509215718309,0.0,0.10945879535912112,0.7289679098005203,0.0
CLH1_HUMAN,8.572972972972973,19.0,1.0,0.03478687874223492,0.9765924808291526,0.0,0.18918826821017823,4.795193963144138,0.0,0.028041970779379168,0.9647552753594978,0.0,0.08745533035115446,0.9043207230597774,0.0
OCRL_HUMAN,6.301724137931035,14.0,2.0,0.03713879868531564,0.9188188286899883,0.0,0.21407591445858165,6.670083627105018,0.0,0.03098870899708214,0.9176534974926254,0.0,0.12454746780221138,0.7241088621656705,0.0
MMSA_HUMAN,7.333333333333333,13.0,2.0,0.054655402799001815,0.8737045697931649,0.0,0.42360480983206383,6.730847612032263,0.0,0.049736260796132546,0.8726617851403854,0.0,0.09880100106703442,0.74486720766234,0.0
HSF1_HUMAN,7.788732394366197,18.0,1.0,0.043109763034650785,0.9807273272270732,0.0,0.1932129790785371,5.03917160136119,0.0,0.03320739033482949,0.9087837761851416,0.0,0.08226436558582445,0.841611758743031,0.0
MDM2_HUMAN,9.934131736526947,21.0,1.0,0.035096806798106464,0.948826144347862,0.0,0.1661462613913015,6.730847612032263,0.0,0.02585959525106199,0.9456016411682361,0.0,0.06707194903521486,0.9192078040018249,0.0
GSTM4_HUMAN,6.857142857142857,10.0,2.0,0.024319791815803644,0.3177023291100858,0.0,0.12095748432593899,1.0330986333723322,0.0,0.013276111383471591,0.16988550886364687,0.0,0.07174986392559196,0.5901639344262295,0.0
FMO1_HUMAN,4.333333333333333,8.0,2.0,0.1489513529815294,0.7210906107288511,0.0,1.0048241940608524,5.976936446545072,0.0,0.1400080319538023,0.7152515355395345,0.0,0.1509923988828282,0.7690147091433218,0.0
RL6_HUMAN,7.5,15.0,1.0,0.03614556030089382,0.8940896471820606,0.0,0.17698775908854486,4.881268571915381,0.0,0.029990506207386403,0.8873058467899716,0.0,0.0854784257018575,0.9121628458675781,0.0
CP4AB_HUMAN,8.442622950819672,19.0,1.0,0.1182656170189397,0.9235798987022101,0.0,0.7569090193646948,6.016157159698354,0.0,0.11594222204426333,0.9177533929473966,0.0,0.12416871037849801,0.9459578176988583,0.0
AK1C1_HUMAN,9.625,16.0,1.0,0.060630897867127304,0.9453437515968823,0.0,0.4092562826122049,6.730847612032263,0.0,0.05389091517957432,0.94421546408432,0.0,0.07956052473010881,0.813946257756374,0.0
KMT2A_HUMAN,10.192307692307692,22.0,1.0,0.04732047857557223,0.9540679267226434,0.0,0.26582950371162284,7.289122835511241,0.0,0.041075621020906464,0.9515931007088838,0.0,0.0674144737781088,0.9390177268150273,0.0
LIPS_HUMAN,2.3333333333333335,4.0,2.0,0.2363217233119469,0.6668449488090689,0.0,1.7958348526489063,4.816192376769957,0.0,0.23339034423310454,0.6614451311748101,0.0,0.26132752165657813,0.7772471309430466,0.0
1433F_HUMAN,8.225806451612904,17.0,2.0,0.02622451980519939,0.4168878378915192,0.0,0.10390817321393316,0.7651410662683298,0.0,0.013072273369753883,0.2229231453154553,0.0,0.0794648498613024,0.6612466124661246,0.0
EF1A2_HUMAN,4.0,4.0,4.0,0.0005858958160819811,0.0035153748964918863,0.0,0.0016430611607094966,0.00985836696425698,0.0,5.747598441024966e-06,3.4485590646149793e-05,0.0,0.06784335355763928,0.4070601213458357,0.0
UBE3A_HUMAN,12.08695652173913,22.0,1.0,0.07440694120203642,0.948826144347862,0.0,0.34231356196953994,3.721604238401572,0.0,0.061987429014671136,0.9258691800748601,0.0,0.10612144866988098,0.8311723392760672,0.0
AOXA_HUMAN,6.333333333333333,12.0,1.0,0.04827424060103492,0.7500176413652418,0.0,0.21112718531598446,2.091415381862433,0.0,0.033183377626273144,0.6155998455420273,0.0,0.11813553683771724,0.7469635627530365,0.0
FAK1_HUMAN,9.038543897216273,18.0,1.0,0.05098751900483462,0.9848724882698145,0.0,0.2695158944404253,5.58571530772926,0.0,0.033361702201071326,0.9632264608373122,0.0,0.10173573836572508,0.9092044860247547,0.0
ZO1_HUMAN,8.70673076923077,15.0,1.0,0.05363391357888025,0.972534114410607,0.0,0.30647963323454247,6.884998291859521,0.0,0.045862449876258024,0.9687930704409347,0.0,0.1148091873816065,0.9053431877385351,0.0
ZBT16_HUMAN,7.851851851851852,15.0,1.0,0.05724942105997329,0.9753869850480266,0.0,0.24949625886635887,7.067319848653476,0.0,0.045770954651601095,0.9745554530914639,0.0,0.07729897698699893,0.9192078040018249,0.0
KPCD_HUMAN,10.851717902350813,19.0,1.0,0.04052258841240057,0.9434739051341976,0.0,0.2447418894887121,7.2904633999676856,0.0,0.029004642781639497,0.912555934865527,0.0,0.07613467222883731,0.9112468048849759,0.0
ACK1_HUMAN,7.2835820895522385,15.0,1.0,0.025197265358876588,0.8860081047947626,0.0,0.1067920779929095,4.639913134431964,0.0,0.018165174150838147,0.8774505630996716,0.0,0.08848884408443898,0.9092044860247547,0.0
ECHP_HUMAN,6.785714285714286,10.0,1.0,0.07379468820910977,0.9772414853743812,0.0,0.5372155476313315,7.4432735153384995,0.0,0.06924806070599594,0.9761927384144672,0.0,0.10258660560203482,0.9527145051622146,0.0
GOGA2_HUMAN,7.8125,16.0,1.0,0.04673732548234254,0.9509583144096667,0.0,0.2549672812832992,5.380920895083247,0.0,0.03712236094523454,0.9465805011975506,0.0,0.09207131446707305,0.8337873775702147,0.0
ST2A1_HUMAN,6.580645161290323,13.0,1.0,0.12560854153548237,0.8894266191132889,0.0,0.8327599799185824,5.521460917862246,0.0,0.11085602019165505,0.8772946277187342,0.0,0.1439849829495667,0.8581737315058546,0.0
DPOE1_HUMAN,5.833333333333333,11.0,1.0,0.0734164165039619,0.9387249975765096,0.0,0.46946950795278086,5.309461931101102,0.0,0.06787324800999389,0.9340833905978704,0.0,0.12461253676681781,0.8976609719227553,0.0
DHX9_HUMAN,8.70675105485232,22.0,1.0,0.04737016325996841,0.962943190602163,0.0,0.26574294011065247,7.037808407230335,0.0,0.03913153918821836,0.959467200548282,0.0,0.08025447936195133,0.9289675864890666,0.0
CP4F3_HUMAN,3.5714285714285716,6.0,1.0,0.2564899598896986,0.8869591120869811,0.0,1.93542373821119,7.4432735153384995,0.0,0.25389850831459376,0.8824008752423163,0.0,0.2256714518311386,0.8822150712845697,0.0
ACSM1_HUMAN,3.0,5.0,1.0,0.398724552284503,0.9606737370351135,0.0,3.063213470550251,7.848738623446663,0.0,0.3980382402698102,0.9587992516945572,0.0,0.3276501571055514,0.9120738748269616,0.0
NSUN2_HUMAN,6.9411764705882355,18.0,1.0,0.06107302565483622,0.9281455395837983,0.0,0.3323814487339157,5.292367497741802,0.0,0.05349763605081919,0.9234771178586965,0.0,0.11142984155229614,0.8336050966443244,0.0
FUT5_HUMAN,4.473684210526316,8.0,1.0,0.15057562489904858,0.9420330043515751,0.0,0.9067335088510334,6.595975654951296,0.0,0.13579275465435567,0.9386599961518508,0.0,0.17115986385354415,0.8691220076055818,0.0
ELP6_HUMAN,6.0,8.0,5.0,0.002178569796149047,0.0065357093884471406,0.0,0.0032861223214189932,0.00985836696425698,0.0,2.1371622770315656e-05,6.411486831094696e-05,0.0,0.2038640469230405,0.32164129715420253,0.10390433198701196
SIA4A_HUMAN,4.823529411764706,10.0,1.0,0.10701519569500548,0.9247781244152771,0.0,0.711328316323136,8.015987811027237,0.0,0.09856029829019752,0.9232443460625883,0.0,0.14291312666768288,0.8581737315058546,0.0
BST2_HUMAN,8.981481481481481,19.0,1.0,0.0494645279824719,0.9396419073651869,0.0,0.22964754215243025,4.754784424806262,0.0,0.03958695072267998,0.9189745917556201,0.0,0.08197969339473526,0.8822265772216779,0.0
AIMP1_HUMAN,5.777777777777778,11.0,2.0,0.015691898741840998,0.21954428610849774,0.0,0.06465224251691833,0.7651410662683298,0.0,0.0064123352574879,0.11739729094250499,0.0,0.0677180492924517,0.5901639344262295,0.0
TRAP1_HUMAN,6.555555555555555,9.0,4.0,0.02074530613533864,0.24521647811294958,0.0,0.16573767558933086,1.965625823610253,0.0,0.01574099574952947,0.21086944712065833,0.0,0.0919351853394327,0.5091741419261021,0.0
FUT2_HUMAN,6.0,8.0,2.0,0.0787406274765663,0.7967127673269544,0.0,0.42221720345786656,4.188121391355436,0.0,0.06900008681930568,0.784622837865386,0.0,0.09374128032477018,0.6401151631477927,0.0
TRAF3_HUMAN,8.781818181818181,17.0,1.0,0.06047613046210676,0.948826144347862,0.0,0.3041133120045933,6.002609111661047,0.0,0.04698765432377692,0.9258691800748601,0.0,0.09388926833431349,0.9072234785568847,0.0
PAK1_HUMAN,9.916230366492147,17.0,1.0,0.03247508872573409,0.9434739051341976,0.0,0.18613916160724606,6.1918511112995755,0.0,0.023768132588048524,0.9166352493941249,0.0,0.07555113926643177,0.9353651897802131,0.0
NU160_HUMAN,5.571428571428571,12.0,2.0,0.02147454822920348,0.4477066793628942,0.0,0.14885125960870277,3.116018084818501,0.0,0.020375729133765893,0.427858342872722,0.0,0.09435885981833379,0.6612466124661247,0.0
PSMD2_HUMAN,5.523809523809524,11.0,2.0,0.043330305327565266,0.6261661532766101,0.0,0.2271481872817766,2.9301567013194223,0.0,0.03785083903046559,0.5927359742684922,0.0,0.30298188167149287,0.5901639344262295,0.0815281129099659
COASY_HUMAN,7.75,9.0,5.0,0.02115326622099229,0.3096065933403788,0.0,0.18543338226680847,2.7519256331093556,0.0,0.019328509622276446,0.2898521824091976,0.0,0.05924670092593591,0.40289340794322376,0.0
DUS4_HUMAN,4.25,14.0,2.0,0.1409061116419505,0.8737301207752347,0.0,0.9050576278052693,4.455909491455025,0.0,0.13851669609350054,0.8575341478047669,0.0,0.1641794341041894,0.8095557316107015,0.0
KCNK6_HUMAN,8.5,14.0,3.0,0.08676391267788879,0.8676391267788879,0.0,0.47806856883130466,4.780685688313047,0.0,0.08603594228859138,0.8603594228859138,0.0,0.07399867041205603,0.6793409897059224,0.0
PIN1_HUMAN,8.878048780487806,19.0,1.0,0.04419162468163095,0.9912368412964494,0.0,0.21750096637918048,6.290594005400114,0.0,0.028807150015009962,0.9893994266638023,0.0,0.07999801818454014,0.8416117587430311,0.0
ASAH1_HUMAN,7.54054054054054,16.0,1.0,0.043250394791290225,0.8434618748812667,0.0,0.2579728957310288,5.428370494796234,0.0,0.040324378089001814,0.8397588715281294,0.0,0.0870452931996505,0.8581737315058546,0.0
JIP2_HUMAN,6.75,10.0,3.0,0.036092035764454425,0.3938584724818367,0.0,0.19670254595745634,1.8093037788789645,0.0,0.026519404443403873,0.32935701249568083,0.0,0.07877851676368193,0.5205409904135395,0.0
SMAD4_HUMAN,8.81570996978852,19.0,1.0,0.040131659635317354,0.9888182170340752,0.0,0.18721082493467361,8.35246004764845,0.0,0.028960706323114125,0.9865854218028538,0.0,0.07499636142188412,0.9157215760618685,0.0
PICAL_HUMAN,9.198966408268733,17.0,1.0,0.04434844078249493,0.9406527984752356,0.0,0.23638554634162917,6.190510546843131,0.0,0.0361314936709069,0.9273409174396952,0.0,0.08608892749335936,0.9053431877385352,0.0
MTMR3_HUMAN,8.833333333333334,16.0,2.0,0.07052814217647384,0.8915776618833019,0.0,0.43545705584954547,6.099538768637404,0.0,0.06542378456418463,0.8895770485932223,0.0,0.08490830488093812,0.8095557316107015,0.0
ALKB1_HUMAN,8.884615384615385,21.0,1.0,0.0916943982082972,0.943325077116592,0.0,0.6635766450987742,7.6255950721324535,0.0,0.08656430617992511,0.9428649185423887,0.0,0.10395485674478873,0.874749498997996,0.0
SQSTM_HUMAN,8.201773835920177,18.0,1.0,0.03734445693809605,0.9579259267177356,0.0,0.18376150881303263,6.324311800356165,0.0,0.028912195891893987,0.9471461976191217,0.0,0.07916789162937284,0.8904047134740829,0.0
ITPK1_HUMAN,5.230769230769231,10.0,2.0,0.16129046159290958,0.9610085871008484,0.0,1.343189678828305,8.54188580400661,0.0,0.14968978519569454,0.9608210732301945,0.0,0.17106520132660102,0.804053121982418,0.0
Q13584_HUMAN,0.0,0.0,0.0,0.0,0.0,0.0,0.0,0.0,0.0,0.0,0.0,0.0,0.0,0.0,0.0
SNX1_HUMAN,5.698924731182796,12.0,1.0,0.05638605000021785,0.900088887790635,0.0,0.26946357138187726,5.150397236471415,0.0,0.04472452415086147,0.8643026814798532,0.0,0.11911673469278074,0.9022741203107216,0.0
MTMR1_HUMAN,10.0,16.0,2.0,0.049845307457680406,0.8915776618833019,0.0,0.31641210551109533,6.099538768637404,0.0,0.0482429054431756,0.8895770485932223,0.0,0.05891494344725848,0.5901639344262295,0.0
EIF3A_HUMAN,5.416666666666667,9.0,2.0,0.018537198429048333,0.6133218155128034,0.0,0.1330122596385484,4.517874677727904,0.0,0.017055045468013938,0.6066291307399442,0.0,0.09261431826668264,0.5901639344262295,0.0
MTMR2_HUMAN,6.0,16.0,1.0,0.06631987091197447,0.8915776618833019,0.0,0.3310839483807972,6.099538768637404,0.0,0.058359288164612014,0.8895770485932223,0.0,0.1108422059455221,0.8822265772216779,0.0
CAC1S_HUMAN,6.894736842105263,14.0,1.0,0.026782996472533172,0.8961295921682648,0.0,0.16326331217905457,6.190510546843131,0.0,0.026394342048402398,0.894293619345286,0.0,0.09038064317557812,0.9413944644267962,0.0
AUHM_HUMAN,7.333333333333333,10.0,2.0,0.11901577228371828,0.7140946337023096,0.0,0.9564209038500123,5.738525423100074,0.0,0.11863259955343898,0.7117955973206339,0.0,0.1510972330644462,0.7289444010755487,0.0
PKP1_HUMAN,7.417910447761194,21.0,1.0,0.041234916567373964,0.7203301128345477,0.0,0.19239267291502243,2.88187146015996,0.0,0.03230610553348063,0.6366954862841739,0.0,0.11843343689828863,0.841611758743031,0.0
CDK13_HUMAN,7.8,16.0,1.0,0.020351686452629806,0.6154289253367122,0.0,0.0863225978798118,3.1805936382971836,0.0,0.015452216447578885,0.5898510987812547,0.0,0.08898978399254406,0.8535674206438616,0.0
HNRPD_HUMAN,8.538461538461538,19.0,1.0,0.06802251263317997,0.8236149481631575,0.0,0.4452661360324385,4.881268571915381,0.0,0.062438109134070253,0.8173658662887737,0.0,0.10509507046056857,0.9211592203295281,0.0
SCRIB_HUMAN,8.1010101010101,13.0,1.0,0.019393009224211694,0.8757505870838663,0.0,0.09819886492309418,4.624359880381233,0.0,0.014583133821947944,0.8671595328880711,0.0,0.08988748676029765,0.8581737315058547,0.0
WRN_HUMAN,8.511627906976743,18.0,1.0,0.07221286180673525,0.9704419838129689,0.0,0.4408425055694536,7.289122835511241,0.0,0.06431694427128458,0.9652347341437285,0.0,0.09927592539882087,0.9274841045157098,0.0
MELK_HUMAN,7.4,13.0,3.0,0.027380465184697077,0.6770429027520906,0.0,0.12878892820732904,3.1805936382971836,0.0,0.019846470450265045,0.6489043391840524,0.0,0.07255137543506862,0.7457725608693127,0.0
TRI25_HUMAN,11.060975609756097,20.0,1.0,0.054368687750343724,0.948826144347862,0.0,0.26362319866289796,3.953804539443101,0.0,0.04763395349412097,0.9258691800748601,0.0,0.06736011884817042,0.8609236493634409,0.0
FAK2_HUMAN,9.279296875,19.0,1.0,0.08246123469810077,0.8860081047947626,0.0,0.4056108098896212,5.438079308923196,0.0,0.052958597053481056,0.8774505630996716,0.0,0.14071370921580043,0.9270060375934089,0.0
GALE_HUMAN,6.0,9.0,1.0,0.1250029402275403,0.7500176413652418,0.0,0.2865239832252381,1.7191438993514285,0.0,0.10259997425700455,0.6155998455420273,0.0,0.1612179188210257,0.7469635627530365,0.0
HES1_HUMAN,9.166666666666666,15.0,1.0,0.0772028535012931,0.9381156548996041,0.0,0.34925364622698224,3.9808332118310203,0.0,0.06180392482824977,0.8793334719199614,0.0,0.09237652131596033,0.9192078040018249,0.0
PDK1_HUMAN,7.818181818181818,14.0,2.0,0.044948885113373804,0.562090591099927,0.0,0.29058158093608644,3.1805936382971836,0.0,0.03437412165320501,0.5387295577527496,0.0,0.1222418582422009,0.8386310172700673,0.0
SYK_HUMAN,8.981818181818182,20.0,1.0,0.016652061654526398,0.7500176413652418,0.0,0.08203375086362648,3.0068768381070563,0.0,0.01140893533225949,0.6155998455420273,0.0,0.07168101797543588,0.7690147091433218,0.0
PON3_HUMAN,7.428571428571429,12.0,3.0,0.03534714845450684,0.6111137620529902,0.0,0.2577099908864276,4.816192376769957,0.0,0.03383175867183953,0.6061652311017318,0.0,0.06177542243589546,0.6335416212956293,0.0
SHPRH_HUMAN,8.0,12.0,1.0,0.09607983788771092,0.948826144347862,0.0,0.3707902350198343,3.721604238401572,0.0,0.08855773036203879,0.9258691800748601,0.0,0.10175537496219525,0.9009441563054525,0.0
EXOS7_HUMAN,5.571428571428571,10.0,2.0,0.04335809040281281,0.7783469448124465,0.0,0.17136994166258862,3.1940376715417598,0.0,0.0357363285352702,0.7464300752084578,0.0,0.09916335577604402,0.616048739167264,0.0
PI5PA_HUMAN,4.0,6.0,2.0,0.03606703699621298,0.5295149990460382,0.0,0.20394138258750266,3.029545637919769,0.0,0.03360214923822359,0.5039195169949636,0.0,0.11612341117522268,0.5901639344262295,0.0
DAZP2_HUMAN,5.0,11.0,2.0,0.0627249277644548,0.8714165688018205,0.0,0.2464781015785111,3.2416778049472557,0.0,0.04283176155527479,0.8150701972587702,0.0,0.13652376432924007,0.7138825134917189,0.0
PCM1_HUMAN,7.148148148148148,16.0,1.0,0.02901041662124581,0.8564556916923871,0.0,0.16573825414214155,4.442651256490317,0.0,0.025056158197452674,0.8124271719572221,0.0,0.11683226759101985,0.9349388821063395,0.0
RBP1_HUMAN,8.4,15.0,1.0,0.03211431380329197,0.9612820219062516,0.0,0.14057204836964066,4.651406070352427,0.0,0.024015902216858214,0.9521035405376667,0.0,0.0729221708588392,0.8145400593471811,0.0
SF3A2_HUMAN,6.481481481481482,15.0,1.0,0.17246822372159104,0.9590459663811554,0.0,1.012067197504332,5.592450107615529,0.0,0.1681283335211417,0.9554726686712034,0.0,0.17283901861103723,0.8710276516714817,0.0
SF01_HUMAN,4.75,7.0,2.0,0.029955901397601747,0.4493385209640262,0.0,0.20773453898790006,3.116018084818501,0.0,0.028627855964703304,0.42941783947054957,0.0,0.07514399879741426,0.5823389021479715,0.0
ELF2_HUMAN,4.0,8.0,1.0,0.09632192375889716,0.9807273272270732,0.0,0.251243762863995,2.9232981754136396,0.0,0.08548727639126184,0.9087837761851416,0.0,0.1156721428977501,0.8145400593471809,0.0
UAP1_HUMAN,6.8,18.0,2.0,0.0012131961761358647,0.010101138481523414,0.0,0.001408338137750997,0.00985836696425698,0.0,1.1901372665955781e-05,9.909148724977009e-05,0.0,0.08149585113937638,0.5901639344262295,0.0
NF2L2_HUMAN,9.601476014760147,20.0,1.0,0.04038580674989551,0.9717181097103059,0.0,0.18821909639759699,6.234410725718371,0.0,0.03318227016094268,0.969812780083423,0.0,0.06753296492985163,0.9157215760618685,0.0
EXT1_HUMAN,7.222222222222222,11.0,2.0,0.0437594501103028,0.7777592908104238,0.0,0.2510582264583584,4.204595063174119,0.0,0.03975508850901288,0.7241887484385058,0.0,0.06998112279571438,0.7690147091433218,0.0
SMAD2_HUMAN,7.9965635738831615,18.0,1.0,0.041641729046379736,0.9897601816826211,0.0,0.2275459226322466,8.35246004764845,0.0,0.031851259026489165,0.9865854218028538,0.0,0.08259764308242254,0.9157215760618685,0.0
PTGIS_HUMAN,12.028571428571428,20.0,1.0,0.04968286147147176,0.9835280156372526,0.0,0.29352220722775063,6.661854740545311,0.0,0.03992343218575913,0.9822703071773584,0.0,0.06704436406591177,0.9255536899641139,0.0
SMAD1_HUMAN,7.896296296296296,19.0,1.0,0.028231318668602772,0.9604117647074649,0.0,0.14017912280656017,8.35246004764845,0.0,0.021673163602458946,0.9359251928572747,0.0,0.07541857669878232,0.8145400593471809,0.0
NEDD8_HUMAN,5.818181818181818,11.0,2.0,0.10209236791969274,0.6117210708066833,0.0,0.41651985102919814,2.3443666270090007,0.0,0.08695890403819793,0.5166513766821663,0.0,0.15345763488909933,0.7100832425964595,0.0
ZYX_HUMAN,7.290322580645161,16.0,3.0,0.031006134933824155,0.7555359801688245,0.0,0.15424362279225126,4.070253748256779,0.0,0.021910808592967727,0.7426366722963011,0.0,0.12889392077213746,0.580094907391037,0.0
CDKN3_HUMAN,6.5,16.0,2.0,0.07763381538824735,0.8431989122945508,0.0,0.4175268655322462,4.455909491455025,0.0,0.07000218715273392,0.8334095785810823,0.0,0.11685223228167668,0.8095557316107015,0.0
CDC37_HUMAN,6.6,15.0,1.0,0.03798975449339217,0.8174069550751659,0.0,0.24397816088083787,6.406549898593137,0.0,0.03122991376147451,0.8160576533995715,0.0,0.0955225791632339,0.8650033016335373,0.0
DUS6_HUMAN,8.074074074074074,16.0,1.0,0.06431400976039511,0.8918342218153349,0.0,0.38443364877219705,6.401819640510338,0.0,0.056305154176642225,0.8849154738029568,0.0,0.1045995597998574,0.9010216466450613,0.0
DGUOK_HUMAN,8.5,12.0,3.0,0.10445305679303349,0.7805590584118303,0.0,0.9341589704110279,6.884998291859521,0.0,0.10271702358155123,0.7797605325208719,0.0,0.08821043578019454,0.700147550035756,0.0
CP1B1_HUMAN,6.3478260869565215,12.0,1.0,0.2092920734824509,0.9170685143284757,0.0,1.2626561732576425,6.016157159698354,0.0,0.1977765291998058,0.9145667076397705,0.0,0.19532811499107242,0.9459578176988583,0.0
TRXR1_HUMAN,8.428571428571429,13.0,2.0,0.0304897743631607,0.35220606988129793,0.0,0.23146047733258035,3.059165714460793,0.0,0.02461938291423266,0.33567815577272186,0.0,0.10667075559715727,0.5901639344262295,0.0
GSTA3_HUMAN,0.0,0.0,0.0,0.0,0.0,0.0,0.0,0.0,0.0,0.0,0.0,0.0,0.0,0.0,0.0
KAT1_HUMAN,8.0,9.0,7.0,0.011622921223405695,0.11622921223405694,0.0,0.10330986333723322,1.0330986333723322,0.0,0.0074862952114072585,0.07486295211407258,0.0,0.04380730859554406,0.23527276027956795,0.0
PHKG1_HUMAN,0.0,0.0,0.0,0.0,0.0,0.0,0.0,0.0,0.0,0.0,0.0,0.0,0.0,0.0,0.0
DUS7_HUMAN,8.0,19.0,1.0,0.09475712660659473,0.8604510271942378,0.0,0.6055639388752534,6.401819640510338,0.0,0.08916402306003228,0.8553704450549992,0.0,0.11676883407887119,0.8940640619194711,0.0
SIA4B_HUMAN,6.380952380952381,10.0,1.0,0.1540214113184724,0.9546193647192569,0.0,0.9655863445101223,7.2904633999676856,0.0,0.14228599151647275,0.9539683029189369,0.0,0.16235786854860393,0.8755436254440601,0.0
LTC4S_HUMAN,4.88,9.0,1.0,0.06207701896246854,0.6956930901485481,0.0,0.2501542524036087,3.9880883482132896,0.0,0.0488235344132179,0.6827983401401351,0.0,0.144035578590335,0.8822265772216779,0.0
DB114_HUMAN,12.642857142857142,20.0,1.0,0.1576272920664083,0.8176431475072116,0.0,0.8791182045107485,4.301000739427289,0.0,0.14652928699485124,0.8065600050985461,0.0,0.15236902952230189,0.8609236493634409,0.0
TKFC_HUMAN,8.222222222222221,16.0,2.0,0.0892708391173732,0.7118861810366565,0.0,0.6088555733342762,4.188121391355436,0.0,0.08335060703209306,0.7010834751351624,0.0,0.12417029360757459,0.7772471309430466,0.0
MGT5B_HUMAN,13.0,13.0,13.0,0.0,0.0,0.0,0.0,0.0,0.0,0.0,0.0,0.0,0.05884599386534405,0.05884599386534405,0.05884599386534405
ADPRM_HUMAN,0.0,0.0,0.0,0.0,0.0,0.0,0.0,0.0,0.0,0.0,0.0,0.0,0.0,0.0,0.0
GPAT3_HUMAN,8.8,15.0,3.0,0.06692962392072105,0.7418576418068028,0.0,0.4597177044213083,5.2647410710144324,0.0,0.0662080212733857,0.7380216949759969,0.0,0.059392203005966794,0.5561400734831045,0.0
KMT5B_HUMAN,5.048387096774194,18.0,1.0,0.05048894196137902,0.9331608197742719,0.0,0.24839397817740624,6.670083627105018,0.0,0.04298111171780557,0.9319772987345581,0.0,0.17283521775971725,0.9115182060139307,0.0
DUS28_HUMAN,0.0,0.0,0.0,0.0,0.0,0.0,0.0,0.0,0.0,0.0,0.0,0.0,0.0,0.0,0.0
SETMR_HUMAN,9.339805825242719,20.0,1.0,0.05816997870191481,0.934714559361105,0.0,0.33372556026390876,7.289122835511241,0.0,0.04941284759460397,0.8816359488833174,0.0,0.09031804294132596,0.9390177268150273,0.0
ACBG2_HUMAN,6.2,12.0,1.0,0.09968882578357158,0.9119888909811539,0.0,0.7068303158960639,6.750126334778554,0.0,0.09371051457323877,0.9104763240400144,0.0,0.1228609371343466,0.9120738748269616,0.0
ODFP2_HUMAN,5.942857142857143,14.0,2.0,0.027550577321229265,0.8564556916923871,0.0,0.0948306909006795,2.967964984859361,0.0,0.01912033260527786,0.8124271719572221,0.0,0.10667998193769361,0.6815541612682515,0.0
CMPK2_HUMAN,4.0,5.0,3.0,0.12600006677047906,0.7503946232400164,0.0,0.9482572150068996,5.679684923077141,0.0,0.1246478820723873,0.74783230013627,0.0,0.1746681390040371,0.7263675368700201,0.0
ACER2_HUMAN,8.940298507462687,15.0,1.0,0.07178103274422726,0.9345634383035138,0.0,0.39752553853138056,5.84354441703136,0.0,0.05628612626059698,0.9318545587721994,0.0,0.10819970712450457,0.8494266165558447,0.0
LRRK2_HUMAN,9.447194719471947,22.0,1.0,0.024117625991827145,0.958467797821292,0.0,0.13843820955960026,6.750126334778554,0.0,0.01629145133824641,0.9387520749544332,0.0,0.07002044317673903,0.9270060375934089,0.0
ARH_HUMAN,9.101910828025478,17.0,1.0,0.024452558379674597,0.9132365757573073,0.0,0.15337623181092724,5.873397380181041,0.0,0.019341815022664327,0.9056846620447363,0.0,0.06099362010002338,0.9043207230597774,0.0
PAPD7_HUMAN,9.23076923076923,19.0,2.0,0.022449527447471362,0.5999940675734964,0.0,0.12796088328512392,4.754784424806262,0.0,0.01853228725648737,0.5948278782448585,0.0,0.07463581511343192,0.7690147091433218,0.0
KAD9_HUMAN,4.5625,8.0,2.0,0.04137027467320412,0.8698885407356435,0.0,0.23251180646977923,5.679684923077141,0.0,0.03491826169117555,0.8669181896209364,0.0,0.2299765263989484,0.805040863435024,0.0
RN213_HUMAN,10.986666666666666,19.0,1.0,0.04758550621895302,0.948826144347862,0.0,0.24091505955636222,4.927253685157205,0.0,0.0402344819350078,0.9258691800748601,0.0,0.07648317913719553,0.9009441563054529,0.0
PLPP4_HUMAN,11.666666666666666,14.0,9.0,0.018229614933338453,0.26516352280741157,0.0,0.1346625868208035,2.0811991829877114,0.0,0.012941105852731413,0.23207628908344285,0.0,0.03038768610591041,0.2217502847928507,0.0
ZDH20_HUMAN,7.0,14.0,2.0,0.07452634723598481,0.9497856969727899,0.0,0.36849086812056636,6.1918511112995755,0.0,0.06651321841377744,0.9471911604347178,0.0,0.09093183154099833,0.7819943033516302,0.0
CP135_HUMAN,6.866666666666666,18.0,1.0,0.05996167167935332,0.9498290802105027,0.0,0.23841977021297547,4.053249434274469,0.0,0.047630331921150425,0.9333344874029447,0.0,0.09641373549895088,0.8581737315058547,0.0
DUS29_HUMAN,11.0,11.0,11.0,0.0,0.0,0.0,0.0,0.0,0.0,0.0,0.0,0.0,0.014505564243784139,0.08703338546270484,0.0
AWAT2_HUMAN,4.888888888888889,8.0,2.0,0.21948319464236898,0.7342260835432962,0.0,1.7106113094687394,5.656332874943214,0.0,0.21345503077837852,0.7316597349136905,0.0,0.20014896161300944,0.7469266775724398,0.0
TENS2_HUMAN,9.0,14.0,3.0,0.028443509985177955,0.32219049431945407,0.0,0.10046936600119125,1.3447156197566865,0.0,0.017890846614150552,0.20342230578838807,0.0,0.057756964283333045,0.5565129244804866,0.0
ACS2B_HUMAN,1.0,1.0,1.0,0.14070365065467527,0.8442219039280516,0.0,1.0398834518354272,6.239300711012564,0.0,0.14042910694608077,0.8425746416764847,0.0,0.12845438982636342,0.7707263389581805,0.0
DS13A_HUMAN,0.0,0.0,0.0,0.0,0.0,0.0,0.0,0.0,0.0,0.0,0.0,0.0,0.0,0.0,0.0
GLYAT_HUMAN,6.714285714285714,11.0,1.0,0.06683042640484838,0.7279932446280765,0.0,0.4593341579650965,5.362571756415051,0.0,0.05908305294970722,0.7245798065671605,0.0,0.11063629941907437,0.9407897229906401,0.0
S27A4_HUMAN,10.974358974358974,18.0,1.0,0.08737650892462429,0.9866749082608428,0.0,0.5928111456756177,6.750126334778554,0.0,0.08626323427799219,0.9855197766609277,0.0,0.09296160948984092,0.9198808339571948,0.0
ST1C3_HUMAN,7.166666666666667,13.0,2.0,0.1347020400483406,0.7942774631053153,0.0,0.9196551100860298,5.521460917862246,0.0,0.12131723622627776,0.7839850356209157,0.0,0.1568774489083467,0.7289444010755487,0.0
PDE12_HUMAN,11.306122448979592,20.0,1.0,0.08837741796852466,0.926512809243594,0.0,0.5462639490948876,6.056979154218609,0.0,0.0803648814954035,0.9229316521202374,0.0,0.08281135901411212,0.9286851411326762,0.0
TECT3_HUMAN,7.0,8.0,6.0,0.017837461026347725,0.10472913346093442,0.0,0.0934975232624614,0.5511267726105114,0.0,0.007399374153502849,0.04437372491908304,0.0,0.07623663909703966,0.3015229538731237,0.0
MBOA5_HUMAN,2.769230769230769,4.0,2.0,0.25805863374688504,0.9401245326893419,0.0,1.8676416671609744,6.290594005400114,0.0,0.25644596256031726,0.938381862823869,0.0,0.2428247015107861,0.8329935129870658,0.0
PLB1_HUMAN,8.0,8.0,8.0,0.1509410037739834,0.4528230113219502,0.0,0.9210849184831019,2.7632547554493057,0.0,0.14141872391100405,0.42425617173301217,0.0,0.08897619051163926,0.2669285715349178,0.0
FAHD1_HUMAN,6.0,8.0,2.0,0.043090384102969836,0.9249437244330018,0.0,0.38240358812927255,8.54188580400661,0.0,0.03632829846366133,0.9247632476087222,0.0,0.10710988283209648,0.7289444010755487,0.0
S27A1_HUMAN,4.851851851851852,9.0,1.0,0.2332302195072695,1.0,0.0,1.7564069098487545,8.676757761087575,0.0,0.22691608594664245,0.9998294970161978,0.0,0.18925211230069333,0.9073634908401018,0.0
PLGT2_HUMAN,3.0,4.0,2.0,0.11017003149952759,0.6509190505156421,0.0,0.7485501934040744,4.4814427934601895,0.0,0.10727527391333053,0.6435525519927334,0.0,0.18574394020128135,0.5901639344262295,0.0
CNST_HUMAN,5.8,9.0,3.0,0.015324211567311426,0.3033381163617419,0.0,0.047783586810681636,0.9541634882030295,0.0,0.008890163456049129,0.18651223991925808,0.0,0.13203649672953574,0.6806694414674876,0.0
ENPP6_HUMAN,3.2,6.0,1.0,0.07744237379592689,0.7122530801427153,0.0,0.4651028620265893,5.107898599521462,0.0,0.06945230581306422,0.707944817609169,0.0,0.12085090207141376,0.869122007605582,0.0
SARM1_HUMAN,7.4,14.0,2.0,0.03395413589944515,0.7073663084532112,0.0,0.2930404237224997,6.143990531208238,0.0,0.03361446126113495,0.7058480588155556,0.0,0.0639678992429159,0.7289444010755488,0.0
PADI6_HUMAN,5.0,5.0,5.0,0.00017965640140118555,0.0017965640140118555,0.0,0.000985836696425698,0.00985836696425698,0.0,1.7624171811275143e-06,1.7624171811275143e-05,0.0,0.053529114878624995,0.32164129715420253,0.0
LRSM1_HUMAN,10.71875,19.0,1.0,0.05010904729506988,0.948826144347862,0.0,0.25123661857664065,5.107225064606205,0.0,0.045117900502743856,0.9258691800748601,0.0,0.07929971476358218,0.8311723392760672,0.0
LCLT1_HUMAN,4.6,7.0,2.0,0.07114332005914921,0.9069788325044678,0.0,0.44599541652412794,5.2647410710144324,0.0,0.0698606445299329,0.9022890882973715,0.0,0.09970705299646669,0.6512536269622797,0.0
ARSK_HUMAN,6.0,10.0,2.0,0.08183322806769988,0.810672886946015,0.0,0.6625550755844067,6.595975654951296,0.0,0.08096407645534297,0.8095656264175034,0.0,0.15032593819015574,0.7289444010755487,0.0
CHSS3_HUMAN,0.0,0.0,0.0,0.0,0.0,0.0,0.0,0.0,0.0,0.0,0.0,0.0,0.0,0.0,0.0
MBOA1_HUMAN,2.6666666666666665,3.0,2.0,0.398216241977064,0.9401245326893419,0.0,2.8033460245714963,6.290594005400114,0.0,0.39667691627239293,0.938381862823869,0.0,0.3222043887174059,0.7452823377899707,0.0
MBOA2_HUMAN,2.769230769230769,4.0,2.0,0.3317896719602807,0.9401245326893419,0.0,2.40125357206411,6.290594005400114,0.0,0.32971623757755075,0.938381862823869,0.0,0.31220318765672506,0.8329935129870658,0.0
SSH2_HUMAN,10.0,10.0,10.0,0.00845765101896199,0.05074590611377194,0.0,0.04016526139451126,0.24099156836706756,0.0,0.0018112207467717407,0.010867324480630445,0.0,0.04117588675858158,0.1408214585079631,0.0
MTMR6_HUMAN,2.857142857142857,5.0,1.0,0.12936721239621496,0.9807121002361038,0.0,0.8469558684042706,6.670083627105018,0.0,0.12849950251622214,0.9794682702553166,0.0,0.14728114731289416,0.8862607598413088,0.0
GET4_HUMAN,7.135135135135135,12.0,1.0,0.0425819158422763,0.9545808949839227,0.0,0.24445913521519608,5.968707559985366,0.0,0.03885918925521149,0.9521395116207925,0.0,0.09600273435549068,0.9034867086527794,0.0
CHST3_HUMAN,8.0,8.0,8.0,0.02855755035366601,0.17134530212199606,0.0,0.1571790317186125,0.943074190311675,0.0,0.017436417360013296,0.10461850416007977,0.0,0.0364723839152586,0.2188343034915516,0.0
TM10C_HUMAN,8.452380952380953,22.0,1.0,0.09105647753280037,0.9823018280503345,0.0,0.6790756540849516,7.983610580527631,0.0,0.08852220786339823,0.9819668572649806,0.0,0.09676120053192135,0.8481256682470598,0.0
APTX_HUMAN,6.9375,11.0,2.0,0.038038735207084555,0.5414728904644198,0.0,0.2155420463215652,3.9880089124060683,0.0,0.028910715260662034,0.47797528906556785,0.0,0.10855119349018366,0.7469266775724398,0.0
PCAT2_HUMAN,4.333333333333333,7.0,2.0,0.12482381966457472,0.9401245326893419,0.0,0.834877209615932,6.290594005400114,0.0,0.1201025510124766,0.938381862823869,0.0,0.13338148039941086,0.7452823377899707,0.0
DCXR_HUMAN,8.285714285714286,13.0,4.0,0.039404328366317146,0.714143412722758,0.0,0.2930293756598326,5.135798437050262,0.0,0.03851109146873673,0.7099425691185065,0.0,0.05811688734208654,0.6306195085433605,0.0
KANL1_HUMAN,8.6,13.0,2.0,0.1115060243907774,0.8418785609766141,0.0,0.6504853765512877,5.64440984654624,0.0,0.10164923890334956,0.8389006384150309,0.0,0.1742135666860092,0.8177039447245954,0.0
ACOT1_HUMAN,7.333333333333333,10.0,2.0,0.11267513090501806,0.7371936450214925,0.0,0.6284827410117503,4.1495491165691964,0.0,0.09811872098722885,0.7255669762807443,0.0,0.1406370383987822,0.8361420766173432,0.0
TAXB1_HUMAN,6.642857142857143,14.0,1.0,0.08360093388575272,0.7563292213648344,0.0,0.5144821827812345,5.292367497741802,0.0,0.07936409926072602,0.7525250078899388,0.0,0.13266962860346493,0.8244796171689828,0.0
LDHD_HUMAN,0.0,0.0,0.0,0.0,0.0,0.0,0.0,0.0,0.0,0.0,0.0,0.0,0.0,0.0,0.0
MOGT3_HUMAN,2.0,2.0,2.0,0.13459808026987535,0.9194272439001647,0.0,0.9813256534998689,6.661854740545311,0.0,0.13164019383065717,0.9182515057366095,0.0,0.14915145484723513,0.7750680194309243,0.0
CP4Z1_HUMAN,4.0,4.0,4.0,0.10851932494311423,0.5433454259640338,0.0,0.8965741493339152,4.816192376769957,0.0,0.10722362171276165,0.537460177677082,0.0,0.11105047961481125,0.6155511704467728,0.0
CHSS1_HUMAN,7.666666666666667,14.0,4.0,0.0352617798031599,0.526062328085245,0.0,0.280963562009225,4.204595063174119,0.0,0.03454919898638482,0.5182098855294359,0.0,0.06664147843327017,0.6079647621304415,0.0
LPP60_HUMAN,0.0,0.0,0.0,0.0,0.0,0.0,0.0,0.0,0.0,0.0,0.0,0.0,0.0,0.0,0.0
DYR2_HUMAN,7.0,11.0,2.0,0.024694079516792262,0.7420831172600201,0.0,0.21106111241801426,6.595975654951296,0.0,0.022713062811739834,0.7410695403193722,0.0,0.07187993262152761,0.7289444010755486,0.0
KMT5C_HUMAN,7.6,18.0,1.0,0.053809382766575285,0.9331608197742719,0.0,0.3705835925826508,6.670083627105018,0.0,0.05213767536327126,0.9319772987345581,0.0,0.08937038181684248,0.841611758743031,0.0
ZDH17_HUMAN,7.333333333333333,12.0,1.0,0.04359959361391534,0.9497856969727899,0.0,0.21510617570600574,5.902828474391351,0.0,0.03831538486295192,0.9471911604347178,0.0,0.07421503679748813,0.8822265772216779,0.0
CAHM1_HUMAN,11.777777777777779,17.0,6.0,0.0378664207019647,0.7154883324117818,0.0,0.20744509271794948,3.892698732601743,0.0,0.035532511788184964,0.7008993508045561,0.0,0.04464012679140796,0.5216925318617742,0.0
CHERP_HUMAN,10.76923076923077,20.0,2.0,0.0033230100152937514,0.10625966876528234,0.0,0.0161306075973134,0.5511267726105114,0.0,0.0012542599600511124,0.045022212597054835,0.0,0.06686759271070988,0.5901639344262295,0.0
PHC2_HUMAN,6.666666666666667,11.0,3.0,0.09281419213899597,0.9216921015797732,0.0,0.6475248765580327,6.46539039861607,0.0,0.09203208674699014,0.9202575951725604,0.0,0.1419758577620945,0.5783699059561128,0.0
SIR2_HUMAN,8.632302405498281,19.0,1.0,0.04571312409740333,0.9897743070394112,0.0,0.27901575493638503,7.848738623446663,0.0,0.03848223517272367,0.9882292934869594,0.0,0.07645318266843695,0.9192078040018249,0.0
RIMKA_HUMAN,0.0,0.0,0.0,0.0,0.0,0.0,0.0,0.0,0.0,0.0,0.0,0.0,0.0,0.0,0.0
CERS3_HUMAN,7.333333333333333,11.0,1.0,0.10080972844161018,0.9235798987022101,0.0,0.5547822985177486,5.065839848443352,0.0,0.09358529388053075,0.9177533929473966,0.0,0.10945723386563166,0.8494266165558446,0.0
PLPP6_HUMAN,6.195652173913044,15.0,1.0,0.12864428914265727,0.9772414853743812,0.0,0.8827578404598837,7.423994792592207,0.0,0.11901325340895173,0.9761927384144672,0.0,0.13244454662957197,0.8767343963496025,0.0
SIAH1_HUMAN,9.387096774193548,16.0,1.0,0.054927401440864665,0.948826144347862,0.0,0.23335151902562884,3.742283827956884,0.0,0.045942564642046255,0.9258691800748601,0.0,0.08084367378093746,0.8674197070175869,0.0
XRN1_HUMAN,6.166666666666667,19.0,1.0,0.14880504959978652,0.8729029587087157,0.0,1.0083227685308502,5.399613028095399,0.0,0.1446291234885043,0.8689588958944308,0.0,0.15789885820530822,0.926930975736061,0.0
CHSS2_HUMAN,4.0,4.0,4.0,0.08767705468087417,0.526062328085245,0.0,0.7007658438623531,4.204595063174119,0.0,0.08636831425490599,0.5182098855294359,0.0,0.10132746035507358,0.6079647621304415,0.0
NUP93_HUMAN,6.0,15.0,2.0,0.006391290995254404,0.21509016838047265,0.0,0.04332370641266594,1.5005032290704319,0.0,0.004646342302143655,0.16712121011250022,0.0,0.1061645959574018,0.5901639344262295,0.0
CLYBL_HUMAN,11.0,14.0,8.0,0.011186734634286967,0.11186734634286967,0.0,0.10330986333723322,1.0330986333723322,0.0,0.007205348493225615,0.07205348493225615,0.0,0.03995361614858301,0.19984387197501957,0.0
KDM8_HUMAN,7.105263157894737,15.0,2.0,0.05298453129783201,0.7583340103757374,0.0,0.2908887317449518,5.428370494796234,0.0,0.04583158393023116,0.6594670811050992,0.0,0.07627724313172606,0.6586564718732935,0.0
SPICE_HUMAN,6.166666666666667,17.0,2.0,0.04771690876469285,0.8564556916923871,0.0,0.17027812521229316,2.967964984859361,0.0,0.036944425928454414,0.8124271719572221,0.0,0.16092923965765638,0.7690147091433217,0.0
CXD3_HUMAN,5.75,7.0,3.0,0.004671813927332525,0.04325467056683973,0.0,0.025084993533132455,0.24099156836706756,0.0,0.0009297039690578188,0.009263063296155278,0.0,0.10541900045523345,0.4807121661721068,0.0
AADAT_HUMAN,4.055555555555555,9.0,2.0,0.2001352864644349,0.7699329006578887,0.0,1.749030975276451,6.526982783464344,0.0,0.1993493288264825,0.7663884525218677,0.0,0.21149748257564063,0.7289444010755487,0.0
ABD12_HUMAN,4.473684210526316,10.0,1.0,0.23037934901169652,0.9772967131488436,0.0,1.5881528579113062,6.59731621940774,0.0,0.2244934103345453,0.9752971290810198,0.0,0.17204785340006795,0.8857537692116461,0.0
METL4_HUMAN,8.882352941176471,20.0,3.0,0.03142625674181121,0.6118034682744816,0.0,0.21168101674072062,4.21775314775163,0.0,0.02784859634295213,0.6027905586442917,0.0,0.07621604765020781,0.6307190334946854,0.0
LARG2_HUMAN,7.0,13.0,1.0,0.08259491054398485,0.8259491054398485,0.0,0.4735175953417885,4.735175953417885,0.0,0.08186965259121157,0.8186965259121157,0.0,0.09859979372560497,0.9281539166116421,0.0
RDHE2_HUMAN,9.727272727272727,20.0,1.0,0.030679046862321167,0.952319255778721,0.0,0.15255381971065549,5.399613028095399,0.0,0.02641064663134571,0.9169208522224582,0.0,0.05800258086061724,0.8581737315058547,0.0
PGLT1_HUMAN,7.714285714285714,14.0,1.0,0.07866187284626484,0.9698750179039758,0.0,0.5316907469083391,6.526982783464344,0.0,0.07782027196438839,0.9684556886094822,0.0,0.07436536504599418,0.7958850424559111,0.0
PAG15_HUMAN,5.621621621621622,16.0,1.0,0.12452872838626927,0.9814353282339613,0.0,0.6588532145604695,6.016157159698354,0.0,0.11836925374511242,0.9620241606167167,0.0,0.13884540258116024,0.9217414909836181,0.0
CBR4_HUMAN,9.653846153846153,15.0,1.0,0.07371784136239462,0.9820031776534356,0.0,0.5156786463352352,7.848738623446663,0.0,0.06712461774999567,0.9816199569011805,0.0,0.06853131590691992,0.7958850424559111,0.0
PAPD5_HUMAN,11.061224489795919,23.0,2.0,0.051694523816307784,0.6773080792824009,0.0,0.3853860777144103,4.816192376769957,0.0,0.04864268058267255,0.6718235358111385,0.0,0.08223370811990052,0.7249571971124863,0.0
CBPC5_HUMAN,4.833333333333333,6.0,2.0,0.037110190917900555,0.20721093119543407,0.0020876210598052957,0.12365339256639424,0.6926285205770805,0.00985836696425698,0.017283880201887387,0.10355171565093711,2.047942180066512e-05,0.3680456324795447,0.5901639344262295,0.2940314835073147
SIR6_HUMAN,9.740506329113924,19.0,1.0,0.04577688062474642,0.9734851696148095,0.0,0.3036881732958991,8.136420695898444,0.0,0.037422926499554095,0.972915324637474,0.0,0.06888169062627782,0.8894118479722556,0.0
RN152_HUMAN,11.058823529411764,20.0,1.0,0.07311611454513327,0.948826144347862,0.0,0.33646290631347037,4.122880869487035,0.0,0.06611632068806986,0.9258691800748601,0.0,0.09018774498338185,0.9009441563054525,0.0
DDHD1_HUMAN,0.0,0.0,0.0,0.0,0.0,0.0,0.0,0.0,0.0,0.0,0.0,0.0,0.0,0.0,0.0
DP13B_HUMAN,7.730769230769231,16.0,1.0,0.05433618955373867,0.9799941630254249,0.0,0.1780516802491345,3.6782049228670166,0.0,0.03966172897955441,0.9410310408525987,0.0,0.08904158456958433,0.9018276086524905,0.0
PCAT1_HUMAN,5.928571428571429,11.0,3.0,0.08803496097795777,0.7349433010899242,0.0,0.5042025977226066,5.2647410710144324,0.0,0.07849081314009283,0.7311431064598983,0.0,0.11700336960576488,0.6993883233767185,0.0
IPMK_HUMAN,6.428571428571429,10.0,1.0,0.06365819313370644,0.8785315826340768,0.0,0.49316115711492614,6.837137711768183,0.0,0.061593007470425565,0.8771834523282445,0.0,0.0917209297225378,0.9205990263535008,0.0
ACOT4_HUMAN,5.75,11.0,1.0,0.17952210959635106,0.8984495537450226,0.0,1.2468624458121014,6.056979154218609,0.0,0.16977420302184454,0.8943134688428716,0.0,0.20535371443230338,0.9407897229906401,0.0
DGLB_HUMAN,2.0,3.0,1.0,0.0804078387312421,0.7964506067844892,0.0,0.4745081681200546,4.735223314236289,0.0,0.07895322099569667,0.7894573819444303,0.0,0.12514385051302873,0.7707263389581807,0.0
PLPP5_HUMAN,6.0,9.0,3.0,0.027049206609988476,0.26516352280741157,0.0,0.20910575499519685,2.0811991829877114,0.0,0.023212856173376754,0.23207628908344285,0.0,0.07024624509649574,0.4807121661721067,0.0
RUVB2_HUMAN,8.837735849056603,18.0,1.0,0.03197247041441613,0.9440304754590594,0.0,0.17646765736409573,6.917375522359127,0.0,0.02534785079608672,0.9131059066485051,0.0,0.0665968450631284,0.9157215760618685,0.0
SNIP1_HUMAN,6.142857142857143,10.0,2.0,0.04271406944890236,0.6176243740533784,0.0,0.21490751816230205,3.1940376715417598,0.0,0.03950163784214259,0.5922980889792373,0.0,0.1280137714734304,0.5901639344262295,0.0
UBA3_HUMAN,5.266666666666667,10.0,1.0,0.07081691993024108,0.8500560807279588,0.0,0.2929294099510157,3.171426225155213,0.0,0.06092376212723794,0.7685289630110829,0.0,0.11596072214901881,0.9022741203107214,0.0
BRSK1_HUMAN,8.405405405405405,18.0,1.0,0.03651564381334365,0.7892907522166844,0.0,0.17613033734982128,3.598463818517505,0.0,0.03094727940450601,0.7676912354680436,0.0,0.07658142742546034,0.9092044860247547,0.0
NEIL3_HUMAN,4.6,10.0,1.0,0.11078132076246858,0.9261119652754892,0.0,0.7770832944182822,6.884998291859521,0.0,0.10799983311060425,0.9251645361550027,0.0,0.1286166212067456,0.8632995336873694,0.0
RIN3_HUMAN,6.0,12.0,1.0,0.1108914481487466,0.9799941630254249,0.0,0.49021252081689837,3.356600039134349,0.0,0.10406785063975972,0.9410310408525987,0.0,0.13008611284068877,0.9018276086524905,0.0
ACER1_HUMAN,7.972972972972973,12.0,1.0,0.10862105800900042,0.9345634383035138,0.0,0.6252798265328329,5.84354441703136,0.0,0.09762773233740125,0.9318545587721994,0.0,0.11331044881940379,0.8494266165558447,0.0
DUS19_HUMAN,0.0,0.0,0.0,0.0,0.0,0.0,0.0,0.0,0.0,0.0,0.0,0.0,0.0,0.0,0.0
ABHD3_HUMAN,2.0,3.0,1.0,0.16928075480154026,0.9064828624218106,0.0,1.0479306937737012,5.418661223066094,0.0,0.16838025899366663,0.9024643535687898,0.0,0.14650308605739668,0.7489758213511125,0.0
ELP5_HUMAN,4.4,8.0,2.0,0.0040585348594153435,0.010101138481523414,0.0,0.005915020178554188,0.00985836696425698,0.0,3.9813953249936024e-05,9.909148724977009e-05,0.0,0.3397459561612029,0.5901639344262295,0.10390433198701196
PDC6I_HUMAN,8.637931034482758,16.0,1.0,0.03322714818747185,0.9893321961761488,0.0,0.2205586167441077,7.578145472419466,0.0,0.029440413984239865,0.9873079870791132,0.0,0.08067323988228918,0.8145400593471811,0.0
TRI41_HUMAN,8.705882352941176,18.0,2.0,0.02857029847048982,0.6289291163720576,0.0,0.1535345115576779,3.453702879040086,0.0,0.024662525473887528,0.5974022348352486,0.0,0.0732900922967769,0.5901639344262295,0.0
ACO11_HUMAN,3.25,5.0,1.0,0.09653016765057047,0.9518267110470995,0.0,0.6086554255111379,6.056979154218609,0.0,0.09497302321284641,0.9495980436261111,0.0,0.2199214281127178,0.8985982218184176,0.0
PTPM1_HUMAN,0.0,0.0,0.0,0.0,0.0,0.0,0.0,0.0,0.0,0.0,0.0,0.0,0.0,0.0,0.0
TPC12_HUMAN,7.2,13.0,2.0,0.021573754545423263,0.3885602609860314,0.0,0.08695722105796168,1.6275029198317392,0.0,0.012540572534366792,0.2395430630098756,0.0,0.10598684020938347,0.7690147091433218,0.0
DHB8_HUMAN,10.571428571428571,15.0,3.0,0.04299128022175953,0.581933273746909,0.0,0.30965608541806794,4.76912486591197,0.0,0.04011213349488741,0.576993937667301,0.0,0.04787001964225448,0.5967439417810788,0.0
LGAT1_HUMAN,4.5,17.0,2.0,0.16908087749495984,0.9957209236950717,0.0,1.1967984668824914,6.290594005400114,0.0,0.16820882436648482,0.9938751971048077,0.0,0.15563385999931964,0.7452823377899707,0.0
KAT2B_HUMAN,10.420382165605096,20.0,1.0,0.04683168182434161,0.9836107085991468,0.0,0.27969899885426436,6.804955584185985,0.0,0.040989085907052865,0.980923772029315,0.0,0.06511715129033938,0.874749498997996,0.0
PMM1_HUMAN,10.0,10.0,10.0,0.0221984188040615,0.133190512824369,0.0,0.17793985779569219,1.067639146774153,0.0,0.014566174725904636,0.08739704835542782,0.0,0.03826713021180067,0.22960278127080402,0.0
ESR2_HUMAN,7.8,16.0,1.0,0.08449519416175297,0.9440304754590594,0.0,0.30340951612924494,6.3446612266703895,0.0,0.06498330057603717,0.9315560294611246,0.0,0.10311171366639844,0.9202459436448907,0.0
TFG_HUMAN,3.3333333333333335,4.0,2.0,0.0015200807917248632,0.010322665633987671,0.0,0.002957510089277094,0.00985836696425698,0.0,1.4911890047576866e-05,0.00010126465367492529,0.0,0.1305626852506695,0.5901639344262295,0.0
UFD1_HUMAN,10.777777777777779,17.0,2.0,0.025925757625330757,0.7448217105142498,0.0,0.15047405615146528,3.3709683797008383,0.0,0.021629418979289404,0.7192323542195147,0.0,0.05954870666626112,0.5901639344262295,0.0
HDAC2_HUMAN,7.322834645669292,16.0,1.0,0.05203062935445008,0.9897743070394112,0.0,0.2833617090035848,6.462444262326773,0.0,0.0429020338718358,0.9882292934869594,0.0,0.08424550430406823,0.8710276516714817,0.0
RDH5_HUMAN,8.0,14.0,2.0,0.07488088501470617,0.7977418162214417,0.0,0.5114139339687473,6.099538768637404,0.0,0.07345039963643023,0.7959517614143107,0.0,0.07830551923119905,0.7934430563817831,0.0
EXT2_HUMAN,6.863636363636363,11.0,2.0,0.05338144886008086,0.7918752203436129,0.0,0.3141905563178503,4.204595063174119,0.0,0.0499100898620822,0.7753424108652194,0.0,0.0779429338009186,0.7690147091433218,0.0
DVL3_HUMAN,8.375,15.0,1.0,0.08073629546235923,0.9440304754590594,0.0,0.38112846850876736,6.425465962481081,0.0,0.05337715231966783,0.9263982540982866,0.0,0.11751716983810999,0.9157215760618685,0.0
KAT2A_HUMAN,9.18939393939394,20.0,1.0,0.07914858080487051,0.9836107085991468,0.0,0.4298276159181859,7.037808407230335,0.0,0.06913177242387893,0.980923772029315,0.0,0.08962818080284879,0.9305546419632899,0.0
SHIP1_HUMAN,8.428571428571429,17.0,2.0,0.08961670254748307,0.9411913162156295,0.0,0.5437953629235923,7.848738623446663,0.0,0.07826074346596189,0.9408240220434477,0.0,0.08783069962382332,0.7039487752208576,0.0
PTPR2_HUMAN,6.666666666666667,9.0,5.0,0.03143889537644722,0.31438895376447223,0.0,0.11695002177256449,1.1695002177256448,0.0,0.021676423690434467,0.21676423690434465,0.0,0.06996329407340741,0.3663896524875661,0.0
MT1L_HUMAN,0.0,0.0,0.0,0.0,0.0,0.0,0.0,0.0,0.0,0.0,0.0,0.0,0.0,0.0,0.0
NEIL2_HUMAN,4.0,4.0,4.0,0.0016850043275787512,0.010110025965472507,0.0,0.0016430611607094966,0.00985836696425698,0.0,1.6529778811318262e-05,9.917867286790957e-05,0.0,0.05962190984003879,0.35773145904023274,0.0
HDA10_HUMAN,8.452830188679245,19.0,1.0,0.05528761629618805,1.0,0.0,0.2831257174858899,9.36990494164752,0.0,0.04886660685484787,0.9999147485080989,0.0,0.08624180935926745,0.9192078040018249,0.0
CXA10_HUMAN,0.0,0.0,0.0,0.0,0.0,0.0,0.0,0.0,0.0,0.0,0.0,0.0,0.0,0.0,0.0
5NT3B_HUMAN,0.0,0.0,0.0,0.0,0.0,0.0,0.0,0.0,0.0,0.0,0.0,0.0,0.0,0.0,0.0
MARC2_HUMAN,6.214285714285714,11.0,1.0,0.08282916402518974,0.9644660876969684,0.0,0.6248340937657924,6.932447891572509,0.0,0.08084901086941204,0.963525145172386,0.0,0.10118454662182622,0.841611758743031,0.0
NUD16_HUMAN,8.435897435897436,14.0,1.0,0.04796790462824194,0.7500176413652418,0.0,0.27924661515505733,4.442651256490317,0.0,0.03729379938572849,0.6155998455420273,0.0,0.09067722463744281,0.7596811949958319,0.0
PLPL2_HUMAN,8.41304347826087,16.0,1.0,0.06460952562039726,0.9396479220427061,0.0,0.450913819343937,6.595975654951296,0.0,0.05863327407935273,0.9383645004906478,0.0,0.0840614550211327,0.8898763796287162,0.0
UBE2W_HUMAN,12.571428571428571,20.0,1.0,0.047366347911657454,0.7611745155663829,0.0,0.24528449999076354,3.721604238401572,0.0,0.04386711040817048,0.7427578053360938,0.0,0.06653205842658853,0.8311723392760672,0.0
SIR1_HUMAN,10.143167028199565,21.0,1.0,0.05401828048887173,0.9897743070394112,0.0,0.32159893845076487,8.271292652979412,0.0,0.040813605132620674,0.9882292934869594,0.0,0.08034095039704627,0.9208740568187574,0.0
MCRS1_HUMAN,8.666666666666666,15.0,2.0,0.05080737192471064,0.8418785609766141,0.0,0.2776108310779234,5.64440984654624,0.0,0.04256549243293103,0.8389006384150309,0.0,0.07629706238462626,0.8177039447245954,0.0
AP2M1_HUMAN,7.64,14.0,1.0,0.07151792849798276,0.9169819212855485,0.0,0.3897980238314453,4.862031532258352,0.0,0.06064898548597926,0.9098892912289136,0.0,0.10726515054572942,0.8077183396709369,0.0
MTMR8_HUMAN,5.4,15.0,2.0,0.0476225116268649,0.909007949348255,0.0,0.27748973540415883,6.099538768637404,0.0,0.04676032089600427,0.9069682241936199,0.0,0.10398601802791668,0.5917587381002016,0.0
PLPP_HUMAN,10.935483870967742,17.0,1.0,0.06114868647368028,0.9670245683518155,0.0,0.36773378990440725,4.669424575855105,0.0,0.05310820542086557,0.9579561367645436,0.0,0.0673086067870924,0.6977881546772031,0.0
MOCOS_HUMAN,1.0,1.0,1.0,0.16495412568802184,0.9897247541281311,0.0,1.2373324654320346,7.423994792592207,0.0,0.1648556875908508,0.9891341255451049,0.0,0.13419277354729905,0.8051566412837944,0.0
NEIL1_HUMAN,5.916666666666667,15.0,2.0,0.052427389410373025,0.510477765275879,0.0,0.33024803565356786,3.296860407547116,0.0,0.04829572465981187,0.49159052315058216,0.0,0.11992904452431559,0.5901639344262295,0.0
TRM2B_HUMAN,7.0,8.0,6.0,0.09886288814974097,0.5902090233291036,0.0,0.8759845508277561,5.2460489380022794,0.0,0.09785479138792408,0.5870996294501015,0.0,0.12190876043768771,0.5475591952384655,0.0
PGM2_HUMAN,4.142857142857143,6.0,2.0,0.09569420776281348,0.7917917037179888,0.0,0.6678171295580694,7.037808407230335,0.0,0.09226691207763812,0.7910964719781388,0.0,0.2127663144363459,0.7289444010755486,0.0
CERS2_HUMAN,4.0,7.0,1.0,0.09266491579021716,0.9235798987022101,0.0,0.5075698215407608,5.065839848443352,0.0,0.09177835021731472,0.9177533929473966,0.0,0.10651210494425885,0.8494266165558446,0.0
MRP8_HUMAN,4.9411764705882355,9.0,2.0,0.1482481149218463,0.842667854053817,0.0,0.9631332451415933,6.056979154218609,0.0,0.1380044578262024,0.8406947781028616,0.0,0.14148072279103643,0.7113163972286375,0.0
DUS3L_HUMAN,11.0,19.0,3.0,0.14683976963041903,0.8810386177825141,0.0,1.356070115983074,8.136420695898444,0.0,0.14679679213686866,0.8807807528212119,0.0,0.09720289727798383,0.5545809858694659,0.0
NUD11_HUMAN,0.0,0.0,0.0,0.0,0.0,0.0,0.0,0.0,0.0,0.0,0.0,0.0,0.0,0.0,0.0
EHMT2_HUMAN,8.592592592592593,20.0,1.0,0.02294047811532328,0.7442902700201023,0.0,0.12864386355077595,5.473832868872992,0.0,0.01662174420260437,0.7411678815702618,0.0,0.07117058611193616,0.8102554609403925,0.0
CEP19_HUMAN,4.5,11.0,2.0,0.03365670116037964,0.8564556916923871,0.0,0.14543242596961228,2.967964984859361,0.0,0.027488185291147462,0.8124271719572221,0.0,0.2044644885228714,0.6612466124661246,0.0
UB2E2_HUMAN,8.666666666666666,20.0,1.0,0.18919673693016437,0.7899909943477605,0.0,1.0918173986384803,4.122880869487035,0.0,0.17989997765858873,0.7771948912850091,0.0,0.2285460705555204,0.8311723392760672,0.0
KAD8_HUMAN,9.5,15.0,3.0,0.0820920235370654,0.8180978949452076,0.0,0.5689543290041398,5.679684923077141,0.0,0.08153320769073033,0.8153043899380776,0.0,0.10917130199735592,0.7263675368700199,0.0
SYNM_HUMAN,4.0,5.0,2.0,0.007125820433172748,0.010101138481523414,0.005605777382857976,0.00985836696425698,0.00985836696425698,0.00985836696425698,6.990381786067703e-05,9.909148724977009e-05,5.4992298053787764e-05,0.41114884291154485,0.5901639344262295,0.32164129715420253
NED4L_HUMAN,10.202898550724637,21.0,1.0,0.07739681211336251,0.948826144347862,0.0,0.47538569034046274,7.76046702921342,0.0,0.06873540296434101,0.9438526480248889,0.0,0.09433772375325908,0.9207186015217972,0.0
DGAT2_HUMAN,4.666666666666667,9.0,1.0,0.08749934683876327,0.9194272439001647,0.0,0.503172957112765,6.661854740545311,0.0,0.07532026159043864,0.9182515057366095,0.0,0.1698609235124604,0.8822265772216779,0.0
EGLN2_HUMAN,10.470588235294118,17.0,2.0,0.017550757239528224,0.8434618748812667,0.0,0.10889737517038187,5.428370494796234,0.0,0.016158338550540628,0.8397588715281294,0.0,0.04258103294158039,0.7457485828609537,0.0
OXLA_HUMAN,12.404761904761905,21.0,1.0,0.09685124037581631,0.9436843669559354,0.0,0.6193361028167734,5.541263545158426,0.0,0.09043800201739127,0.9392595894467644,0.0,0.09002751510052172,0.8629638399943874,0.0
PRPK_HUMAN,6.875,13.0,2.0,0.000625729475321314,0.0064498198101865176,0.0,0.001056253603313248,0.00985836696425698,0.0,6.138363951649939e-06,6.327229734088568e-05,0.0,0.06576841959749577,0.5901639344262295,0.0
KAD7_HUMAN,3.0,3.0,3.0,0.27269929831506917,0.8180978949452076,0.0,1.8932283076923804,5.679684923077141,0.0,0.27176812997935923,0.8153043899380776,0.0,0.24212251229000661,0.7263675368700199,0.0
TM237_HUMAN,6.454545454545454,13.0,3.0,0.0383292151507964,0.429315814641608,0.0,0.14598728084337742,1.6683484450222053,0.0,0.024834456662494266,0.34836478757293143,0.0,0.1485999714122784,0.48409733873831945,0.0
ALKB3_HUMAN,8.166666666666666,19.0,1.0,0.051204951970003396,0.9045446049208918,0.0,0.41673117179966135,7.6255950721324535,0.0,0.049874748535612703,0.9041033636501987,0.0,0.08783194448256963,0.9263145484555529,0.0
PASK_HUMAN,10.0,18.0,1.0,0.03128037237481286,0.8714212762181417,0.0,0.14178810520980262,3.598463818517505,0.0,0.028627390401191246,0.8475741978152411,0.0,0.0722544912594731,0.9270060375934089,0.0
RUVB1_HUMAN,8.283333333333333,16.0,2.0,0.04487092184582714,0.9140111669657376,0.0,0.27508683223857,6.917375522359127,0.0,0.036613719392932016,0.9131059066485051,0.0,0.08124676241317612,0.811787351628205,0.0
CP2S1_HUMAN,5.846153846153846,10.0,1.0,0.09196229280021789,0.9045825174092355,0.0,0.5589924445591099,5.07944550049913,0.0,0.08096481613118492,0.8989529757407893,0.0,0.10385211002702352,0.7469635627530365,0.0
RING2_HUMAN,6.92,12.0,2.0,0.07660577848633135,0.9216921015797732,0.0,0.43431322532153344,6.46539039861607,0.0,0.06966808300301472,0.9202575951725604,0.0,0.10175668987948339,0.6951219512195123,0.0
PNKP_HUMAN,9.405405405405405,20.0,1.0,0.07257627441000987,0.7863269005316934,0.0,0.3675678775865575,4.14415826793432,0.0,0.06467753884376494,0.7671547356934952,0.0,0.09122760085252836,0.9342509446824269,0.0
PKP4_HUMAN,4.417721518987341,9.0,1.0,0.03191753963993247,0.839781426956785,0.0,0.1509204449409796,4.624359880381233,0.0,0.02768240143373327,0.8102348088126657,0.0,0.3075524091175843,0.8581737315058547,0.0
HCD2_HUMAN,7.5851851851851855,17.0,1.0,0.09833273675815747,1.0,0.0,0.737451752508272,8.136420695898444,0.0,0.09102197474223597,0.9997073170731707,0.0,0.11101317529675879,0.8970590173006734,0.0
AMELX_HUMAN,7.4,13.0,1.0,0.13836923497761036,0.9636792496703134,0.0,1.0001476933169957,7.423994792592207,0.0,0.1351917021410974,0.9631041640140736,0.0,0.1554260474946251,0.8691220076055819,0.0
TEP1_HUMAN,3.2857142857142856,5.0,1.0,0.04372852086677065,0.7011479819122031,0.0,0.22015310540394792,3.848215780250319,0.0,0.03814540828585676,0.6862010928953509,0.0,0.13017460070080666,0.6612466124661246,0.0
TS101_HUMAN,9.218390804597702,20.0,1.0,0.03334209845584163,0.9893321961761488,0.0,0.1807725958929381,6.425465962481081,0.0,0.027155360818591153,0.9873079870791132,0.0,0.06951053945231277,0.9014674507734537,0.0
PARK7_HUMAN,10.35180995475113,21.0,1.0,0.046871098555242456,1.0,0.0,0.3007318521355644,9.36990494164752,0.0,0.03613736701704384,0.9999147485080989,0.0,0.07430923284234155,0.9342509446824269,0.0
DHRS9_HUMAN,4.615384615384615,10.0,1.0,0.2518356202982374,0.9782266387651464,0.0,1.8551661684076306,6.462444262326773,0.0,0.25013853573045663,0.9766996508412202,0.0,0.20390764620186883,0.8767343963496026,0.0
MGST2_HUMAN,6.368421052631579,10.0,1.0,0.04616913866316124,0.8479842901062933,0.0,0.16827857400417304,2.1799827709017134,0.0,0.03124467459331139,0.5846664310269255,0.0,0.07984073425739989,0.8145400593471811,0.0
ABCA3_HUMAN,10.048780487804878,16.0,1.0,0.05693116929207286,0.9776381925325762,0.0,0.3928999098306576,8.863285671414442,0.0,0.052845075744141566,0.9774998670796876,0.0,0.0728090911991232,0.9018276086524905,0.0
VKOR1_HUMAN,7.125,13.0,2.0,0.04776433511935033,0.9153915583085702,0.0,0.3919822012070617,8.136420695898444,0.0,0.041819528063480334,0.9151236388280897,0.0,0.08291184996739151,0.7289444010755486,0.0
PKP2_HUMAN,8.166666666666666,18.0,1.0,0.03420712849154652,0.9441484580156033,0.0,0.1888010557657321,6.234410725718371,0.0,0.027504051032646235,0.9422971865292982,0.0,0.08802006841560409,0.8767343963496024,0.0
GDF15_HUMAN,8.117647058823529,14.0,2.0,0.055128114751723266,0.841387852518785,0.0,0.2855899448842093,5.03917160136119,0.0,0.04133884512006304,0.8359364052219881,0.0,0.09787172011931573,0.8022677516103314,0.0
RIOK1_HUMAN,8.444444444444445,18.0,2.0,0.013905456934604168,0.24371997398993453,0.0,0.09533713639289994,1.751229928919574,0.0,0.009985625896084574,0.20141985116377978,0.0,0.08512404620771179,0.5901639344262295,0.0
DUS26_HUMAN,8.0,17.0,1.0,0.029911523082722196,0.8207811112798424,0.0,0.13138598554129358,4.455909491455025,0.0,0.02234954843177268,0.8112520427683984,0.0,0.07615266003804767,0.9053431877385351,0.0
PAIP2_HUMAN,0.0,0.0,0.0,0.0,0.0,0.0,0.0,0.0,0.0,0.0,0.0,0.0,0.0,0.0,0.0
SELO_HUMAN,4.0,4.0,4.0,0.031572472341652474,0.18943483404991485,0.0,0.11543808676284674,0.6926285205770805,0.0,0.015778046358163923,0.09466827814898353,0.0,0.07273264838495085,0.4363958903097051,0.0
MACD1_HUMAN,5.9,9.0,1.0,0.06893481025239617,0.9681366466381487,0.0,0.48814166165135586,7.76046702921342,0.0,0.05958267478651864,0.9677239711706985,0.0,0.09991509803327268,0.9018276086524903,0.0
NUD12_HUMAN,7.0,10.0,2.0,0.0761385933600313,0.9188531436190797,0.0,0.6196557087431149,7.848738623446663,0.0,0.0706353363219913,0.9184945667825454,0.0,0.09686510262912006,0.8665220754690119,0.0
TR61B_HUMAN,5.4,8.0,4.0,0.11260141468010687,0.6489630608742161,0.0,0.8788597800987288,5.2460489380022794,0.0,0.11040651431151154,0.6455441335291227,0.0,0.12262665401142069,0.6558834834460476,0.0
FSP1_HUMAN,6.805555555555555,12.0,2.0,0.021368566908190476,0.7855974033128182,0.0,0.1222563140614597,5.362571756415051,0.0,0.01697197636806324,0.7819138690261853,0.0,0.07460127822105567,0.6028864482163929,0.0
TINF2_HUMAN,9.666666666666666,19.0,1.0,0.04096612274163797,0.9557013209854599,0.0,0.2790952322162303,7.47699131029455,0.0,0.03851205896052909,0.9551604345141198,0.0,0.07575740585309974,0.8877111031261229,0.0
MTNA_HUMAN,2.0,2.0,2.0,0.0029866656693758923,0.010101138481523414,0.0,0.00492918348212849,0.00985836696425698,0.0,2.9298988786029664e-05,9.909148724977009e-05,0.0,0.29508196721311475,0.5901639344262295,0.0
MTND_HUMAN,4.0,6.0,2.0,0.0024112302740503656,0.007748200689397844,0.0,0.003943346785702792,0.00985836696425698,0.0,2.365400636714037e-05,7.600932619887542e-05,0.0,0.16362278155632157,0.5901639344262295,0.0
DUS23_HUMAN,2.0,2.0,2.0,0.1279459326364162,0.7676755958184972,0.0,0.664668152067678,3.9880089124060683,0.0,0.12557425193388752,0.7534455116033251,0.0,0.12117903930131003,0.7270742358078602,0.0
TPPP3_HUMAN,11.0,11.0,11.0,0.0,0.0,0.0,0.0,0.0,0.0,0.0,0.0,0.0,0.02987489886101948,0.08962469658305844,0.0
5NT1A_HUMAN,6.75,13.0,2.0,0.1295253342067219,0.8600445586027679,0.0,1.1071652626131223,7.76046702921342,0.0,0.124082776746746,0.8596779581941563,0.0,0.14895977404954114,0.9036166131032058,0.0
NSD3_HUMAN,5.5,12.0,1.0,0.20954809484517894,0.8949136235759707,0.0,1.7019926481218013,8.136420695898444,0.0,0.20885844706411835,0.8924689814822998,0.0,0.2367072639422671,0.8725083022593567,0.0
HDAC8_HUMAN,8.325,18.0,1.0,0.03655826547623988,0.9897743070394112,0.0,0.20353120313407858,6.462444262326773,0.0,0.030689978998266094,0.9882292934869594,0.0,0.06567322334211075,0.8145400593471811,0.0
DUS16_HUMAN,6.909090909090909,13.0,1.0,0.04162306710475186,0.9445872690059388,0.0,0.255194214684292,6.462444262326773,0.0,0.04017909098854403,0.9270778464585117,0.0,0.10666073910508131,0.8767343963496026,0.0
TRIM8_HUMAN,10.444444444444445,19.0,1.0,0.022415413583230515,0.7500176413652418,0.0,0.08868110435973167,3.119929699388038,0.0,0.01687532708911408,0.6155998455420273,0.0,0.057250109919308935,0.7469635627530365,0.0
ACE2_HUMAN,9.631336405529954,19.0,1.0,0.038419510811604295,1.0,0.0,0.2279608627820525,8.676757761087575,0.0,0.029353541542935936,0.9998294970161978,0.0,0.0712394060406614,0.8822150712845697,0.0
TRI15_HUMAN,12.227272727272727,17.0,5.0,0.033386927078198715,0.5877976331191074,0.0,0.20680728859718664,3.119929699388038,0.0,0.026596162682590834,0.5618403292865671,0.0,0.05260663432142685,0.5566778900112235,0.0
AGT2_HUMAN,10.4,18.0,2.0,0.05354552444203831,0.7343210441687823,0.0,0.46750958174425133,6.526982783464344,0.0,0.05266125372348286,0.7332464280065841,0.0,0.05779057771986555,0.7289444010755487,0.0
FTO_HUMAN,7.55,19.0,1.0,0.05357554226023856,0.943325077116592,0.0,0.3720077214191102,7.6255950721324535,0.0,0.047404646515997115,0.9428649185423887,0.0,0.10096557076420776,0.9263145484555529,0.0
SETD2_HUMAN,12.576470588235294,20.0,1.0,0.039317151197775964,0.8949136235759707,0.0,0.23920414254942757,5.902828474391351,0.0,0.03125019967387875,0.8924689814822998,0.0,0.06146937867802735,0.8102554609403925,0.0
NLRP1_HUMAN,10.034188034188034,19.0,1.0,0.023499953176953865,0.9038191839095616,0.0,0.11256378375642306,4.307309908620554,0.0,0.017060945739618413,0.8893334203481807,0.0,0.054546707093248936,0.7474299893654733,0.0
TRIM5_HUMAN,10.0,19.0,1.0,0.051744921987942304,0.8013543795914357,0.0,0.23269590383436412,4.307309908620554,0.0,0.045271455201905814,0.7747703163173529,0.0,0.0727126335885603,0.9228433163794378,0.0
SETD5_HUMAN,0.0,0.0,0.0,0.0,0.0,0.0,0.0,0.0,0.0,0.0,0.0,0.0,0.0,0.0,0.0
UBE2O_HUMAN,7.533333333333333,19.0,1.0,0.06332063094353846,0.948826144347862,0.0,0.2903949775930551,3.721604238401572,0.0,0.05753824283058993,0.9258691800748601,0.0,0.10286082788380024,0.8311723392760672,0.0
NDEL1_HUMAN,8.75,11.0,5.0,0.0064854709713943045,0.09416363945557231,0.0,0.031684598647669836,0.46541061275079054,0.0,0.002338068343214162,0.03504043360814776,0.0,0.03869712684060099,0.32464929859719444,0.0
NAA50_HUMAN,6.75,14.0,2.0,0.06114131249753448,0.9330355736532666,0.0,0.39677499956279105,5.902828474391351,0.0,0.05674897623030045,0.9304867935496284,0.0,0.10123015933319447,0.8425867158299837,0.0
5NT3A_HUMAN,4.545454545454546,10.0,2.0,0.014999225788533996,0.24451904685595216,0.0,0.0648018734509902,1.0330986333723322,0.0,0.0072320093796880425,0.12219609585840066,0.0,0.15214594919405983,0.5901639344262295,0.0
WWP1_HUMAN,12.0,14.0,10.0,0.006648841101219792,0.06648841101219792,0.0,0.024099156836706756,0.24099156836706756,0.0,0.001423860941710496,0.01423860941710496,0.0,0.02863609388086974,0.14025779597686075,0.0
GBA3_HUMAN,7.461538461538462,16.0,1.0,0.14752396018075262,0.9820031776534356,0.0,1.1955453428989513,7.983610580527631,0.0,0.14459043305108904,0.9816199569011805,0.0,0.13234575423440634,0.9103485076253972,0.0
TNKS2_HUMAN,8.903846153846153,21.0,2.0,0.034774486112818685,0.8823927655186197,0.0,0.22281640831420813,5.541263545158426,0.0,0.03270908047551475,0.8787819511328657,0.0,0.09740637764760658,0.8032556933080496,0.0
DHX36_HUMAN,8.216450216450216,19.0,1.0,0.0809652274844821,0.937598047512896,0.0,0.47042784782423885,5.541263545158426,0.0,0.07281193914814565,0.9339211924246101,0.0,0.10310955826273115,0.919700588290193,0.0
S12A5_HUMAN,6.666666666666667,14.0,2.0,0.014339121479513158,0.775389287200256,0.0,0.08886298071068804,4.8283137373023015,0.0,0.013987568656273298,0.769186172902654,0.0,0.07167466497205022,0.5901639344262295,0.0
LHPP_HUMAN,7.0,10.0,5.0,0.017196174648567677,0.24702802215839295,0.0,0.0474896836337063,0.6926285205770805,0.0,0.008237133610290735,0.12344993268831447,0.0,0.06592052367029654,0.3260343651138268,0.0
WNK1_HUMAN,10.639004149377593,19.0,1.0,0.04126605816255901,0.9434739051341976,0.0,0.22003305877881793,4.76473475565943,0.0,0.02551141620338579,0.9042622091744739,0.0,0.06910577147846841,0.9112468048849759,0.0
DUS15_HUMAN,2.25,3.0,2.0,0.16141605283619215,0.8737301207752347,0.0,0.8294523788820946,4.455909491455025,0.0,0.15827858691240995,0.8575341478047669,0.0,0.18296109129323526,0.8095557316107015,0.0
ALG2_HUMAN,3.2,6.0,1.0,0.14571053189280914,0.9610085871008484,0.0,1.2328805015933373,8.54188580400661,0.0,0.14480276398420422,0.9608210732301945,0.0,0.13458419806891303,0.7980378977845565,0.0
STPAP_HUMAN,7.560975609756097,17.0,1.0,0.049276616581958,0.932944373541288,0.0,0.29637534359195417,6.3741726680935304,0.0,0.04506857977556239,0.9313536755471853,0.0,0.08801540630860188,0.8745040399659452,0.0
CDT1_HUMAN,10.07843137254902,17.0,1.0,0.07953986526488942,0.9089833170325265,0.0,0.515866192818766,6.278862488289206,0.0,0.06900244738872628,0.90689102806749,0.0,0.10300278140785062,0.8881405661798354,0.0
ZDHC6_HUMAN,9.0,15.0,2.0,0.08724576648280973,0.7670994892449825,0.0,0.6711961405001106,5.968707559985366,0.0,0.08651614581973886,0.7651375979681411,0.0,0.09053991369049912,0.7446531835765599,0.0
3BHS7_HUMAN,7.0,7.0,7.0,0.0003740018957691738,0.0022440113746150427,0.0,0.0016430611607094966,0.00985836696425698,0.0,3.6689333735786603e-06,2.201360024147196e-05,0.0,0.03594907214779063,0.2156944328867438,0.0
FOXP1_HUMAN,10.522968197879859,16.0,1.0,0.06901958338836696,0.7987868469294064,0.0,0.36687455325379925,5.438079308923196,0.0,0.04890375822842202,0.795313860638409,0.0,0.11633509373835205,0.8400077820214826,0.0
RN167_HUMAN,10.985915492957746,20.0,1.0,0.04869095757503143,0.948826144347862,0.0,0.2511009169230097,4.848116364598481,0.0,0.04391227408579814,0.9258691800748601,0.0,0.07865199163883092,0.9007567540325453,0.0
DCR1B_HUMAN,4.409090909090909,9.0,1.0,0.09456226290455233,0.9169993916491965,0.0,0.6049653517069223,5.242770556602429,0.0,0.09129999561309193,0.9121525065441454,0.0,0.13012466609953033,0.9315637882432501,0.0
SR5A3_HUMAN,4.615384615384615,8.0,1.0,0.14627497456616476,0.9756890720223618,0.0,1.1447487532297338,8.136420695898444,0.0,0.14198963288592023,0.975403504489087,0.0,0.122146712806763,0.8581737315058544,0.0
IPPK_HUMAN,7.6,18.0,2.0,0.000982340736496313,0.010101138481523414,0.0,0.001408338137750997,0.00985836696425698,0.0,9.636696372741293e-06,9.909148724977009e-05,0.0,0.06724599316164477,0.5901639344262295,0.0
FN3K_HUMAN,5.75,8.0,2.0,0.03177226614892707,0.37386248649818077,0.0,0.1890805420471595,2.3443666270090007,0.0,0.023923024689611775,0.33800610991587443,0.0,0.09268062675622153,0.7456129129792652,0.0
ACSS3_HUMAN,5.333333333333333,8.0,1.0,0.055596010864638556,0.5491070536886642,0.0,0.09738802221315436,0.9541634882030295,0.0,0.033769438732114895,0.3376271593142062,0.0,0.12774185506254795,0.8822265772216779,0.0
ALG9_HUMAN,3.0,4.0,2.0,0.14390285248033718,0.8498874488660034,0.0,1.1504910759584814,7.848738623446663,0.0,0.14234786392425353,0.849555785471324,0.0,0.131925258822796,0.7984333920725305,0.0
CERS4_HUMAN,1.0,1.0,1.0,0.153929983117035,0.9235798987022101,0.0,0.8443066414072252,5.065839848443352,0.0,0.1529588988245661,0.9177533929473966,0.0,0.14157110275930743,0.8494266165558446,0.0
NAA60_HUMAN,9.11111111111111,14.0,1.0,0.0665642730902626,0.847128794672506,0.0,0.4949733291236316,6.884998291859521,0.0,0.060974714070307696,0.8462621667495673,0.0,0.08490466132485089,0.8528326387677239,0.0
MTD2L_HUMAN,0.0,0.0,0.0,0.0,0.0,0.0,0.0,0.0,0.0,0.0,0.0,0.0,0.0,0.0,0.0
EHMT1_HUMAN,7.071428571428571,13.0,1.0,0.06454625262158104,0.8703948229973169,0.0,0.3472848234114943,5.473832868872992,0.0,0.058266342166716695,0.8575724212146246,0.0,0.09001812524791701,0.8102554609403925,0.0
KT3K_HUMAN,0.0,0.0,0.0,0.0,0.0,0.0,0.0,0.0,0.0,0.0,0.0,0.0,0.0,0.0,0.0
NMNA1_HUMAN,5.571428571428571,9.0,2.0,0.05788988564806953,0.7043125250956234,0.0,0.38346839964793017,6.016157159698354,0.0,0.05185738878693191,0.7025946896685609,0.0,0.09041619267411662,0.7469266775724399,0.0
RNPL1_HUMAN,0.0,0.0,0.0,0.0,0.0,0.0,0.0,0.0,0.0,0.0,0.0,0.0,0.0,0.0,0.0
FYV1_HUMAN,9.868421052631579,15.0,1.0,0.06698852800459225,0.8712057584036852,0.0,0.4008808473715439,6.290594005400114,0.0,0.0595623275246601,0.8576875442587618,0.0,0.07998715186494014,0.9022741203107216,0.0
PLAT1_HUMAN,6.875,11.0,2.0,0.1048249005349835,0.7916148119521534,0.0,0.6204900263478672,5.060645714670917,0.0,0.09457438086062485,0.7813382363678764,0.0,0.11339200313870788,0.7709148701854421,0.0
CP4FB_HUMAN,8.592592592592593,16.0,1.0,0.13279764092510474,1.0,0.0,0.9586596669208745,8.676757761087575,0.0,0.12604521639655983,0.9998294970161978,0.0,0.12155204159941116,0.9358542773394203,0.0
CHM1A_HUMAN,8.697761194029852,18.0,1.0,0.028002807888095,0.9431365848692782,0.0,0.15662599550134684,6.594602130096076,0.0,0.02168602579687537,0.9412068936470394,0.0,0.08548302111839315,0.8877111031261228,0.0
NRK2_HUMAN,3.2857142857142856,5.0,2.0,0.01887237889326588,0.34265671658641605,0.0,0.14219451165916977,2.9269345430570235,0.0,0.015468101014936933,0.3243036885468119,0.0,0.15884744245249796,0.7772471309430466,0.0
SH22A_HUMAN,0.0,0.0,0.0,0.0,0.0,0.0,0.0,0.0,0.0,0.0,0.0,0.0,0.0,0.0,0.0
PRDM9_HUMAN,11.142857142857142,20.0,2.0,0.05520730461570028,0.8098132803626077,0.0,0.3831485401839406,5.902828474391351,0.0,0.053150059589155314,0.8076011074991781,0.0,0.0768057815427287,0.8831032805895337,0.0
ALG13_HUMAN,7.0,9.0,4.0,0.039398332884658056,0.5891410759373684,0.0,0.2444020335401606,3.656172136138152,0.0,0.03826272295843718,0.5739228537712113,0.0,0.06655282651860774,0.5208191961554292,0.0
EXOS4_HUMAN,7.078125,17.0,1.0,0.07580308539983133,0.9027701610183531,0.0,0.42216655828105315,5.399613028095399,0.0,0.0655451651026252,0.8921493355946077,0.0,0.13206592801430284,0.926930975736061,0.0
ACO13_HUMAN,0.0,0.0,0.0,0.0,0.0,0.0,0.0,0.0,0.0,0.0,0.0,0.0,0.0,0.0,0.0
PLCB1_HUMAN,8.642857142857142,16.0,1.0,0.039057101948535254,0.9845800492821958,0.0,0.24350646357040315,6.099538768637404,0.0,0.03328160450008031,0.9823707477081967,0.0,0.07775036289889857,0.9139871010928181,0.0
PRDM5_HUMAN,6.884615384615385,14.0,1.0,0.0771363106205061,0.9381156548996041,0.0,0.22913524167140842,3.0284570578416266,0.0,0.06254556185588336,0.8793334719199614,0.0,0.09061933640708383,0.9192078040018249,0.0
ASAH2_HUMAN,8.18918918918919,15.0,1.0,0.09304411780096634,0.975503581197641,0.0,0.5366629447523953,6.479533183751356,0.0,0.08820875790502296,0.9740066447559055,0.0,0.08612550505628683,0.7690147091433218,0.0
GEPH_HUMAN,6.157894736842105,11.0,1.0,0.036296891748540394,0.945300154531614,0.0,0.22408226678331605,6.6296934499073465,0.0,0.03227154610187178,0.9440518215444478,0.0,0.08610007706791725,0.8581737315058546,0.0
ACSA_HUMAN,7.8,13.0,5.0,0.009127730064135045,0.17807388356805892,0.0,0.046316632914497426,0.943074190311675,0.0,0.005183822860088289,0.1087267821069427,0.0,0.05321917408971434,0.35522606244126553,0.0
DUOX1_HUMAN,8.074074074074074,12.0,2.0,0.013256071305165274,0.24071409153502313,0.0,0.0691687108341091,1.0932558162256607,0.0,0.006310627970491063,0.16004511507942418,0.0,0.07682874335375574,0.5901639344262295,0.0
SIAS_HUMAN,9.0,9.0,9.0,0.07497577979222708,0.4498546787533625,0.0,0.609362022689692,3.656172136138152,0.0,0.07303906527585498,0.43823439165512984,0.0,0.04899144387017515,0.2939486632210509,0.0
FGF21_HUMAN,7.166666666666667,9.0,4.0,0.09370782181295138,0.20684458945376988,0.0,0.37651656898769686,1.14574142900966,0.0,0.0439324556991084,0.14107047874084902,0.0,0.16763097972971316,0.5266781411359723,0.0
ASH1L_HUMAN,5.285714285714286,9.0,1.0,0.08682074612798706,0.8949136235759707,0.0,0.460418919827711,5.902828474391351,0.0,0.0754377465351586,0.8924689814822998,0.0,0.18702093986011284,0.7690147091433218,0.0
PLPL3_HUMAN,7.7105263157894735,14.0,1.0,0.1283599126591426,0.9957209236950717,0.0,0.8679863048017477,7.983610580527631,0.0,0.12096004682448115,0.9938751971048077,0.0,0.11017642224946002,0.8898763796287162,0.0
CXB4_HUMAN,4.0,5.0,2.0,0.0043329201112058445,0.005235779795395973,0.0032233274642965186,0.00985836696425698,0.00985836696425698,0.00985836696425698,4.250565406455775e-05,5.136264667463874e-05,3.162062503295182e-05,0.41114884291154485,0.5901639344262295,0.32164129715420253
DUOX2_HUMAN,7.431818181818182,12.0,2.0,0.01749396842869354,0.7171313080965017,0.0,0.1054740138098911,5.362571756415051,0.0,0.01209939836264981,0.7137687998317697,0.0,0.09043768552065641,0.5901639344262295,0.0
SMYD2_HUMAN,9.23076923076923,20.0,1.0,0.08370592634255475,0.9978956339059626,0.0,0.4578720984248201,5.450843350648293,0.0,0.07964235877596691,0.993611984355537,0.0,0.08438324515919482,0.8122716484641974,0.0
EXD2_HUMAN,7.0,15.0,1.0,0.10400448274439696,0.9559751975911784,0.0,0.5766597453084664,7.037808407230335,0.0,0.09860128237904828,0.9522445626737495,0.0,0.11184569401446144,0.8785615469510204,0.0
DISC1_HUMAN,6.173913043478261,16.0,2.0,0.018857743243993353,0.8087758709544547,0.0,0.10966808053133108,5.307937609925028,0.0,0.014539787775368476,0.8047707081732343,0.0,0.13811807391130193,0.7025226082817705,0.0
ACER3_HUMAN,8.0,13.0,2.0,0.07014304674312878,0.8414237109887313,0.0,0.37156025450169583,6.804955584185985,0.0,0.06089304479738053,0.8404911868418554,0.0,0.08093203214296749,0.7652026442803662,0.0
PLAT2_HUMAN,6.714285714285714,11.0,2.0,0.13828660768002377,0.7863246855935918,0.0,0.7800744576088066,5.060645714670917,0.0,0.12257919782483816,0.7813382363678764,0.0,0.1383430754647303,0.7489758213511125,0.0
ADPRS_HUMAN,5.972972972972973,13.0,1.0,0.04297950372804469,0.7576854705745438,0.0,0.26776224390232434,5.209681293831405,0.0,0.036188523646319255,0.7535459206865268,0.0,0.10647813003806385,0.8581737315058546,0.0
DUS22_HUMAN,8.548387096774194,16.0,1.0,0.04246841161950236,0.8271547034305152,0.0,0.23195126966789945,5.140688422344454,0.0,0.03494994690279023,0.8223128222397025,0.0,0.0690846716444161,0.9043207230597774,0.0
CHST7_HUMAN,5.625,8.0,3.0,0.0857847437016678,0.6830329301346073,0.0,0.523520668564325,5.521460917862246,0.0,0.06889910554646539,0.6803007984140689,0.0,0.11415062341631209,0.6019108280254777,0.0
SETD4_HUMAN,5.0,5.0,5.0,0.002178569796149047,0.0065357093884471406,0.0,0.0032861223214189932,0.00985836696425698,0.0,2.1371622770315656e-05,6.411486831094696e-05,0.0,0.10721376571806751,0.32164129715420253,0.0
POTE1_HUMAN,10.247191011235955,20.0,1.0,0.08642724958105509,0.9855371910102497,0.0,0.6194643950954282,7.47699131029455,0.0,0.08354527139362261,0.9844795413418485,0.0,0.08559462375005301,0.906581895840458,0.0
RM22_HUMAN,10.0,11.0,8.0,0.0009924449922424328,0.0029773349767272983,0.0,0.0032861223214189932,0.00985836696425698,0.0,9.735818440146512e-06,2.9207455320439538e-05,0.0,0.11331505096064093,0.1672109732201176,0.08565646014232553
CDK12_HUMAN,12.88888888888889,21.0,1.0,0.03765465140275595,0.6154289253367122,0.0,0.19548061918789417,3.232177887561287,0.0,0.029562608030472646,0.5898510987812547,0.0,0.0533996080162018,0.8535674206438616,0.0
ZDHC7_HUMAN,9.414634146341463,16.0,2.0,0.06136157763743376,0.9497856969727899,0.0,0.3838106908128104,6.1918511112995755,0.0,0.046854336864978,0.9471911604347178,0.0,0.11042787262374824,0.8415857444405468,0.0
GRHL1_HUMAN,5.389830508474576,12.0,1.0,0.14695230931691708,0.9807273272270732,0.0,0.42463061617858566,3.0284570578416266,0.0,0.11618723998809102,0.8929881117083195,0.0,0.17357074126070665,0.8822265772216779,0.0
COQ3_HUMAN,4.2,8.0,1.0,0.1158693403214755,0.8144782741748893,0.0,0.9618778968772936,6.3446612266703895,0.0,0.11437117805210334,0.8130479708641432,0.0,0.13902484522858966,0.7895367788688193,0.0
SPHK1_HUMAN,9.22695035460993,19.0,1.0,0.037160906375030285,0.975503581197641,0.0,0.19331797862762562,6.479533183751356,0.0,0.02423565579788258,0.9740066447559055,0.0,0.07637332611738992,0.8043968119288388,0.0
ABI2_HUMAN,8.448275862068966,19.0,2.0,0.01657005759530941,0.4499316584772711,0.0,0.08929105215659261,2.9914787579959343,0.0,0.009926803303198336,0.41670255940729123,0.0,0.07214184688202682,0.6612466124661247,0.0
MSRB1_HUMAN,0.0,0.0,0.0,0.0,0.0,0.0,0.0,0.0,0.0,0.0,0.0,0.0,0.0,0.0,0.0
MARK1_HUMAN,7.945945945945946,15.0,1.0,0.057926374805562814,0.6908002996506707,0.0,0.2788791869533868,3.5617097173950616,0.0,0.04894798652079778,0.6711883106557102,0.0,0.08000951752819677,0.9092044860247547,0.0
SYLC_HUMAN,9.609756097560975,19.0,1.0,0.043510085953720246,0.9739022101762654,0.0,0.2917128785550595,6.002609111661047,0.0,0.037616810931697046,0.9684224534949667,0.0,0.07607814230900928,0.9283933530700347,0.0
GDE1_HUMAN,3.0,3.0,3.0,0.19930889349447944,0.5979266804834383,0.0,0.9210849184831019,2.7632547554493057,0.0,0.18673527191000247,0.5602058157300074,0.0,0.1335187108337458,0.4005561325012374,0.0
ITSN2_HUMAN,3.0,3.0,3.0,0.0015493436400527227,0.0046480309201581685,0.0,0.0032861223214189932,0.00985836696425698,0.0,1.5198956616090513e-05,4.559686984827154e-05,0.0,0.16023738872403562,0.4807121661721068,0.0
KANL3_HUMAN,7.6,13.0,1.0,0.09378009453424058,0.8418785609766141,0.0,0.44121933791185225,5.64440984654624,0.0,0.07844546458001059,0.8389006384150309,0.0,0.19673629432872647,0.8822265772216779,0.0
PEMT_HUMAN,4.2,7.0,1.0,0.14274106416244298,0.5491070536886642,0.0030692591999614233,0.29314990333588875,0.9541634882030295,0.00985836696425698,0.08557184189768724,0.3376271593142062,3.01092257506946e-05,0.4617933030809211,0.8822265772216779,0.2156944328867438
ZO2_HUMAN,7.064516129032258,14.0,2.0,0.016602447969204667,0.7239001604986703,0.0,0.10466414264171921,4.624359880381233,0.0,0.014317898240144055,0.7167987487463842,0.0,0.07501973293524591,0.6335416212956293,0.0
B4GT6_HUMAN,2.0,2.0,2.0,0.1422487263606226,0.8534923581637357,0.0,1.0094965257031014,6.056979154218609,0.0,0.14191565617207091,0.8514939370324255,0.0,0.12041619961276988,0.7224971976766192,0.0
AASS_HUMAN,4.5,8.0,1.0,0.15559601086463853,1.0,0.0,1.0208913206698098,9.235032984566555,0.0,0.1337596826345539,0.9999024390243902,0.0,0.20243452281979196,0.8822265772216779,0.0
PARP2_HUMAN,6.3125,12.0,1.0,0.07171946096089553,0.9094273185225145,0.0,0.48951818005786357,6.239300711012564,0.0,0.06663155340094339,0.8982579549271253,0.0,0.11485810206306613,0.8982416151090852,0.0
ABCD2_HUMAN,10.23076923076923,20.0,1.0,0.06073761478472305,0.873601332487034,0.0,0.3950446895274025,6.1918511112995755,0.0,0.05924420014156155,0.8718139128809225,0.0,0.0688685995562659,0.7762165681115394,0.0
DPOLL_HUMAN,3.25,4.0,2.0,0.1866250404570916,0.8198893716331157,0.0,1.0865455475538057,4.421145051269353,0.0,0.181037334557437,0.8100339239434082,0.0,0.18874963438254688,0.8023642208316696,0.0
DS13B_HUMAN,6.833333333333333,11.0,1.0,0.1649370192126991,0.9670245683518155,0.0,0.8791212871263188,4.669424575855105,0.0,0.15608221457895008,0.9579561367645436,0.0,0.14829668657071163,0.6180443872627853,0.0
DDX20_HUMAN,6.868421052631579,19.0,1.0,0.03441016671317906,0.9197321228190171,0.0,0.17573579815564516,5.935917737162375,0.0,0.02756354326122661,0.9173014582148065,0.0,0.11551292766691212,0.9053357554455115,0.0
GRHPR_HUMAN,7.714285714285714,14.0,1.0,0.06006428521297897,1.0,0.0,0.4992640939582018,9.235032984566555,0.0,0.058063313175404176,0.9999024390243902,0.0,0.09097994260398755,0.8691220076055819,0.0
MO4L1_HUMAN,10.153846153846153,20.0,5.0,0.03686950057926315,0.3858175268103847,0.0,0.24777747328351765,2.8743242545245775,0.0,0.030096199530557137,0.36403647792145244,0.0,0.07170339212462593,0.29820524620340544,0.0
UBQL2_HUMAN,9.789473684210526,17.0,2.0,0.0454496976084372,0.7290030075855491,0.0,0.3241787446719602,6.325382503924098,0.0,0.037920633433245,0.7276978871116108,0.0,0.0774203194274259,0.6373067043363042,0.0
NAT8_HUMAN,6.333333333333333,18.0,2.0,0.08759642098355443,0.8646324218764974,0.0,0.5484693403986478,7.289122835511241,0.0,0.0795373224460686,0.8640419411981427,0.0,0.11013536461157165,0.7934273268742522,0.0
CC14A_HUMAN,4.0,6.0,2.0,0.0032631899197199847,0.010101138481523414,0.0,0.005915020178554188,0.00985836696425698,0.0,3.201167303220103e-05,9.909148724977009e-05,0.0,0.24543417233448234,0.5901639344262295,0.0
ACSL6_HUMAN,6.333333333333333,11.0,2.0,0.039370670969190405,0.501198998575709,0.0,0.0930646675201185,1.1695002177256448,0.0,0.024548974918753578,0.3455656350600524,0.0,0.0909189118791634,0.6897407611693325,0.0
NUP50_HUMAN,5.0,7.0,3.0,0.0015606820541451576,0.003955894238568011,0.0,0.00492918348212849,0.00985836696425698,0.0,1.5310185693637388e-05,3.8807055681844474e-05,0.0,0.2915447222967013,0.4807121661721068,0.14597060314242272
GGT7_HUMAN,0.0,0.0,0.0,0.0,0.0,0.0,0.0,0.0,0.0,0.0,0.0,0.0,0.0,0.0,0.0
DP13A_HUMAN,6.826347305389222,16.0,1.0,0.050687904926828745,0.9991952469965311,0.0,0.20215044260358897,6.151029116779321,0.0,0.03663867642377935,0.967536982368149,0.0,0.10973343951811947,0.9022741203107216,0.0
CXD2_HUMAN,0.0,0.0,0.0,0.0,0.0,0.0,0.0,0.0,0.0,0.0,0.0,0.0,0.0,0.0,0.0
ACSL5_HUMAN,5.352941176470588,16.0,1.0,0.049979316884798675,0.8828303657513054,0.0,0.23038864707707146,6.750126334778554,0.0,0.037047303356016754,0.881796808249938,0.0,0.14289031676802333,0.9120738748269616,0.0
PADI3_HUMAN,3.7142857142857144,8.0,2.0,0.003315903495378884,0.010322665633987671,0.0,0.003943346785702792,0.00985836696425698,0.0,3.252878965423806e-05,0.00010126465367492529,0.0,0.19800797593398503,0.5901639344262295,0.0
INO80_HUMAN,11.503355704697986,20.0,1.0,0.06376840606518502,0.9440304754590594,0.0,0.314406158323486,5.121409699598162,0.0,0.05162783884323896,0.922145420710327,0.0,0.0837507010252521,0.9157215760618685,0.0
PRP19_HUMAN,9.146666666666667,19.0,1.0,0.0477688185811517,0.9469071871583268,0.0,0.25666679800080383,5.567448805410112,0.0,0.040305552824611894,0.9405655930170976,0.0,0.07967644685048197,0.9117341347403151,0.0
PADI4_HUMAN,5.857142857142857,14.0,1.0,0.1665495825819651,1.0,0.0,1.3881720682109207,8.54188580400661,0.0,0.16431655379260734,0.9998048780487805,0.0,0.17308661829428718,0.9022741203107214,0.0
CHIP_HUMAN,9.270491803278688,22.0,1.0,0.050508128491904086,0.9505561217028526,0.0,0.25135430792175284,5.140688422344454,0.0,0.04009040457011717,0.930134967170106,0.0,0.0899526545226608,0.9009441563054529,0.0
PLAT4_HUMAN,9.0,16.0,2.0,0.06918812551997369,0.7863246855935918,0.0,0.38969250173975317,5.060645714670917,0.0,0.0614342223772445,0.7813382363678764,0.0,0.08823606721299408,0.7522881326440255,0.0
RIMKB_HUMAN,0.0,0.0,0.0,0.0,0.0,0.0,0.0,0.0,0.0,0.0,0.0,0.0,0.0,0.0,0.0
PTPRQ_HUMAN,0.0,0.0,0.0,0.0,0.0,0.0,0.0,0.0,0.0,0.0,0.0,0.0,0.0,0.0,0.0
DUS12_HUMAN,6.571428571428571,14.0,2.0,0.041434660579725884,0.8737301207752347,0.0,0.17716636441466121,3.9880089124060683,0.0,0.03649645695094032,0.8575341478047669,0.0,0.0849323307726301,0.7270742358078602,0.0
MINP1_HUMAN,3.1379310344827585,11.0,1.0,0.36843280137408924,1.0,0.0,3.1150174145771428,8.54188580400661,0.0,0.3670060197667324,0.9998048780487805,0.0,0.3486771397069156,0.8822150712845697,0.0
PA24C_HUMAN,5.916666666666667,13.0,2.0,0.12064583325889437,0.9117415905219799,0.0,0.708256296493606,6.016157159698354,0.0,0.1109319461941805,0.909517830545097,0.0,0.13272792599325203,0.8329935129870658,0.0
CBPC1_HUMAN,3.5,6.0,1.0,0.0597286243356092,0.9823018280503345,0.0,0.4554297616725192,7.983610580527631,0.0,0.05585672835788461,0.9819668572649806,0.0,0.19858058970963383,0.9011774162194467,0.0
SMC3_HUMAN,5.189655172413793,17.0,1.0,0.029953420503286542,0.9710498276829105,0.0,0.22130099873415782,7.882456418402715,0.0,0.027388937494708714,0.9706834456321883,0.0,0.1257809427307776,0.8145400593471811,0.0
ENTP4_HUMAN,3.227272727272727,7.0,1.0,0.2178907421370559,0.9391008831784243,0.0,1.5888325209647445,7.067319848653476,0.0,0.21461868472931236,0.9380014479981179,0.0,0.2099713835293771,0.8767343963496026,0.0
LIPT_HUMAN,3.0,3.0,3.0,0.06967621304382958,0.4180572782629775,0.0,0.17793985779569219,1.067639146774153,0.0,0.04572018855910967,0.274321131354658,0.0,0.08344011456998568,0.5006406874199141,0.0
B3GN3_HUMAN,5.25,6.0,4.0,0.14008069053418834,0.698573700356606,0.0,0.9556851515658148,4.320048934397984,0.0,0.13588636397014214,0.6892832061319146,0.0,0.14203565273914387,0.6622716956662703,0.0
MTMR7_HUMAN,4.666666666666667,6.0,2.0,0.07760962834786986,0.6606417435722987,0.0,0.4314051926263423,3.9880089124060683,0.0,0.07357487698768725,0.6483957014963243,0.0,0.08706341280232034,0.5901639344262295,0.0
ATF5_HUMAN,7.19672131147541,15.0,1.0,0.06241809076561573,0.9440304754590594,0.0,0.19802405203099332,3.177542452172649,0.0,0.045701223312121335,0.862665188955299,0.0,0.08554297338561487,0.9157215760618685,0.0
RRP44_HUMAN,5.464285714285714,12.0,1.0,0.10451822932668621,0.9453108499177454,0.0,0.6452441850639021,7.322840630467292,0.0,0.0989071567438259,0.9446866763621707,0.0,0.11790073111047374,0.930733739163432,0.0
S27A6_HUMAN,17.0,17.0,17.0,0.0,0.0,0.0,0.0,0.0,0.0,0.0,0.0,0.0,0.01453270746184987,0.04359812238554961,0.0
GLCNE_HUMAN,9.0,9.0,9.0,0.0936203375160387,0.4498546787533625,0.0,0.7815451282517474,3.656172136138152,0.0,0.08504797943123099,0.43823439165512984,0.0,0.07685993940686142,0.2939486632210509,0.0
S27A5_HUMAN,10.142857142857142,16.0,4.0,0.04848900139423763,0.7551733085730717,0.0,0.35620061149932514,6.239300711012564,0.0,0.04781131996413961,0.753699799678295,0.0,0.0566913668426812,0.6145202571945814,0.0
CHKB_HUMAN,2.0,2.0,2.0,0.058497836557400394,0.35098701934440235,0.0,0.48782242384283725,2.9269345430570235,0.0,0.055364635360325966,0.3321878121619558,0.0,0.12954118849050777,0.7772471309430466,0.0
UB2D4_HUMAN,1.9545454545454546,2.0,1.0,0.42727577617238255,0.8408747531393611,0.0,2.4184128511775547,4.122880869487035,0.0,0.41875010185933836,0.8175051734698443,0.0,0.493907436970372,0.8311723392760672,0.0
GSTK1_HUMAN,6.571428571428571,10.0,3.0,0.03546714652070524,0.5690196649679996,0.0,0.19107367473871614,2.9301567013194223,0.0,0.03062774358772729,0.5386404610466783,0.0,0.10178110758784105,0.6335416212956295,0.0
TLN1_HUMAN,4.222222222222222,5.0,2.0,0.04007660508644171,0.7555359801688245,0.0,0.2291060279243948,4.070253748256779,0.0,0.03321990169033755,0.7426366722963011,0.0,0.1347088026450367,0.5901639344262295,0.0
ADIP_HUMAN,5.222222222222222,13.0,2.0,0.0818894176673624,0.8564556916923871,0.0,0.39339766717652175,3.5321744944815814,0.0,0.0742236111669123,0.8124271719572221,0.0,0.14747054361240094,0.6612466124661246,0.0
PADI2_HUMAN,7.954545454545454,15.0,2.0,0.022085486297147867,0.943325077116592,0.0,0.16140601654939224,7.6255950721324535,0.0,0.017079882657719148,0.9428649185423887,0.0,0.07769411555434545,0.6326974447909821,0.0
TRAF6_HUMAN,12.439222042139384,22.0,1.0,0.08411139442389359,0.948826144347862,0.0,0.5004217026632404,6.002609111661047,0.0,0.0691057518941497,0.9258691800748601,0.0,0.0930197919389559,0.9217551602033679,0.0
MSRB2_HUMAN,0.0,0.0,0.0,0.0,0.0,0.0,0.0,0.0,0.0,0.0,0.0,0.0,0.0,0.0,0.0
RN115_HUMAN,12.636363636363637,20.0,1.0,0.09330401412051967,0.948826144347862,0.0,0.4878463064168452,3.721604238401572,0.0,0.08734266247891069,0.9258691800748601,0.0,0.09884489648673093,0.8311723392760672,0.0
MMAC_HUMAN,5.92,11.0,2.0,0.03688811052383505,0.4976600410245229,0.0,0.2207030172295141,3.059165714460793,0.0,0.026788483955274958,0.47430643324571353,0.0,0.10670152736161874,0.6019108280254777,0.0
OARD1_HUMAN,6.666666666666667,10.0,1.0,0.036672921160297245,0.9681366466381487,0.0,0.2828776513720758,7.76046702921342,0.0,0.031184438398997944,0.9677239711706985,0.0,0.08090146736958732,0.9018276086524903,0.0
RL36_HUMAN,7.0,11.0,3.0,0.027543445713658587,0.4047926727200467,0.0,0.11253767859671461,1.6683484450222053,0.0,0.021903179137698278,0.32846568571185225,0.0,0.10727884114102544,0.6815541612682515,0.0
NFS1_HUMAN,5.864864864864865,11.0,1.0,0.03202606529289995,0.9630760542443768,0.0,0.20818923575452675,6.661854740545311,0.0,0.028823915122401733,0.9618444991877984,0.0,0.11694711820169863,0.8767343963496024,0.0
PKP3_HUMAN,5.585365853658536,17.0,1.0,0.039855265261019075,0.9449777705694534,0.0,0.18141466712152235,4.624359880381233,0.0,0.03405687019336872,0.9237902894390385,0.0,0.1291876811375206,0.8581737315058547,0.0
TLN2_HUMAN,7.0,7.0,7.0,0.20344667419691925,0.20344667419691925,0.20344667419691925,1.5005032290704319,1.5005032290704319,1.5005032290704319,0.15807442358318174,0.15807442358318174,0.15807442358318174,0.2770686742809841,0.2770686742809841,0.2770686742809841
CXA3_HUMAN,7.0,7.0,7.0,0.0,0.0,0.0,0.0,0.0,0.0,0.0,0.0,0.0,0.024328433857070453,0.14597060314242272,0.0
CEPT1_HUMAN,2.8,4.0,2.0,0.151998891303806,0.9144327779533088,0.0,0.8945826173317047,7.6255950721324535,0.0,0.1408011130394907,0.9139867131835755,0.0,0.14298261553374955,0.8136896536647991,0.0
ATG4B_HUMAN,6.153846153846154,11.0,1.0,0.0958413958938844,0.9579259267177356,0.0,0.5333003142497588,4.881268571915381,0.0,0.0863395077045729,0.9471461976191217,0.0,0.13363323071636082,0.8877111031261229,0.0
NUBP2_HUMAN,2.0,2.0,2.0,0.003367046160507805,0.010101138481523414,0.0,0.0032861223214189932,0.00985836696425698,0.0,3.3030495749923366e-05,9.909148724977009e-05,0.0,0.19672131147540983,0.5901639344262295,0.0
NEMO_HUMAN,7.837209302325581,18.0,1.0,0.040109867903960365,0.928449915490686,0.0,0.16756831124918972,5.497363366283186,0.0,0.030361154498235864,0.9246455353491632,0.0,0.07972725731991255,0.8581737315058546,0.0
NCOA3_HUMAN,7.258064516129032,16.0,2.0,0.014934887266015924,0.6992518080742719,0.0,0.09614828019230609,5.399613028095399,0.0,0.010531785664642124,0.6960923583020693,0.0,0.08648310367056299,0.8476278706909159,0.0
DUS10_HUMAN,8.227272727272727,16.0,2.0,0.0415889585901948,0.7179545040206013,0.0,0.27716646018880564,4.859045435130671,0.0,0.0391502631217322,0.7123846949953776,0.0,0.09115832412037998,0.8095557316107015,0.0
CLIC4_HUMAN,4.404761904761905,12.0,2.0,0.008922843785018583,0.7008713398095368,0.0,0.037765399737633695,3.2023884507591798,0.0,0.0058585691833957995,0.6723704336638292,0.0,0.24948411298320447,0.6900053664644756,0.0
SIR4_HUMAN,7.6,15.0,2.0,0.06783212447722706,0.8619024992806008,0.0,0.5108858814610353,5.473832868872992,0.0,0.062059207910491763,0.8582867131860578,0.0,0.08735408316529408,0.7289444010755487,0.0
EPN1_HUMAN,0.0,0.0,0.0,0.0,0.0,0.0,0.0,0.0,0.0,0.0,0.0,0.0,0.0,0.0,0.0
DNM3A_HUMAN,6.285714285714286,14.0,2.0,0.04522837100456874,0.7531750587187745,0.0,0.2401685416131843,5.632235323364153,0.0,0.03648565728280198,0.740559649098698,0.0,0.103161342357567,0.8378114083470829,0.0
ZW10_HUMAN,8.580246913580247,19.0,2.0,0.051409149387543526,0.6062553901949793,0.0,0.28922252087029526,4.066600033588445,0.0,0.04176823885788742,0.5894063486601486,0.0,0.09037203834084466,0.7690147091433218,0.0
PGP_HUMAN,10.5,17.0,2.0,0.06075299135565276,0.44867268167636826,0.0,0.5055648059180221,3.9880089124060683,0.0,0.05445948770944885,0.4403558222111478,0.0,0.09910077880665621,0.7469266775724398,0.0
A7UKY0_HUMAN,0.0,0.0,0.0,0.0,0.0,0.0,0.0,0.0,0.0,0.0,0.0,0.0,0.0,0.0,0.0
TLR4_HUMAN,10.729787234042552,19.0,1.0,0.06983655318523681,0.9617029496365477,0.0,0.38715603694983114,6.002609111661047,0.0,0.0598191511533405,0.9539962081816598,0.0,0.09027234071790553,0.9507841947194343,0.0
CLIC1_HUMAN,4.909090909090909,10.0,2.0,0.00076964493927118,0.0031663986947131485,0.0,0.0035208453443774934,0.00985836696425698,0.0,7.550164946866285e-06,3.106215764280227e-05,0.0,0.14198286706565702,0.5901639344262295,0.0
KITM_HUMAN,4.2,8.0,2.0,0.1291225182036991,0.9188531436190797,0.0,1.0134931348453604,7.848738623446663,0.0,0.12641567516546284,0.9184945667825454,0.0,0.11814320956070488,0.759681194995832,0.0
WWP2_HUMAN,11.208791208791208,21.0,1.0,0.051320741467677546,0.9188277287713658,0.0,0.2341238087741571,3.9672275597752416,0.0,0.042289782222243354,0.8765168323830648,0.0,0.06430058848117315,0.9009441563054529,0.0
FAAH1_HUMAN,3.0,3.0,3.0,0.12296356894822848,0.7377814136893709,0.0,0.6915915194281994,4.1495491165691964,0.0,0.12102424582329906,0.7261454749397943,0.0,0.09175162187210383,0.5505097312326229,0.0
P3C2B_HUMAN,3.6363636363636362,6.0,2.0,0.061933959950207035,0.8156074361452648,0.0,0.35946759646686055,6.290594005400114,0.0,0.05256725725040927,0.8140955784587516,0.0,0.23705893221278854,0.8040531219824183,0.0
ENPP3_HUMAN,7.133333333333334,14.0,2.0,0.08913165103833941,0.778084870201043,0.0,0.5786810833664948,4.9155576453940135,0.0,0.08439771802085211,0.7723802411441556,0.0,0.11649686802256377,0.7469266775724399,0.0
LECT2_HUMAN,4.5,7.0,2.0,0.00034785595512908704,0.0034785595512908706,0.0,0.000985836696425698,0.00985836696425698,0.0,3.4124434592675696e-06,3.41244345926757e-05,0.0,0.07361345375686522,0.5901639344262295,0.0
BHE40_HUMAN,7.0285714285714285,13.0,1.0,0.07418473703810323,0.9409226293738102,0.0,0.3093804778662747,6.278862488289206,0.0,0.05809727395803676,0.9391578980996224,0.0,0.10754726497724092,0.9192078040018249,0.0
DFB4A_HUMAN,7.285714285714286,13.0,1.0,0.14870353895966174,0.9372281883216647,0.0,0.8051827339901185,6.325382503924098,0.0,0.1398571651745092,0.9355502861942345,0.0,0.15156803383125508,0.9228433163794382,0.0
S27A2_HUMAN,7.943396226415095,20.0,1.0,0.10768320344657555,0.9119888909811539,0.0,0.7341841643034617,6.401819640510338,0.0,0.10487867256885747,0.9104763240400144,0.0,0.10940016514359369,0.9527145051622146,0.0
FANCA_HUMAN,4.375,10.0,2.0,0.004560446063931832,0.07323827444419904,0.0,0.012127687071772763,0.24099156836706756,0.0,0.0005792248802670173,0.01568410446750452,0.0,0.21130516093456927,0.5901639344262295,0.0
SMAD7_HUMAN,8.812765957446809,18.0,1.0,0.03572368512898144,0.917503243940209,0.0,0.20186516651448422,5.180250199621096,0.0,0.02616191847431862,0.9123408215957883,0.0,0.07691004690751753,0.8898763796287162,0.0
OGG1_HUMAN,9.904347826086957,23.0,1.0,0.054364117706628974,0.9610085871008484,0.0,0.287652743102147,8.54188580400661,0.0,0.047391170605902234,0.9608210732301945,0.0,0.07333063468448882,0.9034867086527795,0.0
MRP5_HUMAN,7.279569892473118,16.0,1.0,0.11787725462383879,0.9320880164789375,0.0,0.8056464105185067,6.278862488289206,0.0,0.10791088501692982,0.9293068501893583,0.0,0.12274728203085086,0.8145400593471811,0.0
CLOCK_HUMAN,8.3,18.0,1.0,0.04655349324420432,0.9409226293738102,0.0,0.20340368260962957,6.278862488289206,0.0,0.03630606420757519,0.9391578980996224,0.0,0.0805736755688456,0.9202459436448907,0.0
KLF4_HUMAN,9.772833723653395,16.0,1.0,0.1005804849831887,0.9440304754590594,0.0,0.4855173121415132,4.76473475565943,0.0,0.07554408591105483,0.8793334719199614,0.0,0.10541802648567437,0.9192078040018249,0.0
PEX1_HUMAN,7.774193548387097,15.0,2.0,0.02360291760933651,0.9524298469451191,0.0,0.16400588452911363,6.536691597591305,0.0,0.020166484775192173,0.9508871217028381,0.0,0.06017822650619511,0.5901639344262295,0.0
GANP_HUMAN,7.157894736842105,14.0,1.0,0.022304118801407518,0.9285799769137215,0.0,0.14983343335271815,6.099538768637404,0.0,0.02033615029406359,0.9264963340386956,0.0,0.07876302586923417,0.9305546419632899,0.0
ACSL4_HUMAN,7.0,19.0,1.0,0.08936655732091137,0.9119888909811539,0.0,0.4901952247419076,6.750126334778554,0.0,0.08370106144683202,0.9104763240400144,0.0,0.11358061443228959,0.9198808339571948,0.0
B4GT2_HUMAN,5.0,8.0,1.0,0.08793216315657189,0.5015908087879888,0.0028701912252093132,0.16724255383738573,0.9541634882030295,0.00985836696425698,0.051444353987332846,0.3084110443884832,2.8156382344174814e-05,0.3853362282101967,0.8822265772216779,0.18389336738766068
HPGDS_HUMAN,6.0,14.0,2.0,0.02078567897571465,0.656998349778716,0.0,0.0804082714267328,2.7534558552901234,0.0,0.01536539677258832,0.6151427475928133,0.0,0.09610834120434555,0.7469266775724398,0.0
LYPA1_HUMAN,5.333333333333333,16.0,2.0,0.05516611142239788,0.9667796293035035,0.0,0.28725790441590654,5.060645714670917,0.0,0.050199272708967145,0.9582908325583995,0.0,0.13157636319212757,0.7690147091433218,0.0
RDH16_HUMAN,5.0,8.0,1.0,0.13838726507292615,0.7977418162214417,0.0,0.8762401550433643,6.099538768637404,0.0,0.1354140766597934,0.7959517614143107,0.0,0.14649732742202284,0.8581737315058546,0.0
CBR3_HUMAN,9.4,15.0,2.0,0.01918157360887613,0.3927119073048753,0.0,0.14614400387738333,3.059165714460793,0.0,0.017827727341257316,0.37428318267915384,0.0,0.05054702251607618,0.5901639344262295,0.0
CXB3_HUMAN,4.0,4.0,4.0,0.004583862926515407,0.004583862926515407,0.004583862926515407,0.00985836696425698,0.00985836696425698,0.00985836696425698,4.496738615833641e-05,4.496738615833641e-05,4.496738615833641e-05,0.35773145904023274,0.35773145904023274,0.35773145904023274
PRP6_HUMAN,7.313432835820896,20.0,1.0,0.038809832553177395,0.8603324626607617,0.0,0.1963267746989928,6.248325893378243,0.0,0.032859749228576214,0.8545706737772156,0.0,0.09310316592254571,0.8822265772216779,0.0
ATG12_HUMAN,7.714285714285714,13.0,2.0,0.01146069111290854,0.2621877386058723,0.0,0.05689021125616951,0.9541634882030295,0.0,0.005424964017975118,0.16121027912110347,0.0,0.10643998116699176,0.7913049285428077,0.0
ATG7_HUMAN,8.426829268292684,15.0,1.0,0.047299835100519085,0.9579259267177356,0.0,0.22552315533978726,4.881268571915381,0.0,0.03908549633593019,0.9471461976191217,0.0,0.0953764338741747,0.8877111031261229,0.0
MRP6_HUMAN,8.882352941176471,19.0,2.0,0.03384703986964777,0.8186001215862785,0.0,0.19422873714575875,5.157495540660835,0.0,0.03069441339126388,0.8138881794230014,0.0,0.07874115830253693,0.7644244708611191,0.0
EPM2A_HUMAN,7.389830508474576,17.0,1.0,0.06473209653323539,1.0,0.0,0.3637151694251161,8.271292652979412,0.0,0.060425716106912476,0.9997442455242966,0.0,0.09601327792884332,0.9270060375934089,0.0
NDST3_HUMAN,10.0,10.0,10.0,0.04031500994342306,0.12094502983026918,0.0,0.34436621112411075,1.0330986333723322,0.0,0.02596679957526625,0.07790039872579875,0.0,0.04902366072514166,0.14707098217542497,0.0
CXB6_HUMAN,8.105263157894736,13.0,1.0,0.06064138035537549,0.9774402547399993,0.0,0.3531203719817821,7.289122835511241,0.0,0.05752810109773127,0.9767727345660305,0.0,0.08229524056650234,0.8767343963496025,0.0
CLIC3_HUMAN,7.4,14.0,3.0,0.01193516633667346,0.28862569165459007,0.0,0.034656775757790574,0.6926285205770805,0.0,0.005387296222807393,0.14423797711512695,0.0,0.06885223174123538,0.4807121661721067,0.0
GGPPS_HUMAN,2.6363636363636362,9.0,2.0,0.0015349851680913052,0.010101138481523414,0.0,0.0035208453443774934,0.00985836696425698,0.0,1.505810097453154e-05,9.909148724977009e-05,0.0,0.21477780285201636,0.5901639344262295,0.0
LDHA_HUMAN,5.333333333333333,9.0,2.0,0.036804438521319795,0.552066577819797,0.0,0.2482972029336189,3.7244580440042836,0.0,0.035916488299535185,0.5387473244930278,0.0,0.07169532127947596,0.7689950389744178,0.0
ACL6A_HUMAN,8.09375,16.0,2.0,0.074546997485973,0.8065245857414596,0.0,0.41933987693720626,5.64440984654624,0.0,0.05972051517664429,0.8036717185089637,0.0,0.11642197919129404,0.811787351628205,0.0
ABL1_HUMAN,10.024655547498186,22.0,1.0,0.04182630224948744,0.958467797821292,0.0,0.2197740256785303,6.143990531208238,0.0,0.02766979798838715,0.9387520749544332,0.0,0.07917439907177662,0.918056532758717,0.0
PGK1_HUMAN,12.3,25.0,2.0,0.029718180653778407,0.9469943287415625,0.0,0.1892146835230939,6.1918511112995755,0.0,0.0238595189589906,0.945056744437232,0.0,0.058070007778604556,0.8776478471668209,0.0
ASSY_HUMAN,9.7,18.0,2.0,0.05716181832191552,0.6841170285729339,0.0,0.46850980409206255,5.935917737162375,0.0,0.05294850020218057,0.6823090466559892,0.0,0.08803200542010867,0.7289444010755488,0.0
CAH1_HUMAN,4.5,8.0,1.0,0.2757713893396459,0.8809764140364922,0.0,2.031487216941722,5.738525423100074,0.0,0.2602229478940178,0.8781400997278869,0.0,0.3080252368316866,0.8581737315058547,0.0
A2MG_HUMAN,5.304347826086956,12.0,1.0,0.10176271163118265,0.8988864898098066,0.0,0.5605272555545755,4.944573543418163,0.0,0.07787746394210816,0.8924846640775026,0.0,0.2310349874367081,0.9103485076253973,0.0
IL1A_HUMAN,9.389830508474576,15.0,1.0,0.05464700358230343,0.8696040913260992,0.0,0.2508485917518619,3.6078535588673444,0.0,0.0372616411106096,0.8154113725912843,0.0,0.09284691040513907,0.9159069136626377,0.0
APOE_HUMAN,10.56869103773585,21.0,1.0,0.03549506222852705,1.0,0.0,0.22457562120470517,8.271292652979412,0.0,0.02650079508997051,0.9995737425404945,0.0,0.0675456629576417,0.8953160550667698,0.0
MT2_HUMAN,8.5,12.0,2.0,0.10867700823314949,0.4919696632814519,0.0,0.8980767221038455,4.339467020255086,0.0,0.10219379049037274,0.48555266767343297,0.0,0.11856309227581699,0.6211662019638744,0.0
P53_HUMAN,9.148036253776436,22.0,1.0,0.046690233437964565,0.9897601816826211,0.0,0.23070582202745032,6.730847612032263,0.0,0.032791939680563084,0.9857286673541207,0.0,0.0819491059927389,0.9283899505375983,0.0
GBA1_HUMAN,12.05511811023622,20.0,3.0,0.05302970877147831,0.7971972891448587,0.0,0.3391063398418124,5.211021858287849,0.0,0.04321245609282048,0.7921680820351639,0.0,0.06646429425394976,0.7567725535173806,0.0
PRIO_HUMAN,6.867647058823529,18.0,1.0,0.018809045004984117,0.9498290802105027,0.0,0.0912191889376259,5.708672459950393,0.0,0.012274606849370097,0.9333344874029447,0.0,0.09121635596554704,0.8822150712845697,0.0
TYSY_HUMAN,9.318181818181818,22.0,2.0,0.018256485203873858,0.4632809703178346,0.0,0.10556180404204384,3.2606573588831558,0.0,0.014087486623070392,0.4455080430677898,0.0,0.05318451748966433,0.7690147091433218,0.0
S10A8_HUMAN,9.365384615384615,16.0,1.0,0.02288142607588661,0.7542673416964213,0.0,0.12654544067699608,4.697076107185615,0.0,0.018451113242230373,0.7260930392569757,0.0,0.061084488366628234,0.8862693433100899,0.0
CP2E1_HUMAN,5.726027397260274,11.0,1.0,0.10816089413242978,1.0,0.0,0.7105194779197561,9.36990494164752,0.0,0.09520898155076013,0.9999147485080989,0.0,0.15792837463804543,0.882226577221678,0.0
ARGI1_HUMAN,10.166666666666666,20.0,2.0,0.059114291259620665,0.744484604463212,0.0,0.4046640767047432,4.209325321256918,0.0,0.055007012300069415,0.7334242521354323,0.0,0.10121577368966314,0.7352637196929906,0.0
GELS_HUMAN,9.53448275862069,20.0,1.0,0.027525263529521782,0.8924411269893194,0.0,0.18195847583681257,6.325382503924098,0.0,0.022265974679747787,0.8908434063016147,0.0,0.0775951158527576,0.8145400593471811,0.0
FYN_HUMAN,9.669491525423728,17.0,1.0,0.04777478652081507,0.8860081047947626,0.0,0.26733148171231674,4.98787830697364,0.0,0.03709461224173603,0.8774505630996716,0.0,0.08356292060056186,0.9092044860247547,0.0
CDK1_HUMAN,9.794749403341289,18.0,1.0,0.03671371807463361,1.0,0.0,0.2022373965322084,7.037808407230335,0.0,0.02927545712381201,0.9991219512195122,0.0,0.0773743780460455,0.9112468048849759,0.0
CRGD_HUMAN,12.0,12.0,12.0,0.0,0.0,0.0,0.0,0.0,0.0,0.0,0.0,0.0,0.04500307638217457,0.04500307638217457,0.04500307638217457
SYEP_HUMAN,8.782608695652174,20.0,1.0,0.03742337694166641,0.8124340731268925,0.0,0.231476664056815,5.935917737162375,0.0,0.030669768162545484,0.8102869754059263,0.0,0.07525895419423852,0.9198755093610019,0.0
MMP3_HUMAN,8.976744186046512,15.0,1.0,0.0751898980840329,0.9094297685073205,0.0,0.3759625837030859,3.916912990722338,0.0,0.06804053082663535,0.8747383500208461,0.0,0.08561755082603105,0.8710276516714818,0.0
CXB1_HUMAN,11.0,11.0,11.0,0.0,0.0,0.0,0.0,0.0,0.0,0.0,0.0,0.0,0.0237976491558386,0.0713929474675158,0.0
ABHD2_HUMAN,8.352941176470589,12.0,2.0,0.03059505171877709,0.6136262917945142,0.0,0.24334030648284585,4.816192376769957,0.0,0.028635280507471585,0.6086574154804708,0.0,0.05814298272070998,0.6576414429924093,0.0
GSTA1_HUMAN,9.0625,13.0,3.0,0.0575812331236664,0.7950183392507467,0.0,0.38388493729477063,5.0932388226314655,0.0,0.045895600442482636,0.7901384312860362,0.0,0.08138555453788408,0.6669810647336375,0.0
ENOG_HUMAN,3.75,9.0,1.0,0.17032008178746755,0.8479842901062933,0.0,0.6895560247172033,5.706343295517875,0.0,0.1420238140394588,0.8354046952017573,0.0,0.21104158507333848,0.8145400593471811,0.0
LEG1_HUMAN,8.64516129032258,19.0,1.0,0.030007457804676865,0.8506882966534166,0.0,0.13383684782693336,2.694081720012673,0.0,0.020978957757632505,0.7931779966324312,0.0,0.08133092629207825,0.6922661222529123,0.0
LPH_HUMAN,5.7,10.0,2.0,0.0878867828608964,0.8520481936846483,0.0,0.7889491897543783,7.983610580527631,0.0,0.08625999846498028,0.8517576401659153,0.0,0.10620466460436932,0.7372423573728157,0.0
JMJD7_HUMAN,4.555555555555555,6.0,2.0,0.07433617425055657,0.6628022048790579,0.0,0.43582799195237115,3.2663254245811886,0.0,0.06373529556925484,0.6375187256490372,0.0,0.1277362628593349,0.6586564718732935,0.0
UBB_HUMAN,8.027397260273972,20.0,1.0,0.05516352297750543,0.7837139446621603,0.0,0.2605736729383332,5.000457089180499,0.0,0.044513395544475726,0.7784357348046743,0.0,0.12851230748035541,0.8918621741714637,0.0
ESTD_HUMAN,6.0,6.0,6.0,0.0,0.0,0.0,0.0,0.0,0.0,0.0,0.0,0.0,0.05781391147244807,0.1734417344173442,0.0
CH60_HUMAN,8.92638036809816,24.0,1.0,0.033454059881276955,0.9391008831784243,0.0,0.19611085329766745,6.750126334778554,0.0,0.026333889478287235,0.9380014479981179,0.0,0.08232082486612709,0.8626615100641648,0.0
UMPS_HUMAN,6.0,8.0,2.0,0.006169369672674473,0.11186734634286967,0.0,0.050603511155481104,1.0330986333723322,0.0,0.003439381757993708,0.07205348493225615,0.0,0.0802932056157348,0.5901639344262295,0.0
HARS1_HUMAN,7.0,14.0,1.0,0.06550476434186704,0.8124340731268925,0.0,0.30252450573590606,5.935917737162375,0.0,0.05406823447865927,0.8102869754059263,0.0,0.0995276937828031,0.9198755093610019,0.0
CP2C9_HUMAN,6.21978021978022,11.0,1.0,0.14383458038883834,0.8858854774881086,0.0,0.8646233041516518,5.904169038847795,0.0,0.12533606113825613,0.8787119658167415,0.0,0.1651665879489954,0.8860993869413405,0.0
PCNA_HUMAN,7.323529411764706,19.0,1.0,0.033235170189462766,0.9238699672263766,0.0,0.1865098592445156,6.666061094078222,0.0,0.025215579282726525,0.9226935068615645,0.0,0.08919817020212205,0.841611758743031,0.0
IMDH2_HUMAN,5.647058823529412,13.0,2.0,0.015133117104662993,0.6261661532766101,0.0,0.06818164086264489,2.9301567013194223,0.0,0.01318386211451519,0.5927359742684922,0.0,0.12734152682990094,0.5901639344262295,0.0
ENOB_HUMAN,3.75,9.0,1.0,0.17032008178746755,0.8479842901062933,0.0,0.6895560247172033,5.706343295517875,0.0,0.1420238140394588,0.8354046952017573,0.0,0.21104158507333848,0.8145400593471811,0.0
DHB1_HUMAN,6.28125,14.0,1.0,0.07855799615675191,0.9003138398339952,0.0,0.4621072689323022,5.976936446545072,0.0,0.06758253620905741,0.8980112468932432,0.0,0.13038312541991162,0.841611758743031,0.0
HEM2_HUMAN,8.421052631578947,16.0,1.0,0.05843233791942297,0.950089416770921,0.0,0.37544741313447694,6.59731621940774,0.0,0.053726556874760995,0.9487934721274142,0.0,0.07728901356800462,0.9318239333990729,0.0
KPYM_HUMAN,7.513513513513513,23.0,1.0,0.024169096135285336,0.6329328514776517,0.0,0.12136935519086024,3.1805936382971836,0.0,0.019697315686651774,0.5927359742684922,0.0,0.08722301917388685,0.8822265772216779,0.0
TRI27_HUMAN,10.891891891891891,22.0,1.0,0.045323568170974035,0.948826144347862,0.0,0.23938787534931577,4.1495491165691964,0.0,0.03696508584089014,0.9258691800748601,0.0,0.07158384003410764,0.8311723392760672,0.0
SUIS_HUMAN,5.8,11.0,2.0,0.039733513908241015,0.8257247250633788,0.0,0.36453191300120114,7.6255950721324535,0.0,0.03930509874174227,0.8253219325145674,0.0,0.08046175305522277,0.7068849541869557,0.0
B4GT1_HUMAN,7.373493975903615,14.0,1.0,0.05326215490918898,0.8578481802021399,0.0,0.32444771528014116,6.325382503924098,0.0,0.04611016052473337,0.8476525597045246,0.0,0.09635907532897743,0.9022741203107212,0.0
PO2F1_HUMAN,5.588235294117647,12.0,1.0,0.0863272222669376,0.9406140459073633,0.0,0.2725777519124094,3.2843904319788275,0.0,0.0701917132882179,0.8792064185851247,0.0,0.11678887523288492,0.8822265772216779,0.0
RS2_HUMAN,5.833333333333333,11.0,2.0,0.011205176128192539,0.18187269490491292,0.0,0.04445784234134475,0.7651410662683298,0.0,0.004596971962583508,0.09725309666086125,0.0,0.09169204048498117,0.5901639344262295,0.0
PGAM2_HUMAN,11.714285714285714,20.0,3.0,0.11587459348451204,0.9469943287415625,0.0,0.7660150380082326,6.1918511112995755,0.0,0.11518124114266273,0.945056744437232,0.0,0.06913214005754797,0.8776478471668209,0.0
CBR1_HUMAN,7.523809523809524,17.0,1.0,0.08575877019431814,0.7810300183515047,0.0,0.5804993403926226,4.76912486591197,0.0,0.07599787848843517,0.7744007879518382,0.0,0.11463863087412812,0.8581737315058544,0.0
HMGA1_HUMAN,7.286666666666667,18.0,1.0,0.03439412788325223,0.9593053079729797,0.0,0.15804471122746194,6.595975654951296,0.0,0.02593004287168401,0.9579950373084313,0.0,0.09099116531873135,0.8822150712845697,0.0
NCK1_HUMAN,10.858108108108109,21.0,1.0,0.04760290491428275,0.8975616151023265,0.0,0.2972922245967,7.423994792592207,0.0,0.03840926047632834,0.8970259858350019,0.0,0.06611107270366127,0.83465154596253,0.0
PLCG2_HUMAN,9.40983606557377,19.0,1.0,0.04218690933543128,0.9845800492821958,0.0,0.22690102347996732,6.099538768637404,0.0,0.029367428859050325,0.9823707477081967,0.0,0.08699348486378448,0.9139871010928181,0.0
CXA1_HUMAN,7.698275862068965,18.0,1.0,0.04010803265589248,0.9774402547399993,0.0,0.21754026503259202,7.289122835511241,0.0,0.032217291910341186,0.9767727345660305,0.0,0.08718380460257567,0.8822265772216779,0.0
RCC1_HUMAN,6.285714285714286,15.0,1.0,0.04660767860777172,0.9040647355169065,0.0,0.2584408970817284,5.902828474391351,0.0,0.040103725418262647,0.9015950952637871,0.0,0.08910803629636814,0.7319592934413987,0.0
RL7_HUMAN,6.133333333333334,11.0,3.0,0.03518282363220735,0.7710717713151337,0.0,0.14421559789036387,3.848215780250319,0.0,0.02449341516748997,0.7546342652719115,0.0,0.09282052381815947,0.6815541612682515,0.0
TFEB_HUMAN,10.333333333333334,19.0,1.0,0.037221861498218295,0.9440304754590594,0.0,0.1459747069351132,4.74493212836325,0.0,0.030328758142380903,0.9065425359794491,0.0,0.06123730843702429,0.9157215760618685,0.0
HXK1_HUMAN,10.666666666666666,19.0,1.0,0.08566301979269506,0.9045446049208918,0.0,0.6664105337019289,7.6255950721324535,0.0,0.08126124676477434,0.9041033636501987,0.0,0.07396671021663623,0.9022741203107212,0.0
GGT1_HUMAN,6.548387096774194,11.0,2.0,0.15405348134277247,0.8533388297104424,0.0,0.9936282868401831,7.289122835511241,0.0,0.13272289577179253,0.8527560617291767,0.0,0.16111320013685262,0.7442353155851091,0.0
E2AK2_HUMAN,9.144329896907216,18.0,1.0,0.046354772982233824,0.958467797821292,0.0,0.21202836853090046,4.307309908620554,0.0,0.04074755490399472,0.9189745917556201,0.0,0.07430366863316822,0.9270060375934089,0.0
CEL_HUMAN,3.5,6.0,1.0,0.14382294593188236,0.7747741995519165,0.0,0.7001806193357698,5.968707559985366,0.0,0.12001225944922722,0.7727926798599678,0.0,0.1089966804280639,0.7641509433962265,0.0
TYPH_HUMAN,9.285714285714286,13.0,4.0,0.05305798877409592,0.473047067715933,0.0,0.44728471023147864,4.008612775938096,0.0,0.04777463523756583,0.46445721047607846,0.0,0.1046358398418114,0.4746006965293625,0.0
TNAP3_HUMAN,12.466019417475728,22.0,1.0,0.07628982368429704,0.949124614446849,0.0,0.4743553279677366,5.052416828111211,0.0,0.0640836526094671,0.9405476997723933,0.0,0.0938325114216734,0.9009441563054525,0.0
ERBB3_HUMAN,6.166666666666667,13.0,1.0,0.05387391973062057,0.7199429750229995,0.0,0.2445143626621141,4.804216185723241,0.0,0.03429966011116149,0.7140429545447623,0.0,0.11441542600597676,0.841611758743031,0.0
FLNA_HUMAN,9.316770186335404,20.0,1.0,0.027481723137797037,0.9792384787305959,0.0,0.14219726495422655,4.393171199226947,0.0,0.017724521575776836,0.9630929857642084,0.0,0.06895531264939149,0.8581737315058547,0.0
ENPP1_HUMAN,10.310502283105023,21.0,1.0,0.03968818002100158,0.9464816828478027,0.0,0.23358238188131075,6.972009668849151,0.0,0.03325425800511258,0.9455941041170843,0.0,0.0638355108547877,0.8112352763515558,0.0
RS4Y1_HUMAN,4.0,5.0,2.0,0.001646870141468754,0.010101138481523414,0.0,0.002957510089277094,0.00985836696425698,0.0,1.6155685017474023e-05,9.909148724977009e-05,0.0,0.12334465287346345,0.5901639344262295,0.0
PGH1_HUMAN,4.0,4.0,4.0,0.0005858958160819811,0.0035153748964918863,0.0,0.0016430611607094966,0.00985836696425698,0.0,5.747598441024966e-06,3.4485590646149793e-05,0.0,0.06784335355763928,0.4070601213458357,0.0
NDKB_HUMAN,7.430379746835443,19.0,1.0,0.02923122871988453,0.9440304754590594,0.0,0.13010939471516855,5.968707559985366,0.0,0.020455672315651197,0.9375828117786291,0.0,0.08388840989830479,0.9157215760618685,0.0
CP7A1_HUMAN,13.666666666666666,18.0,5.0,0.05534817278426492,0.7534865158855628,0.0,0.3184476175431886,4.294731126413694,0.0,0.05064279631373987,0.7432087799485049,0.0,0.04171368505992098,0.4055167885693515,0.0
RPB1_HUMAN,8.571428571428571,18.0,2.0,0.044091231080628845,0.8547731772618473,0.0,0.2128213207296283,6.143990531208238,0.0,0.03095546391129176,0.8529385421496756,0.0,0.0921155911141508,0.8077183396709371,0.0
SYWC_HUMAN,8.214285714285714,15.0,3.0,0.02889446741114614,0.3168157616285704,0.0,0.10702895095673577,1.3447156197566865,0.0,0.015972746675410834,0.23047470833876815,0.0,0.05440031605491969,0.493927125506073,0.0
RS12_HUMAN,6.5,13.0,1.0,0.03453006781360401,0.623360717807712,0.0,0.13903655285238464,3.848215780250319,0.0,0.024662627467538823,0.6100720773111272,0.0,0.13035062587108953,0.8822265772216779,0.0
MT3_HUMAN,10.503030303030304,18.0,1.0,0.05573934466506966,0.9380847769560461,0.0,0.2901355792728814,6.0377004314723175,0.0,0.044170689773596394,0.9292077598851065,0.0,0.0761104776939705,0.7978799856270212,0.0
PON1_HUMAN,8.125,16.0,1.0,0.03535605533702492,0.9419461510817606,0.0,0.23055877134588107,7.0174589809161105,0.0,0.031307838367828154,0.9411020735045048,0.0,0.06414775198837656,0.8691220076055819,0.0
RL13_HUMAN,6.818181818181818,11.0,3.0,0.029511685856279054,0.4047926727200467,0.0,0.11011359239532632,1.6683484450222053,0.0,0.019019293954895256,0.32846568571185225,0.0,0.10415929522074101,0.6815541612682515,0.0
TTP_HUMAN,10.773255813953488,20.0,2.0,0.06976377206692125,0.8376924366380958,0.0,0.45410931144729966,5.706343295517875,0.0,0.05680104454407426,0.8304795691103509,0.0,0.09708470966206476,0.9281301863557367,0.0
KAD4_HUMAN,8.407407407407407,18.0,1.0,0.16475876573600415,0.9398847733278023,0.0,1.1408117362590375,6.462444262326773,0.0,0.16034561700102293,0.9384176361206564,0.0,0.15869689906000245,0.9056175241528535,0.0
P85A_HUMAN,9.923529411764706,22.0,1.0,0.04389638778372123,0.6940667225404873,0.0,0.2606887298513649,4.02757068968271,0.0,0.028514378077809637,0.68170014581321,0.0,0.08640486091732438,0.8924683082598104,0.0
1433T_HUMAN,4.0,6.0,2.0,0.0011792944522196172,0.0065357093884471406,0.0,0.001971673392851396,0.00985836696425698,0.0,1.156879904078107e-05,6.411486831094696e-05,0.0,0.13977828464838185,0.5901639344262295,0.0
APEX1_HUMAN,7.619354838709677,20.0,1.0,0.07369103480251951,0.9216951828222412,0.0,0.469791178404631,7.037808407230335,0.0,0.06756727014117364,0.9155805220971766,0.0,0.09828270113032739,0.9342509446824269,0.0
DPOD1_HUMAN,6.855263157894737,14.0,1.0,0.09564749521550059,0.9490644979655047,0.0,0.5708816166674622,5.399613028095399,0.0,0.08993502706486323,0.9397599440638822,0.0,0.12486106226211328,0.9307337391634319,0.0
DHI1_HUMAN,10.666666666666666,13.0,9.0,0.015188115801941153,0.09112869481164691,0.0,0.06714717976060919,0.40288307856365513,0.0,0.005036527376663216,0.030219164259979298,0.0,0.05242694920285108,0.17077650666011024,0.0
PRDX6_HUMAN,8.307692307692308,18.0,2.0,0.00895890096629337,0.2825044478424555,0.0,0.04619793631203257,1.0330986333723322,0.0,0.005037952130013553,0.15106408571946328,0.0,0.061554679968559026,0.5901639344262295,0.0
BLVRB_HUMAN,5.5,13.0,2.0,0.012592065159670741,0.3441727726660028,0.0,0.09936251307663807,3.059165714460793,0.0,0.008884065332042545,0.3280218357243104,0.0,0.10021729110645639,0.5901639344262295,0.0
C2TA_HUMAN,8.984126984126984,19.0,1.0,0.04955120310665255,0.952319255778721,0.0,0.24195264979335673,3.4389752338011825,0.0,0.0402037542962498,0.9169208522224582,0.0,0.08105871583761111,0.8581737315058547,0.0
CGL_HUMAN,10.490196078431373,20.0,1.0,0.10034163154763816,0.9615913927146821,0.0,0.875829983862181,8.676757761087575,0.0,0.09127579587027561,0.9614274385130257,0.0,0.0999353724380535,0.9665026493456605,0.0
GLYM_HUMAN,10.213483146067416,20.0,1.0,0.027550132922692053,0.9695966380124317,0.0,0.1592589653584324,6.536691597591305,0.0,0.02076983347257698,0.966372414752164,0.0,0.06552035909309116,0.8822150712845696,0.0
CXA4_HUMAN,6.0,6.0,6.0,0.0007106574490708512,0.0021319723472125536,0.0,0.0032861223214189932,0.00985836696425698,0.0,6.971501646311249e-06,2.0914504938933747e-05,0.0,0.09482509395779128,0.28447528187337384,0.0
MRP1_HUMAN,6.713178294573644,15.0,1.0,0.09442659013412977,0.9197926217651122,0.0,0.5797937565777661,6.234410725718371,0.0,0.08350746146013761,0.9144982056983667,0.0,0.11890067698399528,0.8962965421119002,0.0
RL4_HUMAN,5.777777777777778,11.0,1.0,0.0939593976806184,0.7710717713151337,0.0,0.3632913516273402,3.848215780250319,0.0,0.06731761108342091,0.7546342652719115,0.0,0.22366767905416196,0.8862693433100899,0.0
LONM_HUMAN,7.132075471698113,12.0,1.0,0.03621528220252837,0.7370998505072992,0.0,0.18279155481802511,3.713572066704308,0.0,0.025751018444797175,0.7191218053729748,0.0,0.08444594931692058,0.9121628458675781,0.0
TGFR1_HUMAN,9.01108647450111,18.0,1.0,0.043306084827341246,0.9450717662776729,0.0,0.19723766836205694,7.289122835511241,0.0,0.02983975074797098,0.9444263514128979,0.0,0.07521379391306393,0.9336072609224023,0.0
PPARG_HUMAN,9.671189146049482,21.0,1.0,0.055914076504162566,0.9749819977057395,0.0,0.2886264520276236,6.111808403626039,0.0,0.03894280683895493,0.9728209122888298,0.0,0.08451699791894589,0.9157215760618685,0.0
HSPA9_HUMAN,9.851851851851851,16.0,1.0,0.03695802009799809,0.8722772511348844,0.0,0.19429178789539017,6.002609111661047,0.0,0.029436459102473795,0.8701207259615757,0.0,0.06266081147947104,0.758574831630626,0.0
MDHM_HUMAN,9.142857142857142,12.0,6.0,0.05046322161641926,0.34038971245307964,0.0,0.3540053129345096,2.5843172966395915,0.0,0.03614343704121085,0.314708135682323,0.0,0.08001633129962167,0.35020040957065096,0.0
GARS_HUMAN,8.0,11.0,2.0,0.020985286045237153,0.3482217922193998,0.0,0.10814454988113331,2.0653889951873663,0.0,0.014111080368652829,0.2468489446742495,0.0,0.06374680298212278,0.6612466124661246,0.0
ECHA_HUMAN,9.3,12.0,4.0,0.02753644469046517,0.4029263613757733,0.0,0.18263599750199713,2.7632547554493057,0.0,0.02028693000793688,0.3775073070349317,0.0,0.04541823926112988,0.4247099241589422,0.0
PLPL4_HUMAN,7.0,12.0,1.0,0.2074293904855799,0.8438985227930553,0.0,1.4818908032420757,5.939196118562225,0.0,0.18976636409293635,0.8416755705866736,0.0,0.21545982611132983,0.8767343963496025,0.0
AK1C3_HUMAN,9.741794310722101,20.0,1.0,0.08725751931115577,0.9520749297762028,0.0,0.6250017667869033,6.884998291859521,0.0,0.07739138837059448,0.951100940078222,0.0,0.09352076135020386,0.7727657150477032,0.0
PK3CB_HUMAN,9.38812785388128,18.0,1.0,0.04028586562412743,0.6329328514776517,0.0,0.214451625645871,3.247412132133135,0.0,0.02330726601021424,0.5849594239425042,0.0,0.09748341751220418,0.8822265772216779,0.0
CACP_HUMAN,7.230769230769231,13.0,2.0,0.05473986788371599,0.5911320923689432,0.0,0.384764975045317,4.1495491165691964,0.0,0.04767397450907297,0.581809037203704,0.0,0.09961189136579769,0.8361420766173432,0.0
RAGP1_HUMAN,6.6938775510204085,16.0,2.0,0.00728007229531441,0.2552955067625106,0.0,0.03711797465941218,1.751229928919574,0.0,0.003079713223769723,0.21098633047207818,0.0,0.09268670739108534,0.5901639344262295,0.0
MAGAB_HUMAN,4.0,5.0,2.0,0.006905781466459273,0.010101138481523414,0.005279399374309956,0.00985836696425698,0.00985836696425698,0.00985836696425698,6.774525043736888e-05,9.909148724977009e-05,5.1790551801937155e-05,0.41114884291154485,0.5901639344262295,0.32164129715420253
CBX5_HUMAN,5.108108108108108,15.0,1.0,0.028157609740604047,0.9381156548996041,0.0,0.08498532242218122,2.7700344424346843,0.0,0.022394022242359635,0.8793334719199614,0.0,0.11717459884906599,0.9192078040018249,0.0
SYQ_HUMAN,9.821428571428571,20.0,1.0,0.024851603546456772,0.8124340731268925,0.0,0.14327369729164458,5.935917737162375,0.0,0.02182393533668679,0.8102869754059263,0.0,0.06079940039538422,0.9198755093610019,0.0
RL5_HUMAN,8.921739130434782,21.0,1.0,0.03349235625721162,0.7710717713151337,0.0,0.16895519721848598,5.242770556602429,0.0,0.02630658018781681,0.7546342652719115,0.0,0.07082993060866498,0.778784938924335,0.0
PAXI_HUMAN,7.036363636363636,17.0,1.0,0.030919164706193384,0.8603101548149529,0.0,0.15449066228689262,4.070253748256779,0.0,0.021719578912648658,0.8456220316228097,0.0,0.09333672578594858,0.841611758743031,0.0
FAS_HUMAN,7.428571428571429,13.0,3.0,0.035480874810994274,0.5322159941713653,0.0,0.24614515728065606,4.099234547516293,0.0,0.03340456351216087,0.4986405606089774,0.0,0.0695146694618095,0.5194583560726896,0.0
HINT1_HUMAN,7.081081081081081,19.0,2.0,0.022084808441233516,0.4238453737804171,0.0,0.0985975537659945,2.0811991829877114,0.0,0.014633318538817601,0.3668716097164469,0.0,0.08635911536915784,0.6312033871497573,0.0
EFTU_HUMAN,7.333333333333333,9.0,4.0,0.0163995901366804,0.15965804773622225,0.0,0.07123452545055944,0.6926285205770805,0.0,0.007983016306032978,0.07978760900877287,0.0,0.07377234443375628,0.4247099241589422,0.0
CLK1_HUMAN,3.0,3.0,3.0,0.2256809675840302,0.6770429027520906,0.0,1.0601978794323945,3.1805936382971836,0.0,0.21630144639468415,0.6489043391840524,0.0,0.2485908536231042,0.7457725608693127,0.0
CDK7_HUMAN,7.742857142857143,21.0,1.0,0.05713857388664543,0.9434739051341976,0.0,0.3650884709056027,7.155591442886719,0.0,0.05271909969712948,0.9042622091744739,0.0,0.09824770872813635,0.921955385952469,0.0
BPL1_HUMAN,6.0,13.0,2.0,0.005424097513136495,0.15039459173329536,0.0,0.031224610459130487,0.943074190311675,0.0,0.002632200711370543,0.09182660409154828,0.0,0.0961903395442985,0.5901639344262295,0.0
AL3A2_HUMAN,7.024390243902439,12.0,1.0,0.057255958823302484,1.0,0.0,0.42563733364816,9.235032984566555,0.0,0.05333908191444432,0.9999024390243902,0.0,0.09012586246442865,0.841611758743031,0.0
RL14_HUMAN,7.666666666666667,11.0,4.0,0.014852278840543104,0.21580533774415467,0.0,0.0797688199787951,1.067639146774153,0.0,0.007588874777137463,0.14160730474141164,0.0,0.073540497629151,0.4070601213458357,0.0
CP2J2_HUMAN,5.12,17.0,1.0,0.18585067008340111,0.9312729847278671,0.0,1.2866552674127574,7.4432735153384995,0.0,0.17910538503054063,0.9307278493221728,0.0,0.19605390383379556,0.8862693433100899,0.0
PLAT3_HUMAN,6.461538461538462,11.0,2.0,0.15420190678714343,0.7863246855935918,0.0,0.8652820982052629,5.060645714670917,0.0,0.14142280100374288,0.7813382363678764,0.0,0.17908880155661322,0.7522881326440255,0.0
NDST1_HUMAN,6.75,10.0,3.0,0.1392631903547183,0.7043125250956234,0.0,1.0201188369833516,6.016157159698354,0.0,0.12511766474298552,0.7025946896685609,0.0,0.1437829376132434,0.6028864482163929,0.0
BCAT1_HUMAN,11.0,11.0,11.0,0.011170125617956451,0.03351037685386935,0.0,0.08033052278902252,0.24099156836706756,0.0,0.0023921019226177836,0.007176305767853351,0.0,0.03272944229257622,0.09818832687772866,0.0
P5CS_HUMAN,6.444444444444445,9.0,2.0,0.056202313143603605,0.6958474917733792,0.0,0.4691974001550048,6.278862488289206,0.0,0.05454760398451814,0.694542406963574,0.0,0.07760281854624984,0.8359685292865434,0.0
SYYC_HUMAN,6.25,13.0,2.0,0.008138842227491944,0.28862569165459007,0.0,0.025913244912474837,0.6926285205770805,0.0,0.0032571338111438966,0.14423797711512695,0.0,0.08947795415535079,0.5901639344262295,0.0
LOXL3_HUMAN,12.88888888888889,23.0,2.0,0.010803724923764278,0.255394412768878,0.0,0.05768865317916161,1.3447156197566865,0.0,0.007011799385309885,0.18883510161504508,0.0,0.054911441187247376,0.5901639344262295,0.0
DEFB1_HUMAN,7.963414634146342,18.0,1.0,0.10405425313994035,0.9894087545069613,0.0,0.5223027542489634,5.03917160136119,0.0,0.09840398742453431,0.9747321029055793,0.0,0.13839931664862923,0.9228433163794382,0.0
TPIS_HUMAN,8.0,10.0,5.0,0.03886234964737557,0.23317409788425342,0.0,0.12752351104472162,0.7651410662683298,0.0,0.020780930577294198,0.12468558346376518,0.0,0.09012728988353318,0.3580337490829055,0.0
UBE2N_HUMAN,12.201149425287356,24.0,1.0,0.06433555958085564,0.9660346814926533,0.0,0.32467927185060447,7.882456418402715,0.0,0.0553001755507112,0.957963803505758,0.0,0.07940009643546976,0.9208740568187574,0.0
CDC42_HUMAN,8.49113924050633,18.0,1.0,0.04180166554075612,0.9763308707251359,0.0,0.23436872797003885,6.278862488289206,0.0,0.03318535980441031,0.9744164964688121,0.0,0.08926267029437328,0.8145400593471811,0.0
RL37_HUMAN,8.142857142857142,13.0,5.0,0.0001095277069760327,0.0030667757953289155,0.0,0.0003520845344377493,0.00985836696425698,0.0,1.074459418526381e-06,3.0084863718738667e-05,0.0,0.0362387116323414,0.2940314835073147,0.0
RL27_HUMAN,5.619047619047619,11.0,1.0,0.07229954242835533,0.9760252286025278,0.0,0.34641352974343964,5.216965831719301,0.0,0.06647673749708521,0.9707315012389807,0.0,0.19156332336080936,0.88626934331009,0.0
PP1A_HUMAN,10.204819277108435,22.0,1.0,0.028490328004666377,0.9670245683518155,0.0,0.17576095498206837,7.396948602621014,0.0,0.023803734996158288,0.9592478916791822,0.0,0.06574269698298403,0.8767343963496025,0.0
WDR5_HUMAN,6.409836065573771,13.0,1.0,0.1615249878293848,0.9975623064481656,0.0,0.9862068863261427,6.496162057282824,0.0,0.15051124608825545,0.9960567650716462,0.0,0.15903090677065085,0.9283899505375983,0.0
RS8_HUMAN,6.095238095238095,11.0,2.0,0.0653471051472104,0.7961568499736214,0.0,0.34129354711525894,3.848215780250319,0.0,0.061051689274434745,0.7791845867944449,0.0,0.1554153255338359,0.6194379391100704,0.0
RS14_HUMAN,7.588235294117647,17.0,1.0,0.022980268297129562,0.8940896471820606,0.0,0.12381119134963774,4.881268571915381,0.0,0.01896167092359254,0.8873058467899716,0.0,0.07711205219950222,0.9121628458675781,0.0
RL31_HUMAN,6.25,11.0,1.0,0.05981042819849263,0.8940896471820606,0.0,0.3260751292586425,4.881268571915381,0.0,0.059155728776912685,0.8873058467899716,0.0,0.09576130793699192,0.9121628458675781,0.0
RS4X_HUMAN,7.0,16.0,1.0,0.07136175451563292,0.9760252286025278,0.0,0.3851697237275829,6.070077661971924,0.0,0.06747211529301188,0.9707315012389807,0.0,0.12022321572513925,0.9121628458675781,0.0
RL23_HUMAN,9.134146341463415,19.0,2.0,0.028027946538073705,0.5338655856340734,0.0,0.1291862343417511,3.424484333040946,0.0,0.018477432858021125,0.5164796816517873,0.0,0.06460915959491612,0.6815541612682515,0.0
RL11_HUMAN,10.451612903225806,21.0,2.0,0.0230020883019629,0.6918276477646681,0.0,0.13043005060946147,5.242770556602429,0.0,0.016711140728303094,0.688170928739825,0.0,0.05718293476992063,0.6815541612682515,0.0
CSK21_HUMAN,9.368794326241135,19.0,2.0,0.05505592512962257,0.9021713706502671,0.0,0.2666689461170114,3.7677861207678203,0.0,0.03780438021521869,0.8538501918710478,0.0,0.07923434931699334,0.6548942273216207,0.0
GSTO1_HUMAN,9.0,17.0,1.0,0.11857988211733143,0.9704040938779868,0.0,0.8414315431589042,6.278862488289206,0.0,0.11284022870168421,0.9685840691494858,0.0,0.10514963920082326,0.6705872751103826,0.0
DLG4_HUMAN,7.08,11.0,3.0,0.018785643363848636,0.3625886379733774,0.0,0.08326205371131552,1.6275029198317392,0.0,0.012339881192209603,0.2499968541495451,0.0,0.09291031140676029,0.48202756095210564,0.0
GABT_HUMAN,8.333333333333334,10.0,6.0,0.004671822877417006,0.09513997485641497,0.0,0.019654354548948195,0.40288307856365513,0.0,0.0015037363207003247,0.03154934385726385,0.0,0.03792508845163615,0.21662875174286342,0.0
NGAL_HUMAN,7.285714285714286,10.0,6.0,0.02361739991351967,0.301246027645968,0.0,0.13843047171209527,2.091415381862433,0.0,0.015615891124250056,0.2640384694996465,0.0,0.07215272429257229,0.3643639027864237,0.0
CYC_HUMAN,6.5,9.0,2.0,0.013557058522945593,0.4164783943979805,0.0,0.03566334331245583,0.9541634882030295,0.0,0.007358473608795308,0.2560783298479683,0.0,0.11223610487507621,0.7690147091433218,0.0
RUNX1_HUMAN,8.666666666666666,16.0,1.0,0.06617418997324376,0.9614095571712294,0.0,0.27703757290557945,7.067319848653476,0.0,0.05280130929496072,0.9440933700143377,0.0,0.08544320005974768,0.9157215760618685,0.0
DHSO_HUMAN,6.818181818181818,14.0,2.0,0.090287362265565,1.0,0.0,0.7363041501788091,9.36990494164752,0.0,0.08645694483864899,0.9999147485080989,0.0,0.09883389413159674,0.6827592219773948,0.0
IF4G1_HUMAN,8.935897435897436,17.0,1.0,0.03687529960714783,0.9574015311947479,0.0,0.21483608950119756,6.056979154218609,0.0,0.027541620597407536,0.9551598105363407,0.0,0.0715752150318429,0.841611758743031,0.0
KPCZ_HUMAN,4.959183673469388,15.0,1.0,0.04137072863200846,0.9434739051341976,0.0,0.15743196048917454,3.5617097173950616,0.0,0.032264909717164954,0.9042622091744739,0.0,0.12751149682601307,0.9112468048849759,0.0
PTN11_HUMAN,9.45320197044335,17.0,1.0,0.047318872038263994,0.9799671958096741,0.0,0.2675830680518779,5.457881936219375,0.0,0.036078678689138104,0.9757900125368281,0.0,0.08372658365208752,0.9053431877385351,0.0
DUSP2_HUMAN,3.0,4.0,2.0,0.06751727158782359,0.6712168216396679,0.0,0.44657678584192817,4.455909491455025,0.0,0.06634629651075331,0.6634241580518513,0.0,0.12166158529565371,0.8095557316107015,0.0
TLE5_HUMAN,9.724137931034482,16.0,1.0,0.09886604171768612,0.9381156548996041,0.0,0.39288252361520726,2.7700344424346843,0.0,0.07188535323515645,0.8793334719199614,0.0,0.0974033882794003,0.9192078040018249,0.0
ACS2A_HUMAN,0.0,0.0,0.0,0.0,0.0,0.0,0.0,0.0,0.0,0.0,0.0,0.0,0.0,0.0,0.0
EP300_HUMAN,10.884615384615385,24.0,1.0,0.06422314638662627,0.9844583563179478,0.0,0.4160272503915952,7.067319848653476,0.0,0.05527874655612169,0.9836190908820416,0.0,0.08269491160256397,0.9305546419632899,0.0
SIA4C_HUMAN,7.882352941176471,17.0,1.0,0.12545445166147307,0.9546193647192569,0.0,0.8347240617580424,7.2904633999676856,0.0,0.11734363695452288,0.9539683029189369,0.0,0.14482333663182498,0.8755436254440601,0.0
SEPR_HUMAN,6.491228070175438,13.0,1.0,0.06183000309468078,0.9665145850465756,0.0,0.2943568660717217,7.2904633999676856,0.0,0.05525941968415867,0.956425115719748,0.0,0.09601392118482362,0.8710276516714818,0.0
MKRN3_HUMAN,0.0,0.0,0.0,0.0,0.0,0.0,0.0,0.0,0.0,0.0,0.0,0.0,0.0,0.0,0.0
AAPK1_HUMAN,9.054263565891473,15.0,1.0,0.028776907181337935,0.9434739051341976,0.0,0.13931088036669523,4.517874677727904,0.0,0.020903541712561206,0.9042622091744739,0.0,0.0739596296967616,0.9112468048849759,0.0
CHD3_HUMAN,7.45,18.0,2.0,0.018004179086714697,0.38778602461584544,0.0,0.0764045624223356,1.6683484450222053,0.0,0.011966635236040912,0.31466578095154557,0.0,0.09237526243602358,0.6815541612682515,0.0
UB2V1_HUMAN,9.306122448979592,24.0,1.0,0.09618401969520904,0.9414281404938062,0.0,0.43441688769902775,7.882456418402715,0.0,0.08073855296999942,0.9410729348566818,0.0,0.13040996357268927,0.9012738048601723,0.0
GAB1_HUMAN,9.717391304347826,14.0,2.0,0.07571831454157979,0.6744271441280035,0.0,0.41237661538986825,4.018046808171455,0.0,0.0538593858543519,0.6622955049625296,0.0,0.12910614377348695,0.7895163658602955,0.0
G3BP1_HUMAN,8.681818181818182,17.0,2.0,0.034328592410948586,0.8770372795448647,0.0,0.20984306829013372,4.944573543418163,0.0,0.03159033339635813,0.8707910628222525,0.0,0.06961779812427739,0.784612302143859,0.0
HDAC1_HUMAN,8.567049808429118,18.0,1.0,0.060519900487908694,0.9897743070394112,0.0,0.2692505828398156,6.462444262326773,0.0,0.04952951083915112,0.9882292934869594,0.0,0.08149002774026592,0.9192078040018249,0.0
MTM1_HUMAN,8.69811320754717,14.0,2.0,0.03605744507148104,0.8915776618833019,0.0,0.21233732609736114,6.099538768637404,0.0,0.03216933354801438,0.8895770485932223,0.0,0.06926298260662991,0.6028864482163928,0.0
PEBB_HUMAN,13.0,13.0,13.0,0.0830957634288897,0.2492872902866691,0.0,0.35587971559138437,1.067639146774153,0.0,0.05452583896949396,0.16357751690848188,0.0,0.05904342390439679,0.17713027171319037,0.0
BAAT_HUMAN,6.138888888888889,10.0,1.0,0.10651472475972838,0.981057347529236,0.0,0.7350090558193834,6.056979154218609,0.0,0.0975619609620487,0.9786318860562311,0.0,0.1245797581420689,0.9227993999845848,0.0
DYR1A_HUMAN,7.023529411764706,17.0,1.0,0.06108825553965099,0.9434739051341976,0.0,0.31585323885537986,3.5617097173950616,0.0,0.05535353366666956,0.9042622091744739,0.0,0.1147649089434837,0.9112468048849759,0.0
FASTK_HUMAN,10.0,14.0,7.0,0.03093041904194685,0.12381817472498075,0.0,0.13201972349626315,0.5511267726105114,0.0,0.010948115221287661,0.05246175007529022,0.0,0.08625121780759377,0.3280278275534942,0.0
HLTF_HUMAN,8.25,12.0,5.0,0.00919668542602193,0.13795028139032897,0.0,0.026858871904243676,0.40288307856365513,0.0,0.003049710611029126,0.04574565916543689,0.0,0.04244365635848874,0.28447528187337384,0.0
SRC8_HUMAN,5.333333333333333,14.0,1.0,0.03659938357563878,0.6442781607307575,0.0,0.13773793518650088,3.287336568268125,0.0,0.024865668065256967,0.6202123066865769,0.0,0.17965030398180418,0.8862693433100899,0.0
BECN1_HUMAN,9.97787610619469,20.0,1.0,0.03564294335110773,0.9918218048709281,0.0,0.16531150932936006,4.48710301906115,0.0,0.026154288667522462,0.9503902034739328,0.0,0.06986922505328623,0.8767343963496024,0.0
PTGR1_HUMAN,3.0,3.0,3.0,0.22714769363788653,0.6814430809136596,0.0,2.018993051406203,6.056979154218609,0.0,0.22661583562351487,0.6798475068705446,0.0,0.21118054043187642,0.6335416212956293,0.0
SYLM_HUMAN,1.0,1.0,1.0,0.1354056788544821,0.8124340731268925,0.0,0.9893196228603958,5.935917737162375,0.0,0.13504782923432104,0.8102869754059263,0.0,0.15331258489350033,0.9198755093610019,0.0
PON2_HUMAN,6.5,10.0,3.0,0.00044275873948043415,0.004427587394804341,0.0,0.000985836696425698,0.00985836696425698,0.0,4.343433373198629e-06,4.3434333731986285e-05,0.0,0.05635103928259414,0.4807121661721067,0.0
SKI2_HUMAN,8.5,13.0,4.0,0.019549170126213936,0.19549170126213936,0.0,0.1379666755927158,1.379666755927158,0.0,0.01462937897424603,0.1462937897424603,0.0,0.036694959489026326,0.26229508196721313,0.0
TAB1_HUMAN,6.5,10.0,4.0,0.023117258294910865,0.5529929547304366,0.0,0.09711616252936763,2.118833943390497,0.0,0.018560497386048456,0.486538865749955,0.0,0.07678374414322549,0.5006406874199141,0.0
SMN_HUMAN,5.666666666666667,13.0,1.0,0.0443142786184836,0.7791744660735018,0.0,0.24078459804671243,5.851024095909239,0.0,0.03736948799527991,0.7769328190221183,0.0,0.18783344489947273,0.88626934331009,0.0
MK06_HUMAN,2.0,2.0,2.0,0.003367046160507805,0.010101138481523414,0.0,0.0032861223214189932,0.00985836696425698,0.0,3.3030495749923366e-05,9.909148724977009e-05,0.0,0.19672131147540983,0.5901639344262295,0.0
RPE65_HUMAN,11.588235294117647,18.0,1.0,0.06923814235063776,0.8069226347852905,0.0,0.4528862372105192,5.399613028095399,0.0,0.06375315514823086,0.8032766927866868,0.0,0.0695056227081854,0.8862607598413088,0.0
OBF1_HUMAN,7.5,14.0,1.0,0.09375013238795243,0.9375013238795243,0.0,0.34389752338011825,3.4389752338011825,0.0,0.09074098179715864,0.9074098179715864,0.0,0.09187255673020307,0.874749498997996,0.0
DUS5_HUMAN,6.111111111111111,13.0,1.0,0.19222024612520733,0.9670245683518155,0.0,1.0716519253079833,4.98787830697364,0.0,0.18435322942826918,0.9579561367645436,0.0,0.19102698068416651,0.9270060375934089,0.0
F263_HUMAN,0.0,0.0,0.0,0.0,0.0,0.0,0.0,0.0,0.0,0.0,0.0,0.0,0.0,0.0,0.0
AGK_HUMAN,6.517241379310345,10.0,1.0,0.06526650683008806,0.954651851222912,0.0,0.277901197211736,3.745291858997686,0.0,0.0588428335505855,0.9320946386839939,0.0,0.1494872849935801,0.8822265772216779,0.0
GLE1_HUMAN,5.214285714285714,8.0,2.0,0.02945524603837268,0.8564556916923871,0.0,0.1071916089378322,2.967964984859361,0.0,0.025497286757573314,0.8124271719572221,0.0,0.1952740083494199,0.7690147091433217,0.0
ACSM3_HUMAN,0.0,0.0,0.0,0.0,0.0,0.0,0.0,0.0,0.0,0.0,0.0,0.0,0.0,0.0,0.0
DHB12_HUMAN,9.5,11.0,8.0,0.0480233474427442,0.480233474427442,0.0,0.34192623890597945,3.4192623890597944,0.0,0.04645122762876179,0.4645122762876179,0.0,0.03547671593641052,0.2470230516199974,0.0
S27A3_HUMAN,6.666666666666667,16.0,2.0,0.08415216287730584,0.9119888909811539,0.0,0.4903988752475578,6.401819640510338,0.0,0.07505732376981454,0.9104763240400144,0.0,0.1095743455978874,0.8264756510633573,0.0
ZRAB3_HUMAN,7.5,14.0,1.0,0.0995501099385892,0.9094273185225145,0.0,0.5233427942352039,5.873397380181041,0.0,0.09100858635482177,0.86833639961229,0.0,0.09578156329902132,0.8981374904624093,0.0
MRP7_HUMAN,3.857142857142857,15.0,1.0,0.14166953117018657,0.9326014354391734,0.0,0.8708139636693865,6.056979154218609,0.0,0.13394025441581192,0.9304177832976572,0.0,0.15156376213664063,0.8374934997399894,0.0
MARC1_HUMAN,6.625,11.0,1.0,0.06776931602060977,0.9644660876969684,0.0,0.5112278948992847,6.932447891572509,0.0,0.06614919071133712,0.963525145172386,0.0,0.08599844667898393,0.841611758743031,0.0
NU188_HUMAN,3.0,3.0,3.0,0.0010862778167929543,0.003258833450378863,0.0,0.0032861223214189932,0.00985836696425698,0.0,1.065631212059308e-05,3.196893636177924e-05,0.0,0.16023738872403562,0.4807121661721068,0.0
CXG2_HUMAN,0.0,0.0,0.0,0.0,0.0,0.0,0.0,0.0,0.0,0.0,0.0,0.0,0.0,0.0,0.0
NDUF5_HUMAN,7.333333333333333,8.0,7.0,0.0010207314492006988,0.0029773349767272983,0.0,0.00492918348212849,0.00985836696425698,0.0,1.0013306675175488e-05,2.9207455320439538e-05,0.0,0.09903400202050039,0.2156944328867438,0.0
LPCT4_HUMAN,3.1363636363636362,7.0,2.0,0.23994002658622887,0.9957209236950717,0.0,1.7195951815825188,6.290594005400114,0.0,0.23752071911718797,0.9938751971048077,0.0,0.23360603469499655,0.8329935129870658,0.0
MBLC2_HUMAN,5.5,8.0,3.0,0.1244282199513755,0.45987951153064677,0.0,0.541783233452226,2.0811991829877114,0.0,0.09466554596658093,0.3170767617349679,0.0,0.1374570473867102,0.5565129244804865,0.0
GRHL2_HUMAN,8.044444444444444,19.0,1.0,0.04718605844829592,0.995691260687436,0.0,0.17776386350580844,4.651406070352427,0.0,0.039639501010649995,0.9710175455445473,0.0,0.07849399265623985,0.8145400593471809,0.0
P20D1_HUMAN,6.0,8.0,2.0,0.030226515661798087,0.30226515661798087,0.0,0.1067639146774153,1.067639146774153,0.0,0.019834057207916443,0.19834057207916445,0.0,0.09289710824082634,0.7025226082817706,0.0
GPAT2_HUMAN,0.0,0.0,0.0,0.0,0.0,0.0,0.0,0.0,0.0,0.0,0.0,0.0,0.0,0.0,0.0
NCEH1_HUMAN,0.0,0.0,0.0,0.0,0.0,0.0,0.0,0.0,0.0,0.0,0.0,0.0,0.0,0.0,0.0
CXB7_HUMAN,0.0,0.0,0.0,0.0,0.0,0.0,0.0,0.0,0.0,0.0,0.0,0.0,0.0,0.0,0.0
DEGS2_HUMAN,0.0,0.0,0.0,0.0,0.0,0.0,0.0,0.0,0.0,0.0,0.0,0.0,0.0,0.0,0.0
DHR11_HUMAN,2.0,2.0,2.0,0.384385304092896,0.7977418162214417,0.0,3.049769384318702,6.099538768637404,0.0,0.3835227809715169,0.7959517614143107,0.0,0.39672152819089157,0.7934430563817831,0.0
RN111_HUMAN,8.666666666666666,12.0,2.0,0.012284715199634139,0.17416958951298867,0.0,0.07183316758256067,1.067639146774153,0.0,0.007625721361903459,0.11428672894130212,0.0,0.05719302734249518,0.5901639344262295,0.0
CE128_HUMAN,5.733333333333333,8.0,3.0,0.009101363203084753,0.16939746322932392,0.0,0.03720732491692349,0.6926285205770805,0.0,0.004041331982440247,0.08465479037767847,0.0,0.19094848453154287,0.4807121661721067,0.0
CP4V2_HUMAN,8.0,10.0,6.0,0.13826270142726038,0.5231046730663184,0.0,0.8289764266347917,2.7632547554493057,0.0,0.1295402462647563,0.49010403725480295,0.0,0.10512587500390795,0.4261102004448284,0.0
RS27L_HUMAN,9.833333333333334,16.0,3.0,0.1519164021477687,0.8500828742133937,0.0,0.9497896342645956,5.27556037942542,0.0,0.13802695927048717,0.8457346242174173,0.0,0.11074851232959658,0.6693156988702985,0.0
GADL1_HUMAN,0.0,0.0,0.0,0.0,0.0,0.0,0.0,0.0,0.0,0.0,0.0,0.0,0.0,0.0,0.0
MARK2_HUMAN,7.424242424242424,16.0,1.0,0.029522092757794594,0.8479842901062933,0.0,0.13689234383822554,5.418661223066094,0.0,0.024209739109636662,0.8425888946200494,0.0,0.09510639697099035,0.9092044860247547,0.0
ASGL1_HUMAN,4.5,7.0,2.0,0.04009571616864423,0.23414622159667928,0.0,0.3485095916586614,2.0811991829877114,0.0,0.03416540013907817,0.20492934184817657,0.0,0.14022331533194596,0.5901639344262295,0.0
ERN2_HUMAN,11.352941176470589,18.0,5.0,0.021126442566182478,0.5069101462450484,0.0,0.09830853401470022,2.091415381862433,0.0,0.014068962818130493,0.44430056135273316,0.0,0.03595689723444284,0.32164129715420253,0.0
GSTA5_HUMAN,0.0,0.0,0.0,0.0,0.0,0.0,0.0,0.0,0.0,0.0,0.0,0.0,0.0,0.0,0.0
PLGT3_HUMAN,4.0,4.0,4.0,0.6509190505156421,0.6509190505156421,0.6509190505156421,4.4814427934601895,4.4814427934601895,4.4814427934601895,0.6435525519927334,0.6435525519927334,0.6435525519927334,0.5242997067814587,0.5242997067814587,0.5242997067814587
MET16_HUMAN,10.923076923076923,22.0,1.0,0.056216703932585266,0.6191216709444144,0.0,0.36220940930935497,5.2460489380022794,0.0,0.052163940666097496,0.6109202741062408,0.0,0.07907123056509266,0.841611758743031,0.0
TMM17_HUMAN,0.0,0.0,0.0,0.0,0.0,0.0,0.0,0.0,0.0,0.0,0.0,0.0,0.0,0.0,0.0
BRSK2_HUMAN,9.941176470588236,17.0,1.0,0.03246134767658553,0.7636803880447748,0.0,0.17302281593573005,4.442651256490317,0.0,0.02578422431283294,0.7546959128913069,0.0,0.05591104991691003,0.9092044860247547,0.0
MSRB3_HUMAN,6.0,12.0,2.0,0.024069496432677515,0.3502935521784337,0.0,0.0649253481421029,0.9541634882030295,0.0,0.0143659318956974,0.2153835325072037,0.0,0.09946077715368155,0.7690147091433218,0.0
TRM2A_HUMAN,5.0,5.0,5.0,0.17590287188639775,0.5277086156591932,0.0,1.4059177159172098,4.21775314775163,0.0,0.1733115222615347,0.5199345667846041,0.0,0.14882589754790262,0.4464776926437079,0.0
LACC1_HUMAN,8.307692307692308,17.0,1.0,0.12285473018559465,0.9610085871008484,0.0,0.9331799808399838,8.54188580400661,0.0,0.11324255315555892,0.9608210732301945,0.0,0.11358802299134858,0.869122007605582,0.0
FAM9B_HUMAN,4.333333333333333,5.0,2.0,0.03765713968865629,0.20215928316109597,0.002856330820640665,0.12365339256639425,0.6926285205770805,0.00985836696425698,0.016876752847937465,0.10102720201740192,2.8020412710147608e-05,0.38552083555879074,0.5901639344262295,0.32164129715420253
PGAM4_HUMAN,0.0,0.0,0.0,0.0,0.0,0.0,0.0,0.0,0.0,0.0,0.0,0.0,0.0,0.0,0.0
PDK1L_HUMAN,0.0,0.0,0.0,0.0,0.0,0.0,0.0,0.0,0.0,0.0,0.0,0.0,0.0,0.0,0.0
ARF_HUMAN,10.833333333333334,24.0,1.0,0.04915812707105181,0.9505561217028526,0.0,0.2426129360047888,6.151029116779321,0.0,0.03342983020740477,0.9416855786124643,0.0,0.08148582270778698,0.9157215760618685,0.0
CERS5_HUMAN,1.0,1.0,1.0,0.153929983117035,0.9235798987022101,0.0,0.8443066414072252,5.065839848443352,0.0,0.1529588988245661,0.9177533929473966,0.0,0.14157110275930743,0.8494266165558446,0.0
DUS18_HUMAN,2.6666666666666665,5.0,2.0,0.13337919173755836,0.8737301207752347,0.0,0.7441174965512162,4.98787830697364,0.0,0.13123791268138224,0.8575341478047669,0.0,0.15326842104532076,0.8494959438554852,0.0
CE120_HUMAN,10.0,10.0,10.0,0.0618535902779275,0.1855607708337825,0.0,0.3644186054085536,1.0932558162256607,0.0,0.04112499152408837,0.12337497457226511,0.0,0.06140845349666626,0.18422536048999877,0.0
TXND5_HUMAN,5.333333333333333,7.0,3.0,0.14870015708607737,0.8874977698784396,0.0,0.8198366101640163,4.899302927055584,0.0,0.14682174556273855,0.8808843355700496,0.0,0.19330815967111012,0.5989791014534167,0.0
NUD10_HUMAN,0.0,0.0,0.0,0.0,0.0,0.0,0.0,0.0,0.0,0.0,0.0,0.0,0.0,0.0,0.0
GRHL3_HUMAN,5.5,12.0,2.0,0.02513058509195186,0.31912825644262677,0.0,0.07993304486187146,0.9006378111205205,0.0,0.012455888478690752,0.18946311805403887,0.0,0.10738032803939522,0.5901639344262295,0.0
MICA1_HUMAN,5.066666666666666,11.0,1.0,0.02009833709237265,0.892455275131368,0.0,0.10374043671500098,4.816192376769957,0.0,0.016400446172827203,0.8852285641229872,0.0,0.15650758260549794,0.7469635627530365,0.0
KAT6B_HUMAN,6.5,15.0,1.0,0.11574858145604876,0.9836107085991468,0.0,0.5300938805477252,6.099538768637404,0.0,0.10782297794904404,0.980923772029315,0.0,0.11524117822726589,0.8715085691654775,0.0
TRUB1_HUMAN,12.2,22.0,4.0,0.036151262328060645,0.7526407995008264,0.0,0.22595401525629247,4.735175953417885,0.0,0.03552838323875044,0.7460319331454482,0.0,0.05081772138208466,0.5846910606170208,0.0
PRP31_HUMAN,7.698412698412699,15.0,1.0,0.07176020808775417,0.9590459663811554,0.0,0.4810672218935293,6.248325893378243,0.0,0.06641747533229815,0.9554726686712034,0.0,0.0948699365905794,0.841611758743031,0.0
SSH1_HUMAN,9.583333333333334,12.0,3.0,0.0038601999724753857,0.05074590611377194,0.0,0.020356474224040546,0.24099156836706756,0.0,0.0007964228979551723,0.010867324480630445,0.0,0.041224002945589026,0.4807121661721067,0.0
FIG4_HUMAN,5.866666666666666,10.0,1.0,0.21643456594985036,0.8712057584036852,0.0,1.0294796911047248,4.165840209317179,0.0,0.20288597290286556,0.8576875442587618,0.0,0.29321498807489726,0.9022741203107216,0.0
P55G_HUMAN,11.5,14.0,9.0,0.0107838843246861,0.12402569502762541,0.0,0.05280788939850526,0.5511267726105114,0.0,0.004042011479011512,0.05254967640982935,0.0,0.028971727038461646,0.17843020693186515,0.0
RENT1_HUMAN,9.894736842105264,21.0,1.0,0.05027138589579492,0.9210430849802425,0.0,0.29566128935558433,5.478084643536895,0.0,0.04305230025527802,0.9168815092339548,0.0,0.07339894224345704,0.9569160408392325,0.0
RBPMS_HUMAN,5.642857142857143,10.0,2.0,0.0444968317455306,0.7498785919815013,0.0,0.24187574611004978,4.244600397787818,0.0,0.03816080396494847,0.7135186251312763,0.0,0.10801019553097081,0.7289679098005204,0.0
CBP_HUMAN,10.101449275362318,20.0,1.0,0.04861655541142973,0.9836107085991468,0.0,0.25420603491490756,7.037808407230335,0.0,0.03850561494508839,0.980923772029315,0.0,0.07510198200308163,0.9157215760618685,0.0
MRP2_HUMAN,5.769230769230769,13.0,1.0,0.11239217134411966,0.9326014354391734,0.0,0.7605917492991888,6.056979154218609,0.0,0.105618065299472,0.9304177832976572,0.0,0.13044414035919125,0.8962965421119002,0.0
KAT5_HUMAN,10.692429022082019,20.0,1.0,0.056255058816794754,0.9836107085991468,0.0,0.332059461315807,8.54188580400661,0.0,0.047624096688283886,0.980923772029315,0.0,0.0710291614560907,0.9305546419632899,0.0
UB2E3_HUMAN,2.25,3.0,1.0,0.17813621933327103,0.7899909943477605,0.0,0.9588974248096205,4.122880869487035,0.0,0.17388407090346664,0.7771948912850091,0.0,0.2139904437706424,0.8311723392760672,0.0
ELP4_HUMAN,4.333333333333333,5.0,2.0,0.01653242764826177,0.2416414412047773,0.0,0.1174058863922554,1.751229928919574,0.0,0.013317620867246131,0.19970206924639497,0.0,0.11554880524048243,0.5901639344262295,0.0
ACD_HUMAN,10.096153846153847,20.0,1.0,0.04897153120239242,0.9557013209854599,0.0,0.322373093000633,7.47699131029455,0.0,0.04585061594741882,0.9551604345141198,0.0,0.06411860573363856,0.9315637882432501,0.0
SAT2_HUMAN,3.888888888888889,10.0,1.0,0.27814754473048947,0.9615913927146821,0.0,2.4746000454134722,8.676757761087575,0.0,0.2778583882763665,0.9614274385130257,0.0,0.22803162334134408,0.8953160550667699,0.0
ARSG_HUMAN,5.857142857142857,10.0,2.0,0.051480051009171184,0.810672886946015,0.0,0.3618776656178862,6.595975654951296,0.0,0.046095113921132844,0.8095656264175034,0.0,0.12487038220681665,0.7289444010755487,0.0
TRM61_HUMAN,8.0,8.0,8.0,0.0,0.0,0.0,0.0,0.0,0.0,0.0,0.0,0.0,0.02352485664123259,0.14114913984739555,0.0
P121A_HUMAN,4.0,5.0,3.0,0.0031213641082903153,0.003955894238568011,0.002170860273979196,0.00985836696425698,0.00985836696425698,0.00985836696425698,3.0620371387274776e-05,3.8807055681844474e-05,2.1295992877784928e-05,0.4054020481961312,0.4807121661721068,0.3284338570704511
PLAT5_HUMAN,8.0,11.0,3.0,0.19080361197147552,0.7863246855935918,0.0,1.1878071635692635,5.060645714670917,0.0,0.16870754513651917,0.7813382363678764,0.0,0.17520427840164496,0.7489758213511125,0.0
SDSL_HUMAN,6.0,8.0,2.0,0.15686521936927159,0.9411913162156295,0.0,1.3081231039077772,7.848738623446663,0.0,0.15680400367390795,0.9408240220434477,0.0,0.16363521971605424,0.7289444010755488,0.0
ZDH15_HUMAN,8.142857142857142,14.0,2.0,0.10676520246414159,0.9497856969727899,0.0,0.6763888401074668,6.1918511112995755,0.0,0.10084221465800541,0.9471911604347178,0.0,0.09342991571371682,0.7819943033516302,0.0
NSD1_HUMAN,12.0,16.0,1.0,0.035922982184092164,0.8949136235759707,0.0,0.20688711672780766,5.902828474391351,0.0,0.027827781642287774,0.8924689814822998,0.0,0.0493642587629983,0.7549019607843138,0.0
NMNA3_HUMAN,8.0,8.0,8.0,0.0004947175948903612,0.0029683055693421672,0.0,0.0016430611607094966,0.00985836696425698,0.0,4.853146240494052e-06,2.911887744296431e-05,0.0,0.030648894564610115,0.18389336738766068,0.0
AIFM3_HUMAN,5.5,8.0,2.0,0.03707242454560692,0.3502935521784337,0.0,0.10034553230243146,0.9541634882030295,0.0,0.02155839562303442,0.2153835325072037,0.0,0.2060933713732361,0.7690147091433218,0.0
SRPK1_HUMAN,8.625,17.0,1.0,0.025284434406509897,0.9804278508702642,0.0,0.11298226171744562,5.165212322256555,0.0,0.018917937236655014,0.9739919647221814,0.0,0.0805967007727334,0.9112468048849759,0.0
PAFA2_HUMAN,9.0,9.0,9.0,0.0,0.0,0.0,0.0,0.0,0.0,0.0,0.0,0.0,0.01770564367392106,0.10623386204352638,0.0
EYA1_HUMAN,8.75,17.0,2.0,0.013890279304783284,0.3095717523302198,0.0,0.048851206216933146,1.4563839243636263,0.0,0.00848708977758308,0.23741751781437825,0.0,0.07098805452464588,0.5901639344262295,0.0
DUS9_HUMAN,5.714285714285714,12.0,1.0,0.16495417173652083,0.8794063854807436,0.0,0.9455518370506749,4.892568127169315,0.0,0.15859838937110102,0.8728089633219793,0.0,0.18075339727660183,0.9053431877385351,0.0
NUP88_HUMAN,4.0,6.0,2.0,0.0016597309744226015,0.010101138481523414,0.0,0.002957510089277094,0.00985836696425698,0.0,1.6281848921374425e-05,9.909148724977009e-05,0.0,0.21523297044518822,0.5901639344262295,0.0
ACON_HUMAN,6.0,8.0,3.0,0.044637565533155676,0.17077705900340873,0.0,0.2829222570935025,0.943074190311675,0.0,0.027254411282903745,0.10427155128579822,0.0,0.11986886004967431,0.5565129244804866,0.0
TIRR_HUMAN,0.0,0.0,0.0,0.0,0.0,0.0,0.0,0.0,0.0,0.0,0.0,0.0,0.0,0.0,0.0
INP5K_HUMAN,9.909090909090908,19.0,1.0,0.0465127939706725,0.9820031776534356,0.0,0.31139724562215226,7.848738623446663,0.0,0.041254152632673846,0.9816199569011805,0.0,0.07831845653185585,0.8145400593471811,0.0
DHRS6_HUMAN,8.666666666666666,12.0,2.0,0.0035536492225554084,0.04687666292314504,0.0,0.016723329022088302,0.24099156836706756,0.0,0.000673451885036378,0.010038719289253225,0.0,0.050725271754101596,0.5901639344262295,0.0
FICD_HUMAN,8.642857142857142,15.0,1.0,0.04004992178684512,0.8919288056416668,0.0,0.16617433727664319,4.780685688313047,0.0,0.028099899764583675,0.884445305418722,0.0,0.07661077868350795,0.7469635627530365,0.0
RBM4_HUMAN,8.373626373626374,19.0,1.0,0.06057549515154818,1.0,0.0,0.3570807104975826,9.36990494164752,0.0,0.05305362521720176,0.9999147485080989,0.0,0.09973764925832318,0.921159220329528,0.0
PDC10_HUMAN,9.40677966101695,18.0,1.0,0.08763937440873529,0.9502507241693711,0.0,0.4301289481452354,5.344553250912372,0.0,0.05812540180987356,0.9457141478221004,0.0,0.11292060477920962,0.7723077416413503,0.0
CDHR2_HUMAN,6.8,12.0,2.0,0.052424689379574986,0.7113784954122111,0.0,0.3389683933187009,5.270550077853407,0.0,0.04459993097868986,0.7077214536728379,0.0,0.11306268669790154,0.7289444010755487,0.0
BCDO2_HUMAN,1.0,1.0,1.0,0.16666666666666666,1.0,0.0,1.446126293514596,8.676757761087575,0.0,0.16663824950269965,0.9998294970161978,0.0,0.1162077561542166,0.6972465369252996,0.0
NMNA2_HUMAN,9.4,19.0,5.0,0.0005720688070319224,0.005180073574353667,0.0,0.001408338137750997,0.00985836696425698,0.0,5.611956414782821e-06,5.081617240322433e-05,0.0,0.04628540868816431,0.35522606244126553,0.0
LOXE3_HUMAN,4.615384615384615,8.0,1.0,0.19953799616035525,1.0,0.0,1.3896615317315058,9.235032984566555,0.0,0.1923812055405489,0.9999024390243902,0.0,0.1898779031199065,0.8581737315058544,0.0
SRR_HUMAN,7.926829268292683,15.0,1.0,0.058805437435882464,0.9615913927146821,0.0,0.36677399821376866,8.676757761087575,0.0,0.04896943759275067,0.9614274385130257,0.0,0.08493519398414374,0.7469635627530365,0.0
SDCB2_HUMAN,4.777777777777778,8.0,1.0,0.04813544906706473,0.7777592908104238,0.0,0.1454455763623792,2.675417747073312,0.0,0.033952167560084914,0.7241887484385058,0.0,0.15734723104841117,0.7469635627530365,0.0
PININ_HUMAN,7.3125,11.0,3.0,0.024166120560897335,0.5839000157692503,0.0,0.1146995832573336,2.88187146015996,0.0,0.020161826208775612,0.5511842105183957,0.0,0.12903258643149065,0.4807121661721067,0.0
RNF32_HUMAN,6.333333333333333,9.0,4.0,0.03731381826539975,0.20739004920701914,0.001996141924890156,0.12365339256639424,0.6926285205770805,0.00985836696425698,0.01730050367367616,0.1036412281940091,1.9582017656801087e-05,0.2821258290329011,0.4070601213458357,0.16501696189560935
DUS21_HUMAN,5.0,5.0,5.0,0.0007876053299435052,0.004725631979661031,0.0,0.0016430611607094966,0.00985836696425698,0.0,7.726355168054025e-06,4.635813100832415e-05,0.0,0.053606882859033755,0.32164129715420253,0.0
RIOX1_HUMAN,3.75,5.0,1.0,0.12547260875653005,0.8003618217905258,0.0,0.836228762912631,5.428370494796234,0.0,0.11411087538525484,0.796848038182665,0.0,0.1818176856263705,0.8145400593471811,0.0
GSTO2_HUMAN,6.333333333333333,9.0,4.0,0.036109624786189266,0.5273945572245738,0.0,0.21353443054793347,3.059165714460793,0.0,0.029227681661053294,0.5026456028806694,0.0,0.0720854919408819,0.46092886103943986,0.0
EGLN3_HUMAN,3.2857142857142856,5.0,2.0,0.04209748683216286,0.8434618748812667,0.0,0.26131050936103695,5.428370494796234,0.0,0.0400074767171728,0.8397588715281294,0.0,0.16576972750486904,0.7457485828609537,0.0
PDE11_HUMAN,10.666666666666666,16.0,1.0,0.08762689501510526,0.8762689501510527,0.0,0.634466122667039,6.3446612266703895,0.0,0.08747301363849337,0.8747301363849337,0.0,0.09564779282380984,0.8822150712845697,0.0
GBA2_HUMAN,7.571428571428571,13.0,1.0,0.10446243098848917,0.8874153965620514,0.0,0.6607239240061493,6.59731621940774,0.0,0.09357387532491285,0.8862049407781645,0.0,0.09791771934426635,0.8145400593471811,0.0
ARMT1_HUMAN,7.333333333333333,10.0,4.0,0.11486645755346568,0.6891987453207941,0.0,0.7029588579586049,4.21775314775163,0.0,0.11317427852023902,0.6790456711214341,0.0,0.12331936439673959,0.5145476539122683,0.0
RENT2_HUMAN,6.7272727272727275,18.0,2.0,0.0096690669547814,0.2061552716513577,0.0,0.03510399727733689,0.6926285205770805,0.0,0.003997370452677816,0.10302415971408697,0.0,0.10382581215311072,0.5901639344262295,0.0
FANCF_HUMAN,3.5,5.0,2.0,0.002951020498382249,0.010101138481523414,0.0,0.00492918348212849,0.00985836696425698,0.0,2.89493120626095e-05,9.909148724977009e-05,0.0,0.40190689302913846,0.5901639344262295,0.21364985163204744
PLPL8_HUMAN,10.62295081967213,22.0,2.0,0.13185735130692375,0.8970992082890615,0.0,0.8265876641890879,6.479533183751356,0.0,0.12254225891314366,0.8916691960308754,0.0,0.13292807701045295,0.8441745131477534,0.0
KMT5A_HUMAN,9.179487179487179,20.0,1.0,0.10759661183273446,0.9978956339059626,0.0,0.606588354060737,6.670083627105018,0.0,0.1023680449281601,0.993611984355537,0.0,0.10570439861044448,0.9192078040018249,0.0
SIR7_HUMAN,10.307262569832401,20.0,1.0,0.05714590023182235,0.9312729847278671,0.0,0.3422627277049816,7.4432735153384995,0.0,0.04731249839809919,0.9307278493221728,0.0,0.08532385242720884,0.8252585055771892,0.0
DBLOH_HUMAN,6.0,10.0,1.0,0.11056421934564244,0.9322803318558575,0.0,0.5364745366784831,4.205118967724007,0.0,0.09638444079294799,0.9183716312527223,0.0,0.16390325026430586,0.8186302959953569,0.0
PICK1_HUMAN,6.428571428571429,14.0,2.0,0.017879931298801933,0.3625886379733774,0.0,0.0795002049317052,1.1695002177256448,0.0,0.011878879569452624,0.2499968541495451,0.0,0.09641848702768498,0.5901639344262295,0.0
ABHDA_HUMAN,5.8,8.0,5.0,0.024189933710187413,0.33985726606608885,0.0,0.14542135591391228,2.0811991829877114,0.0,0.018694426578027577,0.29744971062233005,0.0,0.06886080058678326,0.3647754959972154,0.0
HIF1N_HUMAN,7.973333333333334,13.0,1.0,0.04237945126862259,0.760526251834918,0.0,0.2505673230810139,5.428370494796234,0.0,0.03163863641273016,0.7401960866639162,0.0,0.1057014617749754,0.8691220076055819,0.0
INP5E_HUMAN,3.3333333333333335,4.0,2.0,0.0009026583239907201,0.0043435136931589055,0.0,0.002957510089277094,0.00985836696425698,0.0,8.855017280105184e-06,4.260957638905129e-05,0.0,0.12423954854646742,0.5901639344262295,0.0
ACS2L_HUMAN,10.0,10.0,10.0,0.06049431783684726,0.36296590702108356,0.0,0.4307195494399319,2.5843172966395915,0.0,0.055930168537136275,0.33558101122281764,0.0,0.023003718321475287,0.13802230992885173,0.0
NRK1_HUMAN,2.0,2.0,2.0,0.05710945276440268,0.34265671658641605,0.0,0.48782242384283725,2.9269345430570235,0.0,0.054050614757801985,0.3243036885468119,0.0,0.12954118849050777,0.7772471309430466,0.0
ALKB4_HUMAN,6.0,8.0,2.0,0.018074801771566392,0.1968737741193647,0.0,0.12111715378128671,1.5005032290704319,0.0,0.012841326198670632,0.15296739789632477,0.0,0.0659142716378704,0.5901639344262295,0.0
ZDHC3_HUMAN,10.10344827586207,17.0,1.0,0.07006409500069459,0.9625337699726016,0.0,0.4549313910654781,4.393171199226947,0.0,0.061877492634677844,0.9506354411877741,0.0,0.09477231463146475,0.8416117587430308,0.0
MOCS1_HUMAN,7.333333333333333,9.0,4.0,0.04834144466578127,0.4834144466578127,0.0,0.446434836010089,4.46434836010089,0.0,0.04778492852231179,0.47784928522311787,0.0,0.06736720373779141,0.4645406949071871,0.0
SOX_HUMAN,6.0,10.0,2.0,0.05924885359116383,0.8810386177825141,0.0,0.544399719786081,8.136420695898444,0.0,0.058723748817852264,0.8807807528212119,0.0,0.09871652924299315,0.7289444010755486,0.0
B4GT7_HUMAN,7.066666666666666,14.0,1.0,0.09298377296776279,0.9516645015421802,0.0,0.541568317578935,6.099538768637404,0.0,0.08429154676176236,0.9487437920745315,0.0,0.10346654117241293,0.7224971976766191,0.0
EP15R_HUMAN,0.0,0.0,0.0,0.0,0.0,0.0,0.0,0.0,0.0,0.0,0.0,0.0,0.0,0.0,0.0
HDAC6_HUMAN,9.26657263751763,18.0,1.0,0.02611413603257171,0.9897743070394112,0.0,0.15329327100788526,6.804955584185985,0.0,0.01853521451887086,0.9882292934869594,0.0,0.06785684998672928,0.9115117118284463,0.0
TRMB_HUMAN,8.80952380952381,22.0,2.0,0.05256075465267572,0.9583954468264329,0.0,0.37457724288165395,7.983610580527631,0.0,0.047880712761161785,0.9580686282597402,0.0,0.09116169042153,0.7719009889645368,0.0
HYPDH_HUMAN,0.0,0.0,0.0,0.0,0.0,0.0,0.0,0.0,0.0,0.0,0.0,0.0,0.0,0.0,0.0
TRIM1_HUMAN,8.777777777777779,16.0,1.0,0.057610385161293534,0.7656493541751608,0.0,0.23028863743691674,3.953804539443101,0.0,0.041989328310102526,0.7509629854889365,0.0,0.10277023141413447,0.8557630465871173,0.0
ZDHC2_HUMAN,8.948717948717949,16.0,2.0,0.03827005524771634,0.9497856969727899,0.0,0.18635056576239153,6.1918511112995755,0.0,0.030012049624722932,0.9471911604347178,0.0,0.07273666727663011,0.7819943033516302,0.0
PADI1_HUMAN,4.25,11.0,2.0,0.0022874187415858746,0.010101138481523414,0.0,0.002957510089277094,0.00985836696425698,0.0,2.2439423583920347e-05,9.909148724977009e-05,0.0,0.18476867842647338,0.5901639344262295,0.0
HAOX1_HUMAN,7.0,11.0,3.0,0.03469047273907848,0.6113092742893255,0.0,0.2953211076776664,5.180250199621096,0.0,0.03343025061754543,0.6078696824646797,0.0,0.06644223397286184,0.5219079436924974,0.0
FAN1_HUMAN,5.538461538461538,13.0,1.0,0.05938696956958607,0.8473131055352654,0.0,0.30825214898388337,4.375220580204882,0.0,0.05577459976389366,0.826653979517952,0.0,0.11530086714944902,0.9342509446824269,0.0
PTH2_HUMAN,6.333333333333333,9.0,2.0,0.060671031389611434,0.8783371090976655,0.0,0.39067999912138923,6.278862488289206,0.0,0.05374212437956345,0.8766897590209265,0.0,0.07746072006712212,0.48463369499734105,0.0
PUS1_HUMAN,4.875,9.0,1.0,0.06553068778845057,0.9442551438236202,0.0,0.4654508247687951,7.76046702921342,0.0,0.0614685738322395,0.9438526480248889,0.0,0.1155406541798229,0.7690147091433218,0.0
LIPG_HUMAN,8.764705882352942,16.0,2.0,0.03489478687167732,0.8734566724304808,0.0,0.20967098650689303,5.107225064606205,0.0,0.03270614109093453,0.8679176788979948,0.0,0.0769937111682603,0.7421930999039776,0.0
KAD5_HUMAN,3.8,6.0,2.0,0.12532931921087512,0.8180978949452076,0.0,1.0210528338925526,5.679684923077141,0.0,0.12456463247446935,0.8153043899380776,0.0,0.13691938087537775,0.7263675368700199,0.0
SETBP_HUMAN,4.333333333333333,5.0,2.0,0.05372142754210026,0.28862569165459007,0.005279399374309956,0.12365339256639424,0.6926285205770805,0.00985836696425698,0.024094766672015145,0.14423797711512695,5.1790551801937155e-05,0.38552083555879085,0.5901639344262295,0.32164129715420253
UBIA1_HUMAN,4.454545454545454,8.0,2.0,0.09772355427003955,0.8671776788997573,0.0,0.6362699562832088,7.172680364311302,0.0,0.08913015541398966,0.8665123251819313,0.0,0.14306438437043148,0.7690147091433218,0.0
