tp_id,ntp_id
RYR2_MOUSE,DYH8_MOUSE
RYR2_MOUSE,UBR4_MOUSE
RYR2_MOUSE,BLTP1_MOUSE
RYR2_MOUSE,USH2A_MOUSE
RYR2_MOUSE,SSPO_MOUSE
RYR2_MOUSE,HMCN2_MOUSE
RYR2_MOUSE,HYDIN_MOUSE
RYR2_MOUSE,PCLO_MOUSE
RYR2_MOUSE,BIG_ARATH
RYR2_MOUSE,E9PZP8_MOUSE
RYR2_MOUSE,BIRC6_MOUSE
RYR2_MOUSE,MYCB2_MOUSE
RYR2_MOUSE,RN213_MOUSE
RYR2_MOUSE,KMT2C_MOUSE
RYR2_MOUSE,FAT4_MOUSE
RYR2_MOUSE,RYR3_MOUSE
RYR2_MOUSE,RYR1_MOUSE
RYR2_MOUSE,HERC2_MOUSE
RYR2_MOUSE,ABCAD_MOUSE
RYR2_MOUSE,E9Q5I3_MOUSE
RYR2_MOUSE,Q8K1G6_MOUSE
RYR2_MOUSE,DNHD1_MOUSE
ACC1_ARATH,ACC2_ARATH
ACC1_ARATH,TI236_ARATH
ACC1_ARATH,FILA2_MOUSE
ACC1_ARATH,CHR4_ARATH
ACC1_ARATH,F4J0L7_ARATH
ACC1_ARATH,G3X8Q1_MOUSE
ACC1_ARATH,Q3UHI8_MOUSE
ACC1_ARATH,B9EKC5_MOUSE
ACC1_ARATH,Q6DFZ2_MOUSE
ACC1_ARATH,FREM1_MOUSE
ACC1_ARATH,GOGA4_MOUSE
ACC1_ARATH,Q6PFV8_MOUSE
ACC1_ARATH,NOTC3_MOUSE
ACC1_ARATH,ZEP3_MOUSE
ACC1_ARATH,Q2VEB4_MOUSE
ACC1_ARATH,Q3UHR2_MOUSE
ACC1_ARATH,SVIL_MOUSE
ACC1_ARATH,WNK2_MOUSE
ACC1_ARATH,RTTN_MOUSE
ACC1_ARATH,ELYS_MOUSE
ACC1_ARATH,PRP8A_ARATH
ACC1_ARATH,E9PWL1_MOUSE
ACC1_ARATH,YEEJ_ECOLI
ACC1_ARATH,BRWD1_MOUSE
ACC1_ARATH,ZN318_MOUSE
ACC1_ARATH,MED12_ARATH
ACC1_ARATH,CO6A4_MOUSE
ACC1_ARATH,E9Q9K8_MOUSE
ACC1_ARATH,INT1_MOUSE
ACC1_ARATH,ABCA4_MOUSE
ACC1_ARATH,SWTIE_ARATH
ACC1_ARATH,Q5SUF5_MOUSE
ACC1_ARATH,CNTRL_MOUSE
ACC1_ARATH,Q9WUT2_MOUSE
ACC1_ARATH,DIDO1_MOUSE
ACC1_ARATH,MD13L_MOUSE
ACC1_ARATH,JHD2C_MOUSE
ACC1_ARATH,CAC1H_MOUSE
ACC1_ARATH,NAV3_MOUSE
ACC1_ARATH,SPTB2_MOUSE
ACC1_ARATH,PYR1_MOUSE
ACC1_ARATH,SC16A_MOUSE
ACC1_ARATH,CO6A6_MOUSE
ACC1_ARATH,MED12_MOUSE
ACC1_ARATH,F4I0A4_ARATH
ACC1_ARATH,FA5_MOUSE
ACC1_ARATH,E9Q7P2_MOUSE
ACC1_ARATH,GLUT1_ARATH
ACC1_ARATH,DEK1_ARATH
ACC1_ARATH,GP179_MOUSE
ACC1_ARATH,V9GXT3_MOUSE
ACC1_ARATH,Q5SUG0_MOUSE
ACC1_ARATH,ESP1_ARATH
ACC1_ARATH,Q27YN9_MOUSE
ACC1_ARATH,Q5SUF9_MOUSE
ACC1_ARATH,NACAM_MOUSE
ACC1_ARATH,ARI1A_MOUSE
ACC1_ARATH,PTPRQ_MOUSE
ACC1_ARATH,PK1L3_MOUSE
ACC1_ARATH,Q5SUF6_MOUSE
ACC1_ARATH,ATXR3_ARATH
ACC1_ARATH,SPG17_MOUSE
ACC1_ARATH,SDK1_MOUSE
ACC1_ARATH,Q5SUF8_MOUSE
ACC1_ARATH,CSPG4_MOUSE
ACC1_ARATH,YCF2_ARATH
ACC1_ARATH,DPOE1_ARATH
ACC1_ARATH,Q5SUG2_MOUSE
ACC1_ARATH,Q5SUG1_MOUSE
ACC1_ARATH,Q5SUG4_MOUSE
ACC1_ARATH,CTSRT_MOUSE
ACC1_ARATH,SDK2_MOUSE
ACC1_ARATH,SHAN1_MOUSE
ACC1_ARATH,OTOGL_MOUSE
ACC1_ARATH,CAC1B_MOUSE
ACC1_ARATH,MYO7A_MOUSE
ACC1_ARATH,Q5SUG3_MOUSE
ACC1_ARATH,ROS1_MOUSE
ACC1_ARATH,ABCA1_MOUSE
ACC1_ARATH,ACACA_MOUSE
ACC1_ARATH,UN13C_MOUSE
ACC1_ARATH,CAC1E_MOUSE
ACC1_ARATH,SORL_MOUSE
ACC1_ARATH,ARI1B_MOUSE
ACC1_ARATH,TEB_ARATH
ACC1_ARATH,CAC1D_MOUSE
ACC1_ARATH,CSI1_ARATH
ACC1_ARATH,PTPRZ_MOUSE
ACC1_ARATH,C2CD3_MOUSE
ACC1_ARATH,BRM_ARATH
ACC1_ARATH,DOC10_MOUSE
ACC1_ARATH,ABCA7_MOUSE
ACC1_ARATH,MED13_MOUSE
ACC1_ARATH,TECTA_MOUSE
ACC1_ARATH,MBD9_ARATH
ACC1_ARATH,CAC1A_MOUSE
ACC1_ARATH,GON4L_MOUSE
ACC1_ARATH,DEXHC_ARATH
HOLE_ECOLI,DICC_ECOLI
HOLE_ECOLI,CK2N2_MOUSE
HOLE_ECOLI,CLE1_ARATH
HOLE_ECOLI,DF202_ARATH
HOLE_ECOLI,ESFL6_ARATH
HOLE_ECOLI,MT2B_ARATH
HOLE_ECOLI,YCEK_ECOLI
HOLE_ECOLI,A0A0A6YXE2_MOUSE
HOLE_ECOLI,ESFL8_ARATH
HOLE_ECOLI,PSK3_ARATH
HOLE_ECOLI,PSBH_ARATH
HOLE_ECOLI,NOI4_ARATH
HOLE_ECOLI,Q6E248_ARATH
HOLE_ECOLI,Q941E9_ARATH
HOLE_ECOLI,ACP_ECOLI
HOLE_ECOLI,Q93WI1_ARATH
HOLE_ECOLI,RC23_ARATH
HOLE_ECOLI,PSPD_ECOLI
HOLE_ECOLI,Q9M846_ARATH
HOLE_ECOLI,Q1PEF0_ARATH
HOLE_ECOLI,S4R2L2_MOUSE
HOLE_ECOLI,Q9LRR8_ARATH
HOLE_ECOLI,YCF15_ARATH
HOLE_ECOLI,SEM12_ARATH
HOLE_ECOLI,SMAP2_ARATH
HOLE_ECOLI,FEOA_ECOLI
HOLE_ECOLI,YDCY_ECOLI
HOLE_ECOLI,YCCJ_ECOLI
HOLE_ECOLI,FEOC_ECOLI
HOLE_ECOLI,RCLB_ECOLI
HOLE_ECOLI,CLE2_ARATH
HOLE_ECOLI,YCGZ_ECOLI
HOLE_ECOLI,YDFK_ECOLI
HOLE_ECOLI,YEJL_ECOLI
HOLE_ECOLI,PCEP7_ARATH
HOLE_ECOLI,YDHL_ECOLI
HOLE_ECOLI,DFB12_MOUSE
HOLE_ECOLI,L7MUF2_MOUSE
HOLE_ECOLI,YEDF_ECOLI
HOLE_ECOLI,HSBP1_MOUSE
HOLE_ECOLI,A0A0G2JFI5_MOUSE
HOLE_ECOLI,E9PZ77_MOUSE
HOLE_ECOLI,ENHO_MOUSE
HOLE_ECOLI,A2AW40_MOUSE
HOLE_ECOLI,YNAE_ECOLI
HOLE_ECOLI,UBL5_ARATH
HOLE_ECOLI,A0A3B2WCP3_MOUSE
HOLE_ECOLI,CD52_MOUSE
HOLE_ECOLI,GBG4_MOUSE
HOLE_ECOLI,SPR2E_MOUSE
HOLE_ECOLI,GP15L_MOUSE
HOLE_ECOLI,NEUG_MOUSE
HOLE_ECOLI,S100G_MOUSE
HOLE_ECOLI,Q5SSJ1_MOUSE
HOLE_ECOLI,CSTM5_ARATH
HOLE_ECOLI,R4JNM3_MOUSE
HOLE_ECOLI,Q9M1U1_ARATH
HOLE_ECOLI,CST11_ARATH
HOLE_ECOLI,TM258_MOUSE
HOLE_ECOLI,V9GWS8_MOUSE
HOLE_ECOLI,G3UY91_MOUSE
HOLE_ECOLI,SCOP4_ARATH
HOLE_ECOLI,GLV2_ARATH
HOLE_ECOLI,TAX1_ARATH
HOLE_ECOLI,GBG3_MOUSE
HOLE_ECOLI,RL28_ECOLI
HOLE_ECOLI,CSPD_ECOLI
HOLE_ECOLI,ETC3_ARATH
HOLE_ECOLI,SOP14_ARATH
HOLE_ECOLI,SPR2F_MOUSE
HOLE_ECOLI,SPR2G_MOUSE
HOLE_ECOLI,BRK1_MOUSE
HOLE_ECOLI,COX6C_MOUSE
HOLE_ECOLI,SCOP2_ARATH
HOLE_ECOLI,RS18_ECOLI
HOLE_ECOLI,ACIN1_ARATH
HOLE_ECOLI,A0A0A6YWM6_MOUSE
HOLE_ECOLI,GBG1_MOUSE
HOLE_ECOLI,CLE19_ARATH
HOLE_ECOLI,A0A0U1RPR9_MOUSE
HOLE_ECOLI,COA5_MOUSE
HOLE_ECOLI,SCOP1_ARATH
HOLE_ECOLI,ATPL_ECOLI
HOLE_ECOLI,CKS1_MOUSE
HOLE_ECOLI,SPTSB_MOUSE
HOLE_ECOLI,LPP_ECOLI
HOLE_ECOLI,A0A087WQN9_MOUSE
HOLE_ECOLI,RELB_ECOLI
HOLE_ECOLI,A0A0U1RP12_MOUSE
HOLE_ECOLI,CX171_ARATH
HOLE_ECOLI,PPTA_ECOLI
HOLE_ECOLI,NDB3B_ARATH
HOLE_ECOLI,CK2N1_MOUSE
HOLE_ECOLI,ZN706_MOUSE
HOLE_ECOLI,IDA_ARATH
HOLE_ECOLI,Q8L923_ARATH
HOLE_ECOLI,KILR_ECOLI
HOLE_ECOLI,YODD_ECOLI
HOLE_ECOLI,PSY1_ARATH
HOLE_ECOLI,CD24_MOUSE
MYLK_MOUSE,E0CZ42_MOUSE
MYLK_MOUSE,APC1_MOUSE
MYLK_MOUSE,CALS1_ARATH
MYLK_MOUSE,GP210_ARATH
MYLK_MOUSE,F4JHM9_ARATH
MYLK_MOUSE,TAF1_ARATH
MYLK_MOUSE,CFA65_MOUSE
MYLK_MOUSE,E9Q614_MOUSE
MYLK_MOUSE,MYH1_MOUSE
MYLK_MOUSE,M0QWP1_MOUSE
MYLK_MOUSE,WDR81_MOUSE
MYLK_MOUSE,F7C528_MOUSE
MYLK_MOUSE,MYH4_MOUSE
MYLK_MOUSE,K1549_MOUSE
MYLK_MOUSE,B1AR69_MOUSE
MYLK_MOUSE,TANC2_MOUSE
MYLK_MOUSE,EVPL_MOUSE
MYLK_MOUSE,KAT6B_MOUSE
MYLK_MOUSE,SET1B_MOUSE
MYLK_MOUSE,MYH7B_MOUSE
MYLK_MOUSE,GRB1L_MOUSE
MYLK_MOUSE,TP53B_MOUSE
MYLK_MOUSE,TRPM6_MOUSE
MYLK_MOUSE,PLXB3_MOUSE
MYLK_MOUSE,MYH8_MOUSE
MYLK_MOUSE,SHRM3_MOUSE
MYLK_MOUSE,RHG21_MOUSE
MYLK_MOUSE,CALS7_ARATH
MYLK_MOUSE,PLXA1_MOUSE
MYLK_MOUSE,MTMRD_MOUSE
MYLK_MOUSE,PO210_MOUSE
MYLK_MOUSE,SKT_MOUSE
MYLK_MOUSE,F7DC70_MOUSE
MYLK_MOUSE,RRP5_MOUSE
MYLK_MOUSE,TRIPC_MOUSE
MYLK_MOUSE,SCN3A_MOUSE
MYLK_MOUSE,PLXA2_MOUSE
MYLK_MOUSE,RPB1_MOUSE
MYLK_MOUSE,DCL1_ARATH
MYLK_MOUSE,VWA8_MOUSE
MYLK_MOUSE,PARP4_MOUSE
MYLK_MOUSE,CAC1F_MOUSE
MYLK_MOUSE,Q571K1_MOUSE
MYLK_MOUSE,MED13_ARATH
MYLK_MOUSE,MYH3_MOUSE
MYLK_MOUSE,MTCL1_MOUSE
MYLK_MOUSE,Q99PB3_MOUSE
MYLK_MOUSE,TENS1_MOUSE
MYLK_MOUSE,P210L_MOUSE
MYLK_MOUSE,DOCK3_MOUSE
MYLK_MOUSE,MOM1_ARATH
MYLK_MOUSE,MYH14_MOUSE
MYLK_MOUSE,CALSA_ARATH
MYLK_MOUSE,ATS20_MOUSE
MYLK_MOUSE,DOCK1_MOUSE
MYLK_MOUSE,DCAF1_ARATH
MYLK_MOUSE,MOR1_ARATH
MYLK_MOUSE,CROCC_MOUSE
MYLK_MOUSE,DOCK4_MOUSE
MYLK_MOUSE,BAZ2A_MOUSE
MYLK_MOUSE,MYH10_MOUSE
MYLK_MOUSE,GANP_MOUSE
MYLK_MOUSE,A2A7F4_MOUSE
MYLK_MOUSE,RP1L1_MOUSE
MYLK_MOUSE,ZN106_MOUSE
MYLK_MOUSE,RGPA1_MOUSE
MYLK_MOUSE,RGPA2_MOUSE
MYLK_MOUSE,RIMB1_MOUSE
MYLK_MOUSE,MYH2_MOUSE
MYLK_MOUSE,SCN8A_MOUSE
MYLK_MOUSE,CHD4_MOUSE
MYLK_MOUSE,TTC3_MOUSE
MYLK_MOUSE,GRDN_MOUSE
MYLK_MOUSE,SCN9A_MOUSE
MYLK_MOUSE,MYH7_MOUSE
MYLK_MOUSE,TARA_MOUSE
MYLK_MOUSE,PCSK5_MOUSE
MYLK_MOUSE,MYH11_MOUSE
MYLK_MOUSE,PTPRB_MOUSE
MYLK_MOUSE,KAT6A_MOUSE
MYLK_MOUSE,SCN1A_MOUSE
MYLK_MOUSE,C8AP2_MOUSE
MYLK_MOUSE,ANK1_MOUSE
MYLK_MOUSE,NAV1_MOUSE
MYLK_MOUSE,REV3_ARATH
MYLK_MOUSE,RAI1_MOUSE
MYLK_MOUSE,P4KA1_ARATH
MYLK_MOUSE,Q6A087_MOUSE
MYLK_MOUSE,PTPRF_MOUSE
MYLK_MOUSE,F4HTM5_ARATH
MYLK_MOUSE,SCN2A_MOUSE
MYLK_MOUSE,TCF20_MOUSE
MYLK_MOUSE,SCC2_ARATH
MYLK_MOUSE,MTMR5_MOUSE
MYLK_MOUSE,SCNAA_MOUSE
MYLK_MOUSE,MYO5A_MOUSE
MYLK_MOUSE,PCM1_MOUSE
MYLK_MOUSE,DEN4C_MOUSE
MYLK_MOUSE,EAF1B_ARATH
MYLK_MOUSE,DME_ARATH
TUSA_ECOLI,CML28_ARATH
TUSA_ECOLI,MT2A_ARATH
TUSA_ECOLI,ESFLA_ARATH
TUSA_ECOLI,B9DG55_ARATH
TUSA_ECOLI,BRK1_ARATH
TUSA_ECOLI,Q9C7G9_ARATH
TUSA_ECOLI,DEF32_ARATH
TUSA_ECOLI,F4KDB4_ARATH
TUSA_ECOLI,CLE5_ARATH
TUSA_ECOLI,CLE4_ARATH
TUSA_ECOLI,DF266_ARATH
TUSA_ECOLI,NRDH_ECOLI
TUSA_ECOLI,CML29_ARATH
TUSA_ECOLI,F4JC32_ARATH
TUSA_ECOLI,PEP4_ARATH
TUSA_ECOLI,Q8LEW6_ARATH
TUSA_ECOLI,O88259_MOUSE
TUSA_ECOLI,PSPG_ECOLI
TUSA_ECOLI,SC61B_ARATH
TUSA_ECOLI,Q8VYN3_ARATH
TUSA_ECOLI,WIH1_ARATH
TUSA_ECOLI,CEDA_ECOLI
TUSA_ECOLI,Q94AL6_ARATH
TUSA_ECOLI,CHPS_ECOLI
TUSA_ECOLI,DINI_ECOLI
TUSA_ECOLI,YJHX_ECOLI
TUSA_ECOLI,YMJA_ECOLI
TUSA_ECOLI,SMR5_ARATH
TUSA_ECOLI,YIDD_ECOLI
TUSA_ECOLI,A0A3Q4L2S4_MOUSE
TUSA_ECOLI,YMGC_ECOLI
TUSA_ECOLI,DPH3_MOUSE
TUSA_ECOLI,A8R0U9_MOUSE
TUSA_ECOLI,YCIN_ECOLI
TUSA_ECOLI,YJBE_ECOLI
TUSA_ECOLI,A8R0X1_MOUSE
TUSA_ECOLI,A0A087WRN7_MOUSE
TUSA_ECOLI,D3YX04_MOUSE
TUSA_ECOLI,Q60833_MOUSE
TUSA_ECOLI,A8R0W6_MOUSE
TUSA_ECOLI,A8R0U7_MOUSE
TUSA_ECOLI,Q1RLK7_MOUSE
TUSA_ECOLI,NDUA4_MOUSE
TUSA_ECOLI,O88261_MOUSE
TUSA_ECOLI,SPR2D_MOUSE
TUSA_ECOLI,A8R0U8_MOUSE
TUSA_ECOLI,SP2A1_MOUSE
TUSA_ECOLI,RS21_MOUSE
TUSA_ECOLI,A0A2R8VJW7_MOUSE
TUSA_ECOLI,NMES1_MOUSE
TUSA_ECOLI,Q9D2H1_MOUSE
TUSA_ECOLI,RS27L_MOUSE
TUSA_ECOLI,TFF3_MOUSE
TUSA_ECOLI,ROF_ECOLI
TUSA_ECOLI,UQCC5_MOUSE
TUSA_ECOLI,VA0E1_MOUSE
TUSA_ECOLI,Q8BTB4_MOUSE
TUSA_ECOLI,VA0E2_MOUSE
TUSA_ECOLI,RS212_ARATH
TUSA_ECOLI,WFD12_MOUSE
TUSA_ECOLI,GFRP_MOUSE
TUSA_ECOLI,EX7S_ECOLI
TUSA_ECOLI,MT4B_ARATH
TUSA_ECOLI,MOAD_ECOLI
TUSA_ECOLI,RS27_MOUSE
TUSA_ECOLI,STMP9_ARATH
TUSA_ECOLI,ZAPB_ECOLI
TUSA_ECOLI,CNCG_MOUSE
TUSA_ECOLI,RS211_ARATH
TUSA_ECOLI,RS273_ARATH
TUSA_ECOLI,A0A1B0GQY1_MOUSE
TUSA_ECOLI,DEF18_ARATH
TUSA_ECOLI,STMP7_ARATH
TUSA_ECOLI,RS271_ARATH
TUSA_ECOLI,YFAE_ECOLI
TUSA_ECOLI,AKA7A_MOUSE
TUSA_ECOLI,A7ISQ0_MOUSE
TUSA_ECOLI,IBAG_ECOLI
TUSA_ECOLI,DEF16_ARATH
TUSA_ECOLI,MAZE_ECOLI
TUSA_ECOLI,QCR8_MOUSE
TUSA_ECOLI,MSTN1_MOUSE
TUSA_ECOLI,STMP3_ARATH
TUSA_ECOLI,ESF11_ARATH
TUSA_ECOLI,SMPX_MOUSE
TUSA_ECOLI,GLRX1_ECOLI
TUSA_ECOLI,Q38842_ARATH
TUSA_ECOLI,CKS2_ARATH
TUSA_ECOLI,Q8BMX5_MOUSE
TUSA_ECOLI,SOP15_ARATH
TUSA_ECOLI,UFM1_MOUSE
TUSA_ECOLI,CLE25_ARATH
TUSA_ECOLI,YOEB_ECOLI
TUSA_ECOLI,SAQR_ARATH
TUSA_ECOLI,PTHP_ECOLI
TUSA_ECOLI,Q8C0W0_MOUSE
TUSA_ECOLI,A0A0A6YVP5_MOUSE
TUSA_ECOLI,HYBG_ECOLI
TUSA_ECOLI,A0A140LHC2_MOUSE
TUSA_ECOLI,PCEP3_ARATH
CO4B_MOUSE,CO4A_MOUSE
CO4B_MOUSE,COOA1_MOUSE
CO4B_MOUSE,BIG2_ARATH
CO4B_MOUSE,F4HY36_ARATH
CO4B_MOUSE,BIG4_ARATH
CO4B_MOUSE,IF4G_ARATH
CO4B_MOUSE,HAC5_ARATH
CO4B_MOUSE,TET3_MOUSE
CO4B_MOUSE,HAC12_ARATH
CO4B_MOUSE,C3H19_ARATH
CO4B_MOUSE,MYO10_ARATH
CO4B_MOUSE,F8VQG7_MOUSE
CO4B_MOUSE,TI214_ARATH
CO4B_MOUSE,MYO7_ARATH
CO4B_MOUSE,REC2_ARATH
CO4B_MOUSE,E9PZ87_MOUSE
CO4B_MOUSE,RPP2C_ARATH
CO4B_MOUSE,B5THE3_MOUSE
CO4B_MOUSE,G3X9F7_MOUSE
CO4B_MOUSE,SAC3B_ARATH
CO4B_MOUSE,TAF1B_ARATH
CO4B_MOUSE,COIA1_MOUSE
CO4B_MOUSE,ABCAH_MOUSE
CO4B_MOUSE,B9EKQ3_MOUSE
CO4B_MOUSE,E9PYF4_MOUSE
CO4B_MOUSE,RREB1_MOUSE
CO4B_MOUSE,SHAN3_MOUSE
CO4B_MOUSE,TB182_MOUSE
CO4B_MOUSE,CHD1_MOUSE
CO4B_MOUSE,A2A7B5_MOUSE
CO4B_MOUSE,F8VQM5_MOUSE
CO4B_MOUSE,LTBP2_MOUSE
CO4B_MOUSE,E9PWH4_MOUSE
CO4B_MOUSE,H3BLD7_MOUSE
CO4B_MOUSE,CUL7_MOUSE
CO4B_MOUSE,MDC1_MOUSE
CO4B_MOUSE,E9PZQ1_MOUSE
CO4B_MOUSE,NWD2_MOUSE
CO4B_MOUSE,LY75_MOUSE
CO4B_MOUSE,NUP98_MOUSE
CO4B_MOUSE,Q6XBG2_MOUSE
CO4B_MOUSE,UBR1_MOUSE
CO4B_MOUSE,CE152_MOUSE
CO4B_MOUSE,PLCH1_MOUSE
CO4B_MOUSE,CASZ1_MOUSE
CO4B_MOUSE,SI1L2_MOUSE
CO4B_MOUSE,Q9JLI2_MOUSE
CO4B_MOUSE,BIG3_ARATH
CO4B_MOUSE,TNR6B_MOUSE
CO4B_MOUSE,BIG5_ARATH
CO4B_MOUSE,LTN1_MOUSE
CO4B_MOUSE,CFA43_MOUSE
CO4B_MOUSE,TIAM2_MOUSE
CO4B_MOUSE,ITSN2_MOUSE
CO4B_MOUSE,WIZ_MOUSE
CO4B_MOUSE,SPT6H_MOUSE
CO4B_MOUSE,CLAH2_ARATH
CO4B_MOUSE,APC1_ARATH
CO4B_MOUSE,STRC_MOUSE
CO4B_MOUSE,MYOM1_MOUSE
CO4B_MOUSE,CLH1_MOUSE
CO4B_MOUSE,SPKAP_MOUSE
CO4B_MOUSE,AKA12_MOUSE
CO4B_MOUSE,E9Q532_MOUSE
CO4B_MOUSE,BTBD8_MOUSE
CO4B_MOUSE,AFAD_MOUSE
CO4B_MOUSE,PEPL_MOUSE
CO4B_MOUSE,B5THE2_MOUSE
CO4B_MOUSE,WNK3_MOUSE
CO4B_MOUSE,FAB1A_ARATH
CO4B_MOUSE,Q80TJ5_MOUSE
CO4B_MOUSE,LAMB1_MOUSE
CO4B_MOUSE,Q9FM57_ARATH
CO4B_MOUSE,SN_MOUSE
CO4B_MOUSE,H9LAN6_MOUSE
CO4B_MOUSE,TGRM1_MOUSE
CO4B_MOUSE,ADGB_MOUSE
CO4B_MOUSE,PAR14_MOUSE
CO4B_MOUSE,MED14_ARATH
CO4B_MOUSE,LTBP4_MOUSE
CO4B_MOUSE,EH1L1_MOUSE
CO4B_MOUSE,Q571B7_MOUSE
CO4B_MOUSE,MTAP2_MOUSE
CO4B_MOUSE,SHGR6_ARATH
CO4B_MOUSE,LRIQ1_MOUSE
CO4B_MOUSE,NRAP_MOUSE
CO4B_MOUSE,XRN1_MOUSE
CO4B_MOUSE,ALPK3_MOUSE
CO4B_MOUSE,MRCKA_MOUSE
CO4B_MOUSE,ARID2_MOUSE
CO4B_MOUSE,NET1A_ARATH
CO4B_MOUSE,ZO1_MOUSE
CO4B_MOUSE,RBBP6_MOUSE
CO4B_MOUSE,CHD2_MOUSE
CO4B_MOUSE,LAMA4_MOUSE
CO4B_MOUSE,CLAH1_ARATH
CO4B_MOUSE,EXA1_ARATH
CO4B_MOUSE,LAMB2_MOUSE
CO4B_MOUSE,P3C2A_MOUSE
CO4B_MOUSE,PHLP1_MOUSE
NPHP4_MOUSE,CLU_ARATH
NPHP4_MOUSE,AB35G_ARATH
NPHP4_MOUSE,CECR2_MOUSE
NPHP4_MOUSE,NPAT_MOUSE
NPHP4_MOUSE,MUG1_MOUSE
NPHP4_MOUSE,ASY2_ARATH
NPHP4_MOUSE,AB7C_ARATH
NPHP4_MOUSE,AB32G_ARATH
NPHP4_MOUSE,CLSY3_ARATH
NPHP4_MOUSE,SYNJ2_MOUSE
NPHP4_MOUSE,HFM1_MOUSE
NPHP4_MOUSE,PLA2R_MOUSE
NPHP4_MOUSE,UBP19_MOUSE
NPHP4_MOUSE,F4JH01_ARATH
NPHP4_MOUSE,ATRN1_MOUSE
NPHP4_MOUSE,SIK3_MOUSE
NPHP4_MOUSE,PZP_MOUSE
NPHP4_MOUSE,CPSF1_ARATH
NPHP4_MOUSE,F4J246_ARATH
NPHP4_MOUSE,DNMT3_ARATH
NPHP4_MOUSE,GNOM_ARATH
NPHP4_MOUSE,M3KE2_ARATH
NPHP4_MOUSE,F4HWC3_ARATH
NPHP4_MOUSE,RHSD_ECOLI
NPHP4_MOUSE,PS1_ARATH
NPHP4_MOUSE,HUAL1_ARATH
NPHP4_MOUSE,GNL2_ARATH
NPHP4_MOUSE,ATS13_MOUSE
NPHP4_MOUSE,SNL1_ARATH
NPHP4_MOUSE,PKHH2_MOUSE
NPHP4_MOUSE,TOP2_ARATH
NPHP4_MOUSE,F8VQ70_MOUSE
NPHP4_MOUSE,A0A0J9YUP5_MOUSE
NPHP4_MOUSE,AGRL1_MOUSE
NPHP4_MOUSE,O55124_MOUSE
NPHP4_MOUSE,IYO_ARATH
NPHP4_MOUSE,HUAL2_ARATH
NPHP4_MOUSE,MYO13_ARATH
NPHP4_MOUSE,PTPRM_MOUSE
NPHP4_MOUSE,COHA1_MOUSE
NPHP4_MOUSE,PLB1_MOUSE
NPHP4_MOUSE,A2MG_MOUSE
NPHP4_MOUSE,B2RXC6_MOUSE
NPHP4_MOUSE,CDK12_MOUSE
NPHP4_MOUSE,COFA1_MOUSE
NPHP4_MOUSE,OVOS_MOUSE
NPHP4_MOUSE,MAGI3_MOUSE
NPHP4_MOUSE,NU160_MOUSE
NPHP4_MOUSE,GNL1_ARATH
NPHP4_MOUSE,MRC2_MOUSE
NPHP4_MOUSE,PRC2B_MOUSE
NPHP4_MOUSE,DRL21_ARATH
NPHP4_MOUSE,PDS5B_MOUSE
NPHP4_MOUSE,SNED1_MOUSE
NPHP4_MOUSE,CND1_MOUSE
NPHP4_MOUSE,TRN1_ARATH
NPHP4_MOUSE,CEIP2_MOUSE
NPHP4_MOUSE,SHAN2_MOUSE
NPHP4_MOUSE,Q7TPU7_MOUSE
NPHP4_MOUSE,PRAG1_MOUSE
NPHP4_MOUSE,VPS8_MOUSE
NPHP4_MOUSE,PKL_ARATH
NPHP4_MOUSE,WDR7_MOUSE
NPHP4_MOUSE,RFX7_MOUSE
NPHP4_MOUSE,MRP5_MOUSE
NPHP4_MOUSE,PTPRU_MOUSE
NPHP4_MOUSE,MYOM3_MOUSE
NPHP4_MOUSE,NSD3_MOUSE
NPHP4_MOUSE,ALDO1_ARATH
NPHP4_MOUSE,NID2_MOUSE
NPHP4_MOUSE,RPP5_ARATH
NPHP4_MOUSE,PLPL6_MOUSE
NPHP4_MOUSE,MIA2_MOUSE
NPHP4_MOUSE,Q69ZJ3_MOUSE
NPHP4_MOUSE,MUKB_ECOLI
NPHP4_MOUSE,CSKI1_MOUSE
NPHP4_MOUSE,MED14_MOUSE
NPHP4_MOUSE,B2RXS3_MOUSE
NPHP4_MOUSE,CARL3_MOUSE
NPHP4_MOUSE,PUR4_ARATH
NPHP4_MOUSE,PTPRK_MOUSE
NPHP4_MOUSE,M3KE1_ARATH
NPHP4_MOUSE,CNDD2_ARATH
NPHP4_MOUSE,MAGI1_MOUSE
NPHP4_MOUSE,Q14BI5_MOUSE
NPHP4_MOUSE,CE164_MOUSE
NPHP4_MOUSE,Q3UQS9_MOUSE
NPHP4_MOUSE,TENS2_MOUSE
NPHP4_MOUSE,SHRM4_MOUSE
NPHP4_MOUSE,Q62411_MOUSE
NPHP4_MOUSE,BAZ1B_MOUSE
NPHP4_MOUSE,WRN_MOUSE
NPHP4_MOUSE,RON_MOUSE
NPHP4_MOUSE,SHRM2_MOUSE
NPHP4_MOUSE,CNTLN_MOUSE
NPHP4_MOUSE,YTDC2_MOUSE
NPHP4_MOUSE,PTPRT_MOUSE
NPHP4_MOUSE,GLTB_ECOLI
NPHP4_MOUSE,B7ZNF7_MOUSE
NPHP4_MOUSE,MRC1_MOUSE
AKNA_MOUSE,AB1D_ARATH
AKNA_MOUSE,HUAL3_ARATH
AKNA_MOUSE,XDH2_ARATH
AKNA_MOUSE,ACINU_MOUSE
AKNA_MOUSE,TRI66_MOUSE
AKNA_MOUSE,Y1501_ARATH
AKNA_MOUSE,PUR4_MOUSE
AKNA_MOUSE,BIR1F_MOUSE
AKNA_MOUSE,RTOR2_ARATH
AKNA_MOUSE,DISP2_MOUSE
AKNA_MOUSE,BIR1B_MOUSE
AKNA_MOUSE,MED23_MOUSE
AKNA_MOUSE,EIF3A_MOUSE
AKNA_MOUSE,PLIN4_MOUSE
AKNA_MOUSE,WASC2_MOUSE
AKNA_MOUSE,LMTK1_MOUSE
AKNA_MOUSE,CAMP2_MOUSE
AKNA_MOUSE,NPHP4_MOUSE
AKNA_MOUSE,SNC1_ARATH
AKNA_MOUSE,CEMIP_MOUSE
AKNA_MOUSE,PLPL7_MOUSE
AKNA_MOUSE,CLIP1_MOUSE
AKNA_MOUSE,VGFR3_MOUSE
AKNA_MOUSE,DPOLA_MOUSE
AKNA_MOUSE,PXDN_MOUSE
AKNA_MOUSE,LIG6_ARATH
AKNA_MOUSE,KIF7_MOUSE
AKNA_MOUSE,ROS1_ARATH
AKNA_MOUSE,CO1A2_MOUSE
AKNA_MOUSE,AB30G_ARATH
AKNA_MOUSE,ALDO4_ARATH
AKNA_MOUSE,CO1A1_MOUSE
AKNA_MOUSE,YLPM1_MOUSE
AKNA_MOUSE,RUK_ARATH
AKNA_MOUSE,PALLD_MOUSE
AKNA_MOUSE,ATRN_MOUSE
AKNA_MOUSE,EEA1_MOUSE
AKNA_MOUSE,SBNO1_MOUSE
AKNA_MOUSE,HEG1_MOUSE
AKNA_MOUSE,Q68FG1_MOUSE
AKNA_MOUSE,CRUM1_MOUSE
AKNA_MOUSE,RNC_MOUSE
AKNA_MOUSE,LPPRC_MOUSE
AKNA_MOUSE,ATXR7_ARATH
AKNA_MOUSE,YETS2_MOUSE
AKNA_MOUSE,AB31G_ARATH
AKNA_MOUSE,SUVR5_ARATH
AKNA_MOUSE,CARL1_MOUSE
AKNA_MOUSE,AB29G_ARATH
AKNA_MOUSE,UACA_MOUSE
AKNA_MOUSE,NCOA3_MOUSE
AKNA_MOUSE,IF140_MOUSE
AKNA_MOUSE,SRCRL_MOUSE
AKNA_MOUSE,A0A1Y7VMP7_MOUSE
AKNA_MOUSE,ASTN2_MOUSE
AKNA_MOUSE,TDRD9_MOUSE
AKNA_MOUSE,BIR1A_MOUSE
AKNA_MOUSE,AB40G_ARATH
AKNA_MOUSE,ERBB3_MOUSE
AKNA_MOUSE,NMDE1_MOUSE
AKNA_MOUSE,VGFR2_MOUSE
AKNA_MOUSE,Q3V1X3_MOUSE
AKNA_MOUSE,PP241_ARATH
AKNA_MOUSE,PRAX_MOUSE
AKNA_MOUSE,E9PYV8_MOUSE
AKNA_MOUSE,Q6ZPX4_MOUSE
AKNA_MOUSE,GAPD1_MOUSE
AKNA_MOUSE,PI3R4_MOUSE
AKNA_MOUSE,KIF27_MOUSE
AKNA_MOUSE,AB39G_ARATH
AKNA_MOUSE,NCOA2_MOUSE
AKNA_MOUSE,DAPK1_MOUSE
AKNA_MOUSE,SETD5_MOUSE
AKNA_MOUSE,NRK_MOUSE
AKNA_MOUSE,ROBO3_MOUSE
AKNA_MOUSE,AB37G_ARATH
AKNA_MOUSE,AT8B3_MOUSE
AKNA_MOUSE,CO3A1_MOUSE
AKNA_MOUSE,M3K5_MOUSE
AKNA_MOUSE,IQCN_MOUSE
AKNA_MOUSE,AGRA2_MOUSE
AKNA_MOUSE,COBL_MOUSE
AKNA_MOUSE,KDM6A_MOUSE
AKNA_MOUSE,WDR19_MOUSE
AKNA_MOUSE,PDS5B_ARATH
AKNA_MOUSE,SKI2_ARATH
AKNA_MOUSE,AOXC_MOUSE
AKNA_MOUSE,VCS_ARATH
AKNA_MOUSE,CD109_MOUSE
AKNA_MOUSE,FHAD1_MOUSE
AKNA_MOUSE,XDH1_ARATH
AKNA_MOUSE,MBB1A_MOUSE
AKNA_MOUSE,ARAP1_MOUSE
AKNA_MOUSE,BCL9_MOUSE
AKNA_MOUSE,NCOA1_MOUSE
AKNA_MOUSE,MET_MOUSE
AKNA_MOUSE,ROBO2_MOUSE
AKNA_MOUSE,RPTOR_MOUSE
AKNA_MOUSE,PTC1_MOUSE
AKNA_MOUSE,JIP3_MOUSE
DRL21_ARATH,RPGF2_MOUSE
DRL21_ARATH,RLGPB_MOUSE
DRL21_ARATH,SHOC1_MOUSE
DRL21_ARATH,BIR1E_MOUSE
DRL21_ARATH,UVH3_ARATH
DRL21_ARATH,ZN609_MOUSE
DRL21_ARATH,VPS15_ARATH
DRL21_ARATH,NCKP1_ARATH
DRL21_ARATH,CO2A1_MOUSE
DRL21_ARATH,MRP6_MOUSE
DRL21_ARATH,IQEC2_MOUSE
DRL21_ARATH,MBD5_MOUSE
DRL21_ARATH,CNTP1_MOUSE
DRL21_ARATH,NU160_ARATH
DRL21_ARATH,CO5A2_MOUSE
DRL21_ARATH,ERBIN_MOUSE
DRL21_ARATH,F4JIJ1_ARATH
DRL21_ARATH,AB36G_ARATH
DRL21_ARATH,NMDE2_MOUSE
DRL21_ARATH,CHLH_ARATH
DRL21_ARATH,RHG31_MOUSE
DRL21_ARATH,GOGA3_MOUSE
DRL21_ARATH,CLASP_ARATH
DRL21_ARATH,RDM3_ARATH
DRL21_ARATH,AKNA_MOUSE
DRL21_ARATH,RIMS1_MOUSE
DRL21_ARATH,NEO1_MOUSE
DRL21_ARATH,PASK_MOUSE
DRL21_ARATH,FMN1_MOUSE
DRL21_ARATH,TEX14_MOUSE
DRL21_ARATH,ZN541_MOUSE
DRL21_ARATH,CEFIP_MOUSE
DRL21_ARATH,BRD4_MOUSE
DRL21_ARATH,CAPS1_MOUSE
DRL21_ARATH,ATP7B_MOUSE
DRL21_ARATH,IGF1R_MOUSE
DRL21_ARATH,DHX9_MOUSE
DRL21_ARATH,TENS3_MOUSE
DRL21_ARATH,REF6_ARATH
DRL21_ARATH,DCC_MOUSE
DRL21_ARATH,ERCC6_MOUSE
DRL21_ARATH,TENR_MOUSE
DRL21_ARATH,AGRL2_MOUSE
DRL21_ARATH,ROCK2_MOUSE
DRL21_ARATH,SCAR2_ARATH
DRL21_ARATH,UBP47_MOUSE
DRL21_ARATH,ROCK1_MOUSE
DRL21_ARATH,NU155_MOUSE
DRL21_ARATH,MSH6_MOUSE
DRL21_ARATH,CC88B_MOUSE
DRL21_ARATH,FACD2_MOUSE
DRL21_ARATH,BCL9L_MOUSE
DRL21_ARATH,TPPII_ARATH
DRL21_ARATH,ATP7A_MOUSE
DRL21_ARATH,FANCA_MOUSE
DRL21_ARATH,NOS1_MOUSE
DRL21_ARATH,CUX2_MOUSE
DRL21_ARATH,NRPD1_ARATH
DRL21_ARATH,GWD1_ARATH
DRL21_ARATH,M3K1_MOUSE
DRL21_ARATH,CFTR_MOUSE
DRL21_ARATH,NSD2_MOUSE
DRL21_ARATH,INSR_MOUSE
DRL21_ARATH,ARIP4_MOUSE
DRL21_ARATH,ASXL2_MOUSE
DRL21_ARATH,F4J5R9_ARATH
DRL21_ARATH,F4KIH8_ARATH
DRL21_ARATH,TMM94_MOUSE
DRL21_ARATH,BLM_MOUSE
DRL21_ARATH,RRS1B_ARATH
DRL21_ARATH,Q8BYW0_MOUSE
DRL21_ARATH,HUA2_ARATH
DRL21_ARATH,RPOC_ECOLI
DRL21_ARATH,CHR20_ARATH
DRL21_ARATH,DCL2_ARATH
DRL21_ARATH,TUT7_MOUSE
DRL21_ARATH,ADCY9_MOUSE
DRL21_ARATH,F4HYE4_ARATH
DRL21_ARATH,Q9M033_ARATH
XDH1_ARATH,CGNL1_MOUSE
XDH1_ARATH,SPT62_ARATH
XDH1_ARATH,ALDO2_ARATH
XDH1_ARATH,IREH1_ARATH
XDH1_ARATH,MSH6_ARATH
XDH1_ARATH,F4ISU2_ARATH
XDH1_ARATH,MN1_MOUSE
XDH1_ARATH,KDM2B_MOUSE
XDH1_ARATH,MYO3B_MOUSE
XDH1_ARATH,MD33A_ARATH
XDH1_ARATH,F4I420_ARATH
XDH1_ARATH,PUR4_ECOLI
XDH1_ARATH,RAD50_ARATH
XDH1_ARATH,IP5PC_ARATH
XDH1_ARATH,CAPS2_MOUSE
XDH1_ARATH,PDS5A_MOUSE
XDH1_ARATH,AGRA3_MOUSE
XDH1_ARATH,KTN1_MOUSE
XDH1_ARATH,TADA_ARATH
XDH1_ARATH,Q9LZU7_ARATH
XDH1_ARATH,G5E8P4_MOUSE
XDH1_ARATH,RPGR1_MOUSE
XDH1_ARATH,ELP1_MOUSE
XDH1_ARATH,MYPN_MOUSE
XDH1_ARATH,TBCD4_MOUSE
XDH1_ARATH,TNKS1_MOUSE
XDH1_ARATH,NPHP3_MOUSE
XDH1_ARATH,TCOF_MOUSE
XDH1_ARATH,TNIK_MOUSE
XDH1_ARATH,Q7TSJ9_MOUSE
XDH1_ARATH,WDR33_MOUSE
XDH1_ARATH,MAST3_MOUSE
XDH1_ARATH,HRPA_ECOLI
XDH1_ARATH,ZN521_MOUSE
XDH1_ARATH,JCAD_MOUSE
XDH1_ARATH,TTBK1_MOUSE
XDH1_ARATH,AB21B_ARATH
XDH1_ARATH,EDM2_ARATH
XDH1_ARATH,RHG33_MOUSE
XDH1_ARATH,ZN536_MOUSE
XDH1_ARATH,JHS1_ARATH
XDH1_ARATH,MRP4_MOUSE
XDH1_ARATH,PARD3_MOUSE
XDH1_ARATH,ASTN1_MOUSE
XDH1_ARATH,FTSI5_ARATH
XDH1_ARATH,FRPD4_MOUSE
XDH1_ARATH,CNDD3_ARATH
XDH1_ARATH,TUTLB_MOUSE
XDH1_ARATH,ZC3H4_MOUSE
XDH1_ARATH,NUP1_ARATH
XDH1_ARATH,Q497H5_MOUSE
XDH1_ARATH,ALDO3_ARATH
XDH1_ARATH,UROL1_MOUSE
XDH1_ARATH,RAD50_MOUSE
XDH1_ARATH,KN12B_ARATH
XDH1_ARATH,SF3B1_MOUSE
XDH1_ARATH,CNTP4_MOUSE
XDH1_ARATH,JIP4_MOUSE
XDH1_ARATH,PUTA_ECOLI
XDH1_ARATH,FTSK_ECOLI
XDH1_ARATH,PHL_ARATH
XDH1_ARATH,ULK4_MOUSE
XDH1_ARATH,ENTF_ECOLI
XDH1_ARATH,MCAF1_MOUSE
XDH1_ARATH,TIO_ARATH
XDH1_ARATH,FGT1_ARATH
XDH1_ARATH,GAK_MOUSE
XDH1_ARATH,TTLL5_MOUSE
XDH1_ARATH,PLCG1_MOUSE
XDH1_ARATH,ELP1_ARATH
XDH1_ARATH,CARL2_MOUSE
XDH1_ARATH,BROMI_MOUSE
XDH1_ARATH,Q3TAQ2_MOUSE
XDH1_ARATH,TT21A_MOUSE
XDH1_ARATH,CNGB1_MOUSE
XDH1_ARATH,VGFR1_MOUSE
XDH1_ARATH,CNTP2_MOUSE
XDH1_ARATH,ACE_MOUSE
XDH1_ARATH,PAIP2_ARATH
XDH1_ARATH,TONS_ARATH
XDH1_ARATH,AMRA1_MOUSE
XDH1_ARATH,AOXA_MOUSE
XDH1_ARATH,STK36_MOUSE
XDH1_ARATH,EIN2_ARATH
XDH1_ARATH,ELF6_ARATH
XDH1_ARATH,SALL3_MOUSE
XDH1_ARATH,KDM3A_MOUSE
XDH1_ARATH,IRS2_MOUSE
XDH1_ARATH,SETB1_MOUSE
XDH1_ARATH,CPAP_MOUSE
XDH1_ARATH,NFRKB_MOUSE
XDH1_ARATH,CMT2_ARATH
XDH1_ARATH,NMDE4_MOUSE
XDH1_ARATH,TT21B_MOUSE
XDH1_ARATH,ABCBB_MOUSE
XDH1_ARATH,ERBB4_MOUSE
XDH1_ARATH,MD15A_ARATH
XDH1_ARATH,SOS1_MOUSE
XDH1_ARATH,EHMT1_MOUSE
XDH1_ARATH,XDH_MOUSE
FTSK_ECOLI,F4HTG1_ARATH
FTSK_ECOLI,F4IHU8_ARATH
FTSK_ECOLI,F4JKR3_ARATH
FTSK_ECOLI,F4JRX3_ARATH
FTSK_ECOLI,WRK52_ARATH
FTSK_ECOLI,OPLA_ARATH
FTSK_ECOLI,ANKF1_MOUSE
FTSK_ECOLI,DCTN1_MOUSE
FTSK_ECOLI,SPP_ARATH
FTSK_ECOLI,F4JXM5_ARATH
FTSK_ECOLI,B2RXQ2_MOUSE
FTSK_ECOLI,DEN5B_MOUSE
FTSK_ECOLI,YHDP_ECOLI
FTSK_ECOLI,MDR1B_MOUSE
FTSK_ECOLI,DEN5A_MOUSE
FTSK_ECOLI,PEX1_MOUSE
FTSK_ECOLI,EMSY_MOUSE
FTSK_ECOLI,B8QI33_MOUSE
FTSK_ECOLI,SALL1_MOUSE
FTSK_ECOLI,KN14A_ARATH
FTSK_ECOLI,F2Z3U3_MOUSE
FTSK_ECOLI,GGYF2_MOUSE
FTSK_ECOLI,CRACD_MOUSE
FTSK_ECOLI,H3BJD6_MOUSE
FTSK_ECOLI,KN12E_ARATH
FTSK_ECOLI,SYMPK_MOUSE
FTSK_ECOLI,PPN_MOUSE
FTSK_ECOLI,E9Q6H8_MOUSE
FTSK_ECOLI,FLII_MOUSE
FTSK_ECOLI,MDR3_MOUSE
FTSK_ECOLI,RENT2_MOUSE
FTSK_ECOLI,E9PY62_MOUSE
FTSK_ECOLI,AFF2_MOUSE
FTSK_ECOLI,Q7TMD4_MOUSE
FTSK_ECOLI,A0A0G2JGI9_MOUSE
FTSK_ECOLI,NCAN_MOUSE
FTSK_ECOLI,KN14B_ARATH
FTSK_ECOLI,MAGI2_MOUSE
FTSK_ECOLI,SCAP_MOUSE
FTSK_ECOLI,INF2_MOUSE
FTSK_ECOLI,AB4B_ARATH
FTSK_ECOLI,MDR1A_MOUSE
FTSK_ECOLI,MD33B_ARATH
FTSK_ECOLI,SRBS1_MOUSE
FTSK_ECOLI,KN12A_ARATH
FTSK_ECOLI,FTM_MOUSE
FTSK_ECOLI,PCARE_MOUSE
FTSK_ECOLI,MEII1_MOUSE
FTSK_ECOLI,ZN335_MOUSE
FTSK_ECOLI,EHMT2_MOUSE
FTSK_ECOLI,PIR_ARATH
FTSK_ECOLI,F4IIK4_ARATH
FTSK_ECOLI,MAGL2_MOUSE
FTSK_ECOLI,CLAP2_MOUSE
FTSK_ECOLI,Q0VAV5_MOUSE
FTSK_ECOLI,NPC1_MOUSE
FTSK_ECOLI,AB1B_ARATH
FTSK_ECOLI,MYPC3_MOUSE
FTSK_ECOLI,CRUM2_MOUSE
FTSK_ECOLI,ATX2_MOUSE
FTSK_ECOLI,LPAI_ARATH
FTSK_ECOLI,PER1_MOUSE
FTSK_ECOLI,ENAM_MOUSE
FTSK_ECOLI,S3TC2_MOUSE
FTSK_ECOLI,SMC4_MOUSE
FTSK_ECOLI,PRD16_MOUSE
FTSK_ECOLI,BCR_MOUSE
FTSK_ECOLI,TRPS1_MOUSE
FTSK_ECOLI,DEND3_MOUSE
FTSK_ECOLI,F4IIV5_ARATH
FTSK_ECOLI,MED16_ARATH
FTSK_ECOLI,RTOR1_ARATH
FTSK_ECOLI,Q6P5E3_MOUSE
FTSK_ECOLI,ZN423_MOUSE
FTSK_ECOLI,AGRF5_MOUSE
FTSK_ECOLI,SOS2_MOUSE
FTSK_ECOLI,INSRR_MOUSE
FTSK_ECOLI,SIN3A_MOUSE
FTSK_ECOLI,E9PW37_MOUSE
FTSK_ECOLI,KI16B_MOUSE
FTSK_ECOLI,NPCL1_MOUSE
FTSK_ECOLI,SYGP1_MOUSE
FTSK_ECOLI,PLCG2_MOUSE
FTSK_ECOLI,F4JTN1_ARATH
FTSK_ECOLI,SBNO2_MOUSE
FTSK_ECOLI,RSA1_ARATH
FTSK_ECOLI,MINK1_MOUSE
FTSK_ECOLI,ARI4B_MOUSE
FTSK_ECOLI,PTPRC_MOUSE
FTSK_ECOLI,F4J8A5_ARATH
FTSK_ECOLI,F4JJ27_ARATH
FTSK_ECOLI,IL16_MOUSE
FTSK_ECOLI,RPOB_ECOLI
FTSK_ECOLI,RKP_ARATH
FTSK_ECOLI,UBP42_MOUSE
FTSK_ECOLI,SNL3_ARATH
RS10_ECOLI,CENPX_ARATH
RS10_ECOLI,LCFC1_MOUSE
RS10_ECOLI,CH10_ARATH
RS10_ECOLI,CCDB_ECOLI
RS10_ECOLI,F4IKQ3_ARATH
RS10_ECOLI,DRMH1_ARATH
RS10_ECOLI,GRP19_ARATH
RS10_ECOLI,YDHR_ECOLI
RS10_ECOLI,PCP11_ARATH
RS10_ECOLI,SAU51_ARATH
RS10_ECOLI,H4_ARATH
RS10_ECOLI,MIC10_ARATH
RS10_ECOLI,LAPA_ECOLI
RS10_ECOLI,F4IGJ2_ARATH
RS10_ECOLI,GRS10_ARATH
RS10_ECOLI,GASA3_ARATH
RS10_ECOLI,Q8LCR1_ARATH
RS10_ECOLI,YQJD_ECOLI
RS10_ECOLI,GRC12_ARATH
RS10_ECOLI,Q9C8L8_ARATH
RS10_ECOLI,S10AB_MOUSE
RS10_ECOLI,GRXS1_ARATH
RS10_ECOLI,INH3_ARATH
RS10_ECOLI,Q8C463_MOUSE
RS10_ECOLI,GRXS2_ARATH
RS10_ECOLI,Q9SKP2_ARATH
RS10_ECOLI,GRXS3_ARATH
RS10_ECOLI,SIM14_MOUSE
RS10_ECOLI,LSM3B_ARATH
RS10_ECOLI,YHBQ_ECOLI
RS10_ECOLI,NU4LC_ARATH
RS10_ECOLI,YQJK_ECOLI
RS10_ECOLI,YIAW_ECOLI
RS10_ECOLI,IDL3_ARATH
RS10_ECOLI,YBFB_ECOLI
RS10_ECOLI,GRXS4_ARATH
RS10_ECOLI,Q9M045_ARATH
RS10_ECOLI,O80571_ARATH
RS10_ECOLI,PSRP6_ARATH
RS10_ECOLI,Q8L9A7_ARATH
RS10_ECOLI,SUMO5_ARATH
RS10_ECOLI,Q9FJ65_ARATH
RS10_ECOLI,ASR_ECOLI
RS10_ECOLI,Q8LEL5_ARATH
RS10_ECOLI,R27A1_ARATH
RS10_ECOLI,RS253_ARATH
RS10_ECOLI,YGBE_ECOLI
RS10_ECOLI,RL36A_ARATH
RS10_ECOLI,WIH2_ARATH
RS10_ECOLI,Q2V056_MOUSE
RS10_ECOLI,AC4CH_ECOLI
RS10_ECOLI,Q9T0J2_ARATH
RS10_ECOLI,RR18_ARATH
RS10_ECOLI,O08825_MOUSE
RS10_ECOLI,SAUR8_ARATH
RS10_ECOLI,PYY_MOUSE
RS10_ECOLI,CBPM_ECOLI
RS10_ECOLI,H4_MOUSE
RS10_ECOLI,A0A1Y7VLH6_MOUSE
RS10_ECOLI,A0A0A6YXZ9_MOUSE
RS10_ECOLI,SMR7_ARATH
RS10_ECOLI,YMDA_ECOLI
RS10_ECOLI,VQ10_ARATH
RS10_ECOLI,GFCA_ECOLI
RS10_ECOLI,METJ_ECOLI
RS10_ECOLI,Q8VIJ0_MOUSE
RS10_ECOLI,SOXS_ECOLI
RS10_ECOLI,A0A286YDB9_MOUSE
RS10_ECOLI,GDX_ECOLI
RS10_ECOLI,GHOS_ECOLI
RS10_ECOLI,YNFA_ECOLI
RS10_ECOLI,SDH7B_ARATH
RS10_ECOLI,GLPE_ECOLI
RS10_ECOLI,INSE1_ECOLI
RS10_ECOLI,HDEB_ECOLI
RS10_ECOLI,NIRD_ECOLI
RS10_ECOLI,YAIY_ECOLI
RS10_ECOLI,YCIH_ECOLI
RS10_ECOLI,YCII_ECOLI
RS10_ECOLI,HMGA1_MOUSE
RS10_ECOLI,YJCH_ECOLI
RS10_ECOLI,YJEO_ECOLI
RS10_ECOLI,CXCL3_MOUSE
RS10_ECOLI,YGGL_ECOLI
RS10_ECOLI,Q9SYE2_ARATH
RS10_ECOLI,LAC1_MOUSE
RS10_ECOLI,YJIP_ECOLI
RS10_ECOLI,A0A0J9YV17_MOUSE
RS10_ECOLI,SAU50_ARATH
RS10_ECOLI,HSPQ_ECOLI
RS10_ECOLI,B1AUS0_MOUSE
RS10_ECOLI,CYTB_MOUSE
RS10_ECOLI,YMFJ_ECOLI
RS10_ECOLI,NDUV3_MOUSE
RS10_ECOLI,A8R0V5_MOUSE
RS10_ECOLI,PTQB_ECOLI
RS10_ECOLI,ESP1_MOUSE
RS10_ECOLI,DPOD4_MOUSE
RS10_ECOLI,D3Z4L8_MOUSE
RS10_ECOLI,B3GLJ6_MOUSE
PUTA_ECOLI,ABCB5_MOUSE
PUTA_ECOLI,SYIC_MOUSE
PUTA_ECOLI,TBCD1_MOUSE
PUTA_ECOLI,CLSY1_ARATH
PUTA_ECOLI,STAG1_MOUSE
PUTA_ECOLI,ZN592_MOUSE
PUTA_ECOLI,ERBB2_MOUSE
PUTA_ECOLI,NRCAM_MOUSE
PUTA_ECOLI,RGRF1_MOUSE
PUTA_ECOLI,F4I9G5_ARATH
PUTA_ECOLI,LIPA2_MOUSE
PUTA_ECOLI,RGS22_MOUSE
PUTA_ECOLI,MYO6_MOUSE
PUTA_ECOLI,L1CAM_MOUSE
PUTA_ECOLI,TAMB_ECOLI
PUTA_ECOLI,STIL_MOUSE
PUTA_ECOLI,TR130_ARATH
PUTA_ECOLI,RAF24_ARATH
PUTA_ECOLI,KN14E_ARATH
PUTA_ECOLI,DIAP1_MOUSE
PUTA_ECOLI,ANS1B_MOUSE
PUTA_ECOLI,NPHN_MOUSE
PUTA_ECOLI,D3YUS5_MOUSE
PUTA_ECOLI,ADCY5_MOUSE
PUTA_ECOLI,SHIP2_MOUSE
PUTA_ECOLI,BTSL2_ARATH
PUTA_ECOLI,ARI4A_MOUSE
PUTA_ECOLI,PRP16_ARATH
PUTA_ECOLI,AUTS2_MOUSE
PUTA_ECOLI,PER2_MOUSE
THIO_ECOLI,GDU6_ARATH
THIO_ECOLI,CYC1_ARATH
THIO_ECOLI,EF4L4_ARATH
THIO_ECOLI,F4IEX1_ARATH
THIO_ECOLI,CYC2_ARATH
THIO_ECOLI,RL361_ARATH
THIO_ECOLI,PEP2_ARATH
THIO_ECOLI,IDL5_ARATH
THIO_ECOLI,O81005_ARATH
THIO_ECOLI,RL362_ARATH
THIO_ECOLI,Q3E9A8_ARATH
THIO_ECOLI,YKFI_ECOLI
THIO_ECOLI,Q9CAS9_ARATH
THIO_ECOLI,Q9FFV1_ARATH
THIO_ECOLI,RIC2_ARATH
THIO_ECOLI,YGAM_ECOLI
THIO_ECOLI,Q8L3S7_ARATH
THIO_ECOLI,RLF19_ARATH
THIO_ECOLI,RLA11_ARATH
THIO_ECOLI,Q680Q9_ARATH
THIO_ECOLI,Q3V4B9_MOUSE
THIO_ECOLI,YEBY_ECOLI
THIO_ECOLI,RLF4_ARATH
THIO_ECOLI,A0A140T8N6_MOUSE
THIO_ECOLI,ISK6_MOUSE
THIO_ECOLI,SUMO3_ARATH
THIO_ECOLI,YTFP_ECOLI
THIO_ECOLI,SUI12_ARATH
THIO_ECOLI,SUI11_ARATH
THIO_ECOLI,RLA25_ARATH
THIO_ECOLI,YAFU_ECOLI
THIO_ECOLI,Q9FGP4_ARATH
THIO_ECOLI,S115A_MOUSE
THIO_ECOLI,Q9D245_MOUSE
THIO_ECOLI,Q9FLV1_ARATH
THIO_ECOLI,A0A0M3VGY0_MOUSE
THIO_ECOLI,Q9SLC8_ARATH
THIO_ECOLI,RLA13_ARATH
THIO_ECOLI,YGIZ_ECOLI
THIO_ECOLI,RLA12_ARATH
THIO_ECOLI,BEX6_MOUSE
THIO_ECOLI,Q3TC43_MOUSE
THIO_ECOLI,TM16A_ARATH
THIO_ECOLI,RLA24_ARATH
THIO_ECOLI,SAU71_ARATH
THIO_ECOLI,OSME_ECOLI
THIO_ECOLI,CLE21_ARATH
THIO_ECOLI,YDGC_ECOLI
THIO_ECOLI,SMR2_ARATH
THIO_ECOLI,YGAH_ECOLI
THIO_ECOLI,MLIC_ECOLI
THIO_ECOLI,CTL2B_MOUSE
THIO_ECOLI,Y1754_ARATH
THIO_ECOLI,B7ZJH8_MOUSE
THIO_ECOLI,YEGP_ECOLI
THIO_ECOLI,Q9T0H6_ARATH
THIO_ECOLI,GLNK_ECOLI
THIO_ECOLI,YMFM_ECOLI
THIO_ECOLI,CYC_MOUSE
THIO_ECOLI,EUTS_ECOLI
THIO_ECOLI,R35A4_ARATH
THIO_ECOLI,A0A0B4J1H2_MOUSE
THIO_ECOLI,TUSE_ECOLI
THIO_ECOLI,YGJH_ECOLI
THIO_ECOLI,ESP22_MOUSE
THIO_ECOLI,YIAB_ECOLI
THIO_ECOLI,YOAB_ECOLI
THIO_ECOLI,YJDM_ECOLI
THIO_ECOLI,A8R0W3_MOUSE
THIO_ECOLI,YIDQ_ECOLI
THIO_ECOLI,A2AQH0_MOUSE
THIO_ECOLI,ELF4_ARATH
THIO_ECOLI,KINB3_ARATH
THIO_ECOLI,Q9EQI5_MOUSE
THIO_ECOLI,YMGD_ECOLI
THIO_ECOLI,SG3A1_MOUSE
THIO_ECOLI,YNFB_ECOLI
THIO_ECOLI,YQCC_ECOLI
THIO_ECOLI,EIF1_MOUSE
THIO_ECOLI,Q3UVE0_MOUSE
THIO_ECOLI,TRPR_ECOLI
THIO_ECOLI,Q9D809_MOUSE
THIO_ECOLI,Q7M745_MOUSE
THIO_ECOLI,A0A0G2LB96_MOUSE
THIO_ECOLI,CYC2_MOUSE
THIO_ECOLI,Q80T60_MOUSE
THIO_ECOLI,Q8C9W2_MOUSE
THIO_ECOLI,F6ZJR3_MOUSE
THIO_ECOLI,SECG_ECOLI
THIO_ECOLI,RPRM_MOUSE
THIO_ECOLI,Q8C623_MOUSE
THIO_ECOLI,Q8JZX1_MOUSE
THIO_ECOLI,SAU12_ARATH
THIO_ECOLI,PSPE_ECOLI
THIO_ECOLI,Q8R1E9_MOUSE
THIO_ECOLI,PCEP5_ARATH
THIO_ECOLI,Q9R1W7_MOUSE
THIO_ECOLI,T2AG_MOUSE
THIO_ECOLI,D3YV37_MOUSE
THIO_ECOLI,TCAL9_MOUSE
S10A9_MOUSE,F4IB54_ARATH
S10A9_MOUSE,BIC2_ARATH
S10A9_MOUSE,ATG8I_ARATH
S10A9_MOUSE,Q4VBD0_MOUSE
S10A9_MOUSE,CYT4_ARATH
S10A9_MOUSE,YCHN_ECOLI
S10A9_MOUSE,CXXS1_ARATH
S10A9_MOUSE,ENY2_ARATH
S10A9_MOUSE,F4I886_ARATH
S10A9_MOUSE,Q9LTR0_ARATH
S10A9_MOUSE,GIR2_ARATH
S10A9_MOUSE,UCN2_MOUSE
S10A9_MOUSE,NLTP1_ARATH
S10A9_MOUSE,ELOC_MOUSE
S10A9_MOUSE,F4IXC6_ARATH
S10A9_MOUSE,CUTA_ECOLI
S10A9_MOUSE,A0A0B4J1P5_MOUSE
S10A9_MOUSE,A0A0B4J1G7_MOUSE
S10A9_MOUSE,Q9D848_MOUSE
S10A9_MOUSE,YIDH_ECOLI
S10A9_MOUSE,Q9SKI3_ARATH
S10A9_MOUSE,MED11_ARATH
S10A9_MOUSE,O64751_ARATH
S10A9_MOUSE,GLRX4_ECOLI
S10A9_MOUSE,RLA23_ARATH
S10A9_MOUSE,LV1A_MOUSE
S10A9_MOUSE,Q9M267_ARATH
S10A9_MOUSE,Q3ECI5_ARATH
S10A9_MOUSE,Q93WK6_ARATH
S10A9_MOUSE,A0A0G2JEW2_MOUSE
S10A9_MOUSE,RK20_ARATH
S10A9_MOUSE,Q9SCZ9_ARATH
S10A9_MOUSE,SMR3_ARATH
S10A9_MOUSE,RR31_ARATH
S10A9_MOUSE,YJEI_ECOLI
S10A9_MOUSE,SAU54_ARATH
S10A9_MOUSE,VATG3_MOUSE
S10A9_MOUSE,YFFB_ECOLI
S10A9_MOUSE,A0A140T8P1_MOUSE
S10A9_MOUSE,YAJD_ECOLI
S10A9_MOUSE,YHAI_ECOLI
S10A9_MOUSE,A8R0W9_MOUSE
S10A9_MOUSE,DOPD_MOUSE
S10A9_MOUSE,MED11_MOUSE
S10A9_MOUSE,A8R0T8_MOUSE
S10A9_MOUSE,SPT4A_MOUSE
S10A9_MOUSE,F4KAK0_ARATH
S10A9_MOUSE,TMAR_ECOLI
S10A9_MOUSE,BET1_MOUSE
S10A9_MOUSE,HVM49_MOUSE
S10A9_MOUSE,DPA5A_MOUSE
S10A9_MOUSE,GBRL1_MOUSE
S10A9_MOUSE,AIR1_ARATH
S10A9_MOUSE,MIEN1_MOUSE
S10A9_MOUSE,Q8R046_MOUSE
S10A9_MOUSE,V9GXI4_MOUSE
S10A9_MOUSE,HVM60_MOUSE
S10A9_MOUSE,RETN_MOUSE
S10A9_MOUSE,NRG4_MOUSE
S10A9_MOUSE,RETNG_MOUSE
S10A9_MOUSE,RPB9A_ARATH
S10A9_MOUSE,Q8BRP3_MOUSE
S10A9_MOUSE,NRPBB_ARATH
S10A9_MOUSE,TM262_MOUSE
S10A9_MOUSE,RPB9B_ARATH
S10A9_MOUSE,YBAB_ECOLI
S10A9_MOUSE,A0A0G2JGV5_MOUSE
S10A9_MOUSE,NLTP3_ARATH
S10A9_MOUSE,SCOP5_ARATH
S10A9_MOUSE,MDTI_ECOLI
S10A9_MOUSE,HDEA_ECOLI
S10A9_MOUSE,POP3_ARATH
S10A9_MOUSE,Q9C504_ARATH
S10A9_MOUSE,NEET_ARATH
S10A9_MOUSE,RLA2_MOUSE
S10A9_MOUSE,LYNX1_MOUSE
S10A9_MOUSE,GALP_MOUSE
S10A9_MOUSE,RCNB_ECOLI
S10A9_MOUSE,Q8LG92_ARATH
S10A9_MOUSE,RL35A_MOUSE
S10A9_MOUSE,PAR2_ARATH
S10A9_MOUSE,Q3TMS8_MOUSE
S10A9_MOUSE,RL20_ECOLI
S10A9_MOUSE,SMS_MOUSE
S10A9_MOUSE,R35A2_ARATH
S10A9_MOUSE,IRM1_ARATH
S10A9_MOUSE,GLNB_ECOLI
S10A9_MOUSE,SMD1A_ARATH
S10A9_MOUSE,RL302_ARATH
S10A9_MOUSE,PTQA_ECOLI
S10A9_MOUSE,RL30_MOUSE
S10A9_MOUSE,Q9LW53_ARATH
S10A9_MOUSE,HA22E_ARATH
S10A9_MOUSE,TAL2_MOUSE
S10A9_MOUSE,RS16A_ARATH
S10A9_MOUSE,Q9EP92_MOUSE
S10A9_MOUSE,RL34_MOUSE
S10A9_MOUSE,CUSF_ECOLI
S10A9_MOUSE,RLA1_MOUSE
S10A9_MOUSE,BOLA3_MOUSE
TRXH3_ARATH,ATG8F_ARATH
TRXH3_ARATH,ATG8B_ARATH
TRXH3_ARATH,TRXH4_ARATH
TRXH3_ARATH,FLZ16_ARATH
TRXH3_ARATH,BCP1_ARATH
TRXH3_ARATH,EGC1_ARATH
TRXH3_ARATH,RL353_ARATH
TRXH3_ARATH,ATG8G_ARATH
TRXH3_ARATH,Q3USQ2_MOUSE
TRXH3_ARATH,VAMP2_MOUSE
TRXH3_ARATH,Q9FNM1_ARATH
TRXH3_ARATH,ATG8H_ARATH
TRXH3_ARATH,RLA32_ARATH
TRXH3_ARATH,CHR42_ARATH
TRXH3_ARATH,EF4L2_ARATH
TRXH3_ARATH,FAX6_ARATH
TRXH3_ARATH,Q8RUI1_ARATH
TRXH3_ARATH,SNORC_MOUSE
TRXH3_ARATH,PSPC_ECOLI
TRXH3_ARATH,TOMB_ECOLI
TRXH3_ARATH,Q8L9M7_ARATH
TRXH3_ARATH,RK14_ARATH
TRXH3_ARATH,RL341_ARATH
TRXH3_ARATH,BEX4_MOUSE
TRXH3_ARATH,NU3C_ARATH
TRXH3_ARATH,VATF_MOUSE
TRXH3_ARATH,VQ29_ARATH
TRXH3_ARATH,STR16_ARATH
TRXH3_ARATH,YHAH_ECOLI
TRXH3_ARATH,TOM2B_ARATH
TRXH3_ARATH,Q9CVI3_MOUSE
TRXH3_ARATH,RL7_ECOLI
TRXH3_ARATH,RR12_ARATH
TRXH3_ARATH,RLA31_ARATH
TRXH3_ARATH,YBAV_ECOLI
TRXH3_ARATH,RL222_ARATH
TRXH3_ARATH,FLIT_ECOLI
TRXH3_ARATH,YFGD_ECOLI
TRXH3_ARATH,YIBI_ECOLI
TRXH3_ARATH,A0A286YDJ8_MOUSE
TRXH3_ARATH,GUTM_ECOLI
TRXH3_ARATH,CCL9_MOUSE
TRXH3_ARATH,RL312_ARATH
TRXH3_ARATH,MSYB_ECOLI
TRXH3_ARATH,RNLB_ECOLI
TRXH3_ARATH,NDS5A_ARATH
TRXH3_ARATH,TUSC_ECOLI
TRXH3_ARATH,CST10_ARATH
TRXH3_ARATH,YIBL_ECOLI
TRXH3_ARATH,YFDO_ECOLI
TRXH3_ARATH,SMD1_MOUSE
TRXH3_ARATH,YIJD_ECOLI
TRXH3_ARATH,A0A0B4J1H6_MOUSE
TRXH3_ARATH,YIDG_ECOLI
TRXH3_ARATH,HYPK_MOUSE
TRXH3_ARATH,YFDS_ECOLI
TRXH3_ARATH,A0A0U1RPZ5_MOUSE
TRXH3_ARATH,CCKN_MOUSE
TRXH3_ARATH,YOBA_ECOLI
TRXH3_ARATH,Q6PHA1_MOUSE
TRXH3_ARATH,LSM10_MOUSE
TRXH3_ARATH,RFA3_MOUSE
TRXH3_ARATH,D3YX29_MOUSE
TRXH3_ARATH,SMD1B_ARATH
TRXH3_ARATH,PSCA_MOUSE
TRXH3_ARATH,PCP2_MOUSE
TRXH3_ARATH,PHP14_MOUSE
TRXH3_ARATH,Q3UWU4_MOUSE
TRXH3_ARATH,SAA2_MOUSE
TRXH3_ARATH,RL22L_MOUSE
TRXH3_ARATH,T112A_ARATH
TRXH3_ARATH,RPA12_MOUSE
TRXH3_ARATH,Q497G7_MOUSE
TRXH3_ARATH,PTHA_ECOLI
TRXH3_ARATH,RNPA_ECOLI
TRXH3_ARATH,TAF13_MOUSE
TRXH3_ARATH,TMM80_MOUSE
TRXH3_ARATH,TSACC_MOUSE
TRXH3_ARATH,F4K9G5_ARATH
TRXH3_ARATH,F4ILY7_ARATH
TRXH3_ARATH,CK097_MOUSE
TRXH3_ARATH,RL343_ARATH
TRXH3_ARATH,SYME_ECOLI
TRXH3_ARATH,MMGT2_MOUSE
TRXH3_ARATH,CBEA_ECOLI
TRXH3_ARATH,TSP_MOUSE
TRXH3_ARATH,Q9D8H5_MOUSE
TRXH3_ARATH,PSMG3_MOUSE
TRXH3_ARATH,PSMG4_MOUSE
TRXH3_ARATH,NTF2A_ARATH
TRXH3_ARATH,GBRL2_MOUSE
TRXH3_ARATH,FTSL_ECOLI
TRXH3_ARATH,TX1B3_MOUSE
TRXH3_ARATH,Q8RYC5_ARATH
TRXH3_ARATH,Q9SU32_ARATH
TRXH3_ARATH,TEX12_MOUSE
TRXH3_ARATH,RL35_MOUSE
TRXH3_ARATH,SAU32_ARATH
TRXH3_ARATH,H2BL1_MOUSE
TRXH3_ARATH,NRARP_MOUSE
RL14_ECOLI,PFD1_MOUSE
RL14_ECOLI,A0A2H1ZEF6_ARATH
RL14_ECOLI,OX26_MOUSE
RL14_ECOLI,PBP1_ARATH
RL14_ECOLI,H2B2E_MOUSE
RL14_ECOLI,ERG28_ARATH
RL14_ECOLI,HTT3_ARATH
RL14_ECOLI,GDU2_ARATH
RL14_ECOLI,R15A5_ARATH
RL14_ECOLI,BL1S2_ARATH
RL14_ECOLI,EF4L1_ARATH
RL14_ECOLI,O48717_ARATH
RL14_ECOLI,GRCA_ECOLI
RL14_ECOLI,JAZ13_ARATH
RL14_ECOLI,ATPZ_ECOLI
RL14_ECOLI,MIP1A_ARATH
RL14_ECOLI,PRA1C_ARATH
RL14_ECOLI,PAND_ECOLI
RL14_ECOLI,R15A2_ARATH
RL14_ECOLI,Q8K4A1_MOUSE
RL14_ECOLI,Q84R17_ARATH
RL14_ECOLI,YBAN_ECOLI
RL14_ECOLI,LY66C_MOUSE
RL14_ECOLI,EC12_ARATH
RL14_ECOLI,YBJM_ECOLI
RL14_ECOLI,RL40B_ARATH
RL14_ECOLI,TDCF_ECOLI
RL14_ECOLI,TR112_MOUSE
RL14_ECOLI,MZRA_ECOLI
RL14_ECOLI,Q9FPH2_ARATH
RL14_ECOLI,GBRAP_MOUSE
RL14_ECOLI,B2CXA1_MOUSE
RL14_ECOLI,A2AEI5_MOUSE
RL14_ECOLI,RL221_ARATH
RL14_ECOLI,BEX2_MOUSE
RL14_ECOLI,ATL_ECOLI
RL14_ECOLI,D3Z0R7_MOUSE
RL14_ECOLI,SMD3A_ARATH
RL14_ECOLI,FABP6_MOUSE
RL14_ECOLI,MPC2_MOUSE
RL14_ECOLI,REQ1_ECOLI
RL14_ECOLI,TFF2_MOUSE
RL14_ECOLI,YCFL_ECOLI
RL14_ECOLI,CYT3_ARATH
RL14_ECOLI,MRAP_MOUSE
RL14_ECOLI,E9Q658_MOUSE
RL14_ECOLI,H2B3A_MOUSE
RL14_ECOLI,BSSR_ECOLI
RL14_ECOLI,YIGF_ECOLI
RL14_ECOLI,YIGG_ECOLI
RL14_ECOLI,H2B1M_MOUSE
RL14_ECOLI,RPB9_MOUSE
RL14_ECOLI,Q7TML9_MOUSE
RL14_ECOLI,RPAB2_MOUSE
RL14_ECOLI,H2AZ_MOUSE
RL14_ECOLI,Q5QHR8_MOUSE
RL14_ECOLI,TUSD_ECOLI
RL14_ECOLI,H2B1F_MOUSE
RL14_ECOLI,CHRC1_MOUSE
RL14_ECOLI,H2B1C_MOUSE
RL14_ECOLI,H2B1H_MOUSE
RL14_ECOLI,H2B1K_MOUSE
RL14_ECOLI,Q8CGP4_MOUSE
RL14_ECOLI,H2B1P_MOUSE
RL14_ECOLI,H2B3B_MOUSE
RL14_ECOLI,H2B1B_MOUSE
RL14_ECOLI,H3BKZ6_MOUSE
RL14_ECOLI,H2B2B_MOUSE
RL14_ECOLI,M0QW72_MOUSE
RL14_ECOLI,RCAF1_MOUSE
RL14_ECOLI,GCSH_ECOLI
RL14_ECOLI,RM51_MOUSE
RL14_ECOLI,Q7TPT8_MOUSE
RL14_ECOLI,OTOR_MOUSE
RL14_ECOLI,RL22_MOUSE
RL14_ECOLI,TCP4_MOUSE
RL14_ECOLI,Q91ZY5_MOUSE
RL14_ECOLI,NTF2_MOUSE
RL14_ECOLI,CD59B_MOUSE
RL14_ECOLI,NEU1_MOUSE
RL14_ECOLI,MARA_ECOLI
RL14_ECOLI,SECE_ECOLI
RL14_ECOLI,ACPS_ECOLI
RL14_ECOLI,KHD1B_MOUSE
RL14_ECOLI,FABPL_MOUSE
RL14_ECOLI,FLZ18_ARATH
RL14_ECOLI,TRXH7_ARATH
RL14_ECOLI,PIRC2_MOUSE
RL14_ECOLI,Q8K497_MOUSE
RL14_ECOLI,GRXC1_ARATH
RL14_ECOLI,SRX_ARATH
RL14_ECOLI,NTF2B_ARATH
RL14_ECOLI,A0A0U1RNP3_MOUSE
RL14_ECOLI,BABL_ARATH
RL14_ECOLI,TNR12_MOUSE
RL14_ECOLI,Q8K4A4_MOUSE
RL14_ECOLI,APOC4_MOUSE
RL14_ECOLI,FLZ7_ARATH
RL14_ECOLI,HMGB5_ARATH
RL14_ECOLI,Y4445_ARATH
RS12_ECOLI,CARP1_ARATH
RS12_ECOLI,Q9FKM0_ARATH
RS12_ECOLI,Q9LP53_ARATH
RS12_ECOLI,ATG8E_ARATH
RS12_ECOLI,VUP3_ARATH
RS12_ECOLI,R15A4_ARATH
RS12_ECOLI,YQJF_ECOLI
RS12_ECOLI,TAF13_ARATH
RS12_ECOLI,R15A1_ARATH
RS12_ECOLI,Y2416_ARATH
RS12_ECOLI,SPH22_ARATH
RS12_ECOLI,FLHE_ECOLI
RS12_ECOLI,KNCN_MOUSE
RS12_ECOLI,SIRB2_ECOLI
RS12_ECOLI,OREX_MOUSE
RS12_ECOLI,FLZ17_ARATH
RS12_ECOLI,CCL28_MOUSE
RS12_ECOLI,RL31_MOUSE
RS12_ECOLI,GPHB5_MOUSE
RS12_ECOLI,NLTP2_ARATH
RS12_ECOLI,SAP10_ARATH
RS12_ECOLI,RL40A_ARATH
RS12_ECOLI,SMD3_MOUSE
RS12_ECOLI,LEG2_MOUSE
RS12_ECOLI,RL17_ECOLI
RS12_ECOLI,CRBL2_MOUSE
RS12_ECOLI,RS9_ECOLI
RS12_ECOLI,A0A571BGE2_MOUSE
RS12_ECOLI,DHSC_ECOLI
RS12_ECOLI,RL40_MOUSE
RS12_ECOLI,O22947_ARATH
RS12_ECOLI,RS11_ECOLI
RS12_ECOLI,F6V6F0_MOUSE
RS12_ECOLI,G3UZY9_MOUSE
RS12_ECOLI,ELOB_MOUSE
RS12_ECOLI,RL14_ECOLI
RS12_ECOLI,RS13_ECOLI
RS12_ECOLI,RS15A_MOUSE
RS12_ECOLI,MDTJ_ECOLI
RS12_ECOLI,Q3TMR0_MOUSE
RS12_ECOLI,ARGOS_ARATH
RS12_ECOLI,RL352_ARATH
RS12_ECOLI,TXND8_MOUSE
RS12_ECOLI,RL351_ARATH
RS12_ECOLI,RL311_ARATH
RS12_ECOLI,RS201_ARATH
RS12_ECOLI,F4IGR4_ARATH
RS12_ECOLI,RIDA_ECOLI
RS12_ECOLI,CD59A_MOUSE
RS12_ECOLI,RL223_ARATH
RS12_ECOLI,RL313_ARATH
RS12_ECOLI,RL342_ARATH
RS12_ECOLI,RS25_MOUSE
RS12_ECOLI,FRDD_ECOLI
RS12_ECOLI,PEA15_MOUSE
RS12_ECOLI,RS202_ARATH
RS12_ECOLI,PFD1_ARATH
RS12_ECOLI,VAMP1_MOUSE
RS12_ECOLI,TRXH5_ARATH
RS12_ECOLI,CP121_ARATH
RS12_ECOLI,RS263_ARATH
RS12_ECOLI,KR211_MOUSE
RS12_ECOLI,S10AG_MOUSE
RS12_ECOLI,ISCU_ECOLI
RS12_ECOLI,SKA2_MOUSE
RS12_ECOLI,OSTB_MOUSE
RS12_ECOLI,GTRA_ECOLI
RS12_ECOLI,RS20_MOUSE
RS12_ECOLI,TKN1_MOUSE
RS12_ECOLI,SACA4_MOUSE
RS12_ECOLI,H2A6_ARATH
RS12_ECOLI,CDKA2_MOUSE
RS12_ECOLI,EC13_ARATH
RS12_ECOLI,EC14_ARATH
RS12_ECOLI,PROF4_MOUSE
RS12_ECOLI,Q8CC77_MOUSE
RS12_ECOLI,PIN1_ARATH
RS12_ECOLI,TKN4_MOUSE
RS12_ECOLI,MIA_MOUSE
RS12_ECOLI,LSM4_ARATH
RS12_ECOLI,H2B1A_MOUSE
RS12_ECOLI,FOLX_ECOLI
RS12_ECOLI,Q9S7U3_ARATH
RS12_ECOLI,PFD4_ARATH
RS12_ECOLI,PCEP2_ARATH
RS12_ECOLI,CLE45_ARATH
RS12_ECOLI,RIPP2_MOUSE
RS12_ECOLI,Q3UZU4_MOUSE
RS12_ECOLI,MLP3B_MOUSE
RS12_ECOLI,D3Z0U7_MOUSE
RS12_ECOLI,PROK2_MOUSE
RS12_ECOLI,Q9FL29_ARATH
RS12_ECOLI,OSTN_MOUSE
RS12_ECOLI,BL1S1_MOUSE
RS12_ECOLI,ANFB_MOUSE
RS12_ECOLI,VATG1_MOUSE
RS12_ECOLI,SPR1_ARATH
RS12_ECOLI,RS8_ECOLI
RS12_ECOLI,FSHB_MOUSE
RS12_ECOLI,TRXH3_ARATH
TTBK2_MOUSE,F4HYJ6_ARATH
TTBK2_MOUSE,AGO3_ARATH
TTBK2_MOUSE,ALA9_ARATH
TTBK2_MOUSE,ALA11_ARATH
TTBK2_MOUSE,CARB_ARATH
TTBK2_MOUSE,Y4759_ARATH
TTBK2_MOUSE,ALA7_ARATH
TTBK2_MOUSE,MYO16_ARATH
TTBK2_MOUSE,CMTA2_MOUSE
TTBK2_MOUSE,A0A0A6YY09_MOUSE
TTBK2_MOUSE,ALA5_ARATH
TTBK2_MOUSE,DSC2_ARATH
TTBK2_MOUSE,DSC1_ARATH
TTBK2_MOUSE,ABL2_MOUSE
TTBK2_MOUSE,B2RY69_MOUSE
TTBK2_MOUSE,F4JXM9_ARATH
TTBK2_MOUSE,Q8BJG6_MOUSE
TTBK2_MOUSE,IRE3_ARATH
TTBK2_MOUSE,Q9LZQ4_ARATH
TTBK2_MOUSE,F4HY32_ARATH
TTBK2_MOUSE,DHX30_MOUSE
TTBK2_MOUSE,F4IEZ7_ARATH
TTBK2_MOUSE,Q8K0P6_MOUSE
TTBK2_MOUSE,KIF4_MOUSE
TTBK2_MOUSE,B2RXX5_MOUSE
TTBK2_MOUSE,F4IXI9_ARATH
TTBK2_MOUSE,MYO2_ARATH
TTBK2_MOUSE,NRPB2_ARATH
TTBK2_MOUSE,TAO1_ARATH
TTBK2_MOUSE,Q9LFN1_ARATH
TTBK2_MOUSE,RQL4A_ARATH
TTBK2_MOUSE,B2RXR8_MOUSE
TTBK2_MOUSE,AT131_MOUSE
TTBK2_MOUSE,ATS16_MOUSE
TTBK2_MOUSE,B2RXW8_MOUSE
TTBK2_MOUSE,F8VPS6_MOUSE
TTBK2_MOUSE,CAND2_MOUSE
TTBK2_MOUSE,NARG_ECOLI
TTBK2_MOUSE,B3A3_MOUSE
TTBK2_MOUSE,RDR6_ARATH
TTBK2_MOUSE,SMC3_ARATH
TTBK2_MOUSE,Y1591_ARATH
TTBK2_MOUSE,ARI5B_MOUSE
TTBK2_MOUSE,ATS18_MOUSE
TTBK2_MOUSE,FHOD1_MOUSE
TTBK2_MOUSE,FBLN2_MOUSE
TTBK2_MOUSE,SMC1A_MOUSE
TTBK2_MOUSE,WDR35_MOUSE
TTBK2_MOUSE,B8QI36_MOUSE
TTBK2_MOUSE,STAG2_MOUSE
TTBK2_MOUSE,E9PX39_MOUSE
TTBK2_MOUSE,HAIR_MOUSE
TTBK2_MOUSE,METH_MOUSE
TTBK2_MOUSE,IF2P_MOUSE
TTBK2_MOUSE,RIPR1_MOUSE
TTBK2_MOUSE,PAN2_MOUSE
TTBK2_MOUSE,PTPRO_MOUSE
TTBK2_MOUSE,RELCH_MOUSE
TTBK2_MOUSE,SMC1_ARATH
TTBK2_MOUSE,MTUS1_MOUSE
TTBK2_MOUSE,FH14_ARATH
TTBK2_MOUSE,WDR11_MOUSE
TTBK2_MOUSE,PTN14_MOUSE
TTBK2_MOUSE,RPOM_MOUSE
TTBK2_MOUSE,A0A0J9YVE6_MOUSE
TTBK2_MOUSE,PKP4_MOUSE
TTBK2_MOUSE,Q6PGB9_MOUSE
TTBK2_MOUSE,Q5BJ30_MOUSE
TTBK2_MOUSE,PLCB3_MOUSE
TTBK2_MOUSE,SASH1_MOUSE
TTBK2_MOUSE,REV1_MOUSE
TTBK2_MOUSE,SLK_MOUSE
TTBK2_MOUSE,VCIP1_MOUSE
TTBK2_MOUSE,F4JHE9_ARATH
TTBK2_MOUSE,Q6ZPK1_MOUSE
TTBK2_MOUSE,RENT1_ARATH
TTBK2_MOUSE,ITA11_MOUSE
TTBK2_MOUSE,A0A087WPM2_MOUSE
TTBK2_MOUSE,RGRF2_MOUSE
TTBK2_MOUSE,AT134_MOUSE
TTBK2_MOUSE,DSEL_MOUSE
TTBK2_MOUSE,S130B_ARATH
TTBK2_MOUSE,TC132_ARATH
TTBK2_MOUSE,ZFAT_MOUSE
TTBK2_MOUSE,SRCN1_MOUSE
TTBK2_MOUSE,FIPS5_ARATH
TTBK2_MOUSE,PHLB2_MOUSE
TTBK2_MOUSE,SMC1B_MOUSE
TTBK2_MOUSE,S130A_ARATH
TTBK2_MOUSE,ALA10_ARATH
TTBK2_MOUSE,AT2B4_MOUSE
TTBK2_MOUSE,PWD_ARATH
TTBK2_MOUSE,NID1_MOUSE
TTBK2_MOUSE,KEA1_ARATH
TTBK2_MOUSE,IQEC3_MOUSE
TTBK2_MOUSE,CSPP1_MOUSE
TTBK2_MOUSE,FBX38_MOUSE
TTBK2_MOUSE,KCNT1_MOUSE
TTBK2_MOUSE,CDAN1_MOUSE
TTBK2_MOUSE,COPA_MOUSE
RS8_ECOLI,A8MS55_ARATH
RS8_ECOLI,ATPE_ARATH
RS8_ECOLI,LTOR3_MOUSE
RS8_ECOLI,SAU40_ARATH
RS8_ECOLI,GDU5_ARATH
RS8_ECOLI,AGP11_ARATH
RS8_ECOLI,GRXC4_ARATH
RS8_ECOLI,F4JUP8_ARATH
RS8_ECOLI,ERF97_ARATH
RS8_ECOLI,ACPM3_ARATH
RS8_ECOLI,IFG15_MOUSE
RS8_ECOLI,GILP_ARATH
RS8_ECOLI,AGP4_ARATH
RS8_ECOLI,H2A3_ARATH
RS8_ECOLI,H2AV2_ARATH
RS8_ECOLI,YBGC_ECOLI
RS8_ECOLI,Q9FGU5_ARATH
RS8_ECOLI,TI173_ARATH
RS8_ECOLI,FOLB2_ARATH
RS8_ECOLI,JA15S_ARATH
RS8_ECOLI,MES20_ARATH
RS8_ECOLI,H31_ARATH
RS8_ECOLI,KIC_ARATH
RS8_ECOLI,HYCH_ECOLI
RS8_ECOLI,NDUA6_ARATH
RS8_ECOLI,PSBW_ARATH
RS8_ECOLI,O80783_ARATH
RS8_ECOLI,PRF4_ARATH
RS8_ECOLI,PRF5_ARATH
RS8_ECOLI,S4R2S1_MOUSE
RS8_ECOLI,YJFL_ECOLI
RS8_ECOLI,LY66D_MOUSE
RS8_ECOLI,Q9C8W7_ARATH
RS8_ECOLI,Q8GXF7_ARATH
RS8_ECOLI,STR18_ARATH
RS8_ECOLI,RL271_ARATH
RS8_ECOLI,LY6A_MOUSE
RS8_ECOLI,Q944R3_ARATH
RS8_ECOLI,DICA_ECOLI
RS8_ECOLI,RK16_ARATH
RS8_ECOLI,FADM_ECOLI
RS8_ECOLI,YGHG_ECOLI
RS8_ECOLI,HYAE_ECOLI
RS8_ECOLI,FLIS_ECOLI
RS8_ECOLI,NRDI_ECOLI
RS8_ECOLI,PLIG_ECOLI
RS8_ECOLI,F107B_MOUSE
RS8_ECOLI,EMC5_MOUSE
RS8_ECOLI,TEN1_ARATH
RS8_ECOLI,H31_MOUSE
RS8_ECOLI,NUDG_ECOLI
RS8_ECOLI,ZAPG_ECOLI
RS8_ECOLI,STPA_ECOLI
RS8_ECOLI,THN21_ARATH
RS8_ECOLI,SRXN1_MOUSE
RS8_ECOLI,PSIE_ECOLI
RS8_ECOLI,FABP7_MOUSE
RS8_ECOLI,YECN_ECOLI
RS8_ECOLI,A0A494BAF5_MOUSE
RS8_ECOLI,A8R0U0_MOUSE
RS8_ECOLI,SLPI_MOUSE
RS8_ECOLI,A8IK50_MOUSE
RS8_ECOLI,A0A0A6YY55_MOUSE
RS8_ECOLI,YBHQ_ECOLI
RS8_ECOLI,YQJE_ECOLI
RS8_ECOLI,YCIA_ECOLI
RS8_ECOLI,MTURN_MOUSE
RS8_ECOLI,BSPH2_MOUSE
RS8_ECOLI,LY6C2_MOUSE
RS8_ECOLI,YGDD_ECOLI
RS8_ECOLI,YGFX_ECOLI
RS8_ECOLI,Q78K29_MOUSE
RS8_ECOLI,BSPH1_MOUSE
RS8_ECOLI,CC21B_MOUSE
RS8_ECOLI,CYB5_MOUSE
RS8_ECOLI,D3YWH8_MOUSE
RS8_ECOLI,UQCC4_MOUSE
RS8_ECOLI,KTAP2_MOUSE
RS8_ECOLI,INSL5_MOUSE
RS8_ECOLI,LY6G_MOUSE
RS8_ECOLI,RS12_MOUSE
RS8_ECOLI,RET7_MOUSE
RS8_ECOLI,LEG7_MOUSE
RS8_ECOLI,LY6I_MOUSE
RS8_ECOLI,MYP2_MOUSE
RS8_ECOLI,BETL2_ARATH
RS8_ECOLI,CENPA_MOUSE
RS8_ECOLI,PIGP_MOUSE
RS8_ECOLI,Q8C2Y7_MOUSE
RS8_ECOLI,Q8CCC1_MOUSE
RS8_ECOLI,CBY1_MOUSE
RS8_ECOLI,Q921X5_MOUSE
RS8_ECOLI,TAFA2_MOUSE
RS8_ECOLI,RET2_MOUSE
RS8_ECOLI,WAP_MOUSE
RS8_ECOLI,RL32P_MOUSE
RS8_ECOLI,RT16_ARATH
RS8_ECOLI,Q9D731_MOUSE
RS8_ECOLI,CPLX2_MOUSE
RS8_ECOLI,CISD2_MOUSE
BRI1_ARATH,F4HQ88_ARATH
BRI1_ARATH,A0A178VA17_ARATH
BRI1_ARATH,ATS2_MOUSE
BRI1_ARATH,NOL8_MOUSE
BRI1_ARATH,BRC2A_ARATH
BRI1_ARATH,KCMA1_MOUSE
BRI1_ARATH,MYO3_ARATH
BRI1_ARATH,NRPA2_ARATH
BRI1_ARATH,ANFY1_MOUSE
BRI1_ARATH,MA2A2_MOUSE
BRI1_ARATH,Q9LK83_ARATH
BRI1_ARATH,CSLD3_ARATH
BRI1_ARATH,F4K9K8_ARATH
BRI1_ARATH,CFA57_MOUSE
BRI1_ARATH,F4K0Y5_ARATH
BRI1_ARATH,MLH3_ARATH
BRI1_ARATH,PHYD_ARATH
BRI1_ARATH,Q9C6N3_ARATH
BRI1_ARATH,NIFJ_ECOLI
BRI1_ARATH,ERCC5_MOUSE
BRI1_ARATH,IRE_ARATH
BRI1_ARATH,NRPC2_ARATH
BRI1_ARATH,Q9ZW00_ARATH
BRI1_ARATH,ITA1_MOUSE
BRI1_ARATH,FBF1_MOUSE
BRI1_ARATH,RPP4_ARATH
BRI1_ARATH,NU133_MOUSE
BRI1_ARATH,B2RY66_MOUSE
BRI1_ARATH,SRBS2_MOUSE
BRI1_ARATH,LIPA3_MOUSE
BRI1_ARATH,RPP7_ARATH
BRI1_ARATH,DPO3A_ECOLI
BRI1_ARATH,ADNP2_MOUSE
BRI1_ARATH,F4IRT2_ARATH
BRI1_ARATH,Q69ZW5_MOUSE
BRI1_ARATH,VICTR_ARATH
BRI1_ARATH,SYLC_MOUSE
BRI1_ARATH,SCAR4_ARATH
BRI1_ARATH,ITAE_MOUSE
BRI1_ARATH,BAG6_MOUSE
BRI1_ARATH,RPP1_ARATH
BRI1_ARATH,A0A571BEN1_MOUSE
BRI1_ARATH,CCAR1_MOUSE
BRI1_ARATH,COSA1_MOUSE
BRI1_ARATH,Q99PM6_MOUSE
BRI1_ARATH,A0A0A6YWY8_MOUSE
BRI1_ARATH,ITAD_MOUSE
BRI1_ARATH,ALA1_ARATH
BRI1_ARATH,AFF4_MOUSE
BRI1_ARATH,Q5YL88_MOUSE
BRI1_ARATH,SRS2L_ARATH
BRI1_ARATH,NOL6_MOUSE
BRI1_ARATH,TSP2_MOUSE
BRI1_ARATH,PCD19_MOUSE
BRI1_ARATH,Q59IW6_MOUSE
BRI1_ARATH,ZO2_MOUSE
BRI1_ARATH,CSLD5_ARATH
BRI1_ARATH,SMC3_MOUSE
BRI1_ARATH,PDR2_ARATH
BRI1_ARATH,RPB2_MOUSE
BRI1_ARATH,LAZ5_ARATH
BRI1_ARATH,TPPC9_MOUSE
BRI1_ARATH,ITA2_MOUSE
BRI1_ARATH,FHDC1_MOUSE
BRI1_ARATH,MYRF_MOUSE
BRI1_ARATH,BAIP3_MOUSE
BRI1_ARATH,F7CVL0_MOUSE
BRI1_ARATH,ZBED4_MOUSE
BRI1_ARATH,F4IF00_ARATH
BRI1_ARATH,LAMB3_MOUSE
BRI1_ARATH,Q62412_MOUSE
BRI1_ARATH,DGKH_MOUSE
BRI1_ARATH,PRTG_MOUSE
BRI1_ARATH,IMPG2_MOUSE
BRI1_ARATH,SUCO_MOUSE
BRI1_ARATH,F4JCF9_ARATH
BRI1_ARATH,OBE4_ARATH
BRI1_ARATH,ASAP1_MOUSE
BRI1_ARATH,SPAG5_MOUSE
BRI1_ARATH,CHR8_ARATH
BRI1_ARATH,LAMC2_MOUSE
BRI1_ARATH,SMC4_ARATH
BRI1_ARATH,B2RXR7_MOUSE
BRI1_ARATH,F8VPK8_MOUSE
BRI1_ARATH,ATG11_ARATH
BRI1_ARATH,FND3A_MOUSE
BRI1_ARATH,FLIP1_MOUSE
BRI1_ARATH,ZSWM6_MOUSE
BRI1_ARATH,F6RDH3_MOUSE
BRI1_ARATH,ALA4_ARATH
BRI1_ARATH,RAF20_ARATH
BRI1_ARATH,FKB15_MOUSE
BRI1_ARATH,CSA1_ARATH
BRI1_ARATH,STAG3_MOUSE
BRI1_ARATH,NARZ_ECOLI
BRI1_ARATH,OTOAN_MOUSE
BRI1_ARATH,STI_ARATH
BRI1_ARATH,EVGS_ECOLI
BRI1_ARATH,F4HX14_ARATH
BRI1_ARATH,PTC2_MOUSE
SMC3_MOUSE,Q91UZ1_MOUSE
SMC3_MOUSE,GNPTA_MOUSE
SMC3_MOUSE,DNLI4_ARATH
SMC3_MOUSE,TBCD_ARATH
SMC3_MOUSE,Q61984_MOUSE
SMC3_MOUSE,Q80XT9_MOUSE
SMC3_MOUSE,SKI3_ARATH
SMC3_MOUSE,ALA6_ARATH
SMC3_MOUSE,AT8B5_MOUSE
SMC3_MOUSE,SORC2_MOUSE
SMC3_MOUSE,TR120_ARATH
SMC3_MOUSE,TRPM5_MOUSE
SMC3_MOUSE,SCD1_ARATH
SMC3_MOUSE,HMA4_ARATH
SMC3_MOUSE,ITA7_MOUSE
SMC3_MOUSE,LBN_MOUSE
SMC3_MOUSE,NFASC_MOUSE
SMC3_MOUSE,NALP5_MOUSE
SMC3_MOUSE,MGLYR_MOUSE
SMC3_MOUSE,GSO1_ARATH
SMC3_MOUSE,ATN1_MOUSE
SMC3_MOUSE,T1RK_ECOLI
SMC3_MOUSE,AHK1_ARATH
SMC3_MOUSE,KCNH2_MOUSE
SMC3_MOUSE,TPLAT_ARATH
SMC3_MOUSE,XPO5_MOUSE
SMC3_MOUSE,PCD12_MOUSE
SMC3_MOUSE,TRPC2_MOUSE
SMC3_MOUSE,SC31A_MOUSE
SMC3_MOUSE,G3X9D2_MOUSE
SMC3_MOUSE,LEPR_MOUSE
SMC3_MOUSE,SMRC2_MOUSE
SMC3_MOUSE,CAND1_ARATH
SMC3_MOUSE,CING_MOUSE
SMC3_MOUSE,ALA3_ARATH
SMC3_MOUSE,TTLL4_MOUSE
SMC3_MOUSE,Q5HZI5_MOUSE
SMC3_MOUSE,CFA61_MOUSE
SMC3_MOUSE,TDRD1_MOUSE
SMC3_MOUSE,GSO2_ARATH
SMC3_MOUSE,NRDC_MOUSE
SMC3_MOUSE,E9PXF0_MOUSE
SMC3_MOUSE,RECB_ECOLI
SMC3_MOUSE,TUTLA_MOUSE
SMC3_MOUSE,FLS2_ARATH
SMC3_MOUSE,DIAP3_MOUSE
SMC3_MOUSE,SHIP1_MOUSE
SMC3_MOUSE,ITAL_MOUSE
SMC3_MOUSE,STB5L_MOUSE
SMC3_MOUSE,EMS1_ARATH
SMC3_MOUSE,CYFP2_MOUSE
SMC3_MOUSE,TNKS2_MOUSE
SMC3_MOUSE,GRM1_MOUSE
SMC3_MOUSE,CAMP3_MOUSE
SMC3_MOUSE,AGRG6_MOUSE
SMC3_MOUSE,ALG13_MOUSE
SMC3_MOUSE,TSC1_MOUSE
SMC3_MOUSE,PYC_MOUSE
SMC3_MOUSE,SL9C1_MOUSE
SMC3_MOUSE,HIPK1_MOUSE
SMC3_MOUSE,METH_ECOLI
SMC3_MOUSE,CCD40_MOUSE
SMC3_MOUSE,Q3UHC1_MOUSE
SMC3_MOUSE,EGFR_MOUSE
SMC3_MOUSE,CDON_MOUSE
SMC3_MOUSE,JMJ17_ARATH
SMC3_MOUSE,F7AAP4_MOUSE
SMC3_MOUSE,BRPF1_MOUSE
SMC3_MOUSE,Q80ZX0_MOUSE
SMC3_MOUSE,RECQ4_MOUSE
SMC3_MOUSE,Q3UGX8_MOUSE
SMC3_MOUSE,RPS4_ARATH
SMC3_MOUSE,PMIR1_ARATH
SMC3_MOUSE,NRIP1_MOUSE
SMC3_MOUSE,FANCJ_MOUSE
SMC3_MOUSE,AHK2_ARATH
SMC3_MOUSE,GRD2I_MOUSE
SMC3_MOUSE,EGF_MOUSE
SMC3_MOUSE,A1L338_MOUSE
SMC3_MOUSE,NCHL1_MOUSE
SMC3_MOUSE,SORC3_MOUSE
SMC3_MOUSE,GRM5_MOUSE
SMC3_MOUSE,CFAH_MOUSE
SMC3_MOUSE,GIGAN_ARATH
SMC3_MOUSE,E9PZC2_MOUSE
SMC3_MOUSE,TTBK2_MOUSE
SMC3_MOUSE,CYFP1_MOUSE
SMC3_MOUSE,CAR11_MOUSE
SMC3_MOUSE,Q8VBX2_MOUSE
SMC3_MOUSE,NEK1_MOUSE
SMC3_MOUSE,Q8BNF7_MOUSE
SMC3_MOUSE,NMDE3_MOUSE
SMC3_MOUSE,M4K4_MOUSE
SMC3_MOUSE,MYT1L_MOUSE
SMC3_MOUSE,AT2B1_MOUSE
SMC3_MOUSE,DPOG1_MOUSE
SMC3_MOUSE,PRD15_MOUSE
SMC3_MOUSE,NFXL1_ARATH
SMC3_MOUSE,BRI1_ARATH
SMC3_MOUSE,AT8A1_MOUSE
RL32_MOUSE,A8MRK9_ARATH
RL32_MOUSE,F4JZ39_ARATH
RL32_MOUSE,VPB1B_MOUSE
RL32_MOUSE,ACP1_ARATH
RL32_MOUSE,BZIP8_ARATH
RL32_MOUSE,ACP5_ARATH
RL32_MOUSE,ADF8_ARATH
RL32_MOUSE,ADF3_ARATH
RL32_MOUSE,MUTT_ECOLI
RL32_MOUSE,CH102_ARATH
RL32_MOUSE,ADF2_ARATH
RL32_MOUSE,ADF10_ARATH
RL32_MOUSE,ADF7_ARATH
RL32_MOUSE,ATA7_ARATH
RL32_MOUSE,ATL62_ARATH
RL32_MOUSE,LSHB_MOUSE
RL32_MOUSE,GAT16_ARATH
RL32_MOUSE,F4KAA4_ARATH
RL32_MOUSE,ERF95_ARATH
RL32_MOUSE,Q9D963_MOUSE
RL32_MOUSE,Q9FK86_ARATH
RL32_MOUSE,ERF98_ARATH
RL32_MOUSE,Q9FIY6_ARATH
RL32_MOUSE,IF1C_ARATH
RL32_MOUSE,F4IBJ7_ARATH
RL32_MOUSE,LIRP1_ARATH
RL32_MOUSE,MY114_ARATH
RL32_MOUSE,H2AXA_ARATH
RL32_MOUSE,TOLR_ECOLI
RL32_MOUSE,RGCC_MOUSE
RL32_MOUSE,Q9SV14_ARATH
RL32_MOUSE,NRPB4_ARATH
RL32_MOUSE,NFYB4_ARATH
RL32_MOUSE,RS174_ARATH
RL32_MOUSE,Q9LXC2_ARATH
RL32_MOUSE,H2AXB_ARATH
RL32_MOUSE,Q9M344_ARATH
RL32_MOUSE,Q2M4I6_MOUSE
RL32_MOUSE,Q9FHC3_ARATH
RL32_MOUSE,PSBR_ARATH
RL32_MOUSE,PDZ11_MOUSE
RL32_MOUSE,Q8LCU9_ARATH
RL32_MOUSE,RR11_ARATH
RL32_MOUSE,SDH6_ARATH
RL32_MOUSE,ATPE_ECOLI
RL32_MOUSE,NDUAB_MOUSE
RL32_MOUSE,NSRR_ECOLI
RL32_MOUSE,SIB2_ARATH
RL32_MOUSE,H33_ARATH
RL32_MOUSE,TRXH2_ARATH
RL32_MOUSE,TM216_MOUSE
RL32_MOUSE,HOLD_ECOLI
RL32_MOUSE,PAAI_ECOLI
RL32_MOUSE,NDUB7_MOUSE
RL32_MOUSE,REL3_MOUSE
RL32_MOUSE,HSLJ_ECOLI
RL32_MOUSE,NUSB_ECOLI
RL32_MOUSE,YDAT_ECOLI
RL32_MOUSE,RL273_ARATH
RL32_MOUSE,YQAA_ECOLI
RL32_MOUSE,YPHA_ECOLI
RL32_MOUSE,PGAD_ECOLI
RL32_MOUSE,Q3U2C0_MOUSE
RL32_MOUSE,ADF9_ARATH
RL32_MOUSE,AVPI1_MOUSE
RL32_MOUSE,F6RGN9_MOUSE
RL32_MOUSE,PRF1_ARATH
RL32_MOUSE,YCCU_ECOLI
RL32_MOUSE,IGFL_MOUSE
RL32_MOUSE,CST9_MOUSE
RL32_MOUSE,G0XYH7_MOUSE
RL32_MOUSE,Q8BW15_MOUSE
RL32_MOUSE,RPB4_MOUSE
RL32_MOUSE,FLGB_ECOLI
RL32_MOUSE,G3UVW8_MOUSE
RL32_MOUSE,IL5_MOUSE
RL32_MOUSE,Q9Z0V9_MOUSE
RL32_MOUSE,CSTL1_MOUSE
RL32_MOUSE,NXT1_MOUSE
RL32_MOUSE,HMGB3_ARATH
RL32_MOUSE,Q62305_MOUSE
RL32_MOUSE,SUFE_ECOLI
RL32_MOUSE,TAFA5_MOUSE
RL32_MOUSE,PROF3_MOUSE
RL32_MOUSE,MQSA_ECOLI
RL32_MOUSE,RABP1_MOUSE
RL32_MOUSE,TPPC2_MOUSE
RL32_MOUSE,TSHB_MOUSE
RL32_MOUSE,RS261_ARATH
RL32_MOUSE,H3L2_ARATH
RL32_MOUSE,TSLP_MOUSE
RL32_MOUSE,CST8_MOUSE
RL32_MOUSE,COTL1_MOUSE
RL32_MOUSE,GRXC8_ARATH
RL32_MOUSE,RS241_ARATH
RL32_MOUSE,MED9_MOUSE
RL32_MOUSE,LY6C1_MOUSE
RL32_MOUSE,PA2GE_MOUSE
RL32_MOUSE,TAFA3_MOUSE
RL32_MOUSE,VAMP4_MOUSE
RPK2_ARATH,NU107_ARATH
RPK2_ARATH,F4K2T3_ARATH
RPK2_ARATH,ALY3_ARATH
RPK2_ARATH,SYVM1_ARATH
RPK2_ARATH,DEGP7_ARATH
RPK2_ARATH,CLSY4_ARATH
RPK2_ARATH,CSLD4_ARATH
RPK2_ARATH,RPS6C_ARATH
RPK2_ARATH,Q8RXC2_ARATH
RPK2_ARATH,BTBD7_MOUSE
RPK2_ARATH,FMNL1_MOUSE
RPK2_ARATH,F4IAG1_ARATH
RPK2_ARATH,GT2D1_MOUSE
RPK2_ARATH,F4IKX0_ARATH
RPK2_ARATH,SENP6_MOUSE
RPK2_ARATH,RENT1_MOUSE
RPK2_ARATH,TPR2_ARATH
RPK2_ARATH,GUC2E_MOUSE
RPK2_ARATH,SC24B_ARATH
RPK2_ARATH,Y4117_ARATH
RPK2_ARATH,SRGP3_MOUSE
RPK2_ARATH,Y4361_ARATH
RPK2_ARATH,TPR1_ARATH
RPK2_ARATH,MSCM_ECOLI
RPK2_ARATH,LRL26_ARATH
RPK2_ARATH,DGCE_ECOLI
RPK2_ARATH,MYO4_ARATH
RPK2_ARATH,MYPC2_MOUSE
RPK2_ARATH,VIP2_MOUSE
RPK2_ARATH,ANLN_MOUSE
RPK2_ARATH,B3F5L4_MOUSE
RPK2_ARATH,D3YU50_MOUSE
RPK2_ARATH,GUC2F_MOUSE
RPK2_ARATH,KIBRA_MOUSE
RPK2_ARATH,RPTN_MOUSE
RPK2_ARATH,PCD18_MOUSE
RPK2_ARATH,O88720_MOUSE
RPK2_ARATH,KCNH3_MOUSE
RPK2_ARATH,SPD2A_MOUSE
RPK2_ARATH,LRIG3_MOUSE
RPK2_ARATH,CNDG2_MOUSE
RPK2_ARATH,Q5DTS4_MOUSE
RPK2_ARATH,G3X972_MOUSE
RPK2_ARATH,RNBP6_MOUSE
RPK2_ARATH,MPP9_MOUSE
RPK2_ARATH,TCRG1_MOUSE
RPK2_ARATH,KIF1C_MOUSE
RPK2_ARATH,MYO1B_MOUSE
RPK2_ARATH,SIN3B_MOUSE
RPK2_ARATH,PHF2_MOUSE
RPK2_ARATH,BNC2_MOUSE
RPK2_ARATH,Q3V203_MOUSE
RPK2_ARATH,XPO6_MOUSE
RPK2_ARATH,A0A286YDK4_MOUSE
RPK2_ARATH,S4R1W5_MOUSE
RPK2_ARATH,Q8CGF4_MOUSE
RPK2_ARATH,Q6P6L5_MOUSE
RPK2_ARATH,RFC1_MOUSE
RPK2_ARATH,STA13_MOUSE
RPK2_ARATH,D3Z1A5_MOUSE
RPK2_ARATH,EMF1_ARATH
RPK2_ARATH,CTSRB_MOUSE
RPK2_ARATH,Q679P5_MOUSE
RPK2_ARATH,ACSF4_MOUSE
RPK2_ARATH,UNC13_ARATH
RPK2_ARATH,UBN1_MOUSE
RPK2_ARATH,CSLD2_ARATH
RPK2_ARATH,Q59IW5_MOUSE
RPK2_ARATH,GUC2G_MOUSE
RPK2_ARATH,UBP2L_MOUSE
RPK2_ARATH,CRWN2_ARATH
RPK2_ARATH,AP4E1_MOUSE
RPK2_ARATH,S4A10_MOUSE
RPK2_ARATH,DPOD1_MOUSE
RPK2_ARATH,TERT_ARATH
RPK2_ARATH,JAK2_MOUSE
RPK2_ARATH,P4KB2_ARATH
RPK2_ARATH,Q59IW7_MOUSE
RPK2_ARATH,CRWN1_ARATH
RPK2_ARATH,ASPP2_MOUSE
RPK2_ARATH,BRL2_ARATH
RPK2_ARATH,Q80TE2_MOUSE
RPK2_ARATH,MCM9_MOUSE
RPK2_ARATH,NFX1_MOUSE
RPK2_ARATH,LATS1_MOUSE
RPK2_ARATH,SMC5_MOUSE
RPK2_ARATH,PLCL1_MOUSE
RPK2_ARATH,MAP4_MOUSE
RPK2_ARATH,NL1B2_MOUSE
RPK2_ARATH,Y1743_ARATH
RPK2_ARATH,MYOB1_ARATH
RPK2_ARATH,PKHA7_MOUSE
RPK2_ARATH,RBL2_MOUSE
RPK2_ARATH,BMP2K_MOUSE
RPK2_ARATH,AMER1_MOUSE
RPK2_ARATH,RB6I2_MOUSE
RPK2_ARATH,SRBP2_MOUSE
RPK2_ARATH,MSH1_ARATH
RPK2_ARATH,P4KB1_ARATH
RPK2_ARATH,HPS5_MOUSE
PEPR1_ARATH,CHR17_ARATH
PEPR1_ARATH,CESA9_ARATH
PEPR1_ARATH,PP349_ARATH
PEPR1_ARATH,ACA8_ARATH
PEPR1_ARATH,CHR24_ARATH
PEPR1_ARATH,PIGO_MOUSE
PEPR1_ARATH,DDB1B_ARATH
PEPR1_ARATH,F4KG14_ARATH
PEPR1_ARATH,SGSM1_MOUSE
PEPR1_ARATH,ACLY_MOUSE
PEPR1_ARATH,TC120_ARATH
PEPR1_ARATH,MEG11_MOUSE
PEPR1_ARATH,F4JY25_ARATH
PEPR1_ARATH,KN14R_ARATH
PEPR1_ARATH,RLP1_ARATH
PEPR1_ARATH,MSH3_ARATH
PEPR1_ARATH,SEC5B_ARATH
PEPR1_ARATH,E9Q0F0_MOUSE
PEPR1_ARATH,JAK3_MOUSE
PEPR1_ARATH,XPO1B_ARATH
PEPR1_ARATH,BICRL_MOUSE
PEPR1_ARATH,SYIM_ARATH
PEPR1_ARATH,CYTSB_MOUSE
PEPR1_ARATH,PLD1_MOUSE
PEPR1_ARATH,UBE12_ARATH
PEPR1_ARATH,UBP26_ARATH
PEPR1_ARATH,WDHD1_MOUSE
PEPR1_ARATH,T132E_MOUSE
PEPR1_ARATH,CBPC4_MOUSE
PEPR1_ARATH,CARB_ECOLI
PEPR1_ARATH,RBP17_MOUSE
PEPR1_ARATH,PPR3A_MOUSE
PEPR1_ARATH,LIFR_MOUSE
PEPR1_ARATH,HELQ_MOUSE
PEPR1_ARATH,S38AA_MOUSE
PEPR1_ARATH,S4A8_MOUSE
PEPR1_ARATH,Q8CGE5_MOUSE
PEPR1_ARATH,S12A6_MOUSE
PEPR1_ARATH,SPT5H_MOUSE
PEPR1_ARATH,CRWN3_ARATH
PEPR1_ARATH,PREP2_ARATH
PEPR1_ARATH,FSCB_MOUSE
PEPR1_ARATH,ADCY2_MOUSE
PEPR1_ARATH,EMIL2_MOUSE
PEPR1_ARATH,KDM4B_MOUSE
PEPR1_ARATH,S12A4_MOUSE
PEPR1_ARATH,XPO7_MOUSE
PEPR1_ARATH,PREP1_ARATH
PEPR1_ARATH,SYNP2_MOUSE
PEPR1_ARATH,B1AR09_MOUSE
PEPR1_ARATH,UBE3B_MOUSE
PEPR1_ARATH,PKHG5_MOUSE
PEPR1_ARATH,F7BJK1_MOUSE
PEPR1_ARATH,T22D1_MOUSE
PEPR1_ARATH,USPL1_MOUSE
PEPR1_ARATH,MMT1_ARATH
PEPR1_ARATH,DAAM1_MOUSE
PEPR1_ARATH,TRF1B_ARATH
PEPR1_ARATH,MSH3_MOUSE
PEPR1_ARATH,Q59IW9_MOUSE
PEPR1_ARATH,AP3B2_MOUSE
PEPR1_ARATH,SUD1_ARATH
PEPR1_ARATH,FNIP2_MOUSE
PEPR1_ARATH,TDRD7_MOUSE
PEPR1_ARATH,SEC5A_ARATH
PEPR1_ARATH,GRIP1_MOUSE
PEPR1_ARATH,ARFS_ARATH
PEPR1_ARATH,LRIG1_MOUSE
PEPR1_ARATH,PEPR2_ARATH
PEPR1_ARATH,SYGM2_ARATH
PEPR1_ARATH,TSH1_MOUSE
PEPR1_ARATH,PDP1_ARATH
PEPR1_ARATH,RPK2_ARATH
PEPR1_ARATH,ATX2_ARATH
PEPR1_ARATH,CESA5_ARATH
PEPR1_ARATH,RGI2_ARATH
PEPR1_ARATH,IP5PD_ARATH
PEPR1_ARATH,SCC3_ARATH
PEPR1_ARATH,TERT_MOUSE
PEPR1_ARATH,UBE4B_MOUSE
PEPR1_ARATH,BOC_MOUSE
PEPR1_ARATH,RGI3_ARATH
PEPR1_ARATH,XPO1A_ARATH
PEPR1_ARATH,CA2D3_MOUSE
PEPR1_ARATH,SMC6_MOUSE
PEPR1_ARATH,QKY_ARATH
PEPR1_ARATH,FIL1L_MOUSE
PEPR1_ARATH,ITA6_MOUSE
PEPR1_ARATH,SPT16_ARATH
PEPR1_ARATH,NLR1A_MOUSE
PEPR1_ARATH,GUC2C_MOUSE
PEPR1_ARATH,S12A5_MOUSE
PEPR1_ARATH,PRAF1_ARATH
PEPR1_ARATH,Q6P9L3_MOUSE
PEPR1_ARATH,CHR12_ARATH
PEPR1_ARATH,MCF2L_MOUSE
PEPR1_ARATH,MYO1E_MOUSE
PEPR1_ARATH,KCNU1_MOUSE
PEPR1_ARATH,CC136_MOUSE
PEPR1_ARATH,HIP1R_MOUSE
PK3CG_MOUSE,ADNP_MOUSE
PK3CG_MOUSE,CLIP2_MOUSE
PK3CG_MOUSE,A0A178WL72_ARATH
PK3CG_MOUSE,SMC5_ARATH
PK3CG_MOUSE,ALY2_ARATH
PK3CG_MOUSE,CHR27_ARATH
PK3CG_MOUSE,DI3L2_ARATH
PK3CG_MOUSE,SPSA4_ARATH
PK3CG_MOUSE,Q8BZ02_MOUSE
PK3CG_MOUSE,F4JN30_ARATH
PK3CG_MOUSE,Q940Y7_ARATH
PK3CG_MOUSE,SPSA3_ARATH
PK3CG_MOUSE,SOQ1_ARATH
PK3CG_MOUSE,KN7D_ARATH
PK3CG_MOUSE,BRD1_MOUSE
PK3CG_MOUSE,E9PX28_MOUSE
PK3CG_MOUSE,ANPRA_MOUSE
PK3CG_MOUSE,DSG1B_MOUSE
PK3CG_MOUSE,Q920S4_MOUSE
PK3CG_MOUSE,SALL4_MOUSE
PK3CG_MOUSE,POLIA_ARATH
PK3CG_MOUSE,TMPS9_MOUSE
PK3CG_MOUSE,UBA1_MOUSE
PK3CG_MOUSE,DNA2_MOUSE
PK3CG_MOUSE,KS6C1_MOUSE
PK3CG_MOUSE,F4JEQ3_ARATH
PK3CG_MOUSE,A0A5F8MPI9_MOUSE
PK3CG_MOUSE,SBCC_ECOLI
PK3CG_MOUSE,RPA2_MOUSE
PK3CG_MOUSE,DSG1A_MOUSE
PK3CG_MOUSE,UBA1Y_MOUSE
PK3CG_MOUSE,FH1_ARATH
PK3CG_MOUSE,F4JVY8_ARATH
PK3CG_MOUSE,E9PXQ7_MOUSE
PK3CG_MOUSE,ATP9A_MOUSE
PK3CG_MOUSE,KDM4A_MOUSE
PK3CG_MOUSE,FKGP_ARATH
PK3CG_MOUSE,VIP2L_ARATH
PK3CG_MOUSE,RBL1_MOUSE
PK3CG_MOUSE,F4KB75_ARATH
PK3CG_MOUSE,F4I901_ARATH
PK3CG_MOUSE,VINC_MOUSE
PK3CG_MOUSE,PEPR1_ARATH
PK3CG_MOUSE,ACK1_MOUSE
PK3CG_MOUSE,CFA70_MOUSE
PK3CG_MOUSE,PTK7_MOUSE
PK3CG_MOUSE,UBP7_MOUSE
PK3CG_MOUSE,PZRN3_MOUSE
PK3CG_MOUSE,RFIP3_MOUSE
PK3CG_MOUSE,MYO1C_MOUSE
PK3CG_MOUSE,SLF1_MOUSE
PK3CG_MOUSE,SRFR1_ARATH
PK3CG_MOUSE,S4A5_MOUSE
PK3CG_MOUSE,BUB1_MOUSE
PK3CG_MOUSE,PCDH8_MOUSE
PK3CG_MOUSE,PDZD8_MOUSE
PK3CG_MOUSE,UBA6_MOUSE
PK3CG_MOUSE,MFHA1_MOUSE
PK3CG_MOUSE,SEC8_ARATH
PK3CG_MOUSE,ITA5_MOUSE
PK3CG_MOUSE,PHYA_ARATH
PK3CG_MOUSE,ITA3_MOUSE
PK3CG_MOUSE,HERC4_MOUSE
PK3CG_MOUSE,KIF11_MOUSE
PK3CG_MOUSE,SP130_MOUSE
PK3CG_MOUSE,ACRB_ECOLI
PK3CG_MOUSE,CHR23_ARATH
PK3CG_MOUSE,PALB2_MOUSE
PK3CG_MOUSE,INVS_MOUSE
PK3CG_MOUSE,NMD3A_MOUSE
PK3CG_MOUSE,TRI33_MOUSE
PK3CG_MOUSE,RGI4_ARATH
PK3CG_MOUSE,RGI1_ARATH
PK3CG_MOUSE,RHG07_MOUSE
PK3CG_MOUSE,FARP1_MOUSE
PK3CG_MOUSE,S12A7_MOUSE
PK3CG_MOUSE,PSYR1_ARATH
PK3CG_MOUSE,KDM4C_MOUSE
PK3CG_MOUSE,UBP25_MOUSE
PK3CG_MOUSE,TRPA1_MOUSE
PK3CG_MOUSE,DLGP2_MOUSE
PK3CG_MOUSE,UBP8_MOUSE
PK3CG_MOUSE,TACC2_MOUSE
PK3CG_MOUSE,SRBP1_MOUSE
PK3CG_MOUSE,PDE3B_MOUSE
PK3CG_MOUSE,RECC_ECOLI
PK3CG_MOUSE,FCSK_MOUSE
PK3CG_MOUSE,MA2A1_MOUSE
PK3CG_MOUSE,DDB1A_ARATH
PK3CG_MOUSE,RNE_ECOLI
PK3CG_MOUSE,ZMIZ1_MOUSE
PK3CG_MOUSE,KN14F_ARATH
PK3CG_MOUSE,REV1_ARATH
PK3CG_MOUSE,MBTP1_MOUSE
PK3CG_MOUSE,NCAM1_MOUSE
PK3CG_MOUSE,NHX7_ARATH
PK3CG_MOUSE,UBP53_MOUSE
PK3CG_MOUSE,SMCA5_MOUSE
PK3CG_MOUSE,PGFRA_MOUSE
PK3CG_MOUSE,XIRP1_MOUSE
PEPR2_ARATH,CKI1_ARATH
PEPR2_ARATH,ARAK_ARATH
PEPR2_ARATH,ACA9_ARATH
PEPR2_ARATH,DEAH6_ARATH
PEPR2_ARATH,PUM2_MOUSE
PEPR2_ARATH,SSY3_ARATH
PEPR2_ARATH,A0A0A6YY37_MOUSE
PEPR2_ARATH,DIAP2_MOUSE
PEPR2_ARATH,CSLD1_ARATH
PEPR2_ARATH,MRTFB_MOUSE
PEPR2_ARATH,GCSP2_ARATH
PEPR2_ARATH,PSKR2_ARATH
PEPR2_ARATH,SPSA1_ARATH
PEPR2_ARATH,AG43_ECOLI
PEPR2_ARATH,DML3_ARATH
PEPR2_ARATH,MTREX_MOUSE
PEPR2_ARATH,MA2C1_MOUSE
PEPR2_ARATH,KIF17_MOUSE
PEPR2_ARATH,KN5A_ARATH
PEPR2_ARATH,GGYF1_MOUSE
PEPR2_ARATH,SSY4_ARATH
PEPR2_ARATH,ACRF_ECOLI
PEPR2_ARATH,Q6PFH4_MOUSE
PEPR2_ARATH,SIPA1_MOUSE
PEPR2_ARATH,AT12A_MOUSE
PEPR2_ARATH,SPL14_ARATH
PEPR2_ARATH,Q9FFF8_ARATH
PEPR2_ARATH,IPO9_MOUSE
PEPR2_ARATH,Q8CFX3_MOUSE
PEPR2_ARATH,ATL4_MOUSE
PEPR2_ARATH,POLIB_ARATH
PEPR2_ARATH,PSD3_MOUSE
PEPR2_ARATH,FRM4B_MOUSE
PEPR2_ARATH,KLOTB_MOUSE
PEPR2_ARATH,O22792_ARATH
PEPR2_ARATH,IPO5_MOUSE
PEPR2_ARATH,ODAD2_MOUSE
PEPR2_ARATH,ACRD_ECOLI
PEPR2_ARATH,ITA4_MOUSE
PEPR2_ARATH,SENP7_MOUSE
PEPR2_ARATH,E9PYG6_MOUSE
PEPR2_ARATH,MYO1A_MOUSE
PEPR2_ARATH,Q925I8_MOUSE
PEPR2_ARATH,MDTF_ECOLI
PEPR2_ARATH,TDR_ARATH
PEPR2_ARATH,L2GL1_MOUSE
PEPR2_ARATH,RNF31_MOUSE
PEPR2_ARATH,ZEB1_MOUSE
PEPR2_ARATH,GUC2D_MOUSE
PEPR2_ARATH,KN4A_ARATH
PEPR2_ARATH,CORIN_MOUSE
PEPR2_ARATH,MDTB_ECOLI
PEPR2_ARATH,DSG2_MOUSE
PEPR2_ARATH,E9QAP7_MOUSE
PEPR2_ARATH,MER3_ARATH
PEPR2_ARATH,UBE4_ARATH
PEPR2_ARATH,SWA2_ARATH
PEPR2_ARATH,TIE1_MOUSE
PEPR2_ARATH,SBT61_ARATH
PEPR2_ARATH,VPS54_ARATH
PEPR2_ARATH,NAL12_MOUSE
PEPR2_ARATH,SMCA1_MOUSE
PEPR2_ARATH,CNTN5_MOUSE
PEPR2_ARATH,F4JAV9_ARATH
PEPR2_ARATH,ATX5_ARATH
PEPR2_ARATH,NU98A_ARATH
PEPR2_ARATH,PEAR1_MOUSE
PEPR2_ARATH,CO6A2_MOUSE
PEPR2_ARATH,MICA1_MOUSE
PEPR2_ARATH,ADCY1_MOUSE
PEPR2_ARATH,Q91ZZ2_MOUSE
PEPR2_ARATH,ANPRB_MOUSE
PEPR2_ARATH,REST_MOUSE
PEPR2_ARATH,PKHM1_MOUSE
PEPR2_ARATH,F4J8C7_ARATH
PEPR2_ARATH,PP399_ARATH
PEPR2_ARATH,PK3CG_MOUSE
PEPR2_ARATH,RIMB2_MOUSE
PEPR2_ARATH,RNL_ARATH
PEPR2_ARATH,BMPR2_MOUSE
PEPR2_ARATH,GLI1_MOUSE
PEPR2_ARATH,DDB1_MOUSE
PEPR2_ARATH,S4A7_MOUSE
PEPR2_ARATH,DGLA_MOUSE
PEPR2_ARATH,DAAM2_MOUSE
PEPR2_ARATH,TRPM8_MOUSE
PEPR2_ARATH,F4KCL4_ARATH
PEPR2_ARATH,CA2D1_MOUSE
PEPR2_ARATH,PLDZ2_ARATH
PEPR2_ARATH,FARP2_MOUSE
PEPR2_ARATH,ULK2_MOUSE
PEPR2_ARATH,NUP96_ARATH
PEPR2_ARATH,ISW2_ARATH
PEPR2_ARATH,Q3UUK5_MOUSE
PEPR2_ARATH,RTEL1_ARATH
PEPR2_ARATH,Q7TN74_MOUSE
PEPR2_ARATH,IQCH_MOUSE
PEPR2_ARATH,AHK3_ARATH
PEPR2_ARATH,NLRC3_MOUSE
PEPR2_ARATH,Q9LRY7_ARATH
MOAE_ECOLI,ADF5_ARATH
MOAE_ECOLI,ADF6_ARATH
MOAE_ECOLI,Q9CTU9_MOUSE
MOAE_ECOLI,BH154_ARATH
MOAE_ECOLI,ASK14_ARATH
MOAE_ECOLI,CXXS2_ARATH
MOAE_ECOLI,NDK1_ARATH
MOAE_ECOLI,CALM6_ARATH
MOAE_ECOLI,CALM3_ARATH
MOAE_ECOLI,FOLB1_ARATH
MOAE_ECOLI,PCR1_ARATH
MOAE_ECOLI,GAT15_ARATH
MOAE_ECOLI,CML13_ARATH
MOAE_ECOLI,H2B10_ARATH
MOAE_ECOLI,HS176_ARATH
MOAE_ECOLI,DRE2H_ARATH
MOAE_ECOLI,HS17B_ARATH
MOAE_ECOLI,Q9C8R7_ARATH
MOAE_ECOLI,CSPLG_ARATH
MOAE_ECOLI,CML15_ARATH
MOAE_ECOLI,COPT5_ARATH
MOAE_ECOLI,CML2_ARATH
MOAE_ECOLI,CML6_ARATH
MOAE_ECOLI,COPT6_ARATH
MOAE_ECOLI,CML3_ARATH
MOAE_ECOLI,DNAT2_ARATH
MOAE_ECOLI,DD11_ARATH
MOAE_ECOLI,PSAE2_ARATH
MOAE_ECOLI,RPAB3_MOUSE
MOAE_ECOLI,EM1_ARATH
MOAE_ECOLI,RPD6A_ARATH
MOAE_ECOLI,F4KEU1_ARATH
MOAE_ECOLI,F4K1D3_ARATH
MOAE_ECOLI,F4J5R0_ARATH
MOAE_ECOLI,GDU4_ARATH
MOAE_ECOLI,Q63Z96_ARATH
MOAE_ECOLI,MD22A_ARATH
MOAE_ECOLI,F4KDR2_ARATH
MOAE_ECOLI,FLZ15_ARATH
MOAE_ECOLI,GNA1_ARATH
MOAE_ECOLI,H2A5_ARATH
MOAE_ECOLI,FTRC_ARATH
MOAE_ECOLI,HIP20_ARATH
MOAE_ECOLI,Q9LSM6_ARATH
MOAE_ECOLI,LALBA_MOUSE
MOAE_ECOLI,HIP22_ARATH
MOAE_ECOLI,YIIR_ECOLI
MOAE_ECOLI,HSP17_ARATH
MOAE_ECOLI,IBH1_ARATH
MOAE_ECOLI,HIP21_ARATH
MOAE_ECOLI,NHP2_ARATH
MOAE_ECOLI,USPF_ECOLI
MOAE_ECOLI,MSRB7_ARATH
MOAE_ECOLI,LOL2_ARATH
MOAE_ECOLI,O82760_ARATH
MOAE_ECOLI,HYH_ARATH
MOAE_ECOLI,YCCF_ECOLI
MOAE_ECOLI,MEE8_ARATH
MOAE_ECOLI,MED28_ARATH
MOAE_ECOLI,ORRM2_ARATH
MOAE_ECOLI,PH1_ARATH
MOAE_ECOLI,LQY1_ARATH
MOAE_ECOLI,Q96274_ARATH
MOAE_ECOLI,MD22B_ARATH
MOAE_ECOLI,Q9FL37_ARATH
MOAE_ECOLI,RS155_ARATH
MOAE_ECOLI,RR7_ARATH
MOAE_ECOLI,PEN2_ARATH
MOAE_ECOLI,PCR2_ARATH
MOAE_ECOLI,NDRP2_ARATH
MOAE_ECOLI,RIC10_ARATH
MOAE_ECOLI,O22978_ARATH
MOAE_ECOLI,Q67XK8_ARATH
MOAE_ECOLI,O3L3_ARATH
MOAE_ECOLI,PP16A_ARATH
MOAE_ECOLI,Q9LTT7_ARATH
MOAE_ECOLI,Q29PT3_ARATH
MOAE_ECOLI,RK35_ARATH
MOAE_ECOLI,Q8W1B3_ARATH
MOAE_ECOLI,Q8L7R1_ARATH
MOAE_ECOLI,Q9FKQ7_ARATH
MOAE_ECOLI,Q9C6F2_ARATH
MOAE_ECOLI,Q9C9B5_ARATH
MOAE_ECOLI,RL262_ARATH
MOAE_ECOLI,Q9FE54_ARATH
MOAE_ECOLI,NDK_ECOLI
MOAE_ECOLI,Q9LUR6_ARATH
MOAE_ECOLI,Q9LZM9_ARATH
MOAE_ECOLI,RS192_ARATH
MOAE_ECOLI,Q9SJB9_ARATH
MOAE_ECOLI,Q9SI97_ARATH
MOAE_ECOLI,Q9SUY2_ARATH
MOAE_ECOLI,Q9SUR0_ARATH
MOAE_ECOLI,YDGK_ECOLI
MOAE_ECOLI,RBG1_ARATH
MOAE_ECOLI,CSDE_ECOLI
MOAE_ECOLI,F7AMQ8_MOUSE
MOAE_ECOLI,RBP11_ARATH
MOAE_ECOLI,OCAD2_MOUSE
MOAE_ECOLI,RBG6_ARATH
TDR_ARATH,SMXL4_ARATH
TDR_ARATH,A8MQH9_ARATH
TDR_ARATH,F4IAF6_ARATH
TDR_ARATH,C3H31_ARATH
TDR_ARATH,ACA7_ARATH
TDR_ARATH,F4I5R5_ARATH
TDR_ARATH,FBL15_ARATH
TDR_ARATH,ACA1_ARATH
TDR_ARATH,ATX3_ARATH
TDR_ARATH,MCT14_ARATH
TDR_ARATH,IF2C_ARATH
TDR_ARATH,STK31_MOUSE
TDR_ARATH,PXL1_ARATH
TDR_ARATH,EFR_ARATH
TDR_ARATH,MCTP7_ARATH
TDR_ARATH,CI111_ARATH
TDR_ARATH,CHUP1_ARATH
TDR_ARATH,SCAR3_ARATH
TDR_ARATH,IKU2_ARATH
TDR_ARATH,CMTA4_ARATH
TDR_ARATH,F4HSE1_ARATH
TDR_ARATH,SSC14_ARATH
TDR_ARATH,F4K1L3_ARATH
TDR_ARATH,F4JV48_ARATH
TDR_ARATH,F4K6Z1_ARATH
TDR_ARATH,DEXH1_ARATH
TDR_ARATH,MANA1_ARATH
TDR_ARATH,MCTP9_ARATH
TDR_ARATH,F4ILW4_ARATH
TDR_ARATH,CBPC3_MOUSE
TDR_ARATH,PP373_ARATH
TDR_ARATH,MOR2A_MOUSE
TDR_ARATH,SR140_MOUSE
TDR_ARATH,NU98B_ARATH
TDR_ARATH,RLM1A_ARATH
TDR_ARATH,PUM4_ARATH
TDR_ARATH,DLGP4_MOUSE
TDR_ARATH,PR40B_ARATH
TDR_ARATH,A0A286YDI8_MOUSE
TDR_ARATH,RLM1B_ARATH
TDR_ARATH,PSD1A_ARATH
TDR_ARATH,Q0WNQ5_ARATH
TDR_ARATH,B3F5L5_MOUSE
TDR_ARATH,FMNL3_MOUSE
TDR_ARATH,Q8RWG0_ARATH
TDR_ARATH,BMP1_MOUSE
TDR_ARATH,Q9ZVD4_ARATH
TDR_ARATH,GCSP_MOUSE
TDR_ARATH,Q56YR0_ARATH
TDR_ARATH,SMAX1_ARATH
TDR_ARATH,RKF1_ARATH
TDR_ARATH,A0A1B0GSB0_MOUSE
TDR_ARATH,YGFK_ECOLI
TDR_ARATH,ABTB2_MOUSE
TDR_ARATH,DCR1A_MOUSE
TDR_ARATH,AT2A3_MOUSE
TDR_ARATH,EPN3_ARATH
TDR_ARATH,CCD57_MOUSE
TDR_ARATH,ELAP2_MOUSE
TDR_ARATH,EMC1_MOUSE
TDR_ARATH,DC2I1_MOUSE
TDR_ARATH,FAN1_MOUSE
TDR_ARATH,IGSF2_MOUSE
TDR_ARATH,MA2B2_MOUSE
TDR_ARATH,M18BP_MOUSE
TDR_ARATH,PHF12_MOUSE
TDR_ARATH,Q80U83_MOUSE
TDR_ARATH,HPS3_MOUSE
TDR_ARATH,PRP4K_MOUSE
TDR_ARATH,ITAV_MOUSE
TDR_ARATH,Q8BIC8_MOUSE
TDR_ARATH,TLL2_MOUSE
TDR_ARATH,NLR9C_MOUSE
TDR_ARATH,A0A0N4SWD7_MOUSE
TDR_ARATH,KIF19_MOUSE
TDR_ARATH,Q91Y09_MOUSE
TDR_ARATH,RGI5_ARATH
TDR_ARATH,MMS19_MOUSE
TDR_ARATH,Q6NXL1_MOUSE
TDR_ARATH,LCAP_MOUSE
TDR_ARATH,S23IP_MOUSE
TDR_ARATH,Q8CGY7_MOUSE
TDR_ARATH,SCUB1_MOUSE
TDR_ARATH,SGSM2_MOUSE
TDR_ARATH,TAOK1_MOUSE
TDR_ARATH,HIRA_ARATH
TDR_ARATH,CAPR2_MOUSE
TDR_ARATH,TOP3A_MOUSE
TDR_ARATH,TSH2_MOUSE
TDR_ARATH,TLL1_MOUSE
TDR_ARATH,SDE3_ARATH
TDR_ARATH,PUR2_MOUSE
TDR_ARATH,ACA4_ARATH
TDR_ARATH,ANO2_MOUSE
TDR_ARATH,UBE4A_MOUSE
TDR_ARATH,PSKR1_ARATH
TDR_ARATH,DLGP1_MOUSE
TDR_ARATH,EGFLA_MOUSE
TDR_ARATH,ESPNL_MOUSE
TDR_ARATH,RBM44_MOUSE
RS18_ARATH,CLPS1_ARATH
RS18_ARATH,BH146_ARATH
RS18_ARATH,CML39_ARATH
RS18_ARATH,COPT2_ARATH
RS18_ARATH,LEA50_ARATH
RS18_ARATH,RS152_ARATH
RS18_ARATH,IF5A1_ARATH
RS18_ARATH,ERF69_ARATH
RS18_ARATH,ML328_ARATH
RS18_ARATH,RS27A_MOUSE
RS18_ARATH,UBC3_ARATH
RS18_ARATH,NRDR_ECOLI
RS18_ARATH,OFP6_ARATH
RS18_ARATH,RS161_ARATH
RS18_ARATH,F4IEU4_ARATH
RS18_ARATH,NDHJ_ARATH
RS18_ARATH,NC2B_ARATH
RS18_ARATH,NDHO_ARATH
RS18_ARATH,PYL12_ARATH
RS18_ARATH,RR17_ARATH
RS18_ARATH,CBRB_ECOLI
RS18_ARATH,RHA1B_ARATH
RS18_ARATH,Q6NMD4_ARATH
RS18_ARATH,MOAE_ECOLI
RS18_ARATH,RS153_ARATH
RS18_ARATH,Q9SRR8_ARATH
RS18_ARATH,TIF5B_ARATH
RS18_ARATH,Q9FMH9_ARATH
RS18_ARATH,Q9ZW37_ARATH
RS18_ARATH,Q8CH21_MOUSE
RS18_ARATH,Q9XIJ0_ARATH
RS18_ARATH,RS131_ARATH
RS18_ARATH,GTSFL_MOUSE
RS18_ARATH,YMF19_ARATH
RS18_ARATH,RLP24_ARATH
RS18_ARATH,RS113_ARATH
RS18_ARATH,RS162_ARATH
RS18_ARATH,WPP1_ARATH
RS18_ARATH,SINE4_ARATH
RS18_ARATH,RT07_ARATH
RS18_ARATH,RS142_ARATH
RS18_ARATH,UBC29_ARATH
RS18_ARATH,RUB2_ARATH
RS18_ARATH,WRK45_ARATH
RS18_ARATH,ETP_ECOLI
RS18_ARATH,TRXO2_ARATH
RS18_ARATH,UBC11_ARATH
RS18_ARATH,YIAL_ECOLI
RS18_ARATH,BCP_ECOLI
RS18_ARATH,CYNS_ECOLI
RS18_ARATH,CCME_ECOLI
RS18_ARATH,UBC30_ARATH
RS18_ARATH,Y4844_ARATH
RS18_ARATH,DKSA_ECOLI
RS18_ARATH,CREA_ECOLI
RS18_ARATH,DECR_ECOLI
RS18_ARATH,CKLF5_MOUSE
RS18_ARATH,CCMH_ARATH
RS18_ARATH,YJIG_ECOLI
RS18_ARATH,FUND2_MOUSE
RS18_ARATH,FKBX_ECOLI
RS18_ARATH,PRIMA_MOUSE
RS18_ARATH,FLIL_ECOLI
RS18_ARATH,Y1540_ARATH
RS18_ARATH,WRK75_ARATH
RS18_ARATH,YEAL_ECOLI
RS18_ARATH,PFD2_ARATH
RS18_ARATH,RATA_ECOLI
RS18_ARATH,HYCI_ECOLI
RS18_ARATH,PYRI_ECOLI
RS18_ARATH,SOXR_ECOLI
RS18_ARATH,KBP_ECOLI
RS18_ARATH,YBBJ_ECOLI
RS18_ARATH,LYZL4_MOUSE
RS18_ARATH,MIOC_ECOLI
RS18_ARATH,A3QQZ3_MOUSE
RS18_ARATH,TMM88_MOUSE
RS18_ARATH,F4J1I8_ARATH
RS18_ARATH,SIB1_ARATH
RS18_ARATH,TABA_ECOLI
RS18_ARATH,IVY_ECOLI
RS18_ARATH,YOBD_ECOLI
RS18_ARATH,RACR_ECOLI
RS18_ARATH,WZB_ECOLI
RS18_ARATH,YKFG_ECOLI
RS18_ARATH,RISB_ECOLI
RS18_ARATH,YIAA_ECOLI
RS18_ARATH,YIDI_ECOLI
RS18_ARATH,SLYB_ECOLI
RS18_ARATH,YFJS_ECOLI
RS18_ARATH,CALM4_MOUSE
RS18_ARATH,YFEZ_ECOLI
RS18_ARATH,YAFY_ECOLI
RS18_ARATH,YFBV_ECOLI
RS18_ARATH,YHBP_ECOLI
RS18_ARATH,O82184_ARATH
RS18_ARATH,YFDK_ECOLI
RS18_ARATH,YSAA_ECOLI
RS18_ARATH,YIAC_ECOLI
RS18_ARATH,YIGI_ECOLI
COPT2_ARATH,UBC13_ARATH
COPT2_ARATH,F4KDN4_ARATH
COPT2_ARATH,2SS3_ARATH
COPT2_ARATH,BBX23_ARATH
COPT2_ARATH,2SS5_ARATH
COPT2_ARATH,BOLA1_ARATH
COPT2_ARATH,F4IHC1_ARATH
COPT2_ARATH,ATL23_ARATH
COPT2_ARATH,BH118_ARATH
COPT2_ARATH,BTF3L_ARATH
COPT2_ARATH,Q8C2W5_MOUSE
COPT2_ARATH,MAFF_MOUSE
COPT2_ARATH,BTF3_ARATH
COPT2_ARATH,Q7X9H1_ARATH
COPT2_ARATH,CML18_ARATH
COPT2_ARATH,CML26_ARATH
COPT2_ARATH,Q9CAJ8_ARATH
COPT2_ARATH,Q8K4Y2_MOUSE
COPT2_ARATH,DNAJ8_ARATH
COPT2_ARATH,HS181_ARATH
COPT2_ARATH,CP1_ARATH
COPT2_ARATH,RL211_ARATH
COPT2_ARATH,CML16_ARATH
COPT2_ARATH,IAA5_ARATH
COPT2_ARATH,F4ITZ0_ARATH
COPT2_ARATH,PRX2C_ARATH
COPT2_ARATH,ERF70_ARATH
COPT2_ARATH,HBL1_ARATH
COPT2_ARATH,RNH2C_MOUSE
COPT2_ARATH,HS185_ARATH
COPT2_ARATH,O48828_ARATH
COPT2_ARATH,ISU2_ARATH
COPT2_ARATH,LBD3_ARATH
COPT2_ARATH,LLG2_ARATH
COPT2_ARATH,PCR11_ARATH
COPT2_ARATH,B0QZH7_MOUSE
COPT2_ARATH,PLMT_ARATH
COPT2_ARATH,HS17A_ARATH
COPT2_ARATH,Q9LSP5_ARATH
COPT2_ARATH,Q3ECE3_ARATH
COPT2_ARATH,Q9M9P6_ARATH
COPT2_ARATH,Q9FM06_ARATH
COPT2_ARATH,ALLA_ECOLI
COPT2_ARATH,PYL11_ARATH
COPT2_ARATH,Q944I5_ARATH
COPT2_ARATH,Q14BX6_MOUSE
COPT2_ARATH,RL29_MOUSE
COPT2_ARATH,PP14C_MOUSE
COPT2_ARATH,Q9SR12_ARATH
COPT2_ARATH,NAPF_ECOLI
COPT2_ARATH,Q9XEB2_ARATH
COPT2_ARATH,Q9ZVL8_ARATH
COPT2_ARATH,PYL13_ARATH
COPT2_ARATH,RS156_ARATH
COPT2_ARATH,Q9LW11_ARATH
COPT2_ARATH,RK22_ARATH
COPT2_ARATH,ECP2_MOUSE
COPT2_ARATH,Q9ZPQ9_ARATH
COPT2_ARATH,RL212_ARATH
COPT2_ARATH,RRP31_ARATH
COPT2_ARATH,OMP_MOUSE
COPT2_ARATH,UBC15_ARATH
COPT2_ARATH,STN1_ARATH
COPT2_ARATH,YQHA_ECOLI
COPT2_ARATH,CPLX4_MOUSE
COPT2_ARATH,TCP16_ARATH
COPT2_ARATH,MRED_ECOLI
COPT2_ARATH,YCIF_ECOLI
COPT2_ARATH,HYBE_ECOLI
COPT2_ARATH,SAP3_ARATH
COPT2_ARATH,Q68BG2_MOUSE
COPT2_ARATH,CVPA_ECOLI
COPT2_ARATH,UBC17_ARATH
COPT2_ARATH,AAAT_ECOLI
COPT2_ARATH,VUP4_ARATH
COPT2_ARATH,ZAT8_ARATH
COPT2_ARATH,YMFA_ECOLI
COPT2_ARATH,EUTK_ECOLI
COPT2_ARATH,LYSD_ECOLI
COPT2_ARATH,PNCC_ECOLI
COPT2_ARATH,HYBD_ECOLI
COPT2_ARATH,SPT19_MOUSE
COPT2_ARATH,LSPA_ECOLI
COPT2_ARATH,PPIB_ECOLI
COPT2_ARATH,SIEB_ECOLI
COPT2_ARATH,PAAD_ECOLI
COPT2_ARATH,SSRP_ECOLI
COPT2_ARATH,ARPC5_MOUSE
COPT2_ARATH,B8JJD7_MOUSE
COPT2_ARATH,UBIC_ECOLI
COPT2_ARATH,YLAC_ECOLI
COPT2_ARATH,CF97D_MOUSE
COPT2_ARATH,Q6P925_MOUSE
COPT2_ARATH,YBJO_ECOLI
COPT2_ARATH,YAHC_ECOLI
COPT2_ARATH,YCDZ_ECOLI
COPT2_ARATH,CNIH3_MOUSE
COPT2_ARATH,O88557_MOUSE
COPT2_ARATH,WCAB_ECOLI
COPT2_ARATH,YFCQ_ECOLI
PARP1_MOUSE,TSP4_MOUSE
PARP1_MOUSE,IPO11_MOUSE
PARP1_MOUSE,VPS54_MOUSE
PARP1_MOUSE,SMXL6_ARATH
PARP1_MOUSE,CAPP2_ARATH
PARP1_MOUSE,EIF3A_ARATH
PARP1_MOUSE,F4JXH7_ARATH
PARP1_MOUSE,ALY1_ARATH
PARP1_MOUSE,F4I701_ARATH
PARP1_MOUSE,Q9M1M0_ARATH
PARP1_MOUSE,CAPP3_ARATH
PARP1_MOUSE,PHC3_MOUSE
PARP1_MOUSE,F4K1C7_ARATH
PARP1_MOUSE,T132A_MOUSE
PARP1_MOUSE,CCC1_ARATH
PARP1_MOUSE,CHR28_ARATH
PARP1_MOUSE,PPR48_ARATH
PARP1_MOUSE,F4J5A7_ARATH
PARP1_MOUSE,EPHA1_MOUSE
PARP1_MOUSE,Q9DA96_MOUSE
PARP1_MOUSE,CLPB4_ARATH
PARP1_MOUSE,PUM1_ARATH
PARP1_MOUSE,PUM3_ARATH
PARP1_MOUSE,MCTP8_ARATH
PARP1_MOUSE,PMFBP_MOUSE
PARP1_MOUSE,A0A0J9YVJ0_MOUSE
PARP1_MOUSE,PEX6_MOUSE
PARP1_MOUSE,RFX1_MOUSE
PARP1_MOUSE,SPL16_ARATH
PARP1_MOUSE,IDE_MOUSE
PARP1_MOUSE,Q3ULB0_MOUSE
PARP1_MOUSE,U5S1_MOUSE
PARP1_MOUSE,SAC3A_ARATH
PARP1_MOUSE,F4JPJ7_ARATH
PARP1_MOUSE,DLGP3_MOUSE
PARP1_MOUSE,NLP2_ARATH
PARP1_MOUSE,VILI2_ARATH
PARP1_MOUSE,A0A1B0GR71_MOUSE
PARP1_MOUSE,CTSRE_MOUSE
PARP1_MOUSE,ZN445_MOUSE
PARP1_MOUSE,PUM2_ARATH
PARP1_MOUSE,AMD_MOUSE
PARP1_MOUSE,G3X8W1_MOUSE
PARP1_MOUSE,Q3UDH4_MOUSE
PARP1_MOUSE,CDCA2_MOUSE
PARP1_MOUSE,AMPN_MOUSE
PARP1_MOUSE,SYVM2_ARATH
PARP1_MOUSE,CFM2_ARATH
PARP1_MOUSE,SYLM_ARATH
PARP1_MOUSE,ICE2_MOUSE
PARP1_MOUSE,CCD33_MOUSE
PARP1_MOUSE,MAP1S_MOUSE
PARP1_MOUSE,PTPRH_MOUSE
PARP1_MOUSE,SYAP_ARATH
PARP1_MOUSE,AHI1_MOUSE
PARP1_MOUSE,SYAM_MOUSE
PARP1_MOUSE,RTN3_MOUSE
PARP1_MOUSE,Q8QZT6_MOUSE
PARP1_MOUSE,Q99PW2_MOUSE
PARP1_MOUSE,CR2_MOUSE
PARP1_MOUSE,ULK1_MOUSE
PARP1_MOUSE,SNX14_MOUSE
PARP1_MOUSE,F4JXK3_ARATH
PARP1_MOUSE,CRWN4_ARATH
PARP1_MOUSE,V9GXQ9_MOUSE
PARP1_MOUSE,VPS50_MOUSE
PARP1_MOUSE,VPS3_ARATH
PARP1_MOUSE,RECG_ARATH
PARP1_MOUSE,PULA1_ARATH
PARP1_MOUSE,MYPT2_MOUSE
PARP1_MOUSE,TRPC4_MOUSE
PARP1_MOUSE,SYA_ARATH
PARP1_MOUSE,MTR4_ARATH
PARP1_MOUSE,BSL2_ARATH
PARP1_MOUSE,SMBP2_MOUSE
PARP1_MOUSE,EXOC4_MOUSE
PARP1_MOUSE,E9PWG6_MOUSE
PARP1_MOUSE,PI5PA_MOUSE
PARP1_MOUSE,LGR6_MOUSE
PARP1_MOUSE,MYO1D_MOUSE
PARP1_MOUSE,OSMR_MOUSE
PARP1_MOUSE,RPGR_MOUSE
PARP1_MOUSE,E41L2_MOUSE
PARP1_MOUSE,ERL1_ARATH
PARP1_MOUSE,EMAL4_MOUSE
PARP1_MOUSE,AGO5_ARATH
PARP1_MOUSE,HIRA_MOUSE
PARP1_MOUSE,RIN3_MOUSE
PARP1_MOUSE,KIF5A_MOUSE
PARP1_MOUSE,ODO1_MOUSE
PARP1_MOUSE,ITA2B_MOUSE
PARP1_MOUSE,PKN2_MOUSE
PARP1_MOUSE,GTF2I_MOUSE
PARP1_MOUSE,AGO2_ARATH
PARP1_MOUSE,MDTC_ECOLI
PARP1_MOUSE,RGS3_MOUSE
PARP1_MOUSE,E9Q886_MOUSE
PARP1_MOUSE,VPS18_ARATH
PARP1_MOUSE,SCUB3_MOUSE
PARP1_MOUSE,F4HQB9_ARATH
RL10_ECOLI,AIG2A_ARATH
RL10_ECOLI,B2L15_MOUSE
RL10_ECOLI,GPX4_ARATH
RL10_ECOLI,HLP_ARATH
RL10_ECOLI,F4IL92_ARATH
RL10_ECOLI,A0JQ66_ARATH
RL10_ECOLI,B6EUB9_ARATH
RL10_ECOLI,P94109_ARATH
RL10_ECOLI,AIG2B_ARATH
RL10_ECOLI,ATP5H_ARATH
RL10_ECOLI,BZIP2_ARATH
RL10_ECOLI,GPX5_ARATH
RL10_ECOLI,DEF_ECOLI
RL10_ECOLI,CML20_ARATH
RL10_ECOLI,IMP1A_ARATH
RL10_ECOLI,F4HUG8_ARATH
RL10_ECOLI,Q8R3Z2_MOUSE
RL10_ECOLI,GRS14_ARATH
RL10_ECOLI,IMP1B_ARATH
RL10_ECOLI,Q9CAW4_ARATH
RL10_ECOLI,Q8LE56_ARATH
RL10_ECOLI,ISU3_ARATH
RL10_ECOLI,ISU1_ARATH
RL10_ECOLI,LBD4_ARATH
RL10_ECOLI,IAA33_ARATH
RL10_ECOLI,LTG11_ARATH
RL10_ECOLI,O81889_ARATH
RL10_ECOLI,NDHI_ARATH
RL10_ECOLI,O23157_ARATH
RL10_ECOLI,Q9FLP2_ARATH
RL10_ECOLI,A2A652_MOUSE
RL10_ECOLI,Q9C7S3_ARATH
RL10_ECOLI,O64835_ARATH
RL10_ECOLI,OP21B_ARATH
RL10_ECOLI,FA209_MOUSE
RL10_ECOLI,Q8GWD1_ARATH
RL10_ECOLI,PSAN_ARATH
RL10_ECOLI,Q9LX86_ARATH
RL10_ECOLI,Q9ZUJ2_ARATH
RL10_ECOLI,TA1_ARATH
RL10_ECOLI,Q8GY70_ARATH
RL10_ECOLI,Q94AM8_ARATH
RL10_ECOLI,IAA1_ARATH
RL10_ECOLI,Q9CAL1_ARATH
RL10_ECOLI,FUME_ECOLI
RL10_ECOLI,MOAB_ECOLI
RL10_ECOLI,Y5278_ARATH
RL10_ECOLI,Q9FVT9_ARATH
RL10_ECOLI,Q9FGY5_ARATH
RL10_ECOLI,FTNB_ECOLI
RL10_ECOLI,NUD11_MOUSE
RL10_ECOLI,HSCB_ECOLI
RL10_ECOLI,Q9LTD6_ARATH
RL10_ECOLI,Q9SAC5_ARATH
RL10_ECOLI,RL123_ARATH
RL10_ECOLI,YFBU_ECOLI
RL10_ECOLI,RPB7_MOUSE
RL10_ECOLI,RR13_ARATH
RL10_ECOLI,INSB4_ECOLI
RL10_ECOLI,YCBV_ECOLI
RL10_ECOLI,TPX_ECOLI
RL10_ECOLI,ZHD14_ARATH
RL10_ECOLI,TI221_ARATH
RL10_ECOLI,OMPX_ECOLI
RL10_ECOLI,FLAW_ECOLI
RL10_ECOLI,MUG_ECOLI
RL10_ECOLI,BTG1_MOUSE
RL10_ECOLI,INSB2_ECOLI
RL10_ECOLI,NEUT_MOUSE
RL10_ECOLI,HCAF_ECOLI
RL10_ECOLI,YIAM_ECOLI
RL10_ECOLI,BTG2_MOUSE
RL10_ECOLI,OGT_ECOLI
RL10_ECOLI,SECM_ECOLI
RL10_ECOLI,YCED_ECOLI
RL10_ECOLI,SFMF_ECOLI
RL10_ECOLI,CYPT1_MOUSE
RL10_ECOLI,Q8BLU9_MOUSE
RL10_ECOLI,YFGH_ECOLI
RL10_ECOLI,YBCI_ECOLI
RL10_ECOLI,YGIV_ECOLI
RL10_ECOLI,COX42_MOUSE
RL10_ECOLI,YFCR_ECOLI
RL10_ECOLI,A0A075B5Z0_MOUSE
RL10_ECOLI,A2A7B7_MOUSE
RL10_ECOLI,ATP5H_MOUSE
RL10_ECOLI,YFIR_ECOLI
RL10_ECOLI,GOG7B_MOUSE
RL10_ECOLI,YHBS_ECOLI
RL10_ECOLI,YIHI_ECOLI
RL10_ECOLI,DTD2_MOUSE
RL10_ECOLI,MORN5_MOUSE
RL10_ECOLI,YJJA_ECOLI
RL10_ECOLI,YZCX_ECOLI
RL10_ECOLI,A0A286YCC8_MOUSE
RL10_ECOLI,AARD_MOUSE
RL10_ECOLI,C560_MOUSE
RL10_ECOLI,CD3D_MOUSE
RL10_ECOLI,E9PX96_MOUSE
RL10_ECOLI,NRAC_MOUSE
PSKR1_ARATH,Q0WQK1_ARATH
PSKR1_ARATH,TRI37_MOUSE
PSKR1_ARATH,AT18G_ARATH
PSKR1_ARATH,PUM5_ARATH
PSKR1_ARATH,A0A2I3BPN6_MOUSE
PSKR1_ARATH,CNKR2_MOUSE
PSKR1_ARATH,RAB44_MOUSE
PSKR1_ARATH,4ET_MOUSE
PSKR1_ARATH,PR40A_ARATH
PSKR1_ARATH,CGEP_ARATH
PSKR1_ARATH,PHS1_ARATH
PSKR1_ARATH,FBW10_MOUSE
PSKR1_ARATH,SMRCD_MOUSE
PSKR1_ARATH,UBP2_ARATH
PSKR1_ARATH,F4K1G7_ARATH
PSKR1_ARATH,PP296_ARATH
PSKR1_ARATH,CLPB3_ARATH
PSKR1_ARATH,GABR1_MOUSE
PSKR1_ARATH,ARVC_MOUSE
PSKR1_ARATH,PMA4_ARATH
PSKR1_ARATH,Q6ZQD4_MOUSE
PSKR1_ARATH,SKM1_ARATH
PSKR1_ARATH,SM3L2_ARATH
PSKR1_ARATH,PCDA9_MOUSE
PSKR1_ARATH,MSH4_MOUSE
PSKR1_ARATH,D2HDH_ECOLI
PSKR1_ARATH,AAK1_MOUSE
PSKR1_ARATH,DPYD_MOUSE
PSKR1_ARATH,F4I0I3_ARATH
PSKR1_ARATH,Q61636_MOUSE
PSKR1_ARATH,THSD4_MOUSE
PSKR1_ARATH,F4I2I5_ARATH
PSKR1_ARATH,CNTN6_MOUSE
PSKR1_ARATH,UBA7_MOUSE
PSKR1_ARATH,FGD1_MOUSE
PSKR1_ARATH,ERL2_ARATH
PSKR1_ARATH,PPDK1_ARATH
PSKR1_ARATH,MYPT1_MOUSE
PSKR1_ARATH,AP2A1_MOUSE
PSKR1_ARATH,B1AVB3_MOUSE
PSKR1_ARATH,BAME1_ARATH
PSKR1_ARATH,Q8BR49_MOUSE
PSKR1_ARATH,ACA2_ARATH
PSKR1_ARATH,SART3_MOUSE
PSKR1_ARATH,PHC1_MOUSE
PSKR1_ARATH,PARG_MOUSE
PSKR1_ARATH,ECA3_ARATH
PSKR1_ARATH,VILI4_ARATH
PSKR1_ARATH,KN7A_ARATH
PSKR1_ARATH,BICC1_MOUSE
PSKR1_ARATH,L2GL2_MOUSE
PSKR1_ARATH,ATS1_MOUSE
PSKR1_ARATH,CLO_ARATH
PSKR1_ARATH,Q148R4_MOUSE
PSKR1_ARATH,BAME2_ARATH
PSKR1_ARATH,ADR2_ARATH
PSKR1_ARATH,ANO3_MOUSE
PSKR1_ARATH,PDP3_ARATH
PSKR1_ARATH,Q05504_MOUSE
PSKR1_ARATH,NLP7_ARATH
PSKR1_ARATH,GRID1_MOUSE
PSKR1_ARATH,D3Z5I1_MOUSE
PSKR1_ARATH,SYCP1_MOUSE
PSKR1_ARATH,CP110_MOUSE
PSKR1_ARATH,SCUB2_MOUSE
PSKR1_ARATH,BAME3_ARATH
PSKR1_ARATH,Q6ZQ80_MOUSE
PSKR1_ARATH,CESA8_ARATH
PSKR1_ARATH,CEPR2_ARATH
PSKR1_ARATH,HMA5_ARATH
PSKR1_ARATH,SE6L1_MOUSE
PSKR1_ARATH,RAPA_ECOLI
PSKR1_ARATH,BGAL_ECOLI
PSKR1_ARATH,VPS39_ARATH
PSKR1_ARATH,PRGC2_MOUSE
PSKR1_ARATH,VILI3_ARATH
PSKR1_ARATH,OFD1_MOUSE
PSKR1_ARATH,CPL1_ARATH
PSKR1_ARATH,GLR34_ARATH
PSKR1_ARATH,MIB2_MOUSE
PSKR1_ARATH,AT1A4_MOUSE
PSKR1_ARATH,PDZD7_MOUSE
PSKR1_ARATH,PTRA_ECOLI
PSKR1_ARATH,SKOR1_MOUSE
PSKR1_ARATH,Q3UPA6_MOUSE
PSKR1_ARATH,S12A3_MOUSE
PSKR1_ARATH,ACO3M_ARATH
PSKR1_ARATH,MOV10_MOUSE
PSKR1_ARATH,TOPRS_MOUSE
PSKR1_ARATH,F4JUD2_ARATH
PSKR1_ARATH,FDNG_ECOLI
PSKR1_ARATH,MYO1G_MOUSE
PSKR1_ARATH,STOX1_MOUSE
PSKR1_ARATH,FDOG_ECOLI
PSKR1_ARATH,SEM6A_MOUSE
PSKR1_ARATH,SEZ6_MOUSE
PSKR1_ARATH,Q5K5D4_MOUSE
PSKR1_ARATH,EVC_MOUSE
PSKR1_ARATH,TSN1_ARATH
PSKR1_ARATH,TI110_ARATH
RFAH_ECOLI,CNRP1_MOUSE
RFAH_ECOLI,A0A3B2WD20_MOUSE
RFAH_ECOLI,B7ZJH9_MOUSE
RFAH_ECOLI,A2AEI4_MOUSE
RFAH_ECOLI,CKLF7_MOUSE
RFAH_ECOLI,G3UZD8_MOUSE
RFAH_ECOLI,I36RA_MOUSE
RFAH_ECOLI,DRC8_MOUSE
RFAH_ECOLI,ECP1_MOUSE
RFAH_ECOLI,GATC_MOUSE
RFAH_ECOLI,EID1_MOUSE
RFAH_ECOLI,GLRX2_MOUSE
RFAH_ECOLI,LRE_ARATH
RFAH_ECOLI,MYL11_MOUSE
RFAH_ECOLI,MGST1_MOUSE
RFAH_ECOLI,L7N261_MOUSE
RFAH_ECOLI,MCH_MOUSE
RFAH_ECOLI,NCBP2_MOUSE
RFAH_ECOLI,PFD5_MOUSE
RFAH_ECOLI,PSPN_MOUSE
RFAH_ECOLI,HSPB7_MOUSE
RFAH_ECOLI,NDK3_MOUSE
RFAH_ECOLI,MYCB_MOUSE
RFAH_ECOLI,NRN1L_MOUSE
RFAH_ECOLI,PFD2_MOUSE
RFAH_ECOLI,NUD10_MOUSE
RFAH_ECOLI,IMP1L_MOUSE
RFAH_ECOLI,Q3SXH3_MOUSE
RFAH_ECOLI,NAA50_MOUSE
RFAH_ECOLI,O35328_MOUSE
RFAH_ECOLI,NEU2_MOUSE
RFAH_ECOLI,Q923L6_MOUSE
RFAH_ECOLI,OBP1A_MOUSE
RFAH_ECOLI,POP5_MOUSE
RFAH_ECOLI,RGS13_MOUSE
RFAH_ECOLI,OOSP2_MOUSE
RFAH_ECOLI,Q64367_MOUSE
RFAH_ECOLI,Q64097_MOUSE
RFAH_ECOLI,Q3ULQ2_MOUSE
RFAH_ECOLI,NUDT3_MOUSE
RFAH_ECOLI,Q588F6_MOUSE
RFAH_ECOLI,Q8K4A8_MOUSE
RFAH_ECOLI,Q9DC82_MOUSE
RFAH_ECOLI,RNF11_MOUSE
RFAH_ECOLI,TP4A2_MOUSE
RFAH_ECOLI,Q70LM9_MOUSE
RFAH_ECOLI,Q80Y74_MOUSE
RFAH_ECOLI,PPR17_MOUSE
RFAH_ECOLI,Q9R126_MOUSE
RFAH_ECOLI,PTSN_ECOLI
RFAH_ECOLI,TM50A_MOUSE
RFAH_ECOLI,MAFK_MOUSE
RFAH_ECOLI,Q9EP94_MOUSE
RFAH_ECOLI,Q923L7_MOUSE
RFAH_ECOLI,ATB52_ARATH
RFAH_ECOLI,SPCS1_MOUSE
RFAH_ECOLI,Q8R1J5_MOUSE
RFAH_ECOLI,Q8VXX3_ARATH
RFAH_ECOLI,RSEC_ECOLI
RFAH_ECOLI,TM190_MOUSE
RFAH_ECOLI,REG4_MOUSE
RFAH_ECOLI,TPPP2_MOUSE
RFAH_ECOLI,SPY_ECOLI
RFAH_ECOLI,RS112_ARATH
RFAH_ECOLI,TEX46_MOUSE
RFAH_ECOLI,UB2G1_MOUSE
RFAH_ECOLI,R23A1_ARATH
RFAH_ECOLI,V9H0I4_MOUSE
RFAH_ECOLI,Q3U286_MOUSE
RFAH_ECOLI,CAV2_MOUSE
RFAH_ECOLI,UB2L3_MOUSE
RFAH_ECOLI,DNJ11_ARATH
RFAH_ECOLI,FXSA_ECOLI
RFAH_ECOLI,NRDG_ECOLI
RFAH_ECOLI,IF5A1_MOUSE
RFAH_ECOLI,SNX24_MOUSE
RFAH_ECOLI,PLAS2_ARATH
RFAH_ECOLI,MAX_MOUSE
RFAH_ECOLI,AP1S1_MOUSE
RFAH_ECOLI,RECX_ECOLI
RFAH_ECOLI,PPAC_MOUSE
RFAH_ECOLI,UCN3_MOUSE
RFAH_ECOLI,TRML_ECOLI
RFAH_ECOLI,MIA40_ARATH
RFAH_ECOLI,FIS1A_ARATH
RFAH_ECOLI,OFCC1_MOUSE
RFAH_ECOLI,NDUS4_ARATH
RFAH_ECOLI,Q9M328_ARATH
RFAH_ECOLI,FIS1B_ARATH
RFAH_ECOLI,ML3_ARATH
RFAH_ECOLI,ATRAP_MOUSE
RFAH_ECOLI,ILVH_ECOLI
RFAH_ECOLI,HS178_ARATH
RFAH_ECOLI,Q3TQT7_MOUSE
RFAH_ECOLI,RL21_MOUSE
RFAH_ECOLI,CUT1A_ARATH
RFAH_ECOLI,G0XYI0_MOUSE
RFAH_ECOLI,YFJY_ECOLI
RFAH_ECOLI,CETN3_MOUSE
RFAH_ECOLI,GPX8_ARATH
BAME2_ARATH,CLPC2_ARATH
BAME2_ARATH,A0A1W2P7C0_MOUSE
BAME2_ARATH,PLRX1_ARATH
BAME2_ARATH,ENOL1_ARATH
BAME2_ARATH,KIF23_MOUSE
BAME2_ARATH,AL2CL_MOUSE
BAME2_ARATH,PR40A_MOUSE
BAME2_ARATH,LUMI_ARATH
BAME2_ARATH,PETS_ARATH
BAME2_ARATH,MDGA1_MOUSE
BAME2_ARATH,XPF_ARATH
BAME2_ARATH,PTPR2_MOUSE
BAME2_ARATH,RFC1_ARATH
BAME2_ARATH,DRP2_MOUSE
BAME2_ARATH,RBM19_MOUSE
BAME2_ARATH,PARP1_ARATH
BAME2_ARATH,ITIH5_MOUSE
BAME2_ARATH,COPB_MOUSE
BAME2_ARATH,PMA11_ARATH
BAME2_ARATH,YCGV_ECOLI
BAME2_ARATH,MATN2_MOUSE
BAME2_ARATH,PMA9_ARATH
BAME2_ARATH,XDHD_ECOLI
BAME2_ARATH,B3A4_MOUSE
BAME2_ARATH,A0A0N4SUU0_MOUSE
BAME2_ARATH,PSMD1_MOUSE
BAME2_ARATH,E9PY14_MOUSE
BAME2_ARATH,CLV1_ARATH
BAME2_ARATH,KIF5C_MOUSE
BAME2_ARATH,DPE2_ARATH
BAME2_ARATH,Q8C0X4_MOUSE
BAME2_ARATH,ATX4_ARATH
BAME2_ARATH,GRIK4_MOUSE
BAME2_ARATH,CEPR1_ARATH
BAME2_ARATH,RBR1_ARATH
BAME2_ARATH,GCSP_ECOLI
BAME2_ARATH,ANO4_MOUSE
BAME2_ARATH,GRID2_MOUSE
BAME2_ARATH,NEK5_ARATH
BAME2_ARATH,TDRD5_MOUSE
BAME2_ARATH,HYOU1_MOUSE
BAME2_ARATH,RLK7_ARATH
BAME2_ARATH,YAK1_ARATH
BAME2_ARATH,ERC2_MOUSE
BAME2_ARATH,PSD1_MOUSE
BAME2_ARATH,CSTN1_MOUSE
BAME2_ARATH,RAIN_MOUSE
BAME2_ARATH,GRIK5_MOUSE
BAME2_ARATH,PDS5E_ARATH
BAME2_ARATH,DSG3_MOUSE
BAME2_ARATH,NLRX1_MOUSE
BAME2_ARATH,KIT_MOUSE
BAME2_ARATH,USO1_MOUSE
BAME2_ARATH,CC146_MOUSE
BAME2_ARATH,CO6A1_MOUSE
BAME2_ARATH,AT1A1_MOUSE
BAME2_ARATH,TSP3_MOUSE
BAME2_ARATH,HMA7_ARATH
BAME2_ARATH,SPA1_ARATH
BAME2_ARATH,F4HY34_ARATH
BAME2_ARATH,EPHB3_MOUSE
BAME2_ARATH,Q3TRU3_MOUSE
BAME2_ARATH,AT1A2_MOUSE
BAME2_ARATH,ROBO4_MOUSE
BAME2_ARATH,DEN1A_MOUSE
BAME2_ARATH,MILK2_MOUSE
BAME2_ARATH,UBP15_MOUSE
BAME2_ARATH,CTF18_MOUSE
BAME2_ARATH,AT1A3_MOUSE
BAME2_ARATH,AGO10_ARATH
BAME2_ARATH,SAFB2_MOUSE
BAME2_ARATH,MCR_MOUSE
BAME2_ARATH,AT2A1_MOUSE
BAME2_ARATH,IRK_ARATH
BAME2_ARATH,LRP8_MOUSE
BAME2_ARATH,KINH_MOUSE
BAME2_ARATH,HPCA1_ARATH
BAME2_ARATH,Q80SY9_MOUSE
BAME2_ARATH,CSTN2_MOUSE
BAME2_ARATH,HIP1_MOUSE
BAME2_ARATH,JMJ25_ARATH
BAME2_ARATH,SKOR2_MOUSE
BAME2_ARATH,KTN81_ARATH
BAME2_ARATH,CTNA2_MOUSE
BAME2_ARATH,GOGA2_MOUSE
BAME2_ARATH,EMIL1_MOUSE
BAME2_ARATH,M3K13_MOUSE
BAME2_ARATH,NBR1_MOUSE
BAME2_ARATH,TSN2_ARATH
BAME2_ARATH,PKD2_MOUSE
BAME2_ARATH,UBP16_ARATH
BAME2_ARATH,ERECT_ARATH
BAME2_ARATH,H3BJD0_MOUSE
BAME2_ARATH,PP365_ARATH
BAME2_ARATH,IQEC1_MOUSE
BAME2_ARATH,MRTFA_MOUSE
BAME2_ARATH,H3BKQ7_MOUSE
BAME2_ARATH,TIF1A_MOUSE
BAME2_ARATH,NMD3B_MOUSE
BAME2_ARATH,RECK_MOUSE
YHBS_ECOLI,LAZY3_ARATH
YHBS_ECOLI,F4K8M2_ARATH
YHBS_ECOLI,Q9FI91_ARATH
YHBS_ECOLI,SYCE2_MOUSE
YHBS_ECOLI,NRPD7_ARATH
YHBS_ECOLI,Q1ECJ5_ARATH
YHBS_ECOLI,TR13C_MOUSE
YHBS_ECOLI,NDUF4_MOUSE
YHBS_ECOLI,CCB3_ARATH
YHBS_ECOLI,E9Q9S8_MOUSE
YHBS_ECOLI,BH036_ARATH
YHBS_ECOLI,ARPC3_ARATH
YHBS_ECOLI,HYDN_ECOLI
YHBS_ECOLI,RS5_ECOLI
YHBS_ECOLI,CAR1_ARATH
YHBS_ECOLI,GRXC5_ARATH
YHBS_ECOLI,USPAL_ARATH
YHBS_ECOLI,F4IIH6_ARATH
YHBS_ECOLI,LITAF_MOUSE
YHBS_ECOLI,SWC6_ARATH
YHBS_ECOLI,MEA1_MOUSE
YHBS_ECOLI,CAR6_ARATH
YHBS_ECOLI,Q99JV1_MOUSE
YHBS_ECOLI,CRGF_MOUSE
YHBS_ECOLI,Q9FJR6_ARATH
YHBS_ECOLI,YGAP_ECOLI
YHBS_ECOLI,Q8K4A9_MOUSE
YHBS_ECOLI,Q9D9P1_MOUSE
YHBS_ECOLI,UBIT_ECOLI
YHBS_ECOLI,ERLL1_ARATH
YHBS_ECOLI,Q9M1T6_ARATH
YHBS_ECOLI,MLRA_MOUSE
YHBS_ECOLI,WFDC2_MOUSE
YHBS_ECOLI,CRGC_MOUSE
YHBS_ECOLI,SAMD5_MOUSE
YHBS_ECOLI,A0A286YD08_MOUSE
YHBS_ECOLI,L7N1X9_MOUSE
YHBS_ECOLI,Q8VC95_MOUSE
YHBS_ECOLI,RES18_MOUSE
YHBS_ECOLI,LCN8_MOUSE
YHBS_ECOLI,CSE2_ECOLI
YHBS_ECOLI,Q6P3B5_MOUSE
YHBS_ECOLI,PRIC_ECOLI
YHBS_ECOLI,LMIP_MOUSE
YHBS_ECOLI,PBAS_MOUSE
YHBS_ECOLI,Q61118_MOUSE
YHBS_ECOLI,FLZ6_ARATH
YHBS_ECOLI,RPW82_ARATH
YHBS_ECOLI,Q0WXI7_MOUSE
YHBS_ECOLI,TATB_ECOLI
YHBS_ECOLI,ZAT12_ARATH
YHBS_ECOLI,FTNA_ECOLI
YHBS_ECOLI,A0A3B2W3F1_MOUSE
YHBS_ECOLI,MWL1_ARATH
YHBS_ECOLI,TMM91_MOUSE
YHBS_ECOLI,RBM8A_MOUSE
YHBS_ECOLI,CRGE_MOUSE
YHBS_ECOLI,REG3B_MOUSE
YHBS_ECOLI,GLV3_ARATH
YHBS_ECOLI,STGL4_ARATH
YHBS_ECOLI,FIMG_ECOLI
YHBS_ECOLI,NPM3_MOUSE
YHBS_ECOLI,Q9LW45_ARATH
YHBS_ECOLI,CRGA_MOUSE
YHBS_ECOLI,GLPA_MOUSE
YHBS_ECOLI,CETN1_MOUSE
YHBS_ECOLI,ROSY1_ARATH
YHBS_ECOLI,SKP_ECOLI
YHBS_ECOLI,SODC3_ARATH
YHBS_ECOLI,NUOE_ECOLI
YHBS_ECOLI,CP19A_ARATH
YHBS_ECOLI,DYDC1_MOUSE
YHBS_ECOLI,SSPB_ECOLI
YHBS_ECOLI,CAMP_MOUSE
YHBS_ECOLI,PMEI2_ARATH
YHBS_ECOLI,B9D2_MOUSE
YHBS_ECOLI,NMU_MOUSE
YHBS_ECOLI,AL5AP_MOUSE
YHBS_ECOLI,SIVA_MOUSE
YHBS_ECOLI,ANR37_MOUSE
YHBS_ECOLI,Q9FNM0_ARATH
YHBS_ECOLI,PMP22_MOUSE
YHBS_ECOLI,RBCX1_ARATH
YHBS_ECOLI,SACA9_MOUSE
YHBS_ECOLI,ML12B_MOUSE
YHBS_ECOLI,RAYT_ECOLI
YHBS_ECOLI,PAL_ECOLI
YHBS_ECOLI,RFAH_ECOLI
YHBS_ECOLI,RL172_ARATH
YHBS_ECOLI,COX41_MOUSE
YHBS_ECOLI,BRH1_ARATH
YHBS_ECOLI,F4I8D6_ARATH
YHBS_ECOLI,RK18_ARATH
YHBS_ECOLI,GPX2_ARATH
YHBS_ECOLI,YKFM_ECOLI
YHBS_ECOLI,CETN2_MOUSE
YHBS_ECOLI,MOBP_MOUSE
YHBS_ECOLI,LLG1_ARATH
YHBS_ECOLI,D3YZZ4_MOUSE
YHBS_ECOLI,HARC1_ARATH
HSL2_ARATH,AB9A_ARATH
HSL2_ARATH,RNE_ARATH
HSL2_ARATH,Q91Y19_MOUSE
HSL2_ARATH,EPHA3_MOUSE
HSL2_ARATH,GYRA_ARATH
HSL2_ARATH,CLPD_ARATH
HSL2_ARATH,CNNM1_MOUSE
HSL2_ARATH,HMA2_ARATH
HSL2_ARATH,F4KDI6_ARATH
HSL2_ARATH,KIPK2_ARATH
HSL2_ARATH,NET2A_ARATH
HSL2_ARATH,NLP8_ARATH
HSL2_ARATH,NLR9A_MOUSE
HSL2_ARATH,UN45A_MOUSE
HSL2_ARATH,XYN1_ARATH
HSL2_ARATH,O88690_MOUSE
HSL2_ARATH,FTSI1_ARATH
HSL2_ARATH,PCDAA_MOUSE
HSL2_ARATH,Q91Y12_MOUSE
HSL2_ARATH,ANO1_MOUSE
HSL2_ARATH,Q3UWL9_MOUSE
HSL2_ARATH,Q91Y14_MOUSE
HSL2_ARATH,ZHX3_MOUSE
HSL2_ARATH,Q91Y18_MOUSE
HSL2_ARATH,CCD80_MOUSE
HSL2_ARATH,ACO2M_ARATH
HSL2_ARATH,SRRM1_MOUSE
HSL2_ARATH,PCDA4_MOUSE
HSL2_ARATH,Q91Y21_MOUSE
HSL2_ARATH,Q91Y17_MOUSE
HSL2_ARATH,KSR2_MOUSE
HSL2_ARATH,UNC5B_MOUSE
HSL2_ARATH,ATS15_MOUSE
HSL2_ARATH,NLGN4_MOUSE
HSL2_ARATH,PMA3_ARATH
HSL2_ARATH,AMPE_MOUSE
HSL2_ARATH,BAG6_ARATH
HSL2_ARATH,RCSC_ECOLI
HSL2_ARATH,XRN2_MOUSE
HSL2_ARATH,AT2C2_MOUSE
HSL2_ARATH,Q7TSA7_MOUSE
HSL2_ARATH,TEX11_MOUSE
HSL2_ARATH,HERC6_MOUSE
HSL2_ARATH,NAL4F_MOUSE
HSL2_ARATH,RN111_MOUSE
HSL2_ARATH,MDGA2_MOUSE
HSL2_ARATH,CHRD_MOUSE
HSL2_ARATH,CESA7_ARATH
HSL2_ARATH,CLCN1_MOUSE
HSL2_ARATH,PHOT1_ARATH
HSL2_ARATH,LONM_MOUSE
HSL2_ARATH,RBOHF_ARATH
HSL2_ARATH,AMOL1_MOUSE
HSL2_ARATH,CNTN1_MOUSE
HSL2_ARATH,SMXL5_ARATH
HSL2_ARATH,H3BL28_MOUSE
HSL2_ARATH,ERN1_MOUSE
HSL2_ARATH,JMJ24_ARATH
HSL2_ARATH,MB3R4_ARATH
HSL2_ARATH,ZC3H3_MOUSE
HSL2_ARATH,MIK1_ARATH
HSL2_ARATH,MED24_MOUSE
HSL2_ARATH,MA2B1_MOUSE
HSL2_ARATH,SYTL2_MOUSE
HSL2_ARATH,SAD2_ARATH
HSL2_ARATH,JMY_MOUSE
HSL2_ARATH,EPHA2_MOUSE
HSL2_ARATH,AIPP2_ARATH
HSL2_ARATH,LATS2_MOUSE
HSL2_ARATH,XRN4_ARATH
HSL2_ARATH,CMTA3_ARATH
HSL2_ARATH,GANAB_MOUSE
HSL2_ARATH,Q3UPK1_MOUSE
HSL2_ARATH,LGR4_MOUSE
HSL2_ARATH,SLIK5_MOUSE
HSL2_ARATH,CE120_MOUSE
HSL2_ARATH,TR150_MOUSE
HSL2_ARATH,MOR2B_MOUSE
HSL2_ARATH,MLIP_MOUSE
HSL2_ARATH,ROR2_MOUSE
HSL2_ARATH,SPOC1_MOUSE
HSL2_ARATH,F4J4I9_ARATH
HSL2_ARATH,MIB1_MOUSE
HSL2_ARATH,F4JG57_ARATH
HSL2_ARATH,CUL4B_MOUSE
HSL2_ARATH,PNP2_ARATH
HSL2_ARATH,KLOT_MOUSE
HSL2_ARATH,FOG1_MOUSE
HSL2_ARATH,MERTK_MOUSE
HSL2_ARATH,BNC1_MOUSE
HSL2_ARATH,C1TM_MOUSE
HSL2_ARATH,DHX36_MOUSE
HSL2_ARATH,PSD1B_ARATH
HSL2_ARATH,RB3GP_MOUSE
HSL2_ARATH,ZN628_MOUSE
HSL2_ARATH,IREB2_MOUSE
HSL2_ARATH,EPHB1_MOUSE
HSL2_ARATH,ZBED6_MOUSE
HSL2_ARATH,EPHA8_MOUSE
HSL2_ARATH,IN80D_MOUSE
ERL2_ARATH,ADCS_ARATH
ERL2_ARATH,ADLO1_ARATH
ERL2_ARATH,Q91XY6_MOUSE
ERL2_ARATH,GT2D2_MOUSE
ERL2_ARATH,MD15C_ARATH
ERL2_ARATH,CDKL5_MOUSE
ERL2_ARATH,ADLO2_ARATH
ERL2_ARATH,F4I5S3_ARATH
ERL2_ARATH,AT18H_ARATH
ERL2_ARATH,AP4E_ARATH
ERL2_ARATH,PLDB2_ARATH
ERL2_ARATH,TOP3A_ARATH
ERL2_ARATH,F4IC87_ARATH
ERL2_ARATH,LONM1_ARATH
ERL2_ARATH,Q9LZS4_ARATH
ERL2_ARATH,RBOHI_ARATH
ERL2_ARATH,RPM1_ARATH
ERL2_ARATH,SUS6_ARATH
ERL2_ARATH,TMK3_ARATH
ERL2_ARATH,Q5DTF8_MOUSE
ERL2_ARATH,RNZ4_ARATH
ERL2_ARATH,APOBR_MOUSE
ERL2_ARATH,BCLF1_MOUSE
ERL2_ARATH,FBX11_MOUSE
ERL2_ARATH,PEX6_ARATH
ERL2_ARATH,Q8C8Z4_MOUSE
ERL2_ARATH,UBP5_ARATH
ERL2_ARATH,Q91XZ0_MOUSE
ERL2_ARATH,SPL12_ARATH
ERL2_ARATH,CO6_MOUSE
ERL2_ARATH,DHTK1_MOUSE
ERL2_ARATH,GRIN1_MOUSE
ERL2_ARATH,NCOA7_MOUSE
ERL2_ARATH,Q1A6V1_MOUSE
ERL2_ARATH,EXOC2_MOUSE
ERL2_ARATH,PCDG4_MOUSE
ERL2_ARATH,PIGN_MOUSE
ERL2_ARATH,DNAI3_MOUSE
ERL2_ARATH,KCD19_MOUSE
ERL2_ARATH,Q6NXY6_MOUSE
ERL2_ARATH,Q5DTQ9_MOUSE
ERL2_ARATH,ITIH4_MOUSE
ERL2_ARATH,KCNQ5_MOUSE
ERL2_ARATH,Q1A6U9_MOUSE
ERL2_ARATH,Q8BRR0_MOUSE
ERL2_ARATH,Q6DD96_MOUSE
ERL2_ARATH,Q6PHX8_MOUSE
ERL2_ARATH,Q91XY9_MOUSE
ERL2_ARATH,Q8CHE5_MOUSE
ERL2_ARATH,Q91XX9_MOUSE
ERL2_ARATH,Q91XX2_MOUSE
ERL2_ARATH,Q91XX3_MOUSE
ERL2_ARATH,Q91XX5_MOUSE
ERL2_ARATH,PQQL_ECOLI
ERL2_ARATH,Q91XX7_MOUSE
ERL2_ARATH,UN45B_MOUSE
ERL2_ARATH,Q91XX4_MOUSE
ERL2_ARATH,LONM4_ARATH
ERL2_ARATH,Q91XY0_MOUSE
ERL2_ARATH,SEM6C_MOUSE
ERL2_ARATH,Q91Y15_MOUSE
ERL2_ARATH,CMTA5_ARATH
ERL2_ARATH,Q91XY2_MOUSE
ERL2_ARATH,Q91XY1_MOUSE
ERL2_ARATH,Q91XY3_MOUSE
ERL2_ARATH,ZIP4L_ARATH
ERL2_ARATH,SARDH_MOUSE
ERL2_ARATH,Q91XY7_MOUSE
ERL2_ARATH,Q91XY8_MOUSE
ERL2_ARATH,ROR1_MOUSE
ERL2_ARATH,Q91Y16_MOUSE
ERL2_ARATH,MSH2_ARATH
ERL2_ARATH,DUSTY_MOUSE
ERL2_ARATH,M3K10_MOUSE
ERL2_ARATH,STOX2_MOUSE
ERL2_ARATH,UT2_MOUSE
ERL2_ARATH,DGKQ_MOUSE
ERL2_ARATH,TLR11_MOUSE
ERL2_ARATH,PLK4_MOUSE
ERL2_ARATH,B2RXC2_MOUSE
ERL2_ARATH,KIPK1_ARATH
ERL2_ARATH,CLCA2_MOUSE
ERL2_ARATH,TCAF2_MOUSE
ERL2_ARATH,TRAK1_MOUSE
ERL2_ARATH,EPHB4_MOUSE
ERL2_ARATH,Q05C01_MOUSE
ERL2_ARATH,PCDA7_MOUSE
ERL2_ARATH,TGH_ARATH
ERL2_ARATH,GABR2_MOUSE
ERL2_ARATH,KN14G_ARATH
ERL2_ARATH,KDM7A_MOUSE
ERL2_ARATH,AGRE1_MOUSE
ERL2_ARATH,SMCR8_MOUSE
ERL2_ARATH,PLD2_MOUSE
ERL2_ARATH,TRPC6_MOUSE
ERL2_ARATH,Q9Z1B0_MOUSE
ERL2_ARATH,ERAP1_MOUSE
ERL2_ARATH,PHF14_MOUSE
ERL2_ARATH,EDEM3_MOUSE
ERL2_ARATH,CLA4A_MOUSE
HXK1_MOUSE,FTSHC_ARATH
HXK1_MOUSE,TMK1_ARATH
HXK1_MOUSE,DPO1_ECOLI
HXK1_MOUSE,Q8RWN3_ARATH
HXK1_MOUSE,F4ILN8_ARATH
HXK1_MOUSE,VPS11_ARATH
HXK1_MOUSE,NOD1_MOUSE
HXK1_MOUSE,AASS_MOUSE
HXK1_MOUSE,BCAS3_MOUSE
HXK1_MOUSE,AP2A2_MOUSE
HXK1_MOUSE,F4K3F4_ARATH
HXK1_MOUSE,AP2B1_MOUSE
HXK1_MOUSE,LOX4_ARATH
HXK1_MOUSE,JMJ28_ARATH
HXK1_MOUSE,XPC_MOUSE
HXK1_MOUSE,F6XJP7_MOUSE
HXK1_MOUSE,EDR1_ARATH
HXK1_MOUSE,SHGR2_ARATH
HXK1_MOUSE,MORC3_MOUSE
HXK1_MOUSE,PAH2_ARATH
HXK1_MOUSE,CSKP_MOUSE
HXK1_MOUSE,WAPL1_ARATH
HXK1_MOUSE,ODO1_ECOLI
HXK1_MOUSE,SCYL2_MOUSE
HXK1_MOUSE,MORC1_MOUSE
HXK1_MOUSE,Q62030_MOUSE
HXK1_MOUSE,C2CD5_MOUSE
HXK1_MOUSE,CTND1_MOUSE
HXK1_MOUSE,LNG1_ARATH
HXK1_MOUSE,Q91XX1_MOUSE
HXK1_MOUSE,F4I642_ARATH
HXK1_MOUSE,TTLL3_MOUSE
HXK1_MOUSE,BRCA1_ARATH
HXK1_MOUSE,AP1B1_MOUSE
HXK1_MOUSE,PRGR_MOUSE
HXK1_MOUSE,UVRA_ECOLI
HXK1_MOUSE,CCD39_MOUSE
HXK1_MOUSE,INP4A_MOUSE
HXK1_MOUSE,Q8C0U7_MOUSE
HXK1_MOUSE,CLPC1_ARATH
HXK1_MOUSE,UNC5C_MOUSE
HXK1_MOUSE,KN7B_ARATH
HXK1_MOUSE,MCM2_ARATH
HXK1_MOUSE,LEUNG_ARATH
HXK1_MOUSE,ATS5_MOUSE
HXK1_MOUSE,MMRN2_MOUSE
HXK1_MOUSE,SNX19_MOUSE
HXK1_MOUSE,PDE2A_MOUSE
HXK1_MOUSE,DSPP_MOUSE
HXK1_MOUSE,TPS1_ARATH
HXK1_MOUSE,RHG06_MOUSE
HXK1_MOUSE,PMA1_ARATH
HXK1_MOUSE,NIBA1_MOUSE
HXK1_MOUSE,INTU_MOUSE
HXK1_MOUSE,BRDT_MOUSE
HXK1_MOUSE,E41L3_MOUSE
HXK1_MOUSE,GPC6A_MOUSE
HXK1_MOUSE,VPS11_MOUSE
HXK1_MOUSE,NAC1_MOUSE
HXK1_MOUSE,PACS1_MOUSE
HXK1_MOUSE,NFAC2_MOUSE
HXK1_MOUSE,RPGF4_MOUSE
HXK1_MOUSE,B3AT_MOUSE
HXK1_MOUSE,M3K14_MOUSE
HXK1_MOUSE,Q91XW9_MOUSE
HXK1_MOUSE,RFX6_MOUSE
HXK1_MOUSE,SIEL_ARATH
HXK1_MOUSE,XYLT1_MOUSE
HXK1_MOUSE,AGRG2_MOUSE
HXK1_MOUSE,ARHG2_MOUSE
HXK1_MOUSE,ANR24_MOUSE
HXK1_MOUSE,PEG10_MOUSE
HXK1_MOUSE,GLR33_ARATH
HXK1_MOUSE,CSTN3_MOUSE
HXK1_MOUSE,ACA11_ARATH
HXK1_MOUSE,SAFB1_MOUSE
HXK1_MOUSE,NOD2_MOUSE
HXK1_MOUSE,MYCD_MOUSE
HXK1_MOUSE,RBM15_MOUSE
HXK1_MOUSE,NRP2_MOUSE
HXK1_MOUSE,TLR13_MOUSE
HXK1_MOUSE,ARFF_ARATH
HXK1_MOUSE,VPS41_ARATH
HXK1_MOUSE,E9Q4D0_MOUSE
HXK1_MOUSE,LYAG_MOUSE
HXK1_MOUSE,ATL2_MOUSE
HXK1_MOUSE,FLT3_MOUSE
HXK1_MOUSE,IFIH1_MOUSE
HXK1_MOUSE,NMDZ1_MOUSE
HXK1_MOUSE,PIWL2_MOUSE
HXK1_MOUSE,NLR9B_MOUSE
HXK1_MOUSE,PARP1_MOUSE
HXK1_MOUSE,CSF1R_MOUSE
HXK1_MOUSE,EPHA7_MOUSE
HXK1_MOUSE,NAC3_MOUSE
HXK1_MOUSE,RRC1_ARATH
HXK1_MOUSE,CMTA1_ARATH
HXK1_MOUSE,XPOT_ARATH
HXK1_MOUSE,MKS3_MOUSE
HXK1_MOUSE,HDAC7_MOUSE
MCA3_MOUSE,A0JQ68_ARATH
MCA3_MOUSE,ARF3_ARATH
MCA3_MOUSE,BBX19_ARATH
MCA3_MOUSE,Q9LF49_ARATH
MCA3_MOUSE,APT3_ARATH
MCA3_MOUSE,ARL8D_ARATH
MCA3_MOUSE,PR1F1_ARATH
MCA3_MOUSE,Q940U2_ARATH
MCA3_MOUSE,CML38_ARATH
MCA3_MOUSE,CPD_ARATH
MCA3_MOUSE,COP10_ARATH
MCA3_MOUSE,C561_ECOLI
MCA3_MOUSE,APT4_ARATH
MCA3_MOUSE,PLAT1_ARATH
MCA3_MOUSE,ERF21_ARATH
MCA3_MOUSE,CUTA_ARATH
MCA3_MOUSE,CSPL6_ARATH
MCA3_MOUSE,CSPLP_ARATH
MCA3_MOUSE,CSPLE_ARATH
MCA3_MOUSE,CSPLC_ARATH
MCA3_MOUSE,LTG31_ARATH
MCA3_MOUSE,IMP2L_MOUSE
MCA3_MOUSE,ERF03_ARATH
MCA3_MOUSE,O80895_ARATH
MCA3_MOUSE,CVIF2_ARATH
MCA3_MOUSE,EBFC2_ARATH
MCA3_MOUSE,CX5B1_ARATH
MCA3_MOUSE,NRPB7_ARATH
MCA3_MOUSE,RL18A_MOUSE
MCA3_MOUSE,O64867_ARATH
MCA3_MOUSE,DIR5_ARATH
MCA3_MOUSE,ERF39_ARATH
MCA3_MOUSE,NRPE7_ARATH
MCA3_MOUSE,F4JKF3_ARATH
MCA3_MOUSE,SFMA_ECOLI
MCA3_MOUSE,DARP_ECOLI
MCA3_MOUSE,OP162_ARATH
MCA3_MOUSE,ISCAP_ARATH
MCA3_MOUSE,ERF08_ARATH
MCA3_MOUSE,NFYBA_ARATH
MCA3_MOUSE,O22919_ARATH
MCA3_MOUSE,PDCB5_ARATH
MCA3_MOUSE,Q9C647_ARATH
MCA3_MOUSE,Q8RYC3_ARATH
MCA3_MOUSE,NU6C_ARATH
MCA3_MOUSE,PMEI1_ARATH
MCA3_MOUSE,OFP11_ARATH
MCA3_MOUSE,PMEI5_ARATH
MCA3_MOUSE,YFCD_ECOLI
MCA3_MOUSE,PYL10_ARATH
MCA3_MOUSE,Q683D4_ARATH
MCA3_MOUSE,Q0WRA3_ARATH
MCA3_MOUSE,Q571L0_MOUSE
MCA3_MOUSE,Q9LI88_ARATH
MCA3_MOUSE,Q39186_ARATH
MCA3_MOUSE,Q9LZC0_ARATH
MCA3_MOUSE,CITX_ECOLI
MCA3_MOUSE,Q8BQT1_MOUSE
MCA3_MOUSE,Q7XA71_ARATH
MCA3_MOUSE,TMM95_MOUSE
MCA3_MOUSE,RL121_ARATH
MCA3_MOUSE,CBX3_MOUSE
MCA3_MOUSE,TDL1_ARATH
MCA3_MOUSE,TRXX_ARATH
MCA3_MOUSE,Q9LE02_ARATH
MCA3_MOUSE,SYDP_ECOLI
MCA3_MOUSE,Q9SKZ7_ARATH
MCA3_MOUSE,DCTR_ECOLI
MCA3_MOUSE,Q9SFV0_ARATH
MCA3_MOUSE,YAIL_ECOLI
MCA3_MOUSE,C209C_MOUSE
MCA3_MOUSE,Q9FJW1_ARATH
MCA3_MOUSE,E2JL35_MOUSE
MCA3_MOUSE,5FCL_ECOLI
MCA3_MOUSE,MUP11_MOUSE
MCA3_MOUSE,RBS3B_ARATH
MCA3_MOUSE,Q9XI67_ARATH
MCA3_MOUSE,ORN_ECOLI
MCA3_MOUSE,Q9M0L8_ARATH
MCA3_MOUSE,NKAI3_MOUSE
MCA3_MOUSE,BLC_ECOLI
MCA3_MOUSE,ELFA_ECOLI
MCA3_MOUSE,AMPD_ECOLI
MCA3_MOUSE,PGSA_ECOLI
MCA3_MOUSE,C56H1_ECOLI
MCA3_MOUSE,UBC6_ARATH
MCA3_MOUSE,FIMA1_ECOLI
MCA3_MOUSE,FIMI_ECOLI
MCA3_MOUSE,COF2_MOUSE
MCA3_MOUSE,IL36B_MOUSE
MCA3_MOUSE,SMRB_ECOLI
MCA3_MOUSE,ARF2_MOUSE
MCA3_MOUSE,YBCL_ECOLI
MCA3_MOUSE,YGJV_ECOLI
MCA3_MOUSE,MANF_MOUSE
MCA3_MOUSE,CANB2_MOUSE
MCA3_MOUSE,YCBU_ECOLI
MCA3_MOUSE,HSPB2_MOUSE
MCA3_MOUSE,MEPK_ECOLI
MCA3_MOUSE,TNF18_MOUSE
RL11_MOUSE,AGP17_ARATH
RL11_MOUSE,ERF15_ARATH
RL11_MOUSE,IAA34_ARATH
RL11_MOUSE,LTPG6_ARATH
RL11_MOUSE,ARL8A_ARATH
RL11_MOUSE,YCF4_ARATH
RL11_MOUSE,ARL8C_ARATH
RL11_MOUSE,LGUL_ARATH
RL11_MOUSE,ATB22_ARATH
RL11_MOUSE,CML30_ARATH
RL11_MOUSE,ERF79_ARATH
RL11_MOUSE,ERF17_ARATH
RL11_MOUSE,CML25_ARATH
RL11_MOUSE,ERF10_ARATH
RL11_MOUSE,MD10A_ARATH
RL11_MOUSE,3MG1_ECOLI
RL11_MOUSE,UB2FA_MOUSE
RL11_MOUSE,ERF24_ARATH
RL11_MOUSE,PDCB3_ARATH
RL11_MOUSE,LOB_ARATH
RL11_MOUSE,PDL2_ARATH
RL11_MOUSE,RIDA_ARATH
RL11_MOUSE,Q9M9T9_ARATH
RL11_MOUSE,PR1G1_ARATH
RL11_MOUSE,PR1G2_ARATH
RL11_MOUSE,Q6DR46_ARATH
RL11_MOUSE,B7ZJH7_MOUSE
RL11_MOUSE,YCDY_ECOLI
RL11_MOUSE,Q6NMS1_ARATH
RL11_MOUSE,Q6NNH6_ARATH
RL11_MOUSE,RGS5_MOUSE
RL11_MOUSE,TIR_ARATH
RL11_MOUSE,RCE1_ARATH
RL11_MOUSE,Q9LJX6_ARATH
RL11_MOUSE,Q9S9U2_ARATH
RL11_MOUSE,YAB2_ARATH
RL11_MOUSE,SAP12_ARATH
RL11_MOUSE,RK123_ARATH
RL11_MOUSE,KEFG_ECOLI
RL11_MOUSE,TRXM2_ARATH
RL11_MOUSE,ARL11_MOUSE
RL11_MOUSE,UBC5_ARATH
RL11_MOUSE,UBC4_ARATH
RL11_MOUSE,PQIC_ECOLI
RL11_MOUSE,DSBE_ECOLI
RL11_MOUSE,URAD_MOUSE
RL11_MOUSE,PTHC_ECOLI
RL11_MOUSE,DCRB_ECOLI
RL11_MOUSE,YQGE_ECOLI
RL11_MOUSE,KPTA_ECOLI
RL11_MOUSE,TPD1_ARATH
RL11_MOUSE,PINE_ECOLI
RL11_MOUSE,YCIB_ECOLI
RL11_MOUSE,PAGP_ECOLI
RL11_MOUSE,YCFP_ECOLI
RL11_MOUSE,RGS8_MOUSE
RL11_MOUSE,KLRD1_MOUSE
RL11_MOUSE,PUUR_ECOLI
RL11_MOUSE,YCFJ_ECOLI
RL11_MOUSE,Q3U345_MOUSE
RL11_MOUSE,RL6_ECOLI
RL11_MOUSE,YEHD_ECOLI
RL11_MOUSE,YFCV_ECOLI
RL11_MOUSE,YFCP_ECOLI
RL11_MOUSE,FLAV_ECOLI
RL11_MOUSE,YFAZ_ECOLI
RL11_MOUSE,YFGI_ECOLI
RL11_MOUSE,FAIM1_MOUSE
RL11_MOUSE,YNIB_ECOLI
RL11_MOUSE,A2AKN8_MOUSE
RL11_MOUSE,A0AAQ4VMS9_MOUSE
RL11_MOUSE,A0A1Y7VJF8_MOUSE
RL11_MOUSE,APC10_MOUSE
RL11_MOUSE,ARL8A_MOUSE
RL11_MOUSE,A0A0A6YY54_MOUSE
RL11_MOUSE,CASK_MOUSE
RL11_MOUSE,TM196_MOUSE
RL11_MOUSE,PEBP1_MOUSE
RL11_MOUSE,ARF3_MOUSE
RL11_MOUSE,ARL1_MOUSE
RL11_MOUSE,ARPC3_MOUSE
RL11_MOUSE,ARXS2_MOUSE
RL11_MOUSE,CCD32_MOUSE
RL11_MOUSE,MUP2_MOUSE
RL11_MOUSE,ARXS1_MOUSE
RL11_MOUSE,CD3G_MOUSE
RL11_MOUSE,D3Z4W5_MOUSE
RL11_MOUSE,Q9D8Q7_MOUSE
RL11_MOUSE,CS2LA_MOUSE
RL11_MOUSE,MUP4_MOUSE
RL11_MOUSE,E9Q214_MOUSE
RL11_MOUSE,BFT_ARATH
RL11_MOUSE,NUOI_ECOLI
RL11_MOUSE,GKN1_MOUSE
RL11_MOUSE,G3UYY0_MOUSE
RL11_MOUSE,IMP3_MOUSE
RL11_MOUSE,IL17B_MOUSE
RL11_MOUSE,SSRB_MOUSE
RL11_MOUSE,Q8RXZ8_ARATH
RL11_MOUSE,STMN2_MOUSE
RS7_ECOLI,UBE2H_MOUSE
RS7_ECOLI,ALT4_ARATH
RS7_ECOLI,ALT2_ARATH
RS7_ECOLI,KXDL1_MOUSE
RS7_ECOLI,MORF7_ARATH
RS7_ECOLI,YECD_ECOLI
RS7_ECOLI,CYSK2_ARATH
RS7_ECOLI,PR1F3_ARATH
RS7_ECOLI,GREM1_MOUSE
RS7_ECOLI,PR1F4_ARATH
RS7_ECOLI,HOFN_ECOLI
RS7_ECOLI,BL1S5_MOUSE
RS7_ECOLI,TPPC5_MOUSE
RS7_ECOLI,JOS2_MOUSE
RS7_ECOLI,SLP_ECOLI
RS7_ECOLI,XLR5C_MOUSE
RS7_ECOLI,Q8VY85_ARATH
RS7_ECOLI,C56H2_ECOLI
RS7_ECOLI,KLRG1_MOUSE
RS7_ECOLI,Q9M2E4_ARATH
RS7_ECOLI,YECM_ECOLI
RS7_ECOLI,KDSC_ECOLI
RS7_ECOLI,MYCT1_MOUSE
RS7_ECOLI,IL24_MOUSE
RS7_ECOLI,Q9LES5_ARATH
RS7_ECOLI,PSA2_ARATH
RS7_ECOLI,T2_MOUSE
RS7_ECOLI,BOLA4_ARATH
RS7_ECOLI,Q9D2Z6_MOUSE
RS7_ECOLI,DCTN3_MOUSE
RS7_ECOLI,YGGT_ECOLI
RS7_ECOLI,PRAF2_MOUSE
RS7_ECOLI,DS13A_MOUSE
RS7_ECOLI,GSDA_ARATH
RS7_ECOLI,ZAT11_ARATH
RS7_ECOLI,MUP3_MOUSE
RS7_ECOLI,NUDT4_MOUSE
RS7_ECOLI,FXYD5_MOUSE
RS7_ECOLI,RM13_MOUSE
RS7_ECOLI,FRIL1_MOUSE
RS7_ECOLI,RM17_MOUSE
RS7_ECOLI,RNAS9_MOUSE
RS7_ECOLI,GNTK_ECOLI
RS7_ECOLI,VKORL_MOUSE
RS7_ECOLI,CENH3_ARATH
RS7_ECOLI,SAYS1_MOUSE
RS7_ECOLI,VPS29_MOUSE
RS7_ECOLI,TP8L1_MOUSE
RS7_ECOLI,V9GXY5_MOUSE
RS7_ECOLI,MEPS_ECOLI
RS7_ECOLI,TPPP3_MOUSE
RS7_ECOLI,TMM47_MOUSE
RS7_ECOLI,SAP25_MOUSE
RS7_ECOLI,G0XYH9_MOUSE
RS7_ECOLI,SGMR2_MOUSE
RS7_ECOLI,Q8LAD4_ARATH
RS7_ECOLI,TNR17_MOUSE
RS7_ECOLI,UPK2_MOUSE
RS7_ECOLI,SUTR_ECOLI
RS7_ECOLI,TNR23_MOUSE
RS7_ECOLI,VMA22_MOUSE
RS7_ECOLI,VNS1_MOUSE
RS7_ECOLI,Q9FFG5_ARATH
RS7_ECOLI,RSZ21_ARATH
RS7_ECOLI,YAF2_MOUSE
RS7_ECOLI,HEMG_ECOLI
RS7_ECOLI,ATL44_ARATH
RS7_ECOLI,RIML_ECOLI
RS7_ECOLI,YHBO_ECOLI
RS7_ECOLI,HTT5_ARATH
RS7_ECOLI,RRF_ECOLI
RS7_ECOLI,DIR12_ARATH
RS7_ECOLI,ARL2_MOUSE
RS7_ECOLI,Q7TMN5_MOUSE
RS7_ECOLI,THPR_ECOLI
RS7_ECOLI,DFB22_MOUSE
RS7_ECOLI,KAD6_ARATH
RS7_ECOLI,DCTN5_MOUSE
RS7_ECOLI,BTUE_ECOLI
RS7_ECOLI,ARF5_MOUSE
RS7_ECOLI,HMGB1_ARATH
RS7_ECOLI,BTC_MOUSE
RS7_ECOLI,UBC12_MOUSE
RS7_ECOLI,LEA3_ARATH
RS7_ECOLI,ORRM6_ARATH
RS7_ECOLI,Q99JG4_MOUSE
RS7_ECOLI,TO204_ARATH
RS7_ECOLI,Q2TJI8_MOUSE
RS7_ECOLI,ADX_MOUSE
RS7_ECOLI,CITRX_ARATH
RS7_ECOLI,F4KCF4_ARATH
RS7_ECOLI,GLYI4_ARATH
RS7_ECOLI,FRIH_MOUSE
RS7_ECOLI,IDNK_ECOLI
RS7_ECOLI,CS084_MOUSE
RS7_ECOLI,DHR18_ARATH
RS7_ECOLI,CNBP_MOUSE
RS7_ECOLI,SATP_ECOLI
RS7_ECOLI,MLAD_ECOLI
RS7_ECOLI,RL5_ECOLI
ANO6_MOUSE,F4J3L8_ARATH
ANO6_MOUSE,ISOA2_ARATH
ANO6_MOUSE,ACTN1_MOUSE
ANO6_MOUSE,AMY3_ARATH
ANO6_MOUSE,AML1_ARATH
ANO6_MOUSE,C3H41_ARATH
ANO6_MOUSE,DRL2_ARATH
ANO6_MOUSE,PP113_ARATH
ANO6_MOUSE,JMJ29_ARATH
ANO6_MOUSE,F4HZC9_ARATH
ANO6_MOUSE,DRP2A_ARATH
ANO6_MOUSE,RNZ3_ARATH
ANO6_MOUSE,ETOL1_ARATH
ANO6_MOUSE,Q8RX35_ARATH
ANO6_MOUSE,PANK2_ARATH
ANO6_MOUSE,F4HU83_ARATH
ANO6_MOUSE,EIF3C_ARATH
ANO6_MOUSE,F4HYN6_ARATH
ANO6_MOUSE,COPB2_MOUSE
ANO6_MOUSE,E9Q8E3_MOUSE
ANO6_MOUSE,RFS4_ARATH
ANO6_MOUSE,JMJ26_ARATH
ANO6_MOUSE,PP363_ARATH
ANO6_MOUSE,Y2214_ARATH
ANO6_MOUSE,MNGB_ECOLI
ANO6_MOUSE,PP285_ARATH
ANO6_MOUSE,PPR42_ARATH
ANO6_MOUSE,Y5189_ARATH
ANO6_MOUSE,Q9FGN6_ARATH
ANO6_MOUSE,PPR52_ARATH
ANO6_MOUSE,Q9FHU3_ARATH
ANO6_MOUSE,SIRK_ARATH
ANO6_MOUSE,PTHD3_MOUSE
ANO6_MOUSE,ACNA_ECOLI
ANO6_MOUSE,SMXL8_ARATH
ANO6_MOUSE,SEC3B_ARATH
ANO6_MOUSE,RBOHA_ARATH
ANO6_MOUSE,TOP1A_ARATH
ANO6_MOUSE,RQL5_ARATH
ANO6_MOUSE,ATMA_ECOLI
ANO6_MOUSE,SPL1_ARATH
ANO6_MOUSE,RP6L3_ARATH
ANO6_MOUSE,SUMM2_ARATH
ANO6_MOUSE,Y5389_ARATH
ANO6_MOUSE,TOP1B_ARATH
ANO6_MOUSE,Y5900_ARATH
ANO6_MOUSE,AUXI_MOUSE
ANO6_MOUSE,ELFC_ECOLI
ANO6_MOUSE,GLND_ECOLI
ANO6_MOUSE,PP178_ARATH
ANO6_MOUSE,PTN4_MOUSE
ANO6_MOUSE,A0A0A6YY44_MOUSE
ANO6_MOUSE,PI3R5_MOUSE
ANO6_MOUSE,CHIA_ECOLI
ANO6_MOUSE,FIMD_ECOLI
ANO6_MOUSE,RCSD_ECOLI
ANO6_MOUSE,CA3A1_MOUSE
ANO6_MOUSE,DDX10_MOUSE
ANO6_MOUSE,YDBH_ECOLI
ANO6_MOUSE,BCSA_ECOLI
ANO6_MOUSE,COPG1_MOUSE
ANO6_MOUSE,A0A3Q4EG79_MOUSE
ANO6_MOUSE,BBX_MOUSE
ANO6_MOUSE,HKDC1_MOUSE
ANO6_MOUSE,ITIH1_MOUSE
ANO6_MOUSE,O88194_MOUSE
ANO6_MOUSE,DSC3_MOUSE
ANO6_MOUSE,B9EJ65_MOUSE
ANO6_MOUSE,O88192_MOUSE
ANO6_MOUSE,EXOC1_MOUSE
ANO6_MOUSE,ADA12_MOUSE
ANO6_MOUSE,AGRD1_MOUSE
ANO6_MOUSE,ANO5_MOUSE
ANO6_MOUSE,E9PZ22_MOUSE
ANO6_MOUSE,KANL3_MOUSE
ANO6_MOUSE,RGAP7_ARATH
ANO6_MOUSE,B9EKB6_MOUSE
ANO6_MOUSE,DSG1C_MOUSE
ANO6_MOUSE,ECT2_MOUSE
ANO6_MOUSE,EXOSX_MOUSE
ANO6_MOUSE,IL3B2_MOUSE
ANO6_MOUSE,O88193_MOUSE
ANO6_MOUSE,MCM10_MOUSE
ANO6_MOUSE,F193B_MOUSE
ANO6_MOUSE,GANC_MOUSE
ANO6_MOUSE,LTK_MOUSE
ANO6_MOUSE,Q3ULT2_MOUSE
ANO6_MOUSE,Q1A6V0_MOUSE
ANO6_MOUSE,MAP6_MOUSE
ANO6_MOUSE,Q91XX6_MOUSE
ANO6_MOUSE,INCE_MOUSE
ANO6_MOUSE,PARP9_MOUSE
ANO6_MOUSE,Q3V1X2_MOUSE
ANO6_MOUSE,TLR12_MOUSE
ANO6_MOUSE,PP4R4_MOUSE
ANO6_MOUSE,Q3UTG9_MOUSE
ANO6_MOUSE,SLFN9_MOUSE
ANO6_MOUSE,RS10B_MOUSE
ANO6_MOUSE,Q8BIZ8_MOUSE
ANO6_MOUSE,SLFN5_MOUSE
AKH1_ARATH,PIDD1_MOUSE
AKH1_ARATH,Q7TPL6_MOUSE
AKH1_ARATH,UNC5A_MOUSE
AKH1_ARATH,RHG27_MOUSE
AKH1_ARATH,Q14DS2_MOUSE
AKH1_ARATH,B9EJ92_MOUSE
AKH1_ARATH,TRPC3_MOUSE
AKH1_ARATH,RPGF3_MOUSE
AKH1_ARATH,DNLI1_MOUSE
AKH1_ARATH,Q8K119_MOUSE
AKH1_ARATH,SYMC_MOUSE
AKH1_ARATH,SMAL1_MOUSE
AKH1_ARATH,PPR50_ARATH
AKH1_ARATH,Q91XX8_MOUSE
AKH1_ARATH,ZHX1_MOUSE
AKH1_ARATH,DRL40_ARATH
AKH1_ARATH,DEX1_ARATH
AKH1_ARATH,IF4G2_MOUSE
AKH1_ARATH,GRM8_MOUSE
AKH1_ARATH,IRAG1_MOUSE
AKH1_ARATH,DAG1_MOUSE
AKH1_ARATH,V2R1_MOUSE
AKH1_ARATH,EIF3C_MOUSE
AKH1_ARATH,PP121_ARATH
AKH1_ARATH,DLG1_MOUSE
AKH1_ARATH,SLFN8_MOUSE
AKH1_ARATH,B7ZNF9_MOUSE
AKH1_ARATH,A0A087WPJ3_MOUSE
AKH1_ARATH,PSMD2_MOUSE
AKH1_ARATH,O64757_ARATH
AKH1_ARATH,LETB_ECOLI
AKH1_ARATH,F4KDM9_ARATH
AKH1_ARATH,SND1_MOUSE
AKH1_ARATH,PP342_ARATH
AKH1_ARATH,SCY2A_ARATH
AKH1_ARATH,Q7TQF1_MOUSE
AKH1_ARATH,F4JLJ2_ARATH
AKH1_ARATH,PP207_ARATH
AKH1_ARATH,E41L1_MOUSE
AKH1_ARATH,Q6P0A6_MOUSE
AKH1_ARATH,SECA_ECOLI
AKH1_ARATH,EPN2_ARATH
AKH1_ARATH,ZZZ3_MOUSE
AKH1_ARATH,MAGE1_MOUSE
AKH1_ARATH,FAN_MOUSE
AKH1_ARATH,MEE39_ARATH
AKH1_ARATH,TORS_ECOLI
AKH1_ARATH,CHSS3_MOUSE
AKH1_ARATH,A0A338P6W9_MOUSE
AKH1_ARATH,ODP1_ECOLI
AKH1_ARATH,I12R2_MOUSE
AKH1_ARATH,LOV1B_ARATH
AKH1_ARATH,B2RWZ0_MOUSE
AKH1_ARATH,PROM1_MOUSE
AKH1_ARATH,Q9Z1B1_MOUSE
AKH1_ARATH,Q59IW8_MOUSE
AKH1_ARATH,CTNA3_MOUSE
AKH1_ARATH,NUOG_ECOLI
AKH1_ARATH,RUSC1_MOUSE
AKH1_ARATH,SC23A_ARATH
AKH1_ARATH,IMB1_ARATH
AKH1_ARATH,PA24E_MOUSE
AKH1_ARATH,MLXIP_MOUSE
AKH1_ARATH,RPS2_ARATH
AKH1_ARATH,E9Q796_MOUSE
AKH1_ARATH,Q99PM5_MOUSE
AKH1_ARATH,IL3RB_MOUSE
AKH1_ARATH,CCAR2_MOUSE
AKH1_ARATH,ZN281_MOUSE
AKH1_ARATH,Q641K6_MOUSE
AKH1_ARATH,MALT_ECOLI
AKH1_ARATH,PSD2B_ARATH
AKH1_ARATH,IMB1_MOUSE
AKH1_ARATH,RPS5_ARATH
AKH1_ARATH,SCY2B_ARATH
AKH1_ARATH,CORO7_MOUSE
AKH1_ARATH,FIG4_MOUSE
AKH1_ARATH,XYL1_ARATH
AKH1_ARATH,RBBA_ECOLI
AKH1_ARATH,KN10A_ARATH
AKH1_ARATH,CNNM2_MOUSE
AKH1_ARATH,KDPD_ECOLI
AKH1_ARATH,ATG9B_MOUSE
AKH1_ARATH,F4KH40_ARATH
AKH1_ARATH,GLGB3_ARATH
AKH1_ARATH,YODA_ARATH
AKH1_ARATH,MILK1_MOUSE
AKH1_ARATH,NDST4_MOUSE
AKH1_ARATH,RPP8_ARATH
AKH1_ARATH,ATG9_ARATH
AKH1_ARATH,ZO3_MOUSE
AKH1_ARATH,E9Q8B5_MOUSE
AKH1_ARATH,NDST3_MOUSE
AKH1_ARATH,BCAR1_MOUSE
AKH1_ARATH,SEC3A_ARATH
AKH1_ARATH,B1AVB5_MOUSE
AKH1_ARATH,M3K12_MOUSE
AKH1_ARATH,Q0KHD3_MOUSE
AKH1_ARATH,CENPC_MOUSE
AKH1_ARATH,CBPC5_MOUSE
NFAC2_MOUSE,ARMC3_MOUSE
NFAC2_MOUSE,GRIK3_MOUSE
NFAC2_MOUSE,EXTL3_MOUSE
NFAC2_MOUSE,SMXL2_ARATH
NFAC2_MOUSE,RBOHD_ARATH
NFAC2_MOUSE,ICAM5_MOUSE
NFAC2_MOUSE,PGAP1_MOUSE
NFAC2_MOUSE,SLN14_MOUSE
NFAC2_MOUSE,PGCB_MOUSE
NFAC2_MOUSE,AL1L1_MOUSE
NFAC2_MOUSE,AML4_ARATH
NFAC2_MOUSE,ZNRF3_MOUSE
NFAC2_MOUSE,RLP23_ARATH
NFAC2_MOUSE,A2AT91_MOUSE
NFAC2_MOUSE,RSH1C_ARATH
NFAC2_MOUSE,SUN1_MOUSE
NFAC2_MOUSE,Q5FWA6_MOUSE
NFAC2_MOUSE,NDX_ARATH
NFAC2_MOUSE,STAT2_MOUSE
NFAC2_MOUSE,GRIA2_MOUSE
NFAC2_MOUSE,PTHB1_MOUSE
NFAC2_MOUSE,MTBP_MOUSE
NFAC2_MOUSE,CO9A1_MOUSE
NFAC2_MOUSE,F4HTA1_ARATH
NFAC2_MOUSE,MTP_MOUSE
NFAC2_MOUSE,GRIA4_MOUSE
NFAC2_MOUSE,PAH1_ARATH
NFAC2_MOUSE,BARA_ECOLI
NFAC2_MOUSE,IF2_ECOLI
NFAC2_MOUSE,RA54B_MOUSE
NFAC2_MOUSE,ACTN2_MOUSE
NFAC2_MOUSE,AT2C1_MOUSE
NFAC2_MOUSE,EP15R_MOUSE
NFAC2_MOUSE,Q8RWV9_ARATH
NFAC2_MOUSE,WHRN_MOUSE
NFAC2_MOUSE,GRIA1_MOUSE
NFAC2_MOUSE,RLP42_ARATH
NFAC2_MOUSE,KPCD1_MOUSE
NFAC2_MOUSE,PPR29_ARATH
NFAC2_MOUSE,AUXI1_ARATH
NFAC2_MOUSE,USH1C_MOUSE
NFAC2_MOUSE,AUXI2_ARATH
NFAC2_MOUSE,BRE1B_ARATH
NFAC2_MOUSE,LYSAC_ECOLI
NFAC2_MOUSE,TTLL7_MOUSE
NFAC2_MOUSE,TMC2_MOUSE
NFAC2_MOUSE,ANKS6_MOUSE
NFAC2_MOUSE,TMTC3_MOUSE
NFAC2_MOUSE,SE6L2_MOUSE
NFAC2_MOUSE,GOGC6_ARATH
NFAC2_MOUSE,CADH2_MOUSE
NFAC2_MOUSE,CLCN2_MOUSE
NFAC2_MOUSE,ADA22_MOUSE
NFAC2_MOUSE,DSC2_MOUSE
NFAC2_MOUSE,LMBL3_MOUSE
NFAC2_MOUSE,DRP2B_ARATH
NFAC2_MOUSE,NDST2_MOUSE
NFAC2_MOUSE,CLCA1_MOUSE
NFAC2_MOUSE,AGO9_ARATH
NFAC2_MOUSE,UBC24_ARATH
NFAC2_MOUSE,IOS1_ARATH
NFAC2_MOUSE,XPF_MOUSE
NFAC2_MOUSE,IL6RB_MOUSE
NFAC2_MOUSE,GRM7_MOUSE
NFAC2_MOUSE,ACTN4_MOUSE
NFAC2_MOUSE,GRM4_MOUSE
NFAC2_MOUSE,PP1RA_MOUSE
NFAC2_MOUSE,MAN1_MOUSE
NFAC2_MOUSE,EPS15_MOUSE
NFAC2_MOUSE,C1TC_MOUSE
NFAC2_MOUSE,AGAP3_MOUSE
NFAC2_MOUSE,LGR5_MOUSE
NFAC2_MOUSE,CTNA1_MOUSE
NFAC2_MOUSE,NDST1_MOUSE
NFAC2_MOUSE,BH140_ARATH
NFAC2_MOUSE,RB15B_MOUSE
NFAC2_MOUSE,LOX3_ARATH
NFAC2_MOUSE,FH5_ARATH
NFAC2_MOUSE,UGPA3_ARATH
NFAC2_MOUSE,SH3R1_MOUSE
NFAC2_MOUSE,DNM3A_MOUSE
NFAC2_MOUSE,ANO6_MOUSE
NFAC2_MOUSE,CFM3B_ARATH
NFAC2_MOUSE,GRIA3_MOUSE
NFAC2_MOUSE,F4JC31_ARATH
NFAC2_MOUSE,SPY_ARATH
NFAC2_MOUSE,CADH1_MOUSE
NFAC2_MOUSE,REN1_ARATH
NFAC2_MOUSE,PMS1_ARATH
NFAC2_MOUSE,MCM2_MOUSE
NFAC2_MOUSE,SPD2B_MOUSE
NFAC2_MOUSE,AP180_MOUSE
NFAC2_MOUSE,NIA2_ARATH
NFAC2_MOUSE,TNPO1_ARATH
NFAC2_MOUSE,ARFE_ARATH
NFAC2_MOUSE,ACR4L_ARATH
NFAC2_MOUSE,SEM6B_MOUSE
NFAC2_MOUSE,STON2_MOUSE
NFAC2_MOUSE,CIP2A_MOUSE
NFAC2_MOUSE,NIA1_ARATH
AGO4_ARATH,GARE2_MOUSE
AGO4_ARATH,B2RUG5_MOUSE
AGO4_ARATH,MANBA_MOUSE
AGO4_ARATH,GRM3_MOUSE
AGO4_ARATH,RLP41_ARATH
AGO4_ARATH,FZL_ARATH
AGO4_ARATH,AL1L2_MOUSE
AGO4_ARATH,NFKB2_MOUSE
AGO4_ARATH,F4J1L5_ARATH
AGO4_ARATH,CAS3_ECOLI
AGO4_ARATH,DDR1_MOUSE
AGO4_ARATH,PHOT2_ARATH
AGO4_ARATH,CLF_ARATH
AGO4_ARATH,KMT5B_MOUSE
AGO4_ARATH,FERON_ARATH
AGO4_ARATH,OSBL8_MOUSE
AGO4_ARATH,TYRO3_MOUSE
AGO4_ARATH,GEX2_ARATH
AGO4_ARATH,WDR47_MOUSE
AGO4_ARATH,HCN1_MOUSE
AGO4_ARATH,Q505Q0_MOUSE
AGO4_ARATH,DDIAS_MOUSE
AGO4_ARATH,GBA2_MOUSE
AGO4_ARATH,AKH2_ARATH
AGO4_ARATH,RB_MOUSE
AGO4_ARATH,CHR25_ARATH
AGO4_ARATH,UBP33_MOUSE
AGO4_ARATH,BRE1A_ARATH
AGO4_ARATH,F4HS68_ARATH
AGO4_ARATH,NL1B4_MOUSE
AGO4_ARATH,FPRP_MOUSE
AGO4_ARATH,SIZ1_ARATH
AGO4_ARATH,PSD2A_ARATH
AGO4_ARATH,CTIP_MOUSE
AGO4_ARATH,GRIK2_MOUSE
AGO4_ARATH,AKH1_ARATH
AGO4_ARATH,PK3C3_MOUSE
AGO4_ARATH,OCRL_MOUSE
AGO4_ARATH,RNJ_ARATH
AGO4_ARATH,ACO1_ARATH
AGO4_ARATH,GLR36_ARATH
AGO4_ARATH,LONP2_ARATH
AGO4_ARATH,PTHD1_MOUSE
AGO4_ARATH,GLNE_ECOLI
AGO4_ARATH,CLPB1_ARATH
AGO4_ARATH,NEDD4_MOUSE
AGO4_ARATH,SYI_ECOLI
AGO4_ARATH,N4BP1_MOUSE
AGO4_ARATH,NSH3_ARATH
AGO4_ARATH,AHK5_ARATH
AGO4_ARATH,INP4B_MOUSE
AGO4_ARATH,CBL_MOUSE
AGO4_ARATH,ANDR_MOUSE
AGO4_ARATH,LOX2_ARATH
AGO4_ARATH,E2F7_MOUSE
AGO4_ARATH,ENPP1_MOUSE
AGO4_ARATH,IRE1B_ARATH
AGO4_ARATH,Q9R070_MOUSE
AGO4_ARATH,NFXL2_ARATH
AGO4_ARATH,SAC1_ARATH
AGO4_ARATH,WFS1_MOUSE
AGO4_ARATH,PSL5_ARATH
AGO4_ARATH,LPIN1_MOUSE
AGO4_ARATH,JMJ14_ARATH
AGO4_ARATH,Q8VY17_ARATH
AGO4_ARATH,Q9EQR4_MOUSE
AGO4_ARATH,PWP2_ARATH
AGO4_ARATH,LOX5_ARATH
AGO4_ARATH,A0A1B0GT25_MOUSE
AGO4_ARATH,LPIN2_MOUSE
AGO4_ARATH,KI18A_MOUSE
AGO4_ARATH,NPAS3_MOUSE
AGO4_ARATH,UFO_MOUSE
AGO4_ARATH,RBOHC_ARATH
AGO4_ARATH,PML_MOUSE
AGO4_ARATH,LOX6_ARATH
AGO4_ARATH,ERN2_MOUSE
AGO4_ARATH,ADHE_ECOLI
AGO4_ARATH,ARMC5_MOUSE
AGO4_ARATH,CAPP1_ARATH
AGO4_ARATH,SIK2_MOUSE
AGO4_ARATH,NFKB1_MOUSE
AGO4_ARATH,C2D1A_MOUSE
AGO4_ARATH,NAC2_MOUSE
AGO4_ARATH,Q3TAQ9_MOUSE
AGO4_ARATH,CADH4_MOUSE
AGO4_ARATH,ACTN3_MOUSE
AGO4_ARATH,Q6PGE2_MOUSE
AGO4_ARATH,DNLI4_MOUSE
AGO4_ARATH,ACOHC_MOUSE
AGO4_ARATH,AGRF1_MOUSE
AGO4_ARATH,DPHS1_ARATH
AGO4_ARATH,SYV_ECOLI
AGO4_ARATH,ILF3_MOUSE
AGO4_ARATH,PNP1_ARATH
AGO4_ARATH,HMA6_ARATH
AGO4_ARATH,TLR3_MOUSE
AGO4_ARATH,DGKZ_MOUSE
AGO4_ARATH,NRP1_MOUSE
AGO4_ARATH,Q8GY50_ARATH
ADCS_ARATH,SEUSS_ARATH
ADCS_ARATH,SULF2_MOUSE
ADCS_ARATH,CYLD_MOUSE
ADCS_ARATH,KPCD2_MOUSE
ADCS_ARATH,TOZ_ARATH
ADCS_ARATH,FTSI2_ARATH
ADCS_ARATH,GYRA_ECOLI
ADCS_ARATH,GES_ARATH
ADCS_ARATH,SYA_ECOLI
ADCS_ARATH,SRRT_MOUSE
ADCS_ARATH,CHR35_ARATH
ADCS_ARATH,EPAS1_MOUSE
ADCS_ARATH,DSC1_MOUSE
ADCS_ARATH,AGO4_ARATH
ADCS_ARATH,DRC7_MOUSE
ADCS_ARATH,LNG2_ARATH
ADCS_ARATH,PMA10_ARATH
ADCS_ARATH,ADA19_MOUSE
ADCS_ARATH,CFA69_MOUSE
ADCS_ARATH,MEIOC_MOUSE
ADCS_ARATH,MSH2_MOUSE
ADCS_ARATH,HXK2_MOUSE
ADCS_ARATH,CCD66_MOUSE
ADCS_ARATH,MIOS_MOUSE
ADCS_ARATH,HOS1_ARATH
ADCS_ARATH,UNC5D_MOUSE
ADCS_ARATH,F4I133_ARATH
ADCS_ARATH,SYNPO_MOUSE
ADCS_ARATH,APM1_ARATH
ADCS_ARATH,MYO19_MOUSE
ADCS_ARATH,CC186_MOUSE
ADCS_ARATH,PKN1_MOUSE
ADCS_ARATH,CAPP_ECOLI
ADCS_ARATH,OSBP2_MOUSE
ADCS_ARATH,AGO6_ARATH
ADCS_ARATH,HEN1_ARATH
ADCS_ARATH,RBM10_MOUSE
ADCS_ARATH,TAF3_MOUSE
ADCS_ARATH,RIGI_MOUSE
ADCS_ARATH,BC11B_MOUSE
ADCS_ARATH,FAN1_ARATH
ADCS_ARATH,EPHA5_MOUSE
ADCS_ARATH,NFAC4_MOUSE
ADCS_ARATH,GARE1_MOUSE
ADCS_ARATH,ENPP3_MOUSE
ADCS_ARATH,FPA_ARATH
ADCS_ARATH,Q3UTF9_MOUSE
ADCS_ARATH,Q3TA68_MOUSE
ADCS_ARATH,HMDH_MOUSE
ADCS_ARATH,PAXB1_MOUSE
ADCS_ARATH,SMTN_MOUSE
ADCS_ARATH,Y4391_ARATH
ADCS_ARATH,CFM3A_ARATH
ADCS_ARATH,SFSWA_MOUSE
ADCS_ARATH,RBM25_ARATH
ADCS_ARATH,PMA2_ARATH
ADCS_ARATH,Q91XX0_MOUSE
ADCS_ARATH,Q8C067_MOUSE
ADCS_ARATH,Q7TNJ5_MOUSE
ADCS_ARATH,A2AET8_MOUSE
ADCS_ARATH,FH2_ARATH
ADCS_ARATH,OPA1_MOUSE
ADCS_ARATH,WWP1_MOUSE
ADCS_ARATH,HMA8_ARATH
ADCS_ARATH,PAN3_MOUSE
ADCS_ARATH,Q99N72_MOUSE
ADCS_ARATH,Q91XY5_MOUSE
ADCS_ARATH,TNPO2_MOUSE
ADCS_ARATH,STK10_MOUSE
ADCS_ARATH,ZCCHV_MOUSE
ADCS_ARATH,ILP1_ARATH
ADCS_ARATH,MOS14_ARATH
ADCS_ARATH,XLG1_ARATH
SYCP1_ARATH,APBLA_ARATH
SYCP1_ARATH,AMPD_ARATH
SYCP1_ARATH,BGA11_ARATH
SYCP1_ARATH,PP395_ARATH
SYCP1_ARATH,V2116_MOUSE
SYCP1_ARATH,BGAL1_ARATH
SYCP1_ARATH,PLDG2_ARATH
SYCP1_ARATH,SH2D3_MOUSE
SYCP1_ARATH,HTRE_ECOLI
SYCP1_ARATH,BGA13_ARATH
SYCP1_ARATH,POLK_MOUSE
SYCP1_ARATH,CHX13_ARATH
SYCP1_ARATH,CHX21_ARATH
SYCP1_ARATH,BGAL3_ARATH
SYCP1_ARATH,F4I5A3_ARATH
SYCP1_ARATH,COG5_ARATH
SYCP1_ARATH,F4I1G1_ARATH
SYCP1_ARATH,F4JXV9_ARATH
SYCP1_ARATH,SD18_ARATH
SYCP1_ARATH,NAA15_MOUSE
SYCP1_ARATH,FUCO2_ARATH
SYCP1_ARATH,GSAP_MOUSE
SYCP1_ARATH,G3X931_MOUSE
SYCP1_ARATH,Q9FGG2_ARATH
SYCP1_ARATH,F4JNR2_ARATH
SYCP1_ARATH,PP431_ARATH
SYCP1_ARATH,COG7_ARATH
SYCP1_ARATH,PP361_ARATH
SYCP1_ARATH,MCM6_ARATH
SYCP1_ARATH,NP93A_ARATH
SYCP1_ARATH,PR40C_ARATH
SYCP1_ARATH,NU93B_ARATH
SYCP1_ARATH,KN7F_ARATH
SYCP1_ARATH,NLP6_ARATH
SYCP1_ARATH,A0A8V5KX69_MOUSE
SYCP1_ARATH,Q8BNI7_MOUSE
SYCP1_ARATH,NLP4_ARATH
SYCP1_ARATH,R13L4_ARATH
SYCP1_ARATH,PLRX2_ARATH
SYCP1_ARATH,Q9LS51_ARATH
SYCP1_ARATH,UREA_ARATH
SYCP1_ARATH,E9PX34_MOUSE
SYCP1_ARATH,Q68FM2_MOUSE
SYCP1_ARATH,POT7_ARATH
SYCP1_ARATH,SLMAP_MOUSE
SYCP1_ARATH,PHS2_ARATH
SYCP1_ARATH,SBT24_ARATH
SYCP1_ARATH,SYL_ECOLI
SYCP1_ARATH,RH29_ARATH
SYCP1_ARATH,PP272_ARATH
SYCP1_ARATH,TNI3K_MOUSE
SYCP1_ARATH,PUM6_ARATH
SYCP1_ARATH,Q0WUY5_ARATH
SYCP1_ARATH,A0A3B2WAR9_MOUSE
SYCP1_ARATH,Q9C7M2_ARATH
SYCP1_ARATH,TGFA1_MOUSE
SYCP1_ARATH,Q8VZT4_ARATH
SYCP1_ARATH,Q8L7T4_ARATH
SYCP1_ARATH,SREC2_MOUSE
SYCP1_ARATH,RQSIM_ARATH
SYCP1_ARATH,Q9LV31_ARATH
SYCP1_ARATH,DAAF5_MOUSE
SYCP1_ARATH,SPA3_ARATH
SYCP1_ARATH,CYAA_ECOLI
SYCP1_ARATH,RLP12_ARATH
SYCP1_ARATH,TOP3B_MOUSE
SYCP1_ARATH,TS1R2_MOUSE
SYCP1_ARATH,ELP2_MOUSE
SYCP1_ARATH,Q9LZ87_ARATH
SYCP1_ARATH,CCD87_MOUSE
SYCP1_ARATH,E9PW21_MOUSE
SYCP1_ARATH,GWL_MOUSE
SYCP1_ARATH,SUS5_ARATH
SYCP1_ARATH,CDHR1_MOUSE
SYCP1_ARATH,LRC8D_MOUSE
SYCP1_ARATH,RH26_ARATH
SYCP1_ARATH,YRAJ_ECOLI
SYCP1_ARATH,XYLT2_MOUSE
SYCP1_ARATH,Y5673_ARATH
SYCP1_ARATH,SEM4C_MOUSE
SYCP1_ARATH,LPIN3_MOUSE
SYCP1_ARATH,HCN2_MOUSE
SYCP1_ARATH,A0A3B2WBJ5_MOUSE
SYCP1_ARATH,ADA15_MOUSE
SYCP1_ARATH,NFM_MOUSE
SYCP1_ARATH,CBPC2_MOUSE
SYCP1_ARATH,UBP26_MOUSE
SYCP1_ARATH,CEP97_MOUSE
SYCP1_ARATH,CCSE2_MOUSE
SYCP1_ARATH,E9Q0G7_MOUSE
SYCP1_ARATH,MPP8_MOUSE
SYCP1_ARATH,PIWL4_MOUSE
SYCP1_ARATH,HNRL1_MOUSE
SYCP1_ARATH,MCM4_MOUSE
SYCP1_ARATH,MOCOS_MOUSE
SYCP1_ARATH,POLS2_MOUSE
SYCP1_ARATH,ORC1_MOUSE
SYCP1_ARATH,A0A0A6YWM0_MOUSE
SYCP1_ARATH,PYGM_MOUSE
SYCP1_ARATH,Q8BX85_MOUSE
ADHE_ECOLI,G3UWA2_MOUSE
ADHE_ECOLI,TI100_ARATH
ADHE_ECOLI,NOM1_MOUSE
ADHE_ECOLI,SMBT1_MOUSE
ADHE_ECOLI,TRPC7_MOUSE
ADHE_ECOLI,TOP1_ECOLI
ADHE_ECOLI,UBP5_MOUSE
ADHE_ECOLI,V2R26_MOUSE
ADHE_ECOLI,ST14_MOUSE
ADHE_ECOLI,SYF1_MOUSE
ADHE_ECOLI,VCL1_ARATH
ADHE_ECOLI,APC2_ARATH
ADHE_ECOLI,DYN3_MOUSE
ADHE_ECOLI,CE101_ARATH
ADHE_ECOLI,THSD1_MOUSE
ADHE_ECOLI,EPB41_MOUSE
ADHE_ECOLI,Q8BKW5_MOUSE
ADHE_ECOLI,Q501L8_MOUSE
ADHE_ECOLI,PDE6B_MOUSE
ADHE_ECOLI,DDX21_MOUSE
ADHE_ECOLI,LONP2_MOUSE
ADHE_ECOLI,PDC6I_MOUSE
ADHE_ECOLI,PDE6A_MOUSE
ADHE_ECOLI,Q8CIA7_MOUSE
ADHE_ECOLI,SD16_ARATH
ADHE_ECOLI,MVP_MOUSE
ADHE_ECOLI,ATB14_ARATH
ADHE_ECOLI,MYRIP_MOUSE
ADHE_ECOLI,S4A11_MOUSE
ADHE_ECOLI,DLG2_MOUSE
ADHE_ECOLI,ANX1_ARATH
ADHE_ECOLI,AP3D_ARATH
ADHE_ECOLI,F4J9A0_ARATH
ADHE_ECOLI,LRP12_MOUSE
ADHE_ECOLI,DNM3B_MOUSE
ADHE_ECOLI,GLGB1_ARATH
ADHE_ECOLI,EF2_MOUSE
ADHE_ECOLI,LRKS2_ARATH
ADHE_ECOLI,ARHGF_MOUSE
ADHE_ECOLI,TTF1_MOUSE
ADHE_ECOLI,CD22_MOUSE
ADHE_ECOLI,DYN2_MOUSE
ADHE_ECOLI,ANO7_MOUSE
ADHE_ECOLI,GLR14_ARATH
ADHE_ECOLI,F4JWA1_ARATH
ADHE_ECOLI,STIP1_ARATH
ADHE_ECOLI,AKAP4_MOUSE
ADHE_ECOLI,ANX2_ARATH
ADHE_ECOLI,DLG3_MOUSE
ADHE_ECOLI,ARHG7_MOUSE
ADHE_ECOLI,TORA_ECOLI
ADHE_ECOLI,HEN4_ARATH
ADHE_ECOLI,TOR1_ARATH
ADHE_ECOLI,F4IP68_ARATH
ADHE_ECOLI,AKAP3_MOUSE
ADHE_ECOLI,Q6ZPE7_MOUSE
ADHE_ECOLI,PA24F_MOUSE
ADHE_ECOLI,LOX1_ARATH
ADHE_ECOLI,EFHB_MOUSE
ADHE_ECOLI,AMPN_ECOLI
ADHE_ECOLI,Q6NQ74_ARATH
ADHE_ECOLI,TTK_MOUSE
ADHE_ECOLI,GRM6_MOUSE
ADHE_ECOLI,RABE1_MOUSE
ADHE_ECOLI,Q3UQG9_MOUSE
ADHE_ECOLI,ESPN_MOUSE
ADHE_ECOLI,PDS5C_ARATH
ADHE_ECOLI,TS1R3_MOUSE
ADHE_ECOLI,GA2L2_MOUSE
ADHE_ECOLI,SOBP_MOUSE
ADHE_ECOLI,DZIP1_MOUSE
ADHE_ECOLI,FBX41_MOUSE
ADHE_ECOLI,KSR1_MOUSE
ADHE_ECOLI,VAV2_MOUSE
ADHE_ECOLI,XLG2_ARATH
ADHE_ECOLI,DDR2_MOUSE
ADHE_ECOLI,Y1357_ARATH
ADHE_ECOLI,KCNQ3_MOUSE
ADHE_ECOLI,GCS1_ARATH
ADHE_ECOLI,Q80Z09_MOUSE
ADHE_ECOLI,Q62308_MOUSE
ADHE_ECOLI,NIRB_ECOLI
ADHE_ECOLI,AGO1_MOUSE
ADHE_ECOLI,DYN1_MOUSE
ADHE_ECOLI,COPG2_MOUSE
ADHE_ECOLI,ARMC2_MOUSE
ADHE_ECOLI,RAD4_ARATH
ADHE_ECOLI,VLDLR_MOUSE
ADHE_ECOLI,KDM1A_MOUSE
ADHE_ECOLI,TTC7A_MOUSE
ADHE_ECOLI,FTSI4_ARATH
ADHE_ECOLI,PHC2_MOUSE
ADHE_ECOLI,PIWL1_MOUSE
ADHE_ECOLI,AGO4_MOUSE
ADHE_ECOLI,ACNB_ECOLI
ADHE_ECOLI,MLXPL_MOUSE
ADHE_ECOLI,PLDG1_ARATH
ADHE_ECOLI,MUTS_ECOLI
ADHE_ECOLI,AKAP1_MOUSE
ADHE_ECOLI,PP320_ARATH
SYA_ECOLI,PYGB_MOUSE
SYA_ECOLI,F4K470_ARATH
SYA_ECOLI,RHG17_MOUSE
SYA_ECOLI,TFP11_MOUSE
SYA_ECOLI,SLIK6_MOUSE
SYA_ECOLI,EF2_ARATH
SYA_ECOLI,Q9ASZ4_ARATH
SYA_ECOLI,RN19A_MOUSE
SYA_ECOLI,MIP3_ARATH
SYA_ECOLI,MUSK_MOUSE
SYA_ECOLI,VPP1_MOUSE
SYA_ECOLI,TT9_ARATH
SYA_ECOLI,Q8GZ96_ARATH
SYA_ECOLI,CHX20_ARATH
SYA_ECOLI,RPP13_ARATH
SYA_ECOLI,TAF1C_MOUSE
SYA_ECOLI,B1AVB4_MOUSE
SYA_ECOLI,PRDM1_MOUSE
SYA_ECOLI,E2F8_MOUSE
SYA_ECOLI,MA7D1_MOUSE
SYA_ECOLI,BACH2_MOUSE
SYA_ECOLI,TELO2_MOUSE
SYA_ECOLI,STRP1_MOUSE
SYA_ECOLI,MATR3_MOUSE
SYA_ECOLI,E9Q098_MOUSE
SYA_ECOLI,MYTM2_ARATH
SYA_ECOLI,F4K704_ARATH
SYA_ECOLI,JADE1_MOUSE
SYA_ECOLI,Q8BYC8_MOUSE
SYA_ECOLI,ABCB6_MOUSE
SYA_ECOLI,PROM2_MOUSE
SYA_ECOLI,REV_ARATH
SYA_ECOLI,ATHB8_ARATH
SYA_ECOLI,GACP3_ARATH
SYA_ECOLI,B3H4G8_ARATH
SYA_ECOLI,ATBH9_ARATH
SYA_ECOLI,PCDP1_MOUSE
SYA_ECOLI,P_MOUSE
SYA_ECOLI,ATS4_MOUSE
SYA_ECOLI,RBOHB_ARATH
SYA_ECOLI,AML2_ARATH
SYA_ECOLI,SYC2L_MOUSE
SYA_ECOLI,PDE8B_MOUSE
SYA_ECOLI,MED25_ARATH
SYA_ECOLI,FSTL4_MOUSE
SYA_ECOLI,KCNN2_MOUSE
SYA_ECOLI,NCAM2_MOUSE
SYA_ECOLI,VPP4_MOUSE
SYA_ECOLI,PDE6C_MOUSE
SYA_ECOLI,MSH5_MOUSE
SYA_ECOLI,FHY3_ARATH
SYA_ECOLI,SD17_ARATH
SYA_ECOLI,I17RA_MOUSE
SYA_ECOLI,MYTM1_ARATH
SYA_ECOLI,AXIN2_MOUSE
SYA_ECOLI,PRIC2_MOUSE
SYA_ECOLI,WAPL2_ARATH
SYA_ECOLI,BRO1_ARATH
SYA_ECOLI,ADAM9_MOUSE
SYA_ECOLI,PDE4A_MOUSE
SYA_ECOLI,HECD3_MOUSE
SYA_ECOLI,Q9JHF5_MOUSE
SYA_ECOLI,POSTN_MOUSE
SYA_ECOLI,EZA1_ARATH
SYA_ECOLI,ELP2_ARATH
SYA_ECOLI,MCM8_MOUSE
SYA_ECOLI,Y1133_ARATH
SYA_ECOLI,VAV_MOUSE
SYA_ECOLI,Q6PFZ1_MOUSE
SYA_ECOLI,IRE1A_ARATH
SYA_ECOLI,APBA1_MOUSE
SYA_ECOLI,LDL1_ARATH
SYA_ECOLI,JMJ27_ARATH
SYA_ECOLI,SIK1_ARATH
SYA_ECOLI,BIODA_ARATH
SYA_ECOLI,ANC2_MOUSE
SYA_ECOLI,C2D1B_MOUSE
SYA_ECOLI,GRM2_MOUSE
SYA_ECOLI,RP6L2_ARATH
SYA_ECOLI,PHLD_MOUSE
SYA_ECOLI,NLGN2_MOUSE
SYA_ECOLI,XLG3_ARATH
SYA_ECOLI,TGBR3_MOUSE
SYA_ECOLI,GRIK1_MOUSE
SYA_ECOLI,AGO2_MOUSE
SYA_ECOLI,CFA58_MOUSE
SYA_ECOLI,CMT3_ARATH
SYA_ECOLI,CASL_MOUSE
SYA_ECOLI,SEM4D_MOUSE
SYA_ECOLI,AHR_MOUSE
SYA_ECOLI,TRPV1_MOUSE
SYA_ECOLI,NLGN1_MOUSE
SYA_ECOLI,VPP2_MOUSE
SYA_ECOLI,PYGL_MOUSE
SYA_ECOLI,CLOCK_MOUSE
SYA_ECOLI,VAV3_MOUSE
SYA_ECOLI,AGO3_MOUSE
SYA_ECOLI,VPS41_MOUSE
SYA_ECOLI,PLDD1_ARATH
SYA_ECOLI,Q91W06_MOUSE
POT7_ARATH,BGAL7_ARATH
POT7_ARATH,GORK_ARATH
POT7_ARATH,CHX15_ARATH
POT7_ARATH,DRP5A_ARATH
POT7_ARATH,CHX6A_ARATH
POT7_ARATH,F4I448_ARATH
POT7_ARATH,AGD1_ARATH
POT7_ARATH,DRL29_ARATH
POT7_ARATH,ENPP2_MOUSE
POT7_ARATH,F4JQ75_ARATH
POT7_ARATH,AVIL_MOUSE
POT7_ARATH,IBR3_ARATH
POT7_ARATH,SECAA_ARATH
POT7_ARATH,POLL2_ARATH
POT7_ARATH,OSC41_ARATH
POT7_ARATH,F4JTD2_ARATH
POT7_ARATH,F4JU14_ARATH
POT7_ARATH,NRIF1_MOUSE
POT7_ARATH,POP1_ARATH
POT7_ARATH,POT12_ARATH
POT7_ARATH,SIDT1_MOUSE
POT7_ARATH,PP163_ARATH
POT7_ARATH,JIP2_MOUSE
POT7_ARATH,Q8BZ42_MOUSE
POT7_ARATH,AMPO_MOUSE
POT7_ARATH,E9Q8B6_MOUSE
POT7_ARATH,HDG5_ARATH
POT7_ARATH,Q8VZP7_ARATH
POT7_ARATH,YEHB_ECOLI
POT7_ARATH,SEOA_ARATH
POT7_ARATH,RGAP6_ARATH
POT7_ARATH,SD113_ARATH
POT7_ARATH,CDC27_MOUSE
POT7_ARATH,F171B_MOUSE
POT7_ARATH,SULF1_MOUSE
POT7_ARATH,M4K2_MOUSE
POT7_ARATH,NUP93_MOUSE
POT7_ARATH,GASP2_MOUSE
POT7_ARATH,HERK_ARATH
POT7_ARATH,TMPS7_MOUSE
POT7_ARATH,ARMC9_MOUSE
POT7_ARATH,MED16_MOUSE
POT7_ARATH,PA24D_MOUSE
POT7_ARATH,RNZ2_MOUSE
POT7_ARATH,Q0KHD2_MOUSE
POT7_ARATH,Q6ZQD9_MOUSE
POT7_ARATH,NRIF2_MOUSE
POT7_ARATH,DI3L2_MOUSE
POT7_ARATH,AGRE5_MOUSE
POT7_ARATH,NOC3_ARATH
POT7_ARATH,MYSM1_MOUSE
POT7_ARATH,VPS53_MOUSE
POT7_ARATH,UBP16_MOUSE
POT7_ARATH,THO5B_ARATH
POT7_ARATH,CAD16_MOUSE
POT7_ARATH,TRIM9_MOUSE
POT7_ARATH,AP1G1_MOUSE
POT7_ARATH,PLDA3_ARATH
POT7_ARATH,PP246_ARATH
POT7_ARATH,HSP7P_ARATH
POT7_ARATH,SDP1_ARATH
POT7_ARATH,B1AVB1_MOUSE
POT7_ARATH,SEM4B_MOUSE
POT7_ARATH,FYB1_MOUSE
POT7_ARATH,SCAR1_ARATH
POT7_ARATH,F6XXE6_MOUSE
POT7_ARATH,BRAT1_MOUSE
POT7_ARATH,CDP1_ARATH
POT7_ARATH,RECE_ECOLI
POT7_ARATH,CADH3_MOUSE
POT7_ARATH,VPS16_MOUSE
POT7_ARATH,BCAR3_MOUSE
POT7_ARATH,Q99PH7_MOUSE
POT7_ARATH,FGFR2_MOUSE
POT7_ARATH,ODFP2_MOUSE
POT7_ARATH,SL9A3_MOUSE
POT7_ARATH,HSP7O_ARATH
POT7_ARATH,SECAB_ARATH
POT7_ARATH,EFR3A_MOUSE
POT7_ARATH,EFR3B_MOUSE
POT7_ARATH,PTPRA_MOUSE
POT7_ARATH,B1AVB2_MOUSE
POT7_ARATH,STAT6_MOUSE
POT7_ARATH,VHAA1_ARATH
POT7_ARATH,ADA23_MOUSE
POT7_ARATH,F4JZI4_ARATH
POT7_ARATH,PDS5D_ARATH
POT7_ARATH,VP53A_ARATH
POT7_ARATH,TM63B_MOUSE
POT7_ARATH,CLCN5_MOUSE
POT7_ARATH,ADAM3_MOUSE
POT7_ARATH,ENPL_ARATH
POT7_ARATH,M4K1_MOUSE
POT7_ARATH,NAPA_ECOLI
POT7_ARATH,KIFC3_MOUSE
POT7_ARATH,Q8CFX5_MOUSE
POT7_ARATH,DOT2_ARATH
POT7_ARATH,THE1_ARATH
POT7_ARATH,ELFN1_MOUSE
POT7_ARATH,MCM6_MOUSE
ACNB_ECOLI,NLGN3_MOUSE
ACNB_ECOLI,RHDF2_MOUSE
ACNB_ECOLI,TTLL8_MOUSE
ACNB_ECOLI,FES_MOUSE
ACNB_ECOLI,NSMA3_MOUSE
ACNB_ECOLI,CRNS1_MOUSE
ACNB_ECOLI,CSF3R_MOUSE
ACNB_ECOLI,SHRM1_MOUSE
ACNB_ECOLI,DDX20_MOUSE
ACNB_ECOLI,PP199_ARATH
ACNB_ECOLI,FAR1_ARATH
ACNB_ECOLI,IFT88_MOUSE
ACNB_ECOLI,PRIC1_MOUSE
ACNB_ECOLI,CAD17_MOUSE
ACNB_ECOLI,PPR29_MOUSE
ACNB_ECOLI,F4JT30_ARATH
ACNB_ECOLI,AGD3_ARATH
ACNB_ECOLI,KDM1B_MOUSE
ACNB_ECOLI,PQT3_ARATH
ACNB_ECOLI,AMPD2_MOUSE
ACNB_ECOLI,ADA17_MOUSE
ACNB_ECOLI,SIDT2_MOUSE
ACNB_ECOLI,IASPP_MOUSE
ACNB_ECOLI,KAT2A_MOUSE
ACNB_ECOLI,P2C32_ARATH
ACNB_ECOLI,FGFR1_MOUSE
ACNB_ECOLI,Q6NXL5_MOUSE
ACNB_ECOLI,VILI_MOUSE
ACNB_ECOLI,FER_MOUSE
ACNB_ECOLI,SOX6_MOUSE
ACNB_ECOLI,CLPB_ECOLI
ACNB_ECOLI,NTRK3_MOUSE
ACNB_ECOLI,Q9JL12_MOUSE
ACNB_ECOLI,COPA_ECOLI
ACNB_ECOLI,SORT_MOUSE
ACNB_ECOLI,ELN_MOUSE
ACNB_ECOLI,PP154_ARATH
ACNB_ECOLI,ARFB_ARATH
ACNB_ECOLI,AKT1_ARATH
ACNB_ECOLI,WWP2_MOUSE
ACNB_ECOLI,DISC1_MOUSE
ACNB_ECOLI,RHG42_MOUSE
ACNB_ECOLI,TTLL6_MOUSE
ACNB_ECOLI,AXIN1_MOUSE
ACNB_ECOLI,PMI1_ARATH
ACNB_ECOLI,KS6A5_MOUSE
ACNB_ECOLI,ADAM8_MOUSE
ACNB_ECOLI,HIF1A_MOUSE
ACNB_ECOLI,TIF1B_MOUSE
ACNB_ECOLI,LDLR_MOUSE
ACNB_ECOLI,F4IB69_ARATH
ACNB_ECOLI,SLIK4_MOUSE
ACNB_ECOLI,UPL5_ARATH
ACNB_ECOLI,NLRP6_MOUSE
ACNB_ECOLI,ZHX2_MOUSE
ACNB_ECOLI,LRP1A_ARATH
ACNB_ECOLI,ATG9A_MOUSE
ACNB_ECOLI,ABR_MOUSE
ACNB_ECOLI,F4ILG6_ARATH
ACNB_ECOLI,PIAL1_ARATH
ACNB_ECOLI,MCPH1_MOUSE
ACNB_ECOLI,PPR45_ARATH
ACNB_ECOLI,SKOR_ARATH
ACNB_ECOLI,Q9FIX7_ARATH
ACNB_ECOLI,PRDM9_MOUSE
ACNB_ECOLI,PP370_ARATH
ACNB_ECOLI,A2ADA6_MOUSE
ACNB_ECOLI,Y5613_ARATH
ACNB_ECOLI,SYCP2_ARATH
ACNB_ECOLI,SYCP1_ARATH
ACNB_ECOLI,BC11A_MOUSE
ACNB_ECOLI,LIRB3_MOUSE
ACNB_ECOLI,HS105_MOUSE
ACNB_ECOLI,JADE2_MOUSE
ACNB_ECOLI,OPGH_ECOLI
ACNB_ECOLI,OXR1_MOUSE
ACNB_ECOLI,KANK2_MOUSE
ACNB_ECOLI,KCNB1_MOUSE
ACNB_ECOLI,PBPB_ECOLI
ACNB_ECOLI,Q3UH98_MOUSE
ACNB_ECOLI,EXO1_MOUSE
ACNB_ECOLI,SEBP2_MOUSE
ACNB_ECOLI,CDC5L_ARATH
ACNB_ECOLI,PBPA_ECOLI
ACNB_ECOLI,MCM4_ARATH
ACNB_ECOLI,UBE3A_MOUSE
ACNB_ECOLI,TLR4_MOUSE
ACNB_ECOLI,PMS2_MOUSE
ACNB_ECOLI,D3YYY8_MOUSE
ACNB_ECOLI,TRPV4_MOUSE
ACNB_ECOLI,MALT1_MOUSE
ACNB_ECOLI,LIN41_MOUSE
ACNB_ECOLI,NCBP1_ARATH
ACNB_ECOLI,AREL1_MOUSE
ACNB_ECOLI,KTN83_ARATH
ACNB_ECOLI,NYAP1_MOUSE
ACNB_ECOLI,ITCH_MOUSE
ACNB_ECOLI,GPAT1_MOUSE
ACNB_ECOLI,SNX25_MOUSE
ACNB_ECOLI,Q8K4A2_MOUSE
SYCP2_ARATH,F4K7F5_ARATH
SYCP2_ARATH,ACCR3_ARATH
SYCP2_ARATH,E9QK34_MOUSE
SYCP2_ARATH,TGM1_MOUSE
SYCP2_ARATH,DRL43_ARATH
SYCP2_ARATH,SD11_ARATH
SYCP2_ARATH,KCTD3_MOUSE
SYCP2_ARATH,Q5DTV6_MOUSE
SYCP2_ARATH,FADE_ECOLI
SYCP2_ARATH,CD48D_ARATH
SYCP2_ARATH,PI3K_ARATH
SYCP2_ARATH,CMTA6_ARATH
SYCP2_ARATH,PP250_ARATH
SYCP2_ARATH,NTRK2_MOUSE
SYCP2_ARATH,PCN_ARATH
SYCP2_ARATH,EMAL1_MOUSE
SYCP2_ARATH,PI5K9_ARATH
SYCP2_ARATH,NPAS2_MOUSE
SYCP2_ARATH,DMSA_ECOLI
SYCP2_ARATH,RIR1_ARATH
SYCP2_ARATH,PPR77_ARATH
SYCP2_ARATH,TAXB1_MOUSE
SYCP2_ARATH,BICD2_MOUSE
SYCP2_ARATH,RHG44_MOUSE
SYCP2_ARATH,Q9M2F2_ARATH
SYCP2_ARATH,TC753_ARATH
SYCP2_ARATH,CHX17_ARATH
SYCP2_ARATH,MAA3_ARATH
SYCP2_ARATH,EPS8_MOUSE
SYCP2_ARATH,SLK2_ARATH
SYCP2_ARATH,SL9A1_MOUSE
SYCP2_ARATH,AK1H_ECOLI
SYCP2_ARATH,FAS1_ARATH
SYCP2_ARATH,MOCOS_ARATH
SYCP2_ARATH,SL9A2_MOUSE
SYCP2_ARATH,CLCN3_MOUSE
SYCP2_ARATH,F4K645_ARATH
SYCP2_ARATH,TPC1_MOUSE
SYCP2_ARATH,POMT2_MOUSE
SYCP2_ARATH,PHSG_ECOLI
SYCP2_ARATH,HELLS_MOUSE
SYCP2_ARATH,OTU7B_MOUSE
SYCP2_ARATH,SD25_ARATH
SYCP2_ARATH,P4R3A_MOUSE
SYCP2_ARATH,CAN3_MOUSE
SYCP2_ARATH,GRDP1_ARATH
SYCP2_ARATH,KTU_MOUSE
SYCP2_ARATH,CHX23_ARATH
SYCP2_ARATH,CTR1_ARATH
SYCP2_ARATH,S39AA_MOUSE
SYCP2_ARATH,LRGUK_MOUSE
SYCP2_ARATH,P4R3B_MOUSE
SYCP2_ARATH,E0CXE0_MOUSE
SYCP2_ARATH,NEB2_MOUSE
SYCP2_ARATH,TAF4B_MOUSE
SYCP2_ARATH,PDE5A_MOUSE
SYCP2_ARATH,BICD1_MOUSE
SYCP2_ARATH,NELL2_MOUSE
SYCP2_ARATH,ATMIN_MOUSE
SYCP2_ARATH,HMA1_ARATH
SYCP2_ARATH,ATX7_MOUSE
SYCP2_ARATH,SREC_MOUSE
SYCP2_ARATH,JMJ18_ARATH
SYCP2_ARATH,TPS6_ARATH
SYCP2_ARATH,KTN84_ARATH
SYCP2_ARATH,PDE8A_MOUSE
SYCP2_ARATH,UBP29_MOUSE
SYCP2_ARATH,PP124_ARATH
SYCP2_ARATH,RLP18_ARATH
SYCP2_ARATH,SLIK2_MOUSE
SYCP2_ARATH,ABLM1_MOUSE
SYCP2_ARATH,LZTR1_MOUSE
SYCP2_ARATH,Q8VEH2_MOUSE
SYCP2_ARATH,A2AN61_MOUSE
SYCP2_ARATH,VHAA2_ARATH
SYCP2_ARATH,VHAA3_ARATH
OPGH_ECOLI,CHX16_ARATH
OPGH_ECOLI,Y5393_ARATH
OPGH_ECOLI,TMC6_MOUSE
OPGH_ECOLI,C3H24_ARATH
OPGH_ECOLI,FTSH3_ARATH
OPGH_ECOLI,SUS1_ARATH
OPGH_ECOLI,DRL30_ARATH
OPGH_ECOLI,A0A0A6YW27_MOUSE
OPGH_ECOLI,CHX18_ARATH
OPGH_ECOLI,FCHO2_MOUSE
OPGH_ECOLI,SUS4_ARATH
OPGH_ECOLI,Q80ZK2_MOUSE
OPGH_ECOLI,POLL1_ARATH
OPGH_ECOLI,FTSH9_ARATH
OPGH_ECOLI,BCAP_MOUSE
OPGH_ECOLI,DRP3A_ARATH
OPGH_ECOLI,METE3_ARATH
OPGH_ECOLI,Y5392_ARATH
OPGH_ECOLI,YNFF_ECOLI
OPGH_ECOLI,AK2H_ECOLI
OPGH_ECOLI,FTSHA_ARATH
OPGH_ECOLI,Q3UQY8_MOUSE
OPGH_ECOLI,YNFE_ECOLI
OPGH_ECOLI,ORC1A_ARATH
OPGH_ECOLI,Q8GZA1_ARATH
OPGH_ECOLI,OSC18_ARATH
OPGH_ECOLI,Q8L601_ARATH
OPGH_ECOLI,SPON1_MOUSE
OPGH_ECOLI,A0A0A6YXT1_MOUSE
OPGH_ECOLI,Q8BS92_MOUSE
OPGH_ECOLI,SUS3_ARATH
OPGH_ECOLI,Y3293_ARATH
OPGH_ECOLI,F4IFG2_ARATH
OPGH_ECOLI,GRE2_ECOLI
OPGH_ECOLI,PERM1_MOUSE
OPGH_ECOLI,RLP48_ARATH
OPGH_ECOLI,PLDA1_ARATH
OPGH_ECOLI,TORZ_ECOLI
OPGH_ECOLI,ARP21_MOUSE
OPGH_ECOLI,Q6NXW8_MOUSE
OPGH_ECOLI,IGDC3_MOUSE
OPGH_ECOLI,DRL42_ARATH
OPGH_ECOLI,SHTAP_MOUSE
OPGH_ECOLI,LRC41_MOUSE
OPGH_ECOLI,CAN7_MOUSE
OPGH_ECOLI,UBP45_MOUSE
OPGH_ECOLI,WEB1_ARATH
OPGH_ECOLI,ITB7_MOUSE
OPGH_ECOLI,GRAP1_MOUSE
OPGH_ECOLI,MCM3_MOUSE
OPGH_ECOLI,CD48A_ARATH
OPGH_ECOLI,NOC3L_MOUSE
OPGH_ECOLI,GLR11_ARATH
OPGH_ECOLI,HDG1_ARATH
OPGH_ECOLI,F4JJ15_ARATH
OPGH_ECOLI,PLSB_ECOLI
OPGH_ECOLI,Q61408_MOUSE
OPGH_ECOLI,Q9M1Q0_ARATH
OPGH_ECOLI,PHO13_ARATH
OPGH_ECOLI,PLPL9_MOUSE
OPGH_ECOLI,RNR_ECOLI
OPGH_ECOLI,BAMA_ECOLI
OPGH_ECOLI,SCYL1_MOUSE
OPGH_ECOLI,HPS6_MOUSE
OPGH_ECOLI,E9PUM5_MOUSE
OPGH_ECOLI,ACE2_MOUSE
OPGH_ECOLI,JMJ15_ARATH
OPGH_ECOLI,ARFH_ARATH
OPGH_ECOLI,NAGLU_ARATH
OPGH_ECOLI,MK07_MOUSE
OPGH_ECOLI,PPR32_ARATH
OPGH_ECOLI,TERA_MOUSE
OPGH_ECOLI,AP5Z1_MOUSE
OPGH_ECOLI,UNK_MOUSE
OPGH_ECOLI,RLP52_ARATH
OPGH_ECOLI,PLCD4_MOUSE
OPGH_ECOLI,Q91YX7_MOUSE
OPGH_ECOLI,DGDG1_ARATH
OPGH_ECOLI,CTSRD_MOUSE
OPGH_ECOLI,DNAI4_MOUSE
OPGH_ECOLI,SD129_ARATH
OPGH_ECOLI,SGIP1_MOUSE
OPGH_ECOLI,MSH5_ARATH
OPGH_ECOLI,SCC12_ARATH
OPGH_ECOLI,ORC1B_ARATH
OPGH_ECOLI,KAT2B_MOUSE
OPGH_ECOLI,PLMN_MOUSE
OPGH_ECOLI,PCFS4_ARATH
OPGH_ECOLI,NUP88_ARATH
OPGH_ECOLI,GLGB2_ARATH
OPGH_ECOLI,IL4RA_MOUSE
OPGH_ECOLI,HRPB_ECOLI
OPGH_ECOLI,SUS2_ARATH
OPGH_ECOLI,PGAA_ECOLI
OPGH_ECOLI,LRC8A_MOUSE
OPGH_ECOLI,FTSHB_ARATH
OPGH_ECOLI,TMPS6_MOUSE
OPGH_ECOLI,NLP5_ARATH
MOG_ECOLI,ALT3_ARATH
MOG_ECOLI,F4I7W2_ARATH
MOG_ECOLI,APT5_ARATH
MOG_ECOLI,ALT1_ARATH
MOG_ECOLI,APT2_ARATH
MOG_ECOLI,ATP23_ARATH
MOG_ECOLI,PXMP2_MOUSE
MOG_ECOLI,ATP4_ARATH
MOG_ECOLI,FGF4_MOUSE
MOG_ECOLI,CFIS2_ARATH
MOG_ECOLI,ATL45_ARATH
MOG_ECOLI,RMA2_ARATH
MOG_ECOLI,CFL1_ARATH
MOG_ECOLI,DUF4_ARATH
MOG_ECOLI,HINT3_ARATH
MOG_ECOLI,BH120_ARATH
MOG_ECOLI,CCMF2_ARATH
MOG_ECOLI,F4I5B8_ARATH
MOG_ECOLI,CML42_ARATH
MOG_ECOLI,CML46_ARATH
MOG_ECOLI,COBL5_ARATH
MOG_ECOLI,CP20A_ARATH
MOG_ECOLI,HSP22_ARATH
MOG_ECOLI,CSPLD_ARATH
MOG_ECOLI,CSPLO_ARATH
MOG_ECOLI,DOF31_ARATH
MOG_ECOLI,CSPLQ_ARATH
MOG_ECOLI,CSPLM_ARATH
MOG_ECOLI,MED30_ARATH
MOG_ECOLI,CSPLN_ARATH
MOG_ECOLI,LSD1_ARATH
MOG_ECOLI,YC20L_ARATH
MOG_ECOLI,DOF17_ARATH
MOG_ECOLI,ERF81_ARATH
MOG_ECOLI,ERF38_ARATH
MOG_ECOLI,CVIF1_ARATH
MOG_ECOLI,VQ22_ARATH
MOG_ECOLI,CAIE_ECOLI
MOG_ECOLI,ERF27_ARATH
MOG_ECOLI,F4KBT8_ARATH
MOG_ECOLI,HPCL1_MOUSE
MOG_ECOLI,RIMJ_ECOLI
MOG_ECOLI,F4IFU5_ARATH
MOG_ECOLI,F4IE99_ARATH
MOG_ECOLI,CSPLX_ARATH
MOG_ECOLI,DMP7_ARATH
MOG_ECOLI,F4IDD2_ARATH
MOG_ECOLI,GCT23_ARATH
MOG_ECOLI,F4IWU7_ARATH
MOG_ECOLI,F4K5T6_ARATH
MOG_ECOLI,GAT17_ARATH
MOG_ECOLI,CML10_ARATH
MOG_ECOLI,F4KAG5_ARATH
MOG_ECOLI,IMP2_ARATH
MOG_ECOLI,GAT14_ARATH
MOG_ECOLI,HDT4_ARATH
MOG_ECOLI,HR2_ARATH
MOG_ECOLI,LEA47_ARATH
MOG_ECOLI,HIP18_ARATH
MOG_ECOLI,KRP7_ARATH
MOG_ECOLI,HR1_ARATH
MOG_ECOLI,LTG16_ARATH
MOG_ECOLI,CSRP1_MOUSE
MOG_ECOLI,IFNE_MOUSE
MOG_ECOLI,MAK3_ARATH
MOG_ECOLI,MSRB2_ARATH
MOG_ECOLI,YOHD_ECOLI
MOG_ECOLI,LSH4_ARATH
MOG_ECOLI,Q9FWQ7_ARATH
MOG_ECOLI,HMGYA_ARATH
MOG_ECOLI,MD10B_ARATH
MOG_ECOLI,MED31_ARATH
MOG_ECOLI,TSPO_ARATH
MOG_ECOLI,NIC2_ARATH
MOG_ECOLI,MSRA3_ARATH
MOG_ECOLI,MSRB1_ARATH
MOG_ECOLI,NIC3_ARATH
MOG_ECOLI,PMEI9_ARATH
MOG_ECOLI,PSB3A_ARATH
MOG_ECOLI,CSN8_ARATH
MOG_ECOLI,NFYA7_ARATH
MOG_ECOLI,OFP10_ARATH
MOG_ECOLI,OPF17_ARATH
MOG_ECOLI,O23504_ARATH
MOG_ECOLI,NFYC6_ARATH
MOG_ECOLI,INSL6_MOUSE
MOG_ECOLI,WLI2A_ARATH
MOG_ECOLI,PB27B_ARATH
MOG_ECOLI,PMI11_ARATH
MOG_ECOLI,NLAL1_ARATH
MOG_ECOLI,PMEI4_ARATH
MOG_ECOLI,Q84JS5_ARATH
MOG_ECOLI,PMEI3_ARATH
MOG_ECOLI,WIN1_ARATH
MOG_ECOLI,PSB3B_ARATH
MOG_ECOLI,PANS2_ARATH
MOG_ECOLI,RAF2A_ARATH
MOG_ECOLI,O80489_ARATH
MOG_ECOLI,PPOX2_ARATH
MOG_ECOLI,PR1F2_ARATH
SLMA_ECOLI,APK3_ARATH
SLMA_ECOLI,Q9M9U3_ARATH
SLMA_ECOLI,CBSX3_ARATH
SLMA_ECOLI,R13A3_ARATH
SLMA_ECOLI,GAT20_ARATH
SLMA_ECOLI,AGL71_ARATH
SLMA_ECOLI,RK122_ARATH
SLMA_ECOLI,A8MR59_ARATH
SLMA_ECOLI,ATHBX_ARATH
SLMA_ECOLI,PCR8_ARATH
SLMA_ECOLI,DRE2D_ARATH
SLMA_ECOLI,FKB13_ARATH
SLMA_ECOLI,Q8GW24_ARATH
SLMA_ECOLI,Q1PDM1_ARATH
SLMA_ECOLI,PSB2A_ARATH
SLMA_ECOLI,RS72_ARATH
SLMA_ECOLI,Q5XEN4_ARATH
SLMA_ECOLI,EVGA_ECOLI
SLMA_ECOLI,GL31_ARATH
SLMA_ECOLI,Q8LDM8_ARATH
SLMA_ECOLI,MTLR_ECOLI
SLMA_ECOLI,Q94BY7_ARATH
SLMA_ECOLI,Q9SSC0_ARATH
SLMA_ECOLI,Q2V359_ARATH
SLMA_ECOLI,PRX2F_ARATH
SLMA_ECOLI,Q8GS41_ARATH
SLMA_ECOLI,Q5Q0H6_ARATH
SLMA_ECOLI,PAAY_ECOLI
SLMA_ECOLI,Q38921_ARATH
SLMA_ECOLI,RTNLM_ARATH
SLMA_ECOLI,NFYC2_ARATH
SLMA_ECOLI,Q9C8D7_ARATH
SLMA_ECOLI,Q9FF62_ARATH
SLMA_ECOLI,YRAH_ECOLI
SLMA_ECOLI,RSXG_ECOLI
SLMA_ECOLI,Q9FGQ1_ARATH
SLMA_ECOLI,Q9FFX5_ARATH
SLMA_ECOLI,Q9SKM4_ARATH
SLMA_ECOLI,RIC5_ARATH
SLMA_ECOLI,Q9CA70_ARATH
SLMA_ECOLI,RR20_ARATH
SLMA_ECOLI,Q9LP48_ARATH
SLMA_ECOLI,Q9LVA3_ARATH
SLMA_ECOLI,Q9SLI4_ARATH
SLMA_ECOLI,Q9SNB5_ARATH
SLMA_ECOLI,Q9XIS1_ARATH
SLMA_ECOLI,RBCX2_ARATH
SLMA_ECOLI,RAC2_ARATH
SLMA_ECOLI,Q9M0P7_ARATH
SLMA_ECOLI,RD522_ARATH
SLMA_ECOLI,DSP5_ARATH
SLMA_ECOLI,RK121_ARATH
SLMA_ECOLI,RK24_ARATH
SLMA_ECOLI,RL133_ARATH
SLMA_ECOLI,SAP3_MOUSE
SLMA_ECOLI,RAD2B_ARATH
SLMA_ECOLI,S406_ARATH
SLMA_ECOLI,TBP1_ARATH
SLMA_ECOLI,RR6_ARATH
SLMA_ECOLI,RER1A_ARATH
SLMA_ECOLI,SHN3_ARATH
SLMA_ECOLI,RK27_ARATH
SLMA_ECOLI,RS92_ARATH
SLMA_ECOLI,YKT61_ARATH
SLMA_ECOLI,RK9_ARATH
SLMA_ECOLI,UHPA_ECOLI
SLMA_ECOLI,RL132_ARATH
SLMA_ECOLI,YADM_ECOLI
SLMA_ECOLI,RR9_ARATH
SLMA_ECOLI,RR10_ARATH
SLMA_ECOLI,RR4_ARATH
SLMA_ECOLI,TMM17_MOUSE
SLMA_ECOLI,RS52_ARATH
SLMA_ECOLI,RZ22A_ARATH
SLMA_ECOLI,SHN2_ARATH
SLMA_ECOLI,VUP2_ARATH
SLMA_ECOLI,TRL32_ARATH
SLMA_ECOLI,SAR1A_ARATH
SLMA_ECOLI,TBP2_ARATH
SLMA_ECOLI,SINE3_ARATH
SLMA_ECOLI,TI202_ARATH
SLMA_ECOLI,WLI2B_ARATH
SLMA_ECOLI,EFPL_ECOLI
SLMA_ECOLI,TRXO1_ARATH
SLMA_ECOLI,WLIM1_ARATH
SLMA_ECOLI,YKT62_ARATH
SLMA_ECOLI,RL13A_MOUSE
SLMA_ECOLI,GRPE_ECOLI
SLMA_ECOLI,UBIJ_ECOLI
SLMA_ECOLI,VITH3_ARATH
SLMA_ECOLI,ACPH_ECOLI
SLMA_ECOLI,BDCR_ECOLI
SLMA_ECOLI,ACPT_ECOLI
SLMA_ECOLI,DDPX_ECOLI
SLMA_ECOLI,TEHB_ECOLI
SLMA_ECOLI,CTF1_MOUSE
SLMA_ECOLI,ARFRP_MOUSE
SLMA_ECOLI,CCMA_ECOLI
SLMA_ECOLI,NAPC_ECOLI
SLMA_ECOLI,COAE_ECOLI
RNH2_ECOLI,CBRC_ECOLI
RNH2_ECOLI,OSMY_ECOLI
RNH2_ECOLI,DGOA_ECOLI
RNH2_ECOLI,ENTD_ECOLI
RNH2_ECOLI,EAMB_ECOLI
RNH2_ECOLI,PTH_ECOLI
RNH2_ECOLI,YBJG_ECOLI
RNH2_ECOLI,FIC_ECOLI
RNH2_ECOLI,YOHC_ECOLI
RNH2_ECOLI,GCVR_ECOLI
RNH2_ECOLI,HIS2_ECOLI
RNH2_ECOLI,YADN_ECOLI
RNH2_ECOLI,RSMG_ECOLI
RNH2_ECOLI,TED7_ARATH
RNH2_ECOLI,DMSD_ECOLI
RNH2_ECOLI,RSMD_ECOLI
RNH2_ECOLI,PIMT_ECOLI
RNH2_ECOLI,TORD_ECOLI
RNH2_ECOLI,HDED_ECOLI
RNH2_ECOLI,YHGN_ECOLI
RNH2_ECOLI,PLSY_ECOLI
RNH2_ECOLI,HIS5_ECOLI
RNH2_ECOLI,NTPPB_ECOLI
RNH2_ECOLI,NEMR_ECOLI
RNH2_ECOLI,VES_ECOLI
RNH2_ECOLI,TMG2_MOUSE
RNH2_ECOLI,WBBJ_ECOLI
RNH2_ECOLI,YCAC_ECOLI
RNH2_ECOLI,RHTC_ECOLI
RNH2_ECOLI,HYAD_ECOLI
RNH2_ECOLI,NUDL_ECOLI
RNH2_ECOLI,YAGU_ECOLI
RNH2_ECOLI,TTDB_ECOLI
RNH2_ECOLI,RCLC_ECOLI
RNH2_ECOLI,YCIO_ECOLI
RNH2_ECOLI,YAHD_ECOLI
RNH2_ECOLI,YADS_ECOLI
RNH2_ECOLI,YFGM_ECOLI
RNH2_ECOLI,YCAK_ECOLI
RNH2_ECOLI,KDPC_ECOLI
RNH2_ECOLI,RM40_MOUSE
RNH2_ECOLI,ARL4D_MOUSE
RNH2_ECOLI,YDJM_ECOLI
RNH2_ECOLI,GKN3_MOUSE
RNH2_ECOLI,LCN5_MOUSE
RNH2_ECOLI,E9PYQ6_MOUSE
RNH2_ECOLI,YGFB_ECOLI
RNH2_ECOLI,A0A1L1SQM2_MOUSE
RNH2_ECOLI,Q31205_MOUSE
RNH2_ECOLI,YNCG_ECOLI
RNH2_ECOLI,A0A1W6AWH1_MOUSE
RNH2_ECOLI,YICG_ECOLI
RNH2_ECOLI,YNJF_ECOLI
RNH2_ECOLI,YHHN_ECOLI
RNH2_ECOLI,C209E_MOUSE
RNH2_ECOLI,YIBF_ECOLI
RNH2_ECOLI,YQIA_ECOLI
RNH2_ECOLI,YNBA_ECOLI
RNH2_ECOLI,BTF3_MOUSE
RNH2_ECOLI,YJAG_ECOLI
RNH2_ECOLI,H60C_MOUSE
RNH2_ECOLI,PGRC1_MOUSE
RNH2_ECOLI,A0A1W2P819_MOUSE
RNH2_ECOLI,ARL4A_MOUSE
RNH2_ECOLI,BLVRB_MOUSE
RNH2_ECOLI,FIME_ECOLI
RNH2_ECOLI,DCTN6_MOUSE
RNH2_ECOLI,CRIP3_MOUSE
RNH2_ECOLI,CD70_MOUSE
RNH2_ECOLI,IFNA6_MOUSE
RNH2_ECOLI,DIAA_ECOLI
RNH2_ECOLI,SPRNG_MOUSE
RNH2_ECOLI,HPCA_MOUSE
RNH2_ECOLI,COMD9_MOUSE
RNH2_ECOLI,D3Z5D4_MOUSE
RNH2_ECOLI,DESI2_MOUSE
RNH2_ECOLI,DS13B_MOUSE
RNH2_ECOLI,F6V4V3_MOUSE
RNH2_ECOLI,GSC2_MOUSE
RNH2_ECOLI,HPCL4_MOUSE
RNH2_ECOLI,RL151_ARATH
RNH2_ECOLI,MIC26_MOUSE
RNH2_ECOLI,ZNRD2_MOUSE
RNH2_ECOLI,PMF1_MOUSE
RNH2_ECOLI,HEBP2_MOUSE
RNH2_ECOLI,Q8CB89_MOUSE
RNH2_ECOLI,IFNL3_MOUSE
RNH2_ECOLI,NKAI4_MOUSE
RNH2_ECOLI,L7MUF5_MOUSE
RNH2_ECOLI,IFNA9_MOUSE
RNH2_ECOLI,IPP2_MOUSE
RNH2_ECOLI,MED22_MOUSE
RNH2_ECOLI,SPA24_MOUSE
RNH2_ECOLI,MED29_MOUSE
RNH2_ECOLI,Q91VG6_MOUSE
RNH2_ECOLI,RAB18_MOUSE
RNH2_ECOLI,Q9LMY8_ARATH
RNH2_ECOLI,Q31098_MOUSE
RNH2_ECOLI,ASF1A_ARATH
RNH2_ECOLI,MOC2B_MOUSE
PRDX2_MOUSE,Q9ZPQ7_ARATH
PRDX2_MOUSE,Q3UY88_MOUSE
PRDX2_MOUSE,Q67DU8_MOUSE
PRDX2_MOUSE,RNH2_ECOLI
PRDX2_MOUSE,Q8CHZ4_MOUSE
PRDX2_MOUSE,MOG_ECOLI
PRDX2_MOUSE,Q9C9A5_ARATH
PRDX2_MOUSE,NKAI2_MOUSE
PRDX2_MOUSE,NC2A_MOUSE
PRDX2_MOUSE,O08827_MOUSE
PRDX2_MOUSE,RER1B_ARATH
PRDX2_MOUSE,SDC2_MOUSE
PRDX2_MOUSE,PAXX_MOUSE
PRDX2_MOUSE,NKAI1_MOUSE
PRDX2_MOUSE,Q70LN0_MOUSE
PRDX2_MOUSE,Q9D4Y3_MOUSE
PRDX2_MOUSE,AR6P1_MOUSE
PRDX2_MOUSE,RHOG_MOUSE
PRDX2_MOUSE,PMVK_MOUSE
PRDX2_MOUSE,RAB1B_MOUSE
PRDX2_MOUSE,OOSP1_MOUSE
PRDX2_MOUSE,MUTE_ARATH
PRDX2_MOUSE,Q9EPC4_MOUSE
PRDX2_MOUSE,RASM_MOUSE
PRDX2_MOUSE,RAB9B_MOUSE
PRDX2_MOUSE,UB2E1_MOUSE
PRDX2_MOUSE,TSN13_MOUSE
PRDX2_MOUSE,MAD3_MOUSE
PRDX2_MOUSE,Q9D6C3_MOUSE
PRDX2_MOUSE,SNAT_MOUSE
PRDX2_MOUSE,RGS4_MOUSE
PRDX2_MOUSE,WASC3_MOUSE
PRDX2_MOUSE,SRTD3_MOUSE
PRDX2_MOUSE,UB2E3_MOUSE
PRDX2_MOUSE,GUC1A_MOUSE
PRDX2_MOUSE,PXG4_ARATH
PRDX2_MOUSE,TEX35_MOUSE
PRDX2_MOUSE,TLDC2_MOUSE
PRDX2_MOUSE,T126A_MOUSE
PRDX2_MOUSE,PDCB1_ARATH
PRDX2_MOUSE,RHTB_ECOLI
PRDX2_MOUSE,T4S1_MOUSE
PRDX2_MOUSE,VMA12_MOUSE
PRDX2_MOUSE,UBE2K_MOUSE
PRDX2_MOUSE,DMP1_ARATH
PRDX2_MOUSE,TNR22_MOUSE
PRDX2_MOUSE,TIMP1_MOUSE
PRDX2_MOUSE,TX261_MOUSE
PRDX2_MOUSE,BTUR_ECOLI
PRDX2_MOUSE,BAP1_ARATH
PRDX2_MOUSE,SAR1B_MOUSE
PRDX2_MOUSE,Q3TML4_MOUSE
PRDX2_MOUSE,EMTA_ECOLI
PRDX2_MOUSE,Q9SFU7_ARATH
PRDX2_MOUSE,PPIA_ECOLI
PRDX2_MOUSE,RAB35_MOUSE
PRDX2_MOUSE,H10_MOUSE
PRDX2_MOUSE,NFD2_ARATH
PRDX2_MOUSE,LBD12_ARATH
PRDX2_MOUSE,PG12A_MOUSE
PRDX2_MOUSE,PDCB2_ARATH
PRDX2_MOUSE,FCF1_MOUSE
PRDX2_MOUSE,PSPC_MOUSE
PRDX2_MOUSE,RAC1_ARATH
PRDX2_MOUSE,NRK1_MOUSE
PRDX2_MOUSE,XERO2_ARATH
PRDX2_MOUSE,ASF1A_MOUSE
PRDX2_MOUSE,NCS1_MOUSE
PRDX2_MOUSE,YGIM_ECOLI
PRDX2_MOUSE,MA6D1_MOUSE
PRDX2_MOUSE,ICMTB_ARATH
PRDX2_MOUSE,RPB5A_ARATH
PRDX2_MOUSE,DNJ20_ARATH
PRDX2_MOUSE,HEBP1_MOUSE
PRDX2_MOUSE,RAG3E_ARATH
PRDX2_MOUSE,PSB2_MOUSE
PRDX2_MOUSE,TFIP8_MOUSE
PRDX2_MOUSE,YADK_ECOLI
PRDX2_MOUSE,TO203_ARATH
PRDX2_MOUSE,SSBP_ARATH
PRDX2_MOUSE,Q8LFK2_ARATH
PRDX2_MOUSE,JGL_ARATH
PRDX2_MOUSE,GRP23_ARATH
PRDX2_MOUSE,A0A0N4SWC0_MOUSE
PRDX2_MOUSE,SAR1B_ARATH
PRDX2_MOUSE,CRBA1_MOUSE
PRDX2_MOUSE,MBD1_ARATH
PRDX2_MOUSE,RSXB_ECOLI
PRDX2_MOUSE,RAD2A_ARATH
PRDX2_MOUSE,CD69_MOUSE
PRDX2_MOUSE,PSAD2_ARATH
PRDX2_MOUSE,ICOS_MOUSE
PRDX2_MOUSE,DSP4_ARATH
PRDX2_MOUSE,PTPM1_MOUSE
PRDX2_MOUSE,F4ILY0_ARATH
PRDX2_MOUSE,RNF4_MOUSE
PRDX2_MOUSE,G0XYH3_MOUSE
PRDX2_MOUSE,LPTC_ECOLI
PRDX2_MOUSE,RSXA_ECOLI
PRDX2_MOUSE,RHOH_MOUSE
IFT88_MOUSE,F4ICG2_ARATH
IFT88_MOUSE,AUG5_ARATH
IFT88_MOUSE,PUB44_ARATH
IFT88_MOUSE,ARID3_ARATH
IFT88_MOUSE,F4HQ30_ARATH
IFT88_MOUSE,AVP2_ARATH
IFT88_MOUSE,Q0WQM3_ARATH
IFT88_MOUSE,BXL6_ARATH
IFT88_MOUSE,CHX19_ARATH
IFT88_MOUSE,FTSH7_ARATH
IFT88_MOUSE,DHX15_MOUSE
IFT88_MOUSE,CMT1_ARATH
IFT88_MOUSE,F4IIZ3_ARATH
IFT88_MOUSE,A0A3Q4EI01_MOUSE
IFT88_MOUSE,ISOA1_ARATH
IFT88_MOUSE,EIF3B_MOUSE
IFT88_MOUSE,GRIP_ARATH
IFT88_MOUSE,SPA4_ARATH
IFT88_MOUSE,HS906_ARATH
IFT88_MOUSE,IQD32_ARATH
IFT88_MOUSE,YDDB_ECOLI
IFT88_MOUSE,SSY2_ARATH
IFT88_MOUSE,D3YUP5_MOUSE
IFT88_MOUSE,PATH2_ARATH
IFT88_MOUSE,Q9M1S4_ARATH
IFT88_MOUSE,Q6NKR6_ARATH
IFT88_MOUSE,TLR1_MOUSE
IFT88_MOUSE,PAPS2_ARATH
IFT88_MOUSE,SDP1L_ARATH
IFT88_MOUSE,VP35A_ARATH
IFT88_MOUSE,ADA28_MOUSE
IFT88_MOUSE,TOC90_ARATH
IFT88_MOUSE,Q99PH6_MOUSE
IFT88_MOUSE,YBBP_ECOLI
IFT88_MOUSE,AP1G2_MOUSE
IFT88_MOUSE,A0A0N4SUJ3_MOUSE
IFT88_MOUSE,ICAL_MOUSE
IFT88_MOUSE,Q8CB45_MOUSE
IFT88_MOUSE,A0PJT6_MOUSE
IFT88_MOUSE,Q8BNS7_MOUSE
IFT88_MOUSE,ATRIP_MOUSE
IFT88_MOUSE,ARFD_ARATH
IFT88_MOUSE,MGT5B_MOUSE
IFT88_MOUSE,ADM1A_MOUSE
IFT88_MOUSE,ARHGJ_MOUSE
IFT88_MOUSE,CSDE1_MOUSE
IFT88_MOUSE,EXOC6_MOUSE
IFT88_MOUSE,GP156_MOUSE
IFT88_MOUSE,IMPG1_MOUSE
IFT88_MOUSE,LRC8E_MOUSE
IFT88_MOUSE,TP4AP_MOUSE
IFT88_MOUSE,KIF3C_MOUSE
IFT88_MOUSE,NCBP1_MOUSE
IFT88_MOUSE,Q8C8Z3_MOUSE
IFT88_MOUSE,NOP2_MOUSE
IFT88_MOUSE,P5CS_MOUSE
IFT88_MOUSE,PFKAP_MOUSE
IFT88_MOUSE,BSU1_ARATH
IFT88_MOUSE,PDE10_MOUSE
IFT88_MOUSE,Q3V222_MOUSE
IFT88_MOUSE,RBNS5_MOUSE
IFT88_MOUSE,Q91XZ8_MOUSE
IFT88_MOUSE,S45A4_MOUSE
IFT88_MOUSE,STRN3_MOUSE
IFT88_MOUSE,RIPK4_MOUSE
IFT88_MOUSE,Q3KNZ1_MOUSE
IFT88_MOUSE,Q6IFT3_MOUSE
IFT88_MOUSE,Q925L0_MOUSE
IFT88_MOUSE,ASY3_ARATH
IFT88_MOUSE,TM63C_MOUSE
IFT88_MOUSE,Q9M2K5_ARATH
IFT88_MOUSE,TLR2_MOUSE
IFT88_MOUSE,Q8C924_MOUSE
IFT88_MOUSE,TRPV3_MOUSE
IFT88_MOUSE,SC6A5_MOUSE
IFT88_MOUSE,RNF43_MOUSE
IFT88_MOUSE,STA5A_MOUSE
IFT88_MOUSE,DHU1_ARATH
IFT88_MOUSE,Q91Y07_MOUSE
IFT88_MOUSE,MAG2_ARATH
IFT88_MOUSE,Q9JIA0_MOUSE
IFT88_MOUSE,RFS5_ARATH
IFT88_MOUSE,Q8C1D4_MOUSE
IFT88_MOUSE,TTL13_MOUSE
IFT88_MOUSE,MYLK3_MOUSE
IFT88_MOUSE,UBP1_MOUSE
IFT88_MOUSE,WHAMM_MOUSE
IFT88_MOUSE,WDR24_MOUSE
IFT88_MOUSE,MAG2L_ARATH
IFT88_MOUSE,GRDP2_ARATH
IFT88_MOUSE,SLIP_MOUSE
IFT88_MOUSE,RSBN1_MOUSE
IFT88_MOUSE,NRG2_ARATH
IFT88_MOUSE,TAF5_MOUSE
IFT88_MOUSE,CAD10_MOUSE
IFT88_MOUSE,POT5_ARATH
IFT88_MOUSE,KN14D_ARATH
IFT88_MOUSE,MARK1_MOUSE
IFT88_MOUSE,LRFN2_MOUSE
IFT88_MOUSE,RLP30_ARATH
FQR1_ARATH,A0JQ78_ARATH
FQR1_ARATH,GL33_ARATH
FQR1_ARATH,AGL72_ARATH
FQR1_ARATH,ALC_ARATH
FQR1_ARATH,DMP3_ARATH
FQR1_ARATH,AGP18_ARATH
FQR1_ARATH,SDH31_ARATH
FQR1_ARATH,ATS3_ARATH
FQR1_ARATH,GAT19_ARATH
FQR1_ARATH,CML36_ARATH
FQR1_ARATH,F4IFY5_ARATH
FQR1_ARATH,CHR41_ARATH
FQR1_ARATH,CNBL8_ARATH
FQR1_ARATH,TM235_MOUSE
FQR1_ARATH,CSPL2_ARATH
FQR1_ARATH,ZFP11_ARATH
FQR1_ARATH,RB22A_MOUSE
FQR1_ARATH,CSPLF_ARATH
FQR1_ARATH,DMP6_ARATH
FQR1_ARATH,PAM68_ARATH
FQR1_ARATH,CNBL9_ARATH
FQR1_ARATH,ALKH_ECOLI
FQR1_ARATH,KTI1_ARATH
FQR1_ARATH,STR10_ARATH
FQR1_ARATH,DOF16_ARATH
FQR1_ARATH,SUP_ARATH
FQR1_ARATH,RAA2B_ARATH
FQR1_ARATH,F4K3Y1_ARATH
FQR1_ARATH,MDA2_ARATH
FQR1_ARATH,HR3_ARATH
FQR1_ARATH,MOS11_ARATH
FQR1_ARATH,RISA_ECOLI
FQR1_ARATH,O81309_ARATH
FQR1_ARATH,NHL1_ARATH
FQR1_ARATH,PLI2C_ARATH
FQR1_ARATH,IPYR1_ARATH
FQR1_ARATH,PRA1E_ARATH
FQR1_ARATH,PR1A1_ARATH
FQR1_ARATH,P24D4_ARATH
FQR1_ARATH,FGF20_MOUSE
FQR1_ARATH,AKIP1_MOUSE
FQR1_ARATH,PNSB5_ARATH
FQR1_ARATH,PR1A2_ARATH
FQR1_ARATH,PR1A3_ARATH
FQR1_ARATH,PR1B1_ARATH
FQR1_ARATH,Q9SV23_ARATH
FQR1_ARATH,LIN7C_MOUSE
FQR1_ARATH,Q7XJ58_ARATH
FQR1_ARATH,Q80UG3_MOUSE
FQR1_ARATH,Q6NL13_ARATH
FQR1_ARATH,TI223_ARATH
FQR1_ARATH,ENGB_ECOLI
FQR1_ARATH,PR1B2_ARATH
FQR1_ARATH,Q9FLM0_ARATH
FQR1_ARATH,RT19_ARATH
FQR1_ARATH,PYL7_ARATH
FQR1_ARATH,RAB1C_ARATH
FQR1_ARATH,RLF_ARATH
FQR1_ARATH,TNFL4_MOUSE
FQR1_ARATH,RAC9_ARATH
FQR1_ARATH,PRDX5_MOUSE
FQR1_ARATH,RIC6_ARATH
FQR1_ARATH,KLRB1_MOUSE
FQR1_ARATH,YCF54_ARATH
FQR1_ARATH,Q9T0A6_ARATH
FQR1_ARATH,RS82_ARATH
FQR1_ARATH,HFLD_ECOLI
FQR1_ARATH,OMPW_ECOLI
FQR1_ARATH,SDH32_ARATH
FQR1_ARATH,RAB1B_ARATH
FQR1_ARATH,RAC7_ARATH
FQR1_ARATH,TI205_ARATH
FQR1_ARATH,CD8B_MOUSE
FQR1_ARATH,Y5010_ARATH
FQR1_ARATH,ARGO_ECOLI
FQR1_ARATH,HEMK2_MOUSE
FQR1_ARATH,PGPC_ECOLI
FQR1_ARATH,YFCF_ECOLI
FQR1_ARATH,LEUE_ECOLI
FQR1_ARATH,TM2D1_MOUSE
FQR1_ARATH,MGMT_MOUSE
FQR1_ARATH,O3L5_ARATH
FQR1_ARATH,PUR3_ECOLI
FQR1_ARATH,Q8BSS2_MOUSE
FQR1_ARATH,PNCA_ECOLI
FQR1_ARATH,YJDF_ECOLI
FQR1_ARATH,YQIJ_ECOLI
FQR1_ARATH,CD7_MOUSE
FQR1_ARATH,A0A1L1SUL4_MOUSE
FQR1_ARATH,BORG1_MOUSE
FQR1_ARATH,YTFB_ECOLI
FQR1_ARATH,CLD13_MOUSE
FQR1_ARATH,Q8VHZ3_MOUSE
FQR1_ARATH,E9QAJ6_MOUSE
FQR1_ARATH,Q9WVJ8_MOUSE
FQR1_ARATH,A0A0A6YX38_MOUSE
FQR1_ARATH,DMP4_ARATH
FQR1_ARATH,L7N477_MOUSE
FQR1_ARATH,A2ACP9_MOUSE
FQR1_ARATH,F2Z3X7_MOUSE
RL4_ECOLI,RGS1_MOUSE
RL4_ECOLI,RABD1_ARATH
RL4_ECOLI,Q7TS58_MOUSE
RL4_ECOLI,GSTP2_MOUSE
RL4_ECOLI,D3Z6V5_MOUSE
RL4_ECOLI,MAD4_MOUSE
RL4_ECOLI,RAB38_MOUSE
RL4_ECOLI,RGS17_MOUSE
RL4_ECOLI,KCMB4_MOUSE
RL4_ECOLI,THIE_ECOLI
RL4_ECOLI,RAB43_MOUSE
RL4_ECOLI,MUSC_MOUSE
RL4_ECOLI,SARNP_MOUSE
RL4_ECOLI,TIMP3_MOUSE
RL4_ECOLI,TIM23_MOUSE
RL4_ECOLI,TAGL3_MOUSE
RL4_ECOLI,CFA20_MOUSE
RL4_ECOLI,TAF11_MOUSE
RL4_ECOLI,Q3V452_MOUSE
RL4_ECOLI,Q8R037_MOUSE
RL4_ECOLI,MLAC_ECOLI
RL4_ECOLI,Q9JME4_MOUSE
RL4_ECOLI,CF418_MOUSE
RL4_ECOLI,RPAB1_MOUSE
RL4_ECOLI,FQR1_ARATH
RL4_ECOLI,F6ZAW1_MOUSE
RL4_ECOLI,SNP23_MOUSE
RL4_ECOLI,DOLP_ECOLI
RL4_ECOLI,VEXIN_MOUSE
RL4_ECOLI,PYM1_ARATH
RL4_ECOLI,TM247_MOUSE
RL4_ECOLI,WFDC1_MOUSE
RL4_ECOLI,CBLN3_MOUSE
RL4_ECOLI,PIST_ARATH
RL4_ECOLI,VISL1_MOUSE
RL4_ECOLI,MED18_MOUSE
RL4_ECOLI,CRPM4_ARATH
RL4_ECOLI,NUD13_ARATH
RL4_ECOLI,LOLA_ECOLI
RL4_ECOLI,RABF1_ARATH
RL4_ECOLI,NUDT8_MOUSE
RL4_ECOLI,RSZ22_ARATH
RL4_ECOLI,PXL2B_MOUSE
RL4_ECOLI,PSB3_MOUSE
RL4_ECOLI,VEGFB_MOUSE
RL4_ECOLI,CXXC4_MOUSE
RL4_ECOLI,HMGB3_MOUSE
RL4_ECOLI,CLD7_MOUSE
RL4_ECOLI,MSX3_MOUSE
RL4_ECOLI,LPTE_ECOLI
RL4_ECOLI,BAG2_MOUSE
RL4_ECOLI,PFD3_MOUSE
RL4_ECOLI,SOSB2_MOUSE
RL4_ECOLI,RL19_MOUSE
RL4_ECOLI,AP3S1_MOUSE
RL4_ECOLI,DI197_ARATH
RL4_ECOLI,Q9FM29_ARATH
RL4_ECOLI,CAR5_ARATH
RL4_ECOLI,CASP2_ARATH
RL4_ECOLI,CASP1_ARATH
RL4_ECOLI,CASP4_ARATH
RL4_ECOLI,HMGB2_MOUSE
RL4_ECOLI,CLD1_MOUSE
RL4_ECOLI,LEUD_ECOLI
RL4_ECOLI,VUP1_ARATH
RL4_ECOLI,SAR1A_MOUSE
RL4_ECOLI,HR4_ARATH
RL4_ECOLI,FGF6_MOUSE
RL4_ECOLI,RL15_MOUSE
RL4_ECOLI,AGL12_ARATH
RL4_ECOLI,PANS1_ARATH
RL4_ECOLI,F7CSZ6_MOUSE
RL4_ECOLI,LIF_MOUSE
RL4_ECOLI,Q9M9Y6_ARATH
RL4_ECOLI,RL9_MOUSE
RL4_ECOLI,FGF21_MOUSE
RL4_ECOLI,AP3S2_MOUSE
RL4_ECOLI,CBX5_MOUSE
RL4_ECOLI,LIN7B_MOUSE
RL4_ECOLI,PSAD1_ARATH
RL4_ECOLI,LTG14_ARATH
RL4_ECOLI,CLD11_MOUSE
RL4_ECOLI,CRADD_MOUSE
RL4_ECOLI,FKBB_ECOLI
RL4_ECOLI,Y14_ARATH
RL4_ECOLI,CRBA2_MOUSE
RL4_ECOLI,PHNH_ECOLI
RL4_ECOLI,R13A2_ARATH
RL4_ECOLI,CSF3_MOUSE
RL4_ECOLI,HDGR3_MOUSE
RL4_ECOLI,NTAQ1_MOUSE
RL4_ECOLI,Q2TJI0_MOUSE
RL4_ECOLI,CXE1_MOUSE
RL4_ECOLI,Q8R505_MOUSE
RL4_ECOLI,PYL4_ARATH
RL4_ECOLI,NRSN2_MOUSE
RL4_ECOLI,JOS1_MOUSE
RL4_ECOLI,NRSN1_MOUSE
RL4_ECOLI,F4JD96_ARATH
RL4_ECOLI,CBLN4_MOUSE
LON_ECOLI,MCT13_ARATH
LON_ECOLI,SBT11_ARATH
LON_ECOLI,AB2G_ARATH
LON_ECOLI,PHEX_MOUSE
LON_ECOLI,APRR6_ARATH
LON_ECOLI,AT18F_ARATH
LON_ECOLI,CCR4F_ARATH
LON_ECOLI,CLCB_ARATH
LON_ECOLI,CSLB5_ARATH
LON_ECOLI,B3H501_ARATH
LON_ECOLI,PI5K2_ARATH
LON_ECOLI,BARS1_ARATH
LON_ECOLI,BXL1_ARATH
LON_ECOLI,BXL3_ARATH
LON_ECOLI,DRP3B_ARATH
LON_ECOLI,PKHM3_MOUSE
LON_ECOLI,FAO3_ARATH
LON_ECOLI,Q93ZS6_ARATH
LON_ECOLI,CHLD_ARATH
LON_ECOLI,EX84C_ARATH
LON_ECOLI,COG2_ARATH
LON_ECOLI,F4IMB5_ARATH
LON_ECOLI,CLCC_ARATH
LON_ECOLI,LCBK1_ARATH
LON_ECOLI,F4JN11_ARATH
LON_ECOLI,PHOX2_ARATH
LON_ECOLI,F4K465_ARATH
LON_ECOLI,CNGC8_ARATH
LON_ECOLI,LRX3_ARATH
LON_ECOLI,DDR4_ARATH
LON_ECOLI,EMIL3_MOUSE
LON_ECOLI,LUP2_ARATH
LON_ECOLI,F4INK3_ARATH
LON_ECOLI,PI5K4_ARATH
LON_ECOLI,ISOA3_ARATH
LON_ECOLI,FRO7_ARATH
LON_ECOLI,MYOB4_ARATH
LON_ECOLI,HMA3B_ARATH
LON_ECOLI,SRF3_ARATH
LON_ECOLI,KOJP_ECOLI
LON_ECOLI,M3K20_MOUSE
LON_ECOLI,LUP4_ARATH
LON_ECOLI,LAS1_ARATH
LON_ECOLI,Q9FRR2_ARATH
LON_ECOLI,IF4G1_ARATH
LON_ECOLI,NHX8_ARATH
LON_ECOLI,NLP3_ARATH
LON_ECOLI,KN14M_ARATH
LON_ECOLI,NAI2_ARATH
LON_ECOLI,FIGN_MOUSE
LON_ECOLI,KS6A4_MOUSE
LON_ECOLI,MCM3_ARATH
LON_ECOLI,METL1_ARATH
LON_ECOLI,PEK10_ARATH
LON_ECOLI,SEM4F_MOUSE
LON_ECOLI,PEN5_ARATH
LON_ECOLI,SBT35_ARATH
LON_ECOLI,PHOX1_ARATH
LON_ECOLI,PP378_ARATH
LON_ECOLI,PP143_ARATH
LON_ECOLI,YDEP_ECOLI
LON_ECOLI,PP133_ARATH
LON_ECOLI,SBT16_ARATH
LON_ECOLI,PP190_ARATH
LON_ECOLI,WAKLI_ARATH
LON_ECOLI,UTP25_MOUSE
LON_ECOLI,PP222_ARATH
LON_ECOLI,SYTL5_MOUSE
LON_ECOLI,SBT31_ARATH
LON_ECOLI,PP228_ARATH
LON_ECOLI,PSAA_ARATH
LON_ECOLI,PP281_ARATH
LON_ECOLI,NFRB_ECOLI
LON_ECOLI,ADAM5_MOUSE
LON_ECOLI,PP345_ARATH
LON_ECOLI,SBT38_ARATH
LON_ECOLI,L7N480_MOUSE
LON_ECOLI,GPDL3_ARATH
LON_ECOLI,SBT3I_ARATH
LON_ECOLI,Q6P8K4_MOUSE
LON_ECOLI,SDN3_ARATH
LON_ECOLI,RH50_ARATH
LON_ECOLI,SYQ_MOUSE
LON_ECOLI,VAL2_ARATH
LON_ECOLI,SBT54_ARATH
LON_ECOLI,XPB2_ARATH
LON_ECOLI,UT14B_MOUSE
LON_ECOLI,S7A14_MOUSE
LON_ECOLI,SBT33_ARATH
LON_ECOLI,XPB1_ARATH
LON_ECOLI,PFLB_ECOLI
LON_ECOLI,YCAI_ECOLI
LON_ECOLI,Q1PE30_ARATH
LON_ECOLI,MEP1A_MOUSE
LON_ECOLI,YBHJ_ECOLI
LON_ECOLI,PDEI_ECOLI
LON_ECOLI,BCSB_ECOLI
LON_ECOLI,PT1P_ECOLI
LON_ECOLI,Q9D4I1_MOUSE
LON_ECOLI,YEHM_ECOLI
RS4_ECOLI,A8MRU4_ARATH
RS4_ECOLI,ERD2B_ARATH
RS4_ECOLI,CYB6_ARATH
RS4_ECOLI,ATB40_ARATH
RS4_ECOLI,PYL6_ARATH
RS4_ECOLI,Q9SN24_ARATH
RS4_ECOLI,R10A1_ARATH
RS4_ECOLI,Q8L7D8_ARATH
RS4_ECOLI,Q9LZW0_ARATH
RS4_ECOLI,LOLB_ECOLI
RS4_ECOLI,Q9C9J8_ARATH
RS4_ECOLI,F4JIF9_ARATH
RS4_ECOLI,R10A2_ARATH
RS4_ECOLI,TL16_ARATH
RS4_ECOLI,Q3UK07_MOUSE
RS4_ECOLI,RAA1C_ARATH
RS4_ECOLI,OSTF1_MOUSE
RS4_ECOLI,RBFA_ARATH
RS4_ECOLI,GLRX2_ECOLI
RS4_ECOLI,DRE1C_ARATH
RS4_ECOLI,GLO22_ECOLI
RS4_ECOLI,YHID_ECOLI
RS4_ECOLI,ATOA_ECOLI
RS4_ECOLI,Q9WVJ7_MOUSE
RS4_ECOLI,NARP_ECOLI
RS4_ECOLI,LOG4_ARATH
RS4_ECOLI,YCEH_ECOLI
RS4_ECOLI,RAF2B_ARATH
RS4_ECOLI,CABP7_MOUSE
RS4_ECOLI,RAB25_MOUSE
RS4_ECOLI,CPTP_MOUSE
RS4_ECOLI,SOMA_MOUSE
RS4_ECOLI,YCHE_ECOLI
RS4_ECOLI,CSK2B_MOUSE
RS4_ECOLI,PPIB_MOUSE
RS4_ECOLI,L7N216_MOUSE
RS4_ECOLI,NICN1_MOUSE
RS4_ECOLI,RHOB_MOUSE
RS4_ECOLI,PITH1_MOUSE
RS4_ECOLI,PPIC_MOUSE
RS4_ECOLI,CYOC_ECOLI
RS4_ECOLI,Q8C352_MOUSE
RS4_ECOLI,PDC10_MOUSE
RS4_ECOLI,IPYR3_ARATH
RS4_ECOLI,Q8BTD1_MOUSE
RS4_ECOLI,SOCS1_MOUSE
RS4_ECOLI,PXMP4_MOUSE
RS4_ECOLI,IPYR5_ARATH
RS4_ECOLI,Q14AA6_MOUSE
RS4_ECOLI,Q4TU90_MOUSE
RS4_ECOLI,Q9D1E1_MOUSE
RS4_ECOLI,SXY_ECOLI
RS4_ECOLI,RAH1C_ARATH
RS4_ECOLI,ERD21_MOUSE
RS4_ECOLI,SSPN_MOUSE
RS4_ECOLI,S4R2K5_MOUSE
RS4_ECOLI,Q9D3W2_MOUSE
RS4_ECOLI,NHL26_ARATH
RS4_ECOLI,Q52K81_ARATH
RS4_ECOLI,LPOB_ECOLI
RS4_ECOLI,PR1B6_ARATH
RS4_ECOLI,ATG10_MOUSE
RS4_ECOLI,ERD2A_ARATH
RS4_ECOLI,MS4A3_MOUSE
RS4_ECOLI,NADD_ECOLI
RS4_ECOLI,IAA19_ARATH
RS4_ECOLI,ECSCR_MOUSE
RS4_ECOLI,MD2L1_MOUSE
RS4_ECOLI,IPYR4_ARATH
RS4_ECOLI,CLXN_MOUSE
RS4_ECOLI,URK_ECOLI
RS4_ECOLI,RL191_ARATH
RS4_ECOLI,KTI4_ARATH
RS4_ECOLI,RUTR_ECOLI
RS4_ECOLI,RCAS1_MOUSE
RS4_ECOLI,G0XYF5_MOUSE
RS4_ECOLI,MSRA_ECOLI
RS4_ECOLI,SOCS2_MOUSE
RS4_ECOLI,RAE1C_ARATH
RS4_ECOLI,MSPD1_MOUSE
RS4_ECOLI,MAAI_MOUSE
RS4_ECOLI,SC22B_MOUSE
RS4_ECOLI,GOSR2_MOUSE
RS4_ECOLI,G0XYF9_MOUSE
RS4_ECOLI,GCT21_ARATH
RS4_ECOLI,GDIR1_MOUSE
RS4_ECOLI,CABP2_MOUSE
RS4_ECOLI,RS5_MOUSE
RS4_ECOLI,NFYB7_ARATH
RS4_ECOLI,LOG1_ARATH
RS4_ECOLI,F4JK28_ARATH
RS4_ECOLI,RL10_MOUSE
RS4_ECOLI,LOG2_ARATH
RS4_ECOLI,MED20_MOUSE
RS4_ECOLI,HEVL_ARATH
RS4_ECOLI,HA19_MOUSE
RS4_ECOLI,RAA1D_ARATH
RS4_ECOLI,LOG8_ARATH
RS4_ECOLI,B7ZMQ5_MOUSE
RS4_ECOLI,NARL_ECOLI
WAKLJ_ARATH,AB16G_ARATH
WAKLJ_ARATH,CPT1A_MOUSE
WAKLJ_ARATH,BGA10_ARATH
WAKLJ_ARATH,CNGC9_ARATH
WAKLJ_ARATH,EXO1_ARATH
WAKLJ_ARATH,AB1G_ARATH
WAKLJ_ARATH,AB20G_ARATH
WAKLJ_ARATH,BGAL5_ARATH
WAKLJ_ARATH,FRO6_ARATH
WAKLJ_ARATH,ACS_ARATH
WAKLJ_ARATH,EDA40_ARATH
WAKLJ_ARATH,CRFC_ECOLI
WAKLJ_ARATH,F4HSS5_ARATH
WAKLJ_ARATH,CHADL_MOUSE
WAKLJ_ARATH,AMPD1_MOUSE
WAKLJ_ARATH,F4K7E3_ARATH
WAKLJ_ARATH,F4J4E8_ARATH
WAKLJ_ARATH,FDM4_ARATH
WAKLJ_ARATH,Q0WVR3_ARATH
WAKLJ_ARATH,PP156_ARATH
WAKLJ_ARATH,CLCN4_MOUSE
WAKLJ_ARATH,CPSF2_MOUSE
WAKLJ_ARATH,Q93ZA8_ARATH
WAKLJ_ARATH,LPAH1_ARATH
WAKLJ_ARATH,MCCA_ARATH
WAKLJ_ARATH,S39A6_MOUSE
WAKLJ_ARATH,MSL9_ARATH
WAKLJ_ARATH,NCER3_ARATH
WAKLJ_ARATH,UBP21_ARATH
WAKLJ_ARATH,OPT3_ARATH
WAKLJ_ARATH,PUM23_ARATH
WAKLJ_ARATH,SEOB_ARATH
WAKLJ_ARATH,OEP80_ARATH
WAKLJ_ARATH,DACT2_MOUSE
WAKLJ_ARATH,OPT8_ARATH
WAKLJ_ARATH,PP175_ARATH
WAKLJ_ARATH,PPR21_ARATH
WAKLJ_ARATH,PAPS4_ARATH
WAKLJ_ARATH,SBT4C_ARATH
WAKLJ_ARATH,PPR47_ARATH
WAKLJ_ARATH,SBT19_ARATH
WAKLJ_ARATH,SRF2_ARATH
WAKLJ_ARATH,LRFN1_MOUSE
WAKLJ_ARATH,Q66JP4_MOUSE
WAKLJ_ARATH,PSAB_ARATH
WAKLJ_ARATH,YBIO_ECOLI
WAKLJ_ARATH,YDBD_ECOLI
WAKLJ_ARATH,SUVR1_ARATH
WAKLJ_ARATH,S45A1_MOUSE
WAKLJ_ARATH,EXOC3_MOUSE
WAKLJ_ARATH,ACE3_MOUSE
WAKLJ_ARATH,ADA32_MOUSE
WAKLJ_ARATH,ACON_MOUSE
WAKLJ_ARATH,D19L1_MOUSE
WAKLJ_ARATH,ARMD4_MOUSE
WAKLJ_ARATH,ADAM7_MOUSE
WAKLJ_ARATH,SEM3G_MOUSE
WAKLJ_ARATH,CCHCR_MOUSE
WAKLJ_ARATH,D19L2_MOUSE
WAKLJ_ARATH,Q923T6_MOUSE
WAKLJ_ARATH,COL12_MOUSE
WAKLJ_ARATH,BARD1_MOUSE
WAKLJ_ARATH,CMIP_MOUSE
WAKLJ_ARATH,XDHA_ECOLI
WAKLJ_ARATH,K1C9_MOUSE
WAKLJ_ARATH,LRIF1_MOUSE
WAKLJ_ARATH,S26A5_MOUSE
WAKLJ_ARATH,PARC_ECOLI
WAKLJ_ARATH,AUG6_ARATH
WAKLJ_ARATH,CCPG1_MOUSE
WAKLJ_ARATH,ISLR2_MOUSE
WAKLJ_ARATH,SGSM3_MOUSE
WAKLJ_ARATH,TLE3_MOUSE
WAKLJ_ARATH,LOXL4_MOUSE
WAKLJ_ARATH,CNO10_MOUSE
WAKLJ_ARATH,LUP1_ARATH
WAKLJ_ARATH,SC23B_MOUSE
WAKLJ_ARATH,E9Q3A7_MOUSE
WAKLJ_ARATH,ITB2L_MOUSE
WAKLJ_ARATH,ECEL1_MOUSE
WAKLJ_ARATH,IWS1_MOUSE
WAKLJ_ARATH,FGD3_MOUSE
WAKLJ_ARATH,NIBA2_MOUSE
WAKLJ_ARATH,PPM1E_MOUSE
WAKLJ_ARATH,RN19B_MOUSE
WAKLJ_ARATH,VAC14_MOUSE
WAKLJ_ARATH,NRG2_MOUSE
WAKLJ_ARATH,MARK4_MOUSE
WAKLJ_ARATH,P52K_MOUSE
WAKLJ_ARATH,NPGR2_ARATH
WAKLJ_ARATH,PAPOA_MOUSE
WAKLJ_ARATH,CIROZ_MOUSE
WAKLJ_ARATH,RSXC_ECOLI
WAKLJ_ARATH,Q8CE10_MOUSE
WAKLJ_ARATH,TLE4_MOUSE
WAKLJ_ARATH,PCSK7_MOUSE
WAKLJ_ARATH,Q3UU43_MOUSE
WAKLJ_ARATH,OPGB_ECOLI
WAKLJ_ARATH,SMUF2_MOUSE
WAKLJ_ARATH,TACC1_MOUSE
RGS1_MOUSE,DMP5_ARATH
RGS1_MOUSE,LRR1_ARATH
RGS1_MOUSE,NDUS7_ARATH
RGS1_MOUSE,Q9FMB1_ARATH
RGS1_MOUSE,GNAT9_ARATH
RGS1_MOUSE,GSTUM_ARATH
RGS1_MOUSE,RAB3D_MOUSE
RGS1_MOUSE,GSTFD_ARATH
RGS1_MOUSE,PRLD1_MOUSE
RGS1_MOUSE,Q8GYK3_ARATH
RGS1_MOUSE,PRP1_ECOLI
RGS1_MOUSE,VA723_ARATH
RGS1_MOUSE,LOR15_ARATH
RGS1_MOUSE,RAA1G_ARATH
RGS1_MOUSE,PSAL_ARATH
RGS1_MOUSE,Q7XJK7_ARATH
RGS1_MOUSE,SCN3B_MOUSE
RGS1_MOUSE,Q9LN16_ARATH
RGS1_MOUSE,NACA2_ARATH
RGS1_MOUSE,R10A3_ARATH
RGS1_MOUSE,SNP25_MOUSE
RGS1_MOUSE,RAA1I_ARATH
RGS1_MOUSE,GSTM1_MOUSE
RGS1_MOUSE,CMAP3_MOUSE
RGS1_MOUSE,RBP1C_ARATH
RGS1_MOUSE,PR1B3_ARATH
RGS1_MOUSE,YEIL_ECOLI
RGS1_MOUSE,RT02_ARATH
RGS1_MOUSE,Q3LHH5_MOUSE
RGS1_MOUSE,TINY_ARATH
RGS1_MOUSE,VP322_ARATH
RGS1_MOUSE,Q3V0R1_MOUSE
RGS1_MOUSE,TI171_ARATH
RGS1_MOUSE,WRK12_ARATH
RGS1_MOUSE,VA712_ARATH
RGS1_MOUSE,DEDA_ECOLI
RGS1_MOUSE,GLNP_ECOLI
RGS1_MOUSE,RLUA_ECOLI
RGS1_MOUSE,ELBB_ECOLI
RGS1_MOUSE,UVRY_ECOLI
RGS1_MOUSE,FIBIN_MOUSE
RGS1_MOUSE,RR3_ARATH
RGS1_MOUSE,FLGA_ECOLI
RGS1_MOUSE,BCL7C_MOUSE
RGS1_MOUSE,Q8BVR5_MOUSE
RGS1_MOUSE,B7ZJH6_MOUSE
RGS1_MOUSE,NOL12_MOUSE
RGS1_MOUSE,PRP2_ECOLI
RGS1_MOUSE,FKBP7_MOUSE
RGS1_MOUSE,YQFA_ECOLI
RGS1_MOUSE,EIF3K_MOUSE
RGS1_MOUSE,YEBE_ECOLI
RGS1_MOUSE,YCGM_ECOLI
RGS1_MOUSE,YNJD_ECOLI
RGS1_MOUSE,RL4_ECOLI
RGS1_MOUSE,NXNL1_MOUSE
RGS1_MOUSE,PIGF_MOUSE
RGS1_MOUSE,CLC2H_MOUSE
RGS1_MOUSE,OBOX7_MOUSE
RGS1_MOUSE,RB39A_MOUSE
RGS1_MOUSE,RT34_MOUSE
RGS1_MOUSE,RPC7L_MOUSE
RGS1_MOUSE,Q80X22_MOUSE
RGS1_MOUSE,METI_ECOLI
RGS1_MOUSE,RAB3B_MOUSE
RGS1_MOUSE,RIT1_MOUSE
RGS1_MOUSE,MWL2_ARATH
RGS1_MOUSE,TTC9A_MOUSE
RGS1_MOUSE,UFSP1_MOUSE
RGS1_MOUSE,NDR1_ARATH
RGS1_MOUSE,CLD9_MOUSE
RGS1_MOUSE,R13A4_ARATH
RGS1_MOUSE,RPD5B_ARATH
RGS1_MOUSE,YCCA_ECOLI
RGS1_MOUSE,RLUE_ECOLI
RGS1_MOUSE,GAR5A_MOUSE
RGS1_MOUSE,LBD29_ARATH
RGS1_MOUSE,REEP6_MOUSE
RGS1_MOUSE,MSRA2_ARATH
RGS1_MOUSE,Q9LII1_ARATH
RGS1_MOUSE,ALRF2_MOUSE
RGS1_MOUSE,Q42139_ARATH
RGS1_MOUSE,TKTI1_MOUSE
RGS1_MOUSE,NDHU_ARATH
RGS1_MOUSE,LOG7_ARATH
RGS1_MOUSE,GSTM4_MOUSE
RGS1_MOUSE,FDOI_ECOLI
RGS1_MOUSE,AGL42_ARATH
RGS1_MOUSE,KLRBF_MOUSE
RGS1_MOUSE,RL14_MOUSE
RGS1_MOUSE,PGRC2_MOUSE
RGS1_MOUSE,RSEA_ECOLI
RGS1_MOUSE,DYLT4_MOUSE
RGS1_MOUSE,CNBL7_ARATH
RGS1_MOUSE,CD53_MOUSE
RGS1_MOUSE,RL10A_MOUSE
RGS1_MOUSE,RGS16_MOUSE
RGS1_MOUSE,ACRR_ECOLI
RGS1_MOUSE,RB11A_MOUSE
RGS1_MOUSE,RL3_ECOLI
HAL3A_ARATH,TERB2_MOUSE
HAL3A_ARATH,RAA2A_ARATH
HAL3A_ARATH,ROP1L_MOUSE
HAL3A_ARATH,AS2_ARATH
HAL3A_ARATH,CLD6_MOUSE
HAL3A_ARATH,KTHY_ECOLI
HAL3A_ARATH,F4JBC9_ARATH
HAL3A_ARATH,D3Z347_MOUSE
HAL3A_ARATH,Q8BXT7_MOUSE
HAL3A_ARATH,NT5C_MOUSE
HAL3A_ARATH,CLD4_MOUSE
HAL3A_ARATH,CLD3_MOUSE
HAL3A_ARATH,CML5_ARATH
HAL3A_ARATH,RL152_ARATH
HAL3A_ARATH,IFT43_MOUSE
HAL3A_ARATH,RAB10_MOUSE
HAL3A_ARATH,PSB9_MOUSE
HAL3A_ARATH,RL131_ARATH
HAL3A_ARATH,PTTG1_MOUSE
HAL3A_ARATH,CHEZ_ECOLI
HAL3A_ARATH,DSBA_ECOLI
HAL3A_ARATH,CBCO1_MOUSE
HAL3A_ARATH,NACA_MOUSE
HAL3A_ARATH,GSTF6_ARATH
HAL3A_ARATH,RS51_ARATH
HAL3A_ARATH,RL192_ARATH
HAL3A_ARATH,KCY3_ARATH
HAL3A_ARATH,CRP_ECOLI
HAL3A_ARATH,GSTM2_MOUSE
HAL3A_ARATH,GSTM3_MOUSE
HAL3A_ARATH,DABB1_ARATH
HAL3A_ARATH,RIBB_ECOLI
HAL3A_ARATH,RL193_ARATH
HAL3A_ARATH,RAA2D_ARATH
HAL3A_ARATH,RAC2A_ARATH
HAL3A_ARATH,PABN3_ARATH
HAL3A_ARATH,REEP1_MOUSE
HAL3A_ARATH,IL12A_MOUSE
HAL3A_ARATH,RAG3F_ARATH
HAL3A_ARATH,RPIA_ECOLI
HAL3A_ARATH,CSP4_ARATH
HAL3A_ARATH,RIC7_ARATH
HAL3A_ARATH,WOX14_ARATH
HAL3A_ARATH,PDXH_ECOLI
HAL3A_ARATH,RL13_MOUSE
HAL3A_ARATH,GSTUO_ARATH
HAL3A_ARATH,MAD2_ARATH
HAL3A_ARATH,FDNI_ECOLI
HAL3A_ARATH,GP1BB_MOUSE
HAL3A_ARATH,CP19D_ARATH
HAL3A_ARATH,H11_MOUSE
HAL3A_ARATH,SODF1_ARATH
HAL3A_ARATH,MOB1B_ARATH
HAL3A_ARATH,LHPL5_MOUSE
HAL3A_ARATH,RAG3B_ARATH
HAL3A_ARATH,O88494_MOUSE
HAL3A_ARATH,AMTN_MOUSE
HAL3A_ARATH,RAN_MOUSE
HAL3A_ARATH,EDAD_MOUSE
HAL3A_ARATH,GIF1_ARATH
HAL3A_ARATH,SC221_ARATH
HAL3A_ARATH,CHP3_MOUSE
HAL3A_ARATH,VP202_ARATH
HAL3A_ARATH,RAB24_MOUSE
HAL3A_ARATH,DMSB_ECOLI
HAL3A_ARATH,ERF92_ARATH
HAL3A_ARATH,NFYB_MOUSE
HAL3A_ARATH,CDO1_MOUSE
HAL3A_ARATH,SODM_ECOLI
HAL3A_ARATH,Q80VK8_MOUSE
HAL3A_ARATH,DHAL_ECOLI
HAL3A_ARATH,CTF2_MOUSE
HAL3A_ARATH,F4KC44_ARATH
HAL3A_ARATH,WVD2_ARATH
HAL3A_ARATH,FHY1_ARATH
HAL3A_ARATH,SPC24_ARATH
HAL3A_ARATH,GSTUK_ARATH
HAL3A_ARATH,FIMB_ECOLI
HAL3A_ARATH,DSP1_ARATH
HAL3A_ARATH,Q9JJQ4_MOUSE
HAL3A_ARATH,GSTF2_ARATH
HAL3A_ARATH,MORF2_ARATH
HAL3A_ARATH,CFC1_MOUSE
HAL3A_ARATH,ZINT_ECOLI
HAL3A_ARATH,RAB5A_MOUSE
HAL3A_ARATH,RAB8A_MOUSE
HAL3A_ARATH,NPM2_MOUSE
HAL3A_ARATH,RAB7A_MOUSE
HAL3A_ARATH,HSPB1_MOUSE
HAL3A_ARATH,CSP2_ARATH
HAL3A_ARATH,CAS6_ECOLI
HAL3A_ARATH,OLEO2_ARATH
HAL3A_ARATH,GSTF9_ARATH
HAL3A_ARATH,GSTB_ECOLI
HAL3A_ARATH,PGMB_ECOLI
HAL3A_ARATH,AMELX_MOUSE
HAL3A_ARATH,RRAS_MOUSE
HAL3A_ARATH,IPYR2_ARATH
HAL3A_ARATH,VP281_ARATH
HAL3A_ARATH,PSF3_MOUSE
RAC7_ARATH,RMR14_ARATH
RAC7_ARATH,MACIR_MOUSE
RAC7_ARATH,GPX3_ARATH
RAC7_ARATH,AZOR_ECOLI
RAC7_ARATH,TTM3_ARATH
RAC7_ARATH,YGHB_ECOLI
RAC7_ARATH,FGF17_MOUSE
RAC7_ARATH,DSP3_ARATH
RAC7_ARATH,BCL7B_MOUSE
RAC7_ARATH,RAA2C_ARATH
RAC7_ARATH,CSGD_ECOLI
RAC7_ARATH,RAB7L_MOUSE
RAC7_ARATH,D3Z518_MOUSE
RAC7_ARATH,CLD5_MOUSE
RAC7_ARATH,RRAS2_MOUSE
RAC7_ARATH,CNBL5_ARATH
RAC7_ARATH,CMI2C_MOUSE
RAC7_ARATH,RAB1A_MOUSE
RAC7_ARATH,RAC8_ARATH
RAC7_ARATH,CLPP_ECOLI
RAC7_ARATH,SMIP8_MOUSE
RAC7_ARATH,MRP_MOUSE
RAC7_ARATH,TPPP_MOUSE
RAC7_ARATH,GUC1B_MOUSE
RAC7_ARATH,RS8_MOUSE
RAC7_ARATH,RAB13_MOUSE
RAC7_ARATH,ALKB_ECOLI
RAC7_ARATH,CNBL1_ARATH
RAC7_ARATH,RB39B_MOUSE
RAC7_ARATH,RECR_ECOLI
RAC7_ARATH,TPPC4_MOUSE
RAC7_ARATH,P24B2_ARATH
RAC7_ARATH,P24D5_ARATH
RAC7_ARATH,VA721_ARATH
RAC7_ARATH,DRE1A_ARATH
RAC7_ARATH,COR28_ARATH
RAC7_ARATH,SPT46_MOUSE
RAC7_ARATH,GSTUJ_ARATH
RAC7_ARATH,MYL6B_MOUSE
RAC7_ARATH,Q3U566_MOUSE
RAC7_ARATH,5DNU_ECOLI
RAC7_ARATH,KTI2_ARATH
RAC7_ARATH,MRAP2_MOUSE
RAC7_ARATH,ROP1_MOUSE
RAC7_ARATH,CC85B_MOUSE
RAC7_ARATH,RAB4A_MOUSE
RAC7_ARATH,EFNA2_MOUSE
RAC7_ARATH,PDGFA_MOUSE
RAC7_ARATH,H1T_MOUSE
RAC7_ARATH,STEP2_ARATH
RAC7_ARATH,REV7_ARATH
RAC7_ARATH,S405_ARATH
RAC7_ARATH,VA711_ARATH
RAC7_ARATH,COMR_ECOLI
RAC7_ARATH,LSH3_ARATH
RAC7_ARATH,GSTA_ECOLI
RAC7_ARATH,FHL_ARATH
RAC7_ARATH,FGF18_MOUSE
RAC7_ARATH,MREG_MOUSE
RAC7_ARATH,Q6NNI6_ARATH
RAC7_ARATH,DYT1_ARATH
RAC7_ARATH,ACD11_ARATH
RAC7_ARATH,DPCD_MOUSE
RAC7_ARATH,MSRQ_ECOLI
RAC7_ARATH,CITE1_MOUSE
RAC7_ARATH,Y3126_ARATH
RAC7_ARATH,ADPP_ECOLI
RAC7_ARATH,SOST_MOUSE
RAC7_ARATH,FUCA_ECOLI
RAC7_ARATH,YFCG_ECOLI
RAC7_ARATH,CLC4E_MOUSE
RAC7_ARATH,MOB1A_ARATH
RAC7_ARATH,VSTM5_MOUSE
RAC7_ARATH,RUVA_ECOLI
RAC7_ARATH,EUTL_ECOLI
RAC7_ARATH,CIDEB_MOUSE
RAC7_ARATH,PYRE_ECOLI
RAC7_ARATH,AGL63_ARATH
RAC7_ARATH,PYL3_ARATH
RAC7_ARATH,CHM1B_ARATH
RAC7_ARATH,MYB57_ARATH
RAC7_ARATH,NFSB_ECOLI
RAC7_ARATH,HXPA_ECOLI
RAC7_ARATH,BNI3L_MOUSE
RAC7_ARATH,CHM1A_ARATH
RAC7_ARATH,LURP1_ARATH
RAC7_ARATH,LEXA_ECOLI
RAC7_ARATH,TWST1_MOUSE
RAC7_ARATH,GSTFB_ARATH
RAC7_ARATH,CYSC_ECOLI
RAC7_ARATH,CSN8_MOUSE
RAC7_ARATH,GSTFC_ARATH
RAC7_ARATH,FK161_ARATH
RAC7_ARATH,RIT2_MOUSE
RAC7_ARATH,RAH1B_ARATH
RAC7_ARATH,GRB2_MOUSE
RAC7_ARATH,EFCB9_MOUSE
RAC7_ARATH,NUD26_ARATH
RAC7_ARATH,RAA1A_ARATH
RAC7_ARATH,NRT31_ARATH
STAT3_MOUSE,Q3TJI3_MOUSE
STAT3_MOUSE,RPAP2_ARATH
STAT3_MOUSE,SP4_MOUSE
STAT3_MOUSE,UBC_MOUSE
STAT3_MOUSE,AML5_ARATH
STAT3_MOUSE,T22D2_MOUSE
STAT3_MOUSE,PEN6_ARATH
STAT3_MOUSE,HCN3_MOUSE
STAT3_MOUSE,MED15_MOUSE
STAT3_MOUSE,F4HQC0_ARATH
STAT3_MOUSE,Q7TMP0_MOUSE
STAT3_MOUSE,ZN366_MOUSE
STAT3_MOUSE,TDCE_ECOLI
STAT3_MOUSE,MURE_ARATH
STAT3_MOUSE,TRIM3_MOUSE
STAT3_MOUSE,PEN1_ARATH
STAT3_MOUSE,BGLX_ECOLI
STAT3_MOUSE,TRPC1_MOUSE
STAT3_MOUSE,Q6PAK0_MOUSE
STAT3_MOUSE,PPR12_ARATH
STAT3_MOUSE,ZW10_ARATH
STAT3_MOUSE,MYOB2_ARATH
STAT3_MOUSE,TFR2_MOUSE
STAT3_MOUSE,YHGF_ECOLI
STAT3_MOUSE,SENP5_MOUSE
STAT3_MOUSE,PATH1_ARATH
STAT3_MOUSE,HS90A_MOUSE
STAT3_MOUSE,LUP3_ARATH
STAT3_MOUSE,CLCF_ARATH
STAT3_MOUSE,Q4KMS2_MOUSE
STAT3_MOUSE,E9QA15_MOUSE
STAT3_MOUSE,NALD2_MOUSE
STAT3_MOUSE,Q9D694_MOUSE
STAT3_MOUSE,MGT5A_MOUSE
STAT3_MOUSE,FOLH1_MOUSE
STAT3_MOUSE,A0A0N4SWF5_MOUSE
STAT3_MOUSE,FUBP2_MOUSE
STAT3_MOUSE,KCNN3_MOUSE
STAT3_MOUSE,BACH1_MOUSE
STAT3_MOUSE,SBT17_ARATH
STAT3_MOUSE,FGD4_MOUSE
STAT3_MOUSE,ZFYV1_MOUSE
STAT3_MOUSE,RLP3_ARATH
STAT3_MOUSE,ANKK1_MOUSE
STAT3_MOUSE,DNLI1_ARATH
STAT3_MOUSE,NOC2_ARATH
STAT3_MOUSE,CHSS2_MOUSE
STAT3_MOUSE,CNGC6_ARATH
STAT3_MOUSE,SUVH5_ARATH
STAT3_MOUSE,OLM2B_MOUSE
STAT3_MOUSE,PA24B_MOUSE
STAT3_MOUSE,ZN287_MOUSE
STAT3_MOUSE,Q99NC2_MOUSE
STAT3_MOUSE,NUP62_ARATH
STAT3_MOUSE,CPSF2_ARATH
STAT3_MOUSE,DPP4_MOUSE
STAT3_MOUSE,ROS3_ARATH
STAT3_MOUSE,TRPV2_MOUSE
STAT3_MOUSE,MMEL1_MOUSE
STAT3_MOUSE,VWA2_MOUSE
STAT3_MOUSE,FTIP4_ARATH
STAT3_MOUSE,Q32NZ3_MOUSE
STAT3_MOUSE,DGCR8_MOUSE
STAT3_MOUSE,S26A4_MOUSE
STAT3_MOUSE,RTN1_MOUSE
STAT3_MOUSE,CAD11_MOUSE
STAT3_MOUSE,TLE1_MOUSE
STAT3_MOUSE,FIBA_MOUSE
STAT3_MOUSE,Q3V1H6_MOUSE
STAT3_MOUSE,GOGA1_MOUSE
STAT3_MOUSE,CADH6_MOUSE
STAT3_MOUSE,SC23A_MOUSE
STAT3_MOUSE,B2RSY5_MOUSE
STAT3_MOUSE,ADA29_MOUSE
STAT3_MOUSE,MB3R1_ARATH
STAT3_MOUSE,HIPL1_MOUSE
STAT3_MOUSE,PP301_ARATH
STAT3_MOUSE,TPRN_MOUSE
STAT3_MOUSE,Q8CGQ1_MOUSE
STAT3_MOUSE,NEC1_MOUSE
STAT3_MOUSE,DTNA_MOUSE
STAT3_MOUSE,AP4B1_MOUSE
STAT3_MOUSE,Q3V090_MOUSE
STAT3_MOUSE,INT13_MOUSE
STAT3_MOUSE,Q811Q3_MOUSE
STAT3_MOUSE,SMYD4_MOUSE
STAT3_MOUSE,Q8CGQ2_MOUSE
STAT3_MOUSE,APC4_ARATH
STAT3_MOUSE,ADA24_MOUSE
STAT3_MOUSE,LRRN4_MOUSE
STAT3_MOUSE,Q14BM8_MOUSE
STAT3_MOUSE,ADR1_ARATH
STAT3_MOUSE,PP341_ARATH
STAT3_MOUSE,WAKLJ_ARATH
STAT3_MOUSE,SC23D_ARATH
STAT3_MOUSE,LIPS_MOUSE
STAT3_MOUSE,FTIP3_ARATH
STAT3_MOUSE,CNGC7_ARATH
STAT3_MOUSE,E9Q160_MOUSE
STAT3_MOUSE,I17RD_MOUSE
WAKLI_ARATH,AAE16_ARATH
WAKLI_ARATH,AB19G_ARATH
WAKLI_ARATH,AB3F_ARATH
WAKLI_ARATH,Q8VDK4_MOUSE
WAKLI_ARATH,CNGC1_ARATH
WAKLI_ARATH,AB6G_ARATH
WAKLI_ARATH,CD27A_ARATH
WAKLI_ARATH,CNG14_ARATH
WAKLI_ARATH,F4JFM1_ARATH
WAKLI_ARATH,AEE18_ARATH
WAKLI_ARATH,TTL11_MOUSE
WAKLI_ARATH,BGAL4_ARATH
WAKLI_ARATH,HDG9_ARATH
WAKLI_ARATH,BGAL2_ARATH
WAKLI_ARATH,CNG19_ARATH
WAKLI_ARATH,CRS1_ARATH
WAKLI_ARATH,F4KB54_ARATH
WAKLI_ARATH,CATIN_ARATH
WAKLI_ARATH,TRAD1_ECOLI
WAKLI_ARATH,DEAH2_ARATH
WAKLI_ARATH,MSSP3_ARATH
WAKLI_ARATH,CCNT2_MOUSE
WAKLI_ARATH,GOGC4_ARATH
WAKLI_ARATH,Q8GUM1_ARATH
WAKLI_ARATH,NMAT3_ARATH
WAKLI_ARATH,F4IY86_ARATH
WAKLI_ARATH,HUNK_MOUSE
WAKLI_ARATH,FRO3_ARATH
WAKLI_ARATH,LHWL3_ARATH
WAKLI_ARATH,SYGM1_ARATH
WAKLI_ARATH,FRO8_ARATH
WAKLI_ARATH,FTSH4_ARATH
WAKLI_ARATH,LACS8_ARATH
WAKLI_ARATH,SCIN_MOUSE
WAKLI_ARATH,GPDL1_ARATH
WAKLI_ARATH,O64794_ARATH
WAKLI_ARATH,Q5XVC2_ARATH
WAKLI_ARATH,F4K7D1_ARATH
WAKLI_ARATH,DUF7_ARATH
WAKLI_ARATH,GT11_ARATH
WAKLI_ARATH,YCCS_ECOLI
WAKLI_ARATH,HAT31_ARATH
WAKLI_ARATH,KIF2C_MOUSE
WAKLI_ARATH,O80829_ARATH
WAKLI_ARATH,MAD1_ARATH
WAKLI_ARATH,PEK12_ARATH
WAKLI_ARATH,MORF4_ARATH
WAKLI_ARATH,PP426_ARATH
WAKLI_ARATH,Q6GU23_MOUSE
WAKLI_ARATH,P2C62_ARATH
WAKLI_ARATH,PTA_ECOLI
WAKLI_ARATH,Q9ZVU2_ARATH
WAKLI_ARATH,PDEA_ECOLI
WAKLI_ARATH,PP444_ARATH
WAKLI_ARATH,RLP2_ARATH
WAKLI_ARATH,PRP43_ARATH
WAKLI_ARATH,DZI1L_MOUSE
WAKLI_ARATH,ES8L2_MOUSE
WAKLI_ARATH,MASZ_ECOLI
WAKLI_ARATH,SBT43_ARATH
WAKLI_ARATH,CATE_ECOLI
WAKLI_ARATH,ACBG1_MOUSE
WAKLI_ARATH,SCL9_ARATH
WAKLI_ARATH,CS2IP_MOUSE
WAKLI_ARATH,MLH1_ARATH
WAKLI_ARATH,B2RPU6_MOUSE
WAKLI_ARATH,BPL1_MOUSE
WAKLI_ARATH,M3K5G_ARATH
WAKLI_ARATH,BRD3_MOUSE
WAKLI_ARATH,CAN11_MOUSE
WAKLI_ARATH,LRRN1_MOUSE
WAKLI_ARATH,Q94AJ9_ARATH
WAKLI_ARATH,GOGA5_MOUSE
WAKLI_ARATH,ISPG_ARATH
WAKLI_ARATH,SO1C1_MOUSE
WAKLI_ARATH,CPXM1_MOUSE
WAKLI_ARATH,MUTA_MOUSE
WAKLI_ARATH,HNRPM_MOUSE
WAKLI_ARATH,D19L3_MOUSE
WAKLI_ARATH,PLOD1_MOUSE
WAKLI_ARATH,NAA35_MOUSE
WAKLI_ARATH,EXOC8_MOUSE
WAKLI_ARATH,OBI1_MOUSE
WAKLI_ARATH,S6A17_MOUSE
WAKLI_ARATH,CPEB4_MOUSE
WAKLI_ARATH,TAGAP_MOUSE
WAKLI_ARATH,ZC3HE_MOUSE
WAKLI_ARATH,PCCA_MOUSE
WAKLI_ARATH,RHG28_MOUSE
WAKLI_ARATH,SANBR_MOUSE
WAKLI_ARATH,SPN90_MOUSE
WAKLI_ARATH,SYTC_MOUSE
WAKLI_ARATH,METE_ECOLI
WAKLI_ARATH,ECHP_MOUSE
WAKLI_ARATH,MTA1_MOUSE
WAKLI_ARATH,TMC7_MOUSE
WAKLI_ARATH,DGKA_MOUSE
WAKLI_ARATH,UIMC1_MOUSE
WAKLI_ARATH,TMC8_MOUSE
WAKLI_ARATH,HSP7F_ARATH
RL101_ARATH,BH147_ARATH
RL101_ARATH,ACFR2_ARATH
RL101_ARATH,ARFW_ARATH
RL101_ARATH,AGL17_ARATH
RL101_ARATH,F4JNU2_ARATH
RL101_ARATH,ATL76_ARATH
RL101_ARATH,PRDX6_MOUSE
RL101_ARATH,AGL21_ARATH
RL101_ARATH,BH107_ARATH
RL101_ARATH,CML21_ARATH
RL101_ARATH,DI192_ARATH
RL101_ARATH,BH115_ARATH
RL101_ARATH,FK171_ARATH
RL101_ARATH,ZHD2_ARATH
RL101_ARATH,HISQ_ECOLI
RL101_ARATH,MKS1_ARATH
RL101_ARATH,Q9SIE3_ARATH
RL101_ARATH,EBP_ARATH
RL101_ARATH,PABN2_ARATH
RL101_ARATH,BPC7_ARATH
RL101_ARATH,DI196_ARATH
RL101_ARATH,DRE1D_ARATH
RL101_ARATH,ERF43_ARATH
RL101_ARATH,ATL59_ARATH
RL101_ARATH,CRIM1_ARATH
RL101_ARATH,ERF82_ARATH
RL101_ARATH,EF105_ARATH
RL101_ARATH,F4JQ41_ARATH
RL101_ARATH,F4IMT0_ARATH
RL101_ARATH,F4IYI1_ARATH
RL101_ARATH,F4JG06_ARATH
RL101_ARATH,FAHD2_ARATH
RL101_ARATH,FK163_ARATH
RL101_ARATH,PR1B4_ARATH
RL101_ARATH,LEA29_ARATH
RL101_ARATH,GCT22_ARATH
RL101_ARATH,F4KEP6_ARATH
RL101_ARATH,GDT15_ARATH
RL101_ARATH,PABN1_ARATH
RL101_ARATH,F4JH94_ARATH
RL101_ARATH,GL120_ARATH
RL101_ARATH,Q9FN35_ARATH
RL101_ARATH,GSTU3_ARATH
RL101_ARATH,GSTU1_ARATH
RL101_ARATH,GSTU2_ARATH
RL101_ARATH,GLAR_ECOLI
RL101_ARATH,NFI_ECOLI
RL101_ARATH,NUD27_ARATH
RL101_ARATH,GSTUL_ARATH
RL101_ARATH,GSTUN_ARATH
RL101_ARATH,YIEH_ECOLI
RL101_ARATH,GSTK1_MOUSE
RL101_ARATH,GSTU6_ARATH
RL101_ARATH,TL15A_ARATH
RL101_ARATH,GSTU8_ARATH
RL101_ARATH,GSTUI_ARATH
RL101_ARATH,O81002_ARATH
RL101_ARATH,GSTZ2_ARATH
RL101_ARATH,ZMY19_MOUSE
RL101_ARATH,GSTUS_ARATH
RL101_ARATH,MD19A_ARATH
RL101_ARATH,RN141_MOUSE
RL101_ARATH,MT21D_MOUSE
RL101_ARATH,HHL1_ARATH
RL101_ARATH,HOP2_ARATH
RL101_ARATH,PDCB4_ARATH
RL101_ARATH,HOL2_ARATH
RL101_ARATH,UCHL1_MOUSE
RL101_ARATH,RAB3C_MOUSE
RL101_ARATH,NDS8A_ARATH
RL101_ARATH,NDS8B_ARATH
RL101_ARATH,NIFU1_ARATH
RL101_ARATH,Q9ES61_MOUSE
RL101_ARATH,O64824_ARATH
RL101_ARATH,PLI2A_ARATH
RL101_ARATH,PR1B5_ARATH
RL101_ARATH,Q94K48_ARATH
RL101_ARATH,OFP12_ARATH
RL101_ARATH,OFP8_ARATH
RL101_ARATH,NTM1A_MOUSE
RL101_ARATH,RAB21_MOUSE
RL101_ARATH,EXOX_ECOLI
RL101_ARATH,PSB1_ARATH
RL101_ARATH,Q1PE85_ARATH
RL101_ARATH,RAN3_ARATH
RL101_ARATH,PSBQ1_ARATH
RL101_ARATH,SNG2_MOUSE
RL101_ARATH,RK192_ARATH
RL101_ARATH,Q94CK8_ARATH
RL101_ARATH,SPT25_MOUSE
RL101_ARATH,GDT14_ARATH
RL101_ARATH,Q9LW05_ARATH
RL101_ARATH,RISB_ARATH
RL101_ARATH,Q9SZH7_ARATH
RL101_ARATH,RAA4A_ARATH
RL101_ARATH,Q9SIV6_ARATH
RL101_ARATH,TPMT2_ARATH
RL101_ARATH,A0A5F8MPM8_MOUSE
RL101_ARATH,RUBP1_ARATH
RL101_ARATH,RAN2_ARATH
AIM1_ARATH,CNGC4_ARATH
AIM1_ARATH,BAM7_ARATH
AIM1_ARATH,A2ACQ1_MOUSE
AIM1_ARATH,BOR2_ARATH
AIM1_ARATH,AB5F_ARATH
AIM1_ARATH,BAM8_ARATH
AIM1_ARATH,JMJ19_ARATH
AIM1_ARATH,C3H56_ARATH
AIM1_ARATH,LRK82_ARATH
AIM1_ARATH,CAF1P_ARATH
AIM1_ARATH,CPSF3_ARATH
AIM1_ARATH,DRM3_ARATH
AIM1_ARATH,CSLCC_ARATH
AIM1_ARATH,OBE3_ARATH
AIM1_ARATH,CASP_ARATH
AIM1_ARATH,DSLE_ARATH
AIM1_ARATH,DEG15_ARATH
AIM1_ARATH,F4IL23_ARATH
AIM1_ARATH,F4IK85_ARATH
AIM1_ARATH,NADE_MOUSE
AIM1_ARATH,JPH2_MOUSE
AIM1_ARATH,DUF6_ARATH
AIM1_ARATH,F4JMQ7_ARATH
AIM1_ARATH,PTRB_ECOLI
AIM1_ARATH,SCL31_ARATH
AIM1_ARATH,DUF3_ARATH
AIM1_ARATH,F4J819_ARATH
AIM1_ARATH,F4K6Q7_ARATH
AIM1_ARATH,F4J5T2_ARATH
AIM1_ARATH,F4JQE2_ARATH
AIM1_ARATH,FRO1_ARATH
AIM1_ARATH,LRL13_ARATH
AIM1_ARATH,FRO4_ARATH
AIM1_ARATH,FRO5_ARATH
AIM1_ARATH,FTSH8_ARATH
AIM1_ARATH,YHJG_ECOLI
AIM1_ARATH,MASP1_MOUSE
AIM1_ARATH,HS902_ARATH
AIM1_ARATH,HS901_ARATH
AIM1_ARATH,GACP4_ARATH
AIM1_ARATH,GOGC1_ARATH
AIM1_ARATH,GOGC3_ARATH
AIM1_ARATH,LACS9_ARATH
AIM1_ARATH,HS904_ARATH
AIM1_ARATH,MTA70_ARATH
AIM1_ARATH,E70C2_ARATH
AIM1_ARATH,PP224_ARATH
AIM1_ARATH,OSC23_ARATH
AIM1_ARATH,RSH4A_MOUSE
AIM1_ARATH,MIP_ARATH
AIM1_ARATH,NCPR2_ARATH
AIM1_ARATH,PP340_ARATH
AIM1_ARATH,PUB19_ARATH
AIM1_ARATH,PEK13_ARATH
AIM1_ARATH,PLRX4_ARATH
AIM1_ARATH,Q9ZSB4_ARATH
AIM1_ARATH,ZDP_ARATH
AIM1_ARATH,Q9M1J9_ARATH
AIM1_ARATH,PP115_ARATH
AIM1_ARATH,PERK9_ARATH
AIM1_ARATH,PRK5_ARATH
AIM1_ARATH,PP256_ARATH
AIM1_ARATH,Q6DR99_MOUSE
AIM1_ARATH,Q9LFL9_ARATH
AIM1_ARATH,Q7XYW9_ARATH
AIM1_ARATH,GFPT1_MOUSE
AIM1_ARATH,SCL33_ARATH
AIM1_ARATH,Q8GYJ7_ARATH
AIM1_ARATH,PTCD1_MOUSE
AIM1_ARATH,PEO1_MOUSE
AIM1_ARATH,A2AWF2_MOUSE
AIM1_ARATH,PP394_ARATH
AIM1_ARATH,SPOT_ECOLI
AIM1_ARATH,H9U1Q1_MOUSE
AIM1_ARATH,RPN2_ARATH
AIM1_ARATH,VAL3_ARATH
AIM1_ARATH,ADA21_MOUSE
AIM1_ARATH,WIT1_ARATH
AIM1_ARATH,KIZ_MOUSE
AIM1_ARATH,YHFK_ECOLI
AIM1_ARATH,A0A3Q4EGL8_MOUSE
AIM1_ARATH,FLHA_ECOLI
AIM1_ARATH,SMAG2_MOUSE
AIM1_ARATH,A0A3Q4L2Y3_MOUSE
AIM1_ARATH,AGRE4_MOUSE
AIM1_ARATH,GIMA8_MOUSE
AIM1_ARATH,GYS2_MOUSE
AIM1_ARATH,S26A3_MOUSE
AIM1_ARATH,ARBK2_MOUSE
AIM1_ARATH,A0A494BAC1_MOUSE
AIM1_ARATH,MTV1_ARATH
AIM1_ARATH,FBX40_MOUSE
AIM1_ARATH,ACOX3_MOUSE
AIM1_ARATH,PQQU_ECOLI
AIM1_ARATH,F4HPR9_ARATH
AIM1_ARATH,C2C2L_MOUSE
AIM1_ARATH,LRC4B_MOUSE
AIM1_ARATH,CNST_MOUSE
AIM1_ARATH,ACSL6_MOUSE
AIM1_ARATH,LAP2A_MOUSE
DHAL_ECOLI,SLD5_ARATH
DHAL_ECOLI,CCMB_ECOLI
DHAL_ECOLI,SGBH_ECOLI
DHAL_ECOLI,MCBR_ECOLI
DHAL_ECOLI,VTM2L_MOUSE
DHAL_ECOLI,NTAQ1_ARATH
DHAL_ECOLI,SHCAF_MOUSE
DHAL_ECOLI,VA714_ARATH
DHAL_ECOLI,FSAB_ECOLI
DHAL_ECOLI,D3YXJ9_MOUSE
DHAL_ECOLI,AGL24_ARATH
DHAL_ECOLI,GSTUQ_ARATH
DHAL_ECOLI,HA2Q_MOUSE
DHAL_ECOLI,YCCT_ECOLI
DHAL_ECOLI,D3YXP2_MOUSE
DHAL_ECOLI,FAHD1_MOUSE
DHAL_ECOLI,QPTR_ECOLI
DHAL_ECOLI,YECA_ECOLI
DHAL_ECOLI,MS18A_MOUSE
DHAL_ECOLI,GRAN_MOUSE
DHAL_ECOLI,IER2_MOUSE
DHAL_ECOLI,NT5M_MOUSE
DHAL_ECOLI,FGF9_MOUSE
DHAL_ECOLI,Q9EQG0_MOUSE
DHAL_ECOLI,CASP3_ARATH
DHAL_ECOLI,SACA3_MOUSE
DHAL_ECOLI,Q8VE86_MOUSE
DHAL_ECOLI,GPX5_MOUSE
DHAL_ECOLI,Q6YI28_MOUSE
DHAL_ECOLI,Q9QXN7_MOUSE
DHAL_ECOLI,CD79A_MOUSE
DHAL_ECOLI,BH148_ARATH
DHAL_ECOLI,Q3TUS1_MOUSE
DHAL_ECOLI,CLM5_MOUSE
DHAL_ECOLI,PSAF_ARATH
DHAL_ECOLI,SDF2L_MOUSE
DHAL_ECOLI,F4KDI1_ARATH
DHAL_ECOLI,DEDD_ECOLI
DHAL_ECOLI,RL102_ARATH
DHAL_ECOLI,SODC2_ARATH
DHAL_ECOLI,RL103_ARATH
DHAL_ECOLI,GSTUP_ARATH
DHAL_ECOLI,NUOB_ECOLI
DHAL_ECOLI,RIN4_ARATH
DHAL_ECOLI,TIMP2_MOUSE
DHAL_ECOLI,ATP1_ARATH
DHAL_ECOLI,YQJA_ECOLI
DHAL_ECOLI,VA713_ARATH
DHAL_ECOLI,PLD6_MOUSE
DHAL_ECOLI,RNS10_MOUSE
DHAL_ECOLI,PMEI6_ARATH
DHAL_ECOLI,RANG_MOUSE
DHAL_ECOLI,RL101_ARATH
DHAL_ECOLI,VAMP7_MOUSE
DHAL_ECOLI,MSBP1_ARATH
DHAL_ECOLI,CLC4D_MOUSE
DHAL_ECOLI,VTI13_ARATH
DHAL_ECOLI,PNSL3_ARATH
DHAL_ECOLI,TRL21_ARATH
DHAL_ECOLI,PYL1_ARATH
DHAL_ECOLI,SRSF2_MOUSE
DHAL_ECOLI,AGL14_ARATH
DHAL_ECOLI,TSN2_MOUSE
DHAL_ECOLI,BOK_MOUSE
DHAL_ECOLI,VA726_ARATH
DHAL_ECOLI,FSAA_ECOLI
DHAL_ECOLI,LIPB_ECOLI
DHAL_ECOLI,HAND1_MOUSE
DHAL_ECOLI,AIPP1_ARATH
DHAL_ECOLI,GSTZ1_ARATH
DHAL_ECOLI,HBEGF_MOUSE
DHAL_ECOLI,RB27A_MOUSE
DHAL_ECOLI,FRDA_MOUSE
DHAL_ECOLI,PYL5_ARATH
DHAL_ECOLI,TESA_ECOLI
DHAL_ECOLI,NTF4_MOUSE
DHAL_ECOLI,ZFAN5_MOUSE
DHAL_ECOLI,CIDEA_MOUSE
DHAL_ECOLI,ARR15_ARATH
DHAL_ECOLI,CRBB2_MOUSE
DHAL_ECOLI,GSTP1_MOUSE
DHAL_ECOLI,RAB2A_MOUSE
DHAL_ECOLI,TCF23_MOUSE
DHAL_ECOLI,EF113_ARATH
DHAL_ECOLI,MEM12_ARATH
DHAL_ECOLI,PPIF_MOUSE
DHAL_ECOLI,RS4_ECOLI
DHAL_ECOLI,GEMI_MOUSE
DHAL_ECOLI,NUDT5_MOUSE
DHAL_ECOLI,SSPA_ECOLI
DHAL_ECOLI,H14_MOUSE
DHAL_ECOLI,PLI2B_ARATH
DHAL_ECOLI,SNX10_MOUSE
DHAL_ECOLI,END3_ECOLI
DHAL_ECOLI,ASF1B_MOUSE
DHAL_ECOLI,RNT_ECOLI
DHAL_ECOLI,NRPD4_ARATH
DHAL_ECOLI,T53I2_MOUSE
DHAL_ECOLI,H12_MOUSE
DHAL_ECOLI,DUS19_MOUSE
PRDX5_MOUSE,COQ7_MOUSE
PRDX5_MOUSE,H13_MOUSE
PRDX5_MOUSE,DHAR1_ARATH
PRDX5_MOUSE,YQJI_ECOLI
PRDX5_MOUSE,F4J2B8_ARATH
PRDX5_MOUSE,RAD2C_ARATH
PRDX5_MOUSE,Q80ZL7_MOUSE
PRDX5_MOUSE,CRIP2_MOUSE
PRDX5_MOUSE,DKK4_MOUSE
PRDX5_MOUSE,ZFP5_ARATH
PRDX5_MOUSE,MYB24_ARATH
PRDX5_MOUSE,O80720_ARATH
PRDX5_MOUSE,T4S19_MOUSE
PRDX5_MOUSE,TO202_ARATH
PRDX5_MOUSE,PNSB3_ARATH
PRDX5_MOUSE,NDHM_ARATH
PRDX5_MOUSE,MPZL2_MOUSE
PRDX5_MOUSE,BCL7A_MOUSE
PRDX5_MOUSE,ITBP1_MOUSE
PRDX5_MOUSE,KITH_ECOLI
PRDX5_MOUSE,RAB17_MOUSE
PRDX5_MOUSE,GL21_ARATH
PRDX5_MOUSE,NDK5_MOUSE
PRDX5_MOUSE,RAA5C_ARATH
PRDX5_MOUSE,NOL3_MOUSE
PRDX5_MOUSE,GL22_ARATH
PRDX5_MOUSE,B9D1_MOUSE
PRDX5_MOUSE,REHY_ARATH
PRDX5_MOUSE,FGF10_MOUSE
PRDX5_MOUSE,Q62057_MOUSE
PRDX5_MOUSE,SCN2B_MOUSE
PRDX5_MOUSE,SOSD1_MOUSE
PRDX5_MOUSE,GPX1_MOUSE
PRDX5_MOUSE,VATO_MOUSE
PRDX5_MOUSE,TETN_MOUSE
PRDX5_MOUSE,MEE14_ARATH
PRDX5_MOUSE,RAB6A_MOUSE
PRDX5_MOUSE,TNNI3_MOUSE
PRDX5_MOUSE,F4JUW0_ARATH
PRDX5_MOUSE,RET4_MOUSE
PRDX5_MOUSE,MYB23_ARATH
PRDX5_MOUSE,VTI11_ARATH
PRDX5_MOUSE,KAD_ECOLI
PRDX5_MOUSE,AKIR2_MOUSE
PRDX5_MOUSE,HYCB_ECOLI
PRDX5_MOUSE,GSTF7_ARATH
PRDX5_MOUSE,NGAL_MOUSE
PRDX5_MOUSE,TMED2_MOUSE
PRDX5_MOUSE,BAK_MOUSE
PRDX5_MOUSE,ASF1B_ARATH
PRDX5_MOUSE,TAF10_MOUSE
PRDX5_MOUSE,DOF44_ARATH
PRDX5_MOUSE,CAN_ECOLI
PRDX5_MOUSE,SCX_MOUSE
PRDX5_MOUSE,RK21_ARATH
PRDX5_MOUSE,CYNT_ECOLI
PRDX5_MOUSE,NGN3_MOUSE
PRDX5_MOUSE,AGL19_ARATH
PRDX5_MOUSE,HAND2_MOUSE
PRDX5_MOUSE,RAC10_ARATH
PRDX5_MOUSE,RGS2_MOUSE
PRDX5_MOUSE,DRE1F_ARATH
PRDX5_MOUSE,EDN3_MOUSE
PRDX5_MOUSE,MYMK_MOUSE
PRDX5_MOUSE,F4JNK0_ARATH
PRDX5_MOUSE,NFYC3_ARATH
PRDX5_MOUSE,Q99LE4_MOUSE
PRDX5_MOUSE,HXB7_MOUSE
PRDX5_MOUSE,BL1S4_MOUSE
PRDX5_MOUSE,DRE1B_ARATH
PRDX5_MOUSE,UPP_ECOLI
PRDX5_MOUSE,PCLI1_MOUSE
PRDX5_MOUSE,Q9T0H4_ARATH
PRDX5_MOUSE,MPSR1_ARATH
PRDX5_MOUSE,BH150_ARATH
PRDX5_MOUSE,RHOX5_MOUSE
PRDX5_MOUSE,Q8R0Y1_MOUSE
PRDX5_MOUSE,MED18_ARATH
PRDX5_MOUSE,DAAF6_MOUSE
PRDX5_MOUSE,DUS29_MOUSE
PRDX5_MOUSE,SDF2_ARATH
PRDX5_MOUSE,BAD_MOUSE
PRDX5_MOUSE,RIPP1_MOUSE
PRDX5_MOUSE,EDN1_MOUSE
PRDX5_MOUSE,NDUS8_MOUSE
PRDX5_MOUSE,ARR7_ARATH
PRDX5_MOUSE,GSTF3_ARATH
PRDX5_MOUSE,RAA1B_ARATH
PRDX5_MOUSE,RIC3_ARATH
PRDX5_MOUSE,SAP30_MOUSE
PRDX5_MOUSE,PMEI7_ARATH
PRDX5_MOUSE,DHAR2_ARATH
PRDX5_MOUSE,RL10L_MOUSE
PRDX5_MOUSE,THGA_ECOLI
PRDX5_MOUSE,RALA_MOUSE
PRDX5_MOUSE,GSTFA_ARATH
PRDX5_MOUSE,GSTA3_MOUSE
PRDX5_MOUSE,KGUA_ECOLI
PRDX5_MOUSE,SCN1B_MOUSE
PRDX5_MOUSE,TI222_ARATH
H14_MOUSE,RPE5A_ARATH
H14_MOUSE,ULAF_ECOLI
H14_MOUSE,RK191_ARATH
H14_MOUSE,UTP11_ARATH
H14_MOUSE,TM182_MOUSE
H14_MOUSE,YGEA_ECOLI
H14_MOUSE,UBQ11_ARATH
H14_MOUSE,DPIA_ECOLI
H14_MOUSE,UBQ12_ARATH
H14_MOUSE,ARTM_ECOLI
H14_MOUSE,ARPIN_MOUSE
H14_MOUSE,AR6P6_MOUSE
H14_MOUSE,Y1648_ARATH
H14_MOUSE,NUD11_ARATH
H14_MOUSE,MODB_ECOLI
H14_MOUSE,FLIH_ECOLI
H14_MOUSE,LEP4_ECOLI
H14_MOUSE,TORR_ECOLI
H14_MOUSE,PEPE_ECOLI
H14_MOUSE,LAST_ECOLI
H14_MOUSE,RSPR_ECOLI
H14_MOUSE,FETA_ECOLI
H14_MOUSE,KCIP1_MOUSE
H14_MOUSE,YAHN_ECOLI
H14_MOUSE,GLTK_ECOLI
H14_MOUSE,GPX3_MOUSE
H14_MOUSE,CLD8_MOUSE
H14_MOUSE,PHNL_ECOLI
H14_MOUSE,UNG_ECOLI
H14_MOUSE,NRFC_ECOLI
H14_MOUSE,YGIB_ECOLI
H14_MOUSE,WECD_ECOLI
H14_MOUSE,MBD6_ARATH
H14_MOUSE,YDHX_ECOLI
H14_MOUSE,YDJY_ECOLI
H14_MOUSE,YJIH_ECOLI
H14_MOUSE,YKGH_ECOLI
H14_MOUSE,PA1B2_MOUSE
H14_MOUSE,CALY_MOUSE
H14_MOUSE,YIEP_ECOLI
H14_MOUSE,ARAID_MOUSE
H14_MOUSE,CTLA4_MOUSE
H14_MOUSE,CHM2A_MOUSE
H14_MOUSE,GRPE2_MOUSE
H14_MOUSE,FKBP3_MOUSE
H14_MOUSE,KLRBA_MOUSE
H14_MOUSE,CYBP_MOUSE
H14_MOUSE,PPL1_ARATH
H14_MOUSE,CLD15_MOUSE
H14_MOUSE,CLD17_MOUSE
H14_MOUSE,CLM4_MOUSE
H14_MOUSE,EPDR1_MOUSE
H14_MOUSE,LOG5_ARATH
H14_MOUSE,SPF27_MOUSE
H14_MOUSE,RTP2_MOUSE
H14_MOUSE,EFNA3_MOUSE
H14_MOUSE,PIMT1_ARATH
H14_MOUSE,H15_MOUSE
H14_MOUSE,GID8_MOUSE
H14_MOUSE,IDI1_MOUSE
H14_MOUSE,GSTA4_MOUSE
H14_MOUSE,LXN_MOUSE
H14_MOUSE,IDI2_MOUSE
H14_MOUSE,KAD4_MOUSE
H14_MOUSE,PR2C5_MOUSE
H14_MOUSE,CAS5_ECOLI
H14_MOUSE,PR4A1_MOUSE
H14_MOUSE,M0QWL0_MOUSE
H14_MOUSE,TM114_MOUSE
H14_MOUSE,GSTA2_MOUSE
H14_MOUSE,I22R2_MOUSE
H14_MOUSE,PIMT_MOUSE
H14_MOUSE,IL27B_MOUSE
H14_MOUSE,NAT8_MOUSE
H14_MOUSE,Q9WU32_MOUSE
H14_MOUSE,GSTM5_MOUSE
H14_MOUSE,O88859_MOUSE
H14_MOUSE,ABEC2_MOUSE
H14_MOUSE,CLTRN_MOUSE
H14_MOUSE,RYBP_MOUSE
H14_MOUSE,PR3B1_MOUSE
H14_MOUSE,CLD19_MOUSE
H14_MOUSE,Q3UF22_MOUSE
H14_MOUSE,Q9R0X9_MOUSE
H14_MOUSE,PR3D1_MOUSE
H14_MOUSE,Q588F4_MOUSE
H14_MOUSE,YETS4_MOUSE
H14_MOUSE,RAB32_MOUSE
H14_MOUSE,Q8BZV2_MOUSE
H14_MOUSE,Q9CTS7_MOUSE
H14_MOUSE,VATE2_MOUSE
H14_MOUSE,RB33B_MOUSE
H14_MOUSE,STAR4_MOUSE
H14_MOUSE,RPC7_MOUSE
H14_MOUSE,RPE_MOUSE
H14_MOUSE,STYX_MOUSE
H14_MOUSE,TIMP4_MOUSE
H14_MOUSE,THYN1_MOUSE
H14_MOUSE,TNR18_MOUSE
H14_MOUSE,DOF58_ARATH
HS25P_ARATH,CBSX2_ARATH
HS25P_ARATH,A0A178USJ6_ARATH
HS25P_ARATH,ATPO_ARATH
HS25P_ARATH,YDIV_ECOLI
HS25P_ARATH,ATL41_ARATH
HS25P_ARATH,AP3_ARATH
HS25P_ARATH,GSTUA_ARATH
HS25P_ARATH,COAE_ARATH
HS25P_ARATH,CLPT1_ARATH
HS25P_ARATH,B9DH52_ARATH
HS25P_ARATH,CAMT1_ARATH
HS25P_ARATH,F4JW44_ARATH
HS25P_ARATH,CAMT3_ARATH
HS25P_ARATH,DREB3_ARATH
HS25P_ARATH,F4JPL6_ARATH
HS25P_ARATH,CBSX1_ARATH
HS25P_ARATH,BASP1_MOUSE
HS25P_ARATH,FLGD_ECOLI
HS25P_ARATH,ING1_ARATH
HS25P_ARATH,CCJ18_ARATH
HS25P_ARATH,DOF43_ARATH
HS25P_ARATH,FAH2_ARATH
HS25P_ARATH,ERF36_ARATH
HS25P_ARATH,RAB37_MOUSE
HS25P_ARATH,F4KGH9_ARATH
HS25P_ARATH,GPX1_ARATH
HS25P_ARATH,FDP_ARATH
HS25P_ARATH,LBD40_ARATH
HS25P_ARATH,FAH1_ARATH
HS25P_ARATH,GSTL1_ARATH
HS25P_ARATH,GNAT8_ARATH
HS25P_ARATH,MSRA_MOUSE
HS25P_ARATH,GPX7_ARATH
HS25P_ARATH,SGBE_ECOLI
HS25P_ARATH,SFSA_ECOLI
HS25P_ARATH,GSTUB_ARATH
HS25P_ARATH,THO7B_ARATH
HS25P_ARATH,GSTL3_ARATH
HS25P_ARATH,CPSF5_MOUSE
HS25P_ARATH,LIP2M_ARATH
HS25P_ARATH,GSTUG_ARATH
HS25P_ARATH,LFG1_ARATH
HS25P_ARATH,GSTUF_ARATH
HS25P_ARATH,GNTX_ECOLI
HS25P_ARATH,MPH1_ARATH
HS25P_ARATH,Q94AZ7_ARATH
HS25P_ARATH,MYB6_ARATH
HS25P_ARATH,GATA7_ARATH
HS25P_ARATH,MSBP2_ARATH
HS25P_ARATH,Q8GUN4_ARATH
HS25P_ARATH,Q4PT05_ARATH
HS25P_ARATH,SYP51_ARATH
HS25P_ARATH,MYB27_ARATH
HS25P_ARATH,PSA2A_ARATH
HS25P_ARATH,PSA2B_ARATH
HS25P_ARATH,FABR_ECOLI
HS25P_ARATH,Q8VY70_ARATH
HS25P_ARATH,Q9SHG8_ARATH
HS25P_ARATH,Q94AK8_ARATH
HS25P_ARATH,MSPD3_MOUSE
HS25P_ARATH,TOLQ_ECOLI
HS25P_ARATH,Q9S754_ARATH
HS25P_ARATH,Q9LV46_ARATH
HS25P_ARATH,Q9FJS9_ARATH
HS25P_ARATH,Q9M097_ARATH
HS25P_ARATH,RPE5C_ARATH
HS25P_ARATH,FLGH_ECOLI
HS25P_ARATH,TRL22_ARATH
HS25P_ARATH,MIS12_ARATH
HS25P_ARATH,SRC28_ARATH
HS25P_ARATH,RSUA_ECOLI
HS25P_ARATH,VP601_ARATH
HS25P_ARATH,YMG11_ARATH
HS25P_ARATH,RR2_ARATH
HS25P_ARATH,ARTQ_ECOLI
HS25P_ARATH,CHAC_ECOLI
HS25P_ARATH,YFHG_ECOLI
HS25P_ARATH,CLCA_MOUSE
HS25P_ARATH,THO7A_ARATH
HS25P_ARATH,SYP52_ARATH
HS25P_ARATH,PLPHP_ECOLI
HS25P_ARATH,RSXE_ECOLI
HS25P_ARATH,HISM_ECOLI
HS25P_ARATH,CBY3_MOUSE
HS25P_ARATH,LRAT_MOUSE
HS25P_ARATH,NIFU2_ARATH
HS25P_ARATH,LPXT_ECOLI
HS25P_ARATH,TRMH_ECOLI
HS25P_ARATH,YKGG_ECOLI
HS25P_ARATH,YBHL_ECOLI
HS25P_ARATH,YDJZ_ECOLI
HS25P_ARATH,RHX13_MOUSE
HS25P_ARATH,YBHM_ECOLI
HS25P_ARATH,QUEC_ECOLI
HS25P_ARATH,YFJR_ECOLI
HS25P_ARATH,YHHW_ECOLI
HS25P_ARATH,MUKE_ECOLI
HS25P_ARATH,PX11C_ARATH
HS25P_ARATH,CASB_MOUSE
HS25P_ARATH,A0A3B2WB78_MOUSE
F26_ARATH,CTL4_MOUSE
F26_ARATH,ZBT24_MOUSE
F26_ARATH,LRRN3_MOUSE
F26_ARATH,PERL_MOUSE
F26_ARATH,TRM1L_MOUSE
F26_ARATH,SMAG1_MOUSE
F26_ARATH,MRE11_ARATH
F26_ARATH,Q8BR71_MOUSE
F26_ARATH,Q8W2D2_ARATH
F26_ARATH,SSRP1_MOUSE
F26_ARATH,DCLK2_MOUSE
F26_ARATH,FIMB3_ARATH
F26_ARATH,LOV1A_ARATH
F26_ARATH,AAE15_ARATH
F26_ARATH,TRFL_MOUSE
F26_ARATH,DCOR_ECOLI
F26_ARATH,SPXM2_ARATH
F26_ARATH,Q91YS3_MOUSE
F26_ARATH,SUVR2_ARATH
F26_ARATH,S6A15_MOUSE
F26_ARATH,GYS1_MOUSE
F26_ARATH,Z36L3_MOUSE
F26_ARATH,SYTM1_ARATH
F26_ARATH,PP229_ARATH
F26_ARATH,RQL3_ARATH
F26_ARATH,SDCG8_MOUSE
F26_ARATH,EI2BE_MOUSE
F26_ARATH,CAD13_MOUSE
F26_ARATH,O80771_ARATH
F26_ARATH,RIR3_ECOLI
F26_ARATH,RPGP2_MOUSE
F26_ARATH,PRP22_ARATH
F26_ARATH,PNG1_ARATH
F26_ARATH,F4K6V1_ARATH
F26_ARATH,CODA1_MOUSE
F26_ARATH,MFSD6_MOUSE
F26_ARATH,PPCE_MOUSE
F26_ARATH,CNGC5_ARATH
F26_ARATH,A8MS82_ARATH
F26_ARATH,LRFN5_MOUSE
F26_ARATH,FTSH1_ARATH
F26_ARATH,HNRL2_MOUSE
F26_ARATH,P5CS2_ARATH
F26_ARATH,SCC4_ARATH
F26_ARATH,S15A1_MOUSE
F26_ARATH,UBN2_ARATH
F26_ARATH,ETK_ECOLI
F26_ARATH,ELMO1_MOUSE
F26_ARATH,ANKR6_MOUSE
F26_ARATH,ARC3_ARATH
F26_ARATH,PPCEL_MOUSE
F26_ARATH,TOP1_MOUSE
F26_ARATH,NAT12_ARATH
F26_ARATH,F4IA34_ARATH
F26_ARATH,PTN12_MOUSE
F26_ARATH,NETR_MOUSE
F26_ARATH,PLAK_MOUSE
F26_ARATH,A0A1W2P8A5_MOUSE
F26_ARATH,MA7D2_MOUSE
F26_ARATH,BBS7_MOUSE
F26_ARATH,PSD2_MOUSE
F26_ARATH,AMOL2_MOUSE
F26_ARATH,F4K802_ARATH
F26_ARATH,EDR2_ARATH
F26_ARATH,ASAH2_MOUSE
F26_ARATH,ASTRA_MOUSE
F26_ARATH,KATG_ECOLI
F26_ARATH,MSSP2_ARATH
F26_ARATH,FOXK1_MOUSE
F26_ARATH,ORC3_MOUSE
F26_ARATH,A0A1W2P8G5_MOUSE
F26_ARATH,ADA11_MOUSE
F26_ARATH,Q3UYS4_MOUSE
F26_ARATH,KIF3B_MOUSE
F26_ARATH,RD29A_ARATH
F26_ARATH,Q3TR59_MOUSE
F26_ARATH,SBT14_ARATH
F26_ARATH,Q6P6L2_MOUSE
F26_ARATH,GP149_MOUSE
F26_ARATH,NUDT3_ARATH
F26_ARATH,Q810I5_MOUSE
F26_ARATH,ALE2_ARATH
F26_ARATH,SPE2_ARATH
F26_ARATH,ADIA_ECOLI
F26_ARATH,MSSP1_ARATH
F26_ARATH,ZAR1_ARATH
F26_ARATH,UHRF1_MOUSE
F26_ARATH,MARK2_MOUSE
F26_ARATH,UVRD_ECOLI
F26_ARATH,DEND_MOUSE
F26_ARATH,EX3L1_MOUSE
F26_ARATH,MCM5_ARATH
F26_ARATH,RRP1B_MOUSE
F26_ARATH,MDM1_MOUSE
F26_ARATH,ZDHC8_MOUSE
F26_ARATH,EREX_ARATH
F26_ARATH,Q8BM23_MOUSE
F26_ARATH,I6L9E4_MOUSE
F26_ARATH,Q9QXI7_MOUSE
F26_ARATH,SEC6_ARATH
MFP2_ARATH,F4JIK9_ARATH
MFP2_ARATH,GUAA_MOUSE
MFP2_ARATH,FBLN1_MOUSE
MFP2_ARATH,MEP1B_MOUSE
MFP2_ARATH,SBSN_MOUSE
MFP2_ARATH,CAPAM_MOUSE
MFP2_ARATH,ADDB_MOUSE
MFP2_ARATH,P3H2_MOUSE
MFP2_ARATH,ICA_MOUSE
MFP2_ARATH,GLGB_MOUSE
MFP2_ARATH,Q8BM11_MOUSE
MFP2_ARATH,Q9R164_MOUSE
MFP2_ARATH,Q6YCI4_MOUSE
MFP2_ARATH,ANM7_MOUSE
MFP2_ARATH,S53A1_MOUSE
MFP2_ARATH,FRITZ_MOUSE
MFP2_ARATH,TMC4_MOUSE
MFP2_ARATH,LARG2_MOUSE
MFP2_ARATH,Q3TRB0_MOUSE
MFP2_ARATH,SHKB1_MOUSE
MFP2_ARATH,SO6C1_MOUSE
MFP2_ARATH,TAB2_MOUSE
MFP2_ARATH,HOOK1_MOUSE
MFP2_ARATH,Q99K53_MOUSE
MFP2_ARATH,STT3A_MOUSE
MFP2_ARATH,GARS_MOUSE
MFP2_ARATH,TM168_MOUSE
MFP2_ARATH,ENAS2_ARATH
MFP2_ARATH,Q9LID3_ARATH
MFP2_ARATH,EREL1_ARATH
MFP2_ARATH,TXIP1_MOUSE
MFP2_ARATH,RLMKL_ECOLI
MFP2_ARATH,EXOC7_MOUSE
MFP2_ARATH,Q3U882_MOUSE
MFP2_ARATH,F4JXF0_ARATH
MFP2_ARATH,RECQ2_ARATH
MFP2_ARATH,PDE1C_MOUSE
MFP2_ARATH,TSO1_ARATH
MFP2_ARATH,PI5K3_ARATH
MFP2_ARATH,KN14N_ARATH
MFP2_ARATH,CAP9_ARATH
MFP2_ARATH,ACOX2_ARATH
MFP2_ARATH,KIF2A_MOUSE
MFP2_ARATH,S26A2_MOUSE
MFP2_ARATH,S28A3_MOUSE
MFP2_ARATH,F4ITQ0_ARATH
MFP2_ARATH,CSLC8_ARATH
MFP2_ARATH,LRKS6_ARATH
MFP2_ARATH,EFNMT_MOUSE
MFP2_ARATH,TTL10_MOUSE
MFP2_ARATH,Q2PHE9_MOUSE
MFP2_ARATH,MALQ_ECOLI
MFP2_ARATH,YDHV_ECOLI
MFP2_ARATH,AD26A_MOUSE
MFP2_ARATH,NEK8_MOUSE
MFP2_ARATH,KIRR2_MOUSE
MFP2_ARATH,SYGB_ECOLI
MFP2_ARATH,TSG10_MOUSE
MFP2_ARATH,Q4ZGD8_MOUSE
MFP2_ARATH,LCA5_MOUSE
MFP2_ARATH,PARN_ARATH
MFP2_ARATH,NPG1_ARATH
MFP2_ARATH,SYN1_MOUSE
MFP2_ARATH,RELA_ECOLI
MFP2_ARATH,DGK2_ARATH
MFP2_ARATH,NPGR1_ARATH
MFP2_ARATH,Q8BSK0_MOUSE
MFP2_ARATH,CENPC_ARATH
MFP2_ARATH,ADDG_MOUSE
MFP2_ARATH,PP146_ARATH
MFP2_ARATH,F4J381_ARATH
MFP2_ARATH,APY7_ARATH
MFP2_ARATH,CASC3_MOUSE
MFP2_ARATH,S26A1_MOUSE
MFP2_ARATH,CAN2_MOUSE
MFP2_ARATH,Q69ZX7_MOUSE
MFP2_ARATH,TGM3_MOUSE
MFP2_ARATH,JIP1_MOUSE
MFP2_ARATH,LMBL2_MOUSE
MFP2_ARATH,MRF3_ARATH
MFP2_ARATH,PAOC_ECOLI
MFP2_ARATH,Q99MW4_MOUSE
MFP2_ARATH,RSH2C_ARATH
MFP2_ARATH,SCC13_ARATH
MFP2_ARATH,Q6NZH9_MOUSE
MFP2_ARATH,BOR1_ARATH
MFP2_ARATH,AML3_ARATH
MFP2_ARATH,SUZ12_MOUSE
MFP2_ARATH,SPE1_ARATH
MFP2_ARATH,TRFE_MOUSE
MFP2_ARATH,CSLC5_ARATH
MFP2_ARATH,VCAM1_MOUSE
MFP2_ARATH,CCNT1_MOUSE
MFP2_ARATH,DREB_MOUSE
MFP2_ARATH,EX84B_ARATH
MFP2_ARATH,NBR1_ARATH
MFP2_ARATH,MCM7_MOUSE
MFP2_ARATH,OVGP1_MOUSE
MFP2_ARATH,MD1L1_MOUSE
MFP2_ARATH,BTST_ECOLI
YTFB_ECOLI,ZFAN6_MOUSE
YTFB_ECOLI,GSTA1_MOUSE
YTFB_ECOLI,NUD14_MOUSE
YTFB_ECOLI,CECR_ECOLI
YTFB_ECOLI,KRBBB_MOUSE
YTFB_ECOLI,RS81_ARATH
YTFB_ECOLI,RHOD_MOUSE
YTFB_ECOLI,KLRBC_MOUSE
YTFB_ECOLI,CCG1_MOUSE
YTFB_ECOLI,HPRR_ECOLI
YTFB_ECOLI,Q9Z1U5_MOUSE
YTFB_ECOLI,FTSE_ECOLI
YTFB_ECOLI,FLZ13_ARATH
YTFB_ECOLI,LHPL2_MOUSE
YTFB_ECOLI,STEEP_MOUSE
YTFB_ECOLI,GIF3_ARATH
YTFB_ECOLI,C56D2_MOUSE
YTFB_ECOLI,KRBBA_MOUSE
YTFB_ECOLI,SLD5_MOUSE
YTFB_ECOLI,O81834_ARATH
YTFB_ECOLI,TCYL_ECOLI
YTFB_ECOLI,Q8CF07_MOUSE
YTFB_ECOLI,TRNP1_MOUSE
YTFB_ECOLI,ATL61_ARATH
YTFB_ECOLI,PSPA_ECOLI
YTFB_ECOLI,RK6_ARATH
YTFB_ECOLI,RB27B_MOUSE
YTFB_ECOLI,SGMR1_MOUSE
YTFB_ECOLI,GCH1_ECOLI
YTFB_ECOLI,PHOP_ECOLI
YTFB_ECOLI,CHAC1_MOUSE
YTFB_ECOLI,RAB3A_MOUSE
YTFB_ECOLI,HXPB_ECOLI
YTFB_ECOLI,TWSG1_MOUSE
YTFB_ECOLI,A0A087WRK1_MOUSE
YTFB_ECOLI,VWC2L_MOUSE
YTFB_ECOLI,VTI12_ARATH
YTFB_ECOLI,YEDK_ECOLI
YTFB_ECOLI,PROP1_MOUSE
YTFB_ECOLI,YRFG_ECOLI
YTFB_ECOLI,YTFE_ECOLI
YTFB_ECOLI,HXC5_MOUSE
YTFB_ECOLI,RAA4D_ARATH
YTFB_ECOLI,RBL2A_MOUSE
YTFB_ECOLI,SODM_MOUSE
YTFB_ECOLI,DPB31_ARATH
YTFB_ECOLI,PPCT_MOUSE
YTFB_ECOLI,THA8_ARATH
YTFB_ECOLI,SOC1_ARATH
YTFB_ECOLI,BH075_ARATH
YTFB_ECOLI,PRG2_MOUSE
YTFB_ECOLI,RHOJ_MOUSE
YTFB_ECOLI,CNBL4_ARATH
YTFB_ECOLI,TMEDA_MOUSE
YTFB_ECOLI,NFIP1_MOUSE
YTFB_ECOLI,DI193_ARATH
YTFB_ECOLI,BASR_ECOLI
YTFB_ECOLI,KTHY_MOUSE
YTFB_ECOLI,DNJB9_MOUSE
YTFB_ECOLI,RCSB_ECOLI
YTFB_ECOLI,FAM3D_MOUSE
YTFB_ECOLI,MERB1_MOUSE
YTFB_ECOLI,CLC6A_MOUSE
YTFB_ECOLI,VTH21_ARATH
YTFB_ECOLI,GDNF_MOUSE
YTFB_ECOLI,Q9LZ21_ARATH
YTFB_ECOLI,QUEE_ECOLI
YTFB_ECOLI,LN28A_MOUSE
YTFB_ECOLI,RAN1_ARATH
YTFB_ECOLI,IF4E_MOUSE
YTFB_ECOLI,RFLB_MOUSE
YTFB_ECOLI,ATGA1_MOUSE
YTFB_ECOLI,EM514_ARATH
YTFB_ECOLI,HPRT_MOUSE
YTFB_ECOLI,CLC2D_MOUSE
YTFB_ECOLI,7B2_MOUSE
YTFB_ECOLI,QSEB_ECOLI
YTFB_ECOLI,EFNA1_MOUSE
YTFB_ECOLI,OBOX1_MOUSE
YTFB_ECOLI,ULAD_ECOLI
YTFB_ECOLI,Q8C8T5_MOUSE
YTFB_ECOLI,HMGB1_MOUSE
YTFB_ECOLI,CHMP5_MOUSE
YTFB_ECOLI,TNFB_MOUSE
YTFB_ECOLI,WER_ARATH
YTFB_ECOLI,RB11B_MOUSE
YTFB_ECOLI,ERF14_ARATH
YTFB_ECOLI,RECO_MOUSE
YTFB_ECOLI,RHOQ_MOUSE
YTFB_ECOLI,ERF78_ARATH
YTFB_ECOLI,CD28_MOUSE
YTFB_ECOLI,RAB14_MOUSE
YTFB_ECOLI,SINA6_ARATH
YTFB_ECOLI,TP8L3_MOUSE
YTFB_ECOLI,MD20A_ARATH
YTFB_ECOLI,EF110_ARATH
YTFB_ECOLI,LEP_ARATH
YTFB_ECOLI,ZFP7_ARATH
YTFB_ECOLI,IL6_MOUSE
YTFB_ECOLI,CLC2I_MOUSE
GARS_MOUSE,RAD54_MOUSE
GARS_MOUSE,CAN1_MOUSE
GARS_MOUSE,ASPH_MOUSE
GARS_MOUSE,Q8VBU5_MOUSE
GARS_MOUSE,PDP2_ARATH
GARS_MOUSE,EXOC5_MOUSE
GARS_MOUSE,PI5K6_ARATH
GARS_MOUSE,FBX30_MOUSE
GARS_MOUSE,Q8CDB8_MOUSE
GARS_MOUSE,P5CS1_ARATH
GARS_MOUSE,NOLC1_MOUSE
GARS_MOUSE,VP52A_ARATH
GARS_MOUSE,MKLN1_MOUSE
GARS_MOUSE,CNOT3_MOUSE
GARS_MOUSE,GINT1_ARATH
GARS_MOUSE,HS90B_MOUSE
GARS_MOUSE,LNX1_MOUSE
GARS_MOUSE,KLHL1_MOUSE
GARS_MOUSE,PECA1_MOUSE
GARS_MOUSE,CBARP_MOUSE
GARS_MOUSE,TRIM2_MOUSE
GARS_MOUSE,CAOG1_ARATH
GARS_MOUSE,C3H30_ARATH
GARS_MOUSE,FZD6_MOUSE
GARS_MOUSE,RIR1_ECOLI
GARS_MOUSE,NEP_MOUSE
GARS_MOUSE,FH8_ARATH
GARS_MOUSE,PRIA_ECOLI
GARS_MOUSE,LRCH1_MOUSE
GARS_MOUSE,DLG4_MOUSE
GARS_MOUSE,ZDHC5_MOUSE
GARS_MOUSE,FHUA_ECOLI
GARS_MOUSE,I12R1_MOUSE
GARS_MOUSE,KAT2_ARATH
GARS_MOUSE,DNER_MOUSE
GARS_MOUSE,GIT2_MOUSE
GARS_MOUSE,ASTRB_MOUSE
GARS_MOUSE,AMO_ECOLI
GARS_MOUSE,DHB4_MOUSE
GARS_MOUSE,MTSS2_MOUSE
GARS_MOUSE,KS6A6_MOUSE
GARS_MOUSE,DVL3_MOUSE
GARS_MOUSE,TLK2_MOUSE
GARS_MOUSE,RECG_ECOLI
GARS_MOUSE,MTRR_MOUSE
GARS_MOUSE,AKAP5_MOUSE
GARS_MOUSE,ASG2_ARATH
GARS_MOUSE,PTPC1_MOUSE
GARS_MOUSE,TKTC2_ARATH
GARS_MOUSE,POLH_MOUSE
GARS_MOUSE,SV2A_MOUSE
GARS_MOUSE,AB1K8_ARATH
GARS_MOUSE,BAP1_MOUSE
GARS_MOUSE,BZP17_ARATH
GARS_MOUSE,PLDA4_ARATH
GARS_MOUSE,AMPD3_MOUSE
GARS_MOUSE,CD248_MOUSE
GARS_MOUSE,SEPR_MOUSE
GARS_MOUSE,HDG3_ARATH
GARS_MOUSE,PININ_MOUSE
GARS_MOUSE,CNG10_ARATH
GARS_MOUSE,DXS_ARATH
GARS_MOUSE,CD27B_ARATH
GARS_MOUSE,NSF_ARATH
GARS_MOUSE,AB1K3_ARATH
GARS_MOUSE,AB1K7_ARATH
GARS_MOUSE,CLV2_ARATH
GARS_MOUSE,MPEG1_MOUSE
GARS_MOUSE,MK06_MOUSE
GARS_MOUSE,PP413_ARATH
GARS_MOUSE,BOP1_MOUSE
GARS_MOUSE,PTPRE_MOUSE
GARS_MOUSE,MRF1_ARATH
GARS_MOUSE,ARFJ_ARATH
GARS_MOUSE,TKTC1_ARATH
GARS_MOUSE,MIC60_MOUSE
GARS_MOUSE,KS6A1_MOUSE
GARS_MOUSE,GP1BA_MOUSE
GARS_MOUSE,BOP1_ARATH
GARS_MOUSE,LRP10_MOUSE
GARS_MOUSE,ERCC2_ARATH
GARS_MOUSE,DING_ECOLI
GARS_MOUSE,DDM1_ARATH
GARS_MOUSE,ACSA_MOUSE
GARS_MOUSE,TFR1_MOUSE
GARS_MOUSE,AB11G_ARATH
GARS_MOUSE,STON1_MOUSE
GARS_MOUSE,DNAI7_MOUSE
GARS_MOUSE,RSH6A_MOUSE
GARS_MOUSE,MAP7_MOUSE
GARS_MOUSE,FIU_ECOLI
GARS_MOUSE,DNAI1_MOUSE
GARS_MOUSE,ARP5_ARATH
GARS_MOUSE,SLK1_ARATH
GARS_MOUSE,GLCNE_MOUSE
GARS_MOUSE,S15A2_MOUSE
GARS_MOUSE,F4I0G7_ARATH
GARS_MOUSE,CHR19_ARATH
GARS_MOUSE,NEUL_MOUSE
GARS_MOUSE,RXFP1_MOUSE
NDK2_ARATH,ALFL1_ARATH
NDK2_ARATH,B3H506_ARATH
NDK2_ARATH,CLPT2_ARATH
NDK2_ARATH,ATP7_ARATH
NDK2_ARATH,ECI1_ARATH
NDK2_ARATH,MLRA_ECOLI
NDK2_ARATH,RN125_MOUSE
NDK2_ARATH,F4J581_ARATH
NDK2_ARATH,F4IPY5_ARATH
NDK2_ARATH,DUF5_ARATH
NDK2_ARATH,PA1B3_MOUSE
NDK2_ARATH,ERF93_ARATH
NDK2_ARATH,FCERB_MOUSE
NDK2_ARATH,GATA4_ARATH
NDK2_ARATH,F4K388_ARATH
NDK2_ARATH,TXND9_MOUSE
NDK2_ARATH,F4J6B1_ARATH
NDK2_ARATH,O80889_ARATH
NDK2_ARATH,NHL2_ARATH
NDK2_ARATH,FAF2_ARATH
NDK2_ARATH,MYB54_ARATH
NDK2_ARATH,RMA3_ARATH
NDK2_ARATH,ARTP_ECOLI
NDK2_ARATH,GID8_ARATH
NDK2_ARATH,GSTUE_ARATH
NDK2_ARATH,GSTU9_ARATH
NDK2_ARATH,PHO32_ARATH
NDK2_ARATH,PRA1H_ARATH
NDK2_ARATH,PTALR_ARATH
NDK2_ARATH,Q8GZ51_ARATH
NDK2_ARATH,BAER_ECOLI
NDK2_ARATH,Q9C9Q1_ARATH
NDK2_ARATH,Q94CJ3_ARATH
NDK2_ARATH,RK13_ARATH
NDK2_ARATH,YBGP_ECOLI
NDK2_ARATH,NAA40_MOUSE
NDK2_ARATH,RT10_ARATH
NDK2_ARATH,SIP11_ARATH
NDK2_ARATH,SIP12_ARATH
NDK2_ARATH,SODM2_ARATH
NDK2_ARATH,SWET5_ARATH
NDK2_ARATH,BLUR_ECOLI
NDK2_ARATH,TCP6_ARATH
NDK2_ARATH,GLNQ_ECOLI
NDK2_ARATH,VAP12_ARATH
NDK2_ARATH,PX11E_ARATH
NDK2_ARATH,PHOB_ECOLI
NDK2_ARATH,YAGJ_ECOLI
NDK2_ARATH,FUCR_ECOLI
NDK2_ARATH,PNUC_ECOLI
NDK2_ARATH,SDIA_ECOLI
NDK2_ARATH,A0A3B2WD03_MOUSE
NDK2_ARATH,YDJX_ECOLI
NDK2_ARATH,RBM38_MOUSE
NDK2_ARATH,FNDC5_MOUSE
NDK2_ARATH,RLMB_ECOLI
NDK2_ARATH,YGGN_ECOLI
NDK2_ARATH,FIMC_ECOLI
NDK2_ARATH,YEEN_ECOLI
NDK2_ARATH,YHCF_ECOLI
NDK2_ARATH,YEHW_ECOLI
NDK2_ARATH,LFTR_ECOLI
NDK2_ARATH,YGDQ_ECOLI
NDK2_ARATH,YJFJ_ECOLI
NDK2_ARATH,A0A2R8VKC7_MOUSE
NDK2_ARATH,DOPP1_MOUSE
NDK2_ARATH,YIAF_ECOLI
NDK2_ARATH,ARTI_ECOLI
NDK2_ARATH,BPIA2_MOUSE
NDK2_ARATH,YKGE_ECOLI
NDK2_ARATH,YHEO_ECOLI
NDK2_ARATH,A0A2I3BQS4_MOUSE
NDK2_ARATH,Q9D8K1_MOUSE
NDK2_ARATH,DUS15_MOUSE
NDK2_ARATH,RN187_MOUSE
NDK2_ARATH,CF299_MOUSE
NDK2_ARATH,YJJQ_ECOLI
NDK2_ARATH,YQGA_ECOLI
NDK2_ARATH,CLC4A_MOUSE
NDK2_ARATH,GSTT3_MOUSE
NDK2_ARATH,Q810E6_MOUSE
NDK2_ARATH,CLC9A_MOUSE
NDK2_ARATH,E9Q326_MOUSE
NDK2_ARATH,E9PVW0_MOUSE
NDK2_ARATH,EFHD1_MOUSE
NDK2_ARATH,CDCA4_MOUSE
NDK2_ARATH,DCNL5_MOUSE
NDK2_ARATH,EFHD2_MOUSE
NDK2_ARATH,EPCR_MOUSE
NDK2_ARATH,EXOS5_MOUSE
NDK2_ARATH,FAM3B_MOUSE
NDK2_ARATH,LAP4A_MOUSE
NDK2_ARATH,GSTT1_MOUSE
NDK2_ARATH,SOBR1_ARATH
NDK2_ARATH,FRAT2_MOUSE
NDK2_ARATH,HB23_MOUSE
NDK2_ARATH,ICLN_MOUSE
NDK2_ARATH,HAUS2_MOUSE
NDK2_ARATH,IF4E1_ARATH
NDK2_ARATH,KITH_MOUSE
QUEE_ECOLI,GL1_ARATH
QUEE_ECOLI,XL3B_MOUSE
QUEE_ECOLI,RFXAP_MOUSE
QUEE_ECOLI,RND1_MOUSE
QUEE_ECOLI,PIS2_ARATH
QUEE_ECOLI,Q05BJ7_MOUSE
QUEE_ECOLI,F4J5N9_ARATH
QUEE_ECOLI,LIPT2_MOUSE
QUEE_ECOLI,RAB20_MOUSE
QUEE_ECOLI,TPD52_MOUSE
QUEE_ECOLI,Q8RXT1_ARATH
QUEE_ECOLI,RL62_ARATH
QUEE_ECOLI,SERB_MOUSE
QUEE_ECOLI,WAAY_ECOLI
QUEE_ECOLI,TOR2X_MOUSE
QUEE_ECOLI,YPFH_ECOLI
QUEE_ECOLI,TSM1_ARATH
QUEE_ECOLI,ARV2_ARATH
QUEE_ECOLI,MORF5_ARATH
QUEE_ECOLI,CNBL3_ARATH
QUEE_ECOLI,CRIM2_ARATH
QUEE_ECOLI,MINE1_ARATH
QUEE_ECOLI,TSN_MOUSE
QUEE_ECOLI,IAN2_ARATH
QUEE_ECOLI,MINC_ECOLI
QUEE_ECOLI,XLRS1_MOUSE
QUEE_ECOLI,ERF99_ARATH
QUEE_ECOLI,INCA1_MOUSE
QUEE_ECOLI,MORF9_ARATH
QUEE_ECOLI,EFMT3_MOUSE
QUEE_ECOLI,VTI1B_MOUSE
QUEE_ECOLI,F6S070_MOUSE
QUEE_ECOLI,PHOCN_MOUSE
QUEE_ECOLI,A0A2R8VI80_MOUSE
QUEE_ECOLI,CYT6_ARATH
QUEE_ECOLI,CHM4B_MOUSE
QUEE_ECOLI,MORF6_ARATH
QUEE_ECOLI,OMPL_ECOLI
QUEE_ECOLI,PR2C3_MOUSE
QUEE_ECOLI,IL27A_MOUSE
QUEE_ECOLI,GDIR3_MOUSE
QUEE_ECOLI,PIS1_ARATH
QUEE_ECOLI,CC134_MOUSE
QUEE_ECOLI,HDA_ECOLI
QUEE_ECOLI,LOLD_ECOLI
QUEE_ECOLI,FNDC4_MOUSE
QUEE_ECOLI,GPX6_ARATH
QUEE_ECOLI,OVCA2_MOUSE
QUEE_ECOLI,MED7_MOUSE
QUEE_ECOLI,CLCB_MOUSE
QUEE_ECOLI,ULT2_ARATH
QUEE_ECOLI,Q9EPA9_MOUSE
QUEE_ECOLI,MESD_MOUSE
QUEE_ECOLI,RTH_ARATH
QUEE_ECOLI,TSAB_ECOLI
QUEE_ECOLI,ANR1_ARATH
QUEE_ECOLI,PSA2_MOUSE
QUEE_ECOLI,GSTUR_ARATH
QUEE_ECOLI,PAOA_ECOLI
QUEE_ECOLI,RL63_ARATH
QUEE_ECOLI,Q679P4_MOUSE
QUEE_ECOLI,NARV_ECOLI
QUEE_ECOLI,ACDH_ARATH
QUEE_ECOLI,NANE_ECOLI
QUEE_ECOLI,RS3_ECOLI
QUEE_ECOLI,CLC1B_MOUSE
QUEE_ECOLI,PLP3A_ARATH
QUEE_ECOLI,SCNM1_MOUSE
QUEE_ECOLI,NHL3_ARATH
QUEE_ECOLI,FLZ12_ARATH
QUEE_ECOLI,HA2R_MOUSE
QUEE_ECOLI,BZP24_ARATH
QUEE_ECOLI,VATE1_MOUSE
QUEE_ECOLI,PX11B_ARATH
QUEE_ECOLI,DGOR_ECOLI
QUEE_ECOLI,LIN7A_MOUSE
QUEE_ECOLI,YIIM_ECOLI
QUEE_ECOLI,CLD10_MOUSE
QUEE_ECOLI,ARR3_ARATH
QUEE_ECOLI,NEUM_MOUSE
QUEE_ECOLI,HOL3_ARATH
QUEE_ECOLI,NARI_ECOLI
QUEE_ECOLI,KAD3_MOUSE
QUEE_ECOLI,RSMB_MOUSE
QUEE_ECOLI,Q8BV64_MOUSE
QUEE_ECOLI,SCN4B_MOUSE
QUEE_ECOLI,RL61_ARATH
QUEE_ECOLI,NHL10_ARATH
QUEE_ECOLI,HA2S_MOUSE
QUEE_ECOLI,E0CYU6_MOUSE
QUEE_ECOLI,VPS2A_ARATH
QUEE_ECOLI,REM19_ARATH
QUEE_ECOLI,FRE_ECOLI
QUEE_ECOLI,RNPH_ECOLI
QUEE_ECOLI,CPXR_ECOLI
QUEE_ECOLI,NRADD_MOUSE
QUEE_ECOLI,ATPD_ARATH
QUEE_ECOLI,MIXL1_MOUSE
QUEE_ECOLI,RAB2B_MOUSE
QUEE_ECOLI,F4JC45_ARATH
Y2778_ARATH,AGL28_ARATH
Y2778_ARATH,U2AF1_MOUSE
Y2778_ARATH,C3H54_ARATH
Y2778_ARATH,ALFL2_ARATH
Y2778_ARATH,STC1_MOUSE
Y2778_ARATH,OSL3_ARATH
Y2778_ARATH,MCC1_ARATH
Y2778_ARATH,GSTT1_ARATH
Y2778_ARATH,ATCA2_ARATH
Y2778_ARATH,BH092_ARATH
Y2778_ARATH,IAA13_ARATH
Y2778_ARATH,DOF35_ARATH
Y2778_ARATH,ERF87_ARATH
Y2778_ARATH,VQ4_ARATH
Y2778_ARATH,Y2608_ARATH
Y2778_ARATH,F4I780_ARATH
Y2778_ARATH,FLIP_ECOLI
Y2778_ARATH,DHRS6_MOUSE
Y2778_ARATH,LBD17_ARATH
Y2778_ARATH,ERF13_ARATH
Y2778_ARATH,ERF77_ARATH
Y2778_ARATH,F4J794_ARATH
Y2778_ARATH,F4IRX7_ARATH
Y2778_ARATH,F4JXE3_ARATH
Y2778_ARATH,FHY1C_ARATH
Y2778_ARATH,GSTF4_ARATH
Y2778_ARATH,PYRF_ECOLI
Y2778_ARATH,FLA11_ARATH
Y2778_ARATH,SGGP_ARATH
Y2778_ARATH,Q9M1A4_ARATH
Y2778_ARATH,GRF6_ARATH
Y2778_ARATH,A8MRI1_ARATH
Y2778_ARATH,PMM_ARATH
Y2778_ARATH,MYB13_ARATH
Y2778_ARATH,YADV_ECOLI
Y2778_ARATH,MED9_ARATH
Y2778_ARATH,CMOA_ECOLI
Y2778_ARATH,OFP16_ARATH
Y2778_ARATH,Q5NC41_MOUSE
Y2778_ARATH,PSA6A_ARATH
Y2778_ARATH,TRL12_ARATH
Y2778_ARATH,P2A01_ARATH
Y2778_ARATH,PLSC_ECOLI
Y2778_ARATH,CNPY4_MOUSE
Y2778_ARATH,PSB4_ARATH
Y2778_ARATH,COBS_ECOLI
Y2778_ARATH,Q67YS0_ARATH
Y2778_ARATH,NIFU3_ARATH
Y2778_ARATH,RL71_ARATH
Y2778_ARATH,Q9WU31_MOUSE
Y2778_ARATH,PX11A_MOUSE
Y2778_ARATH,Q945K9_ARATH
Y2778_ARATH,PAI3_ARATH
Y2778_ARATH,RTNLH_ARATH
Y2778_ARATH,Q9CRY1_MOUSE
Y2778_ARATH,PSA6B_ARATH
Y2778_ARATH,TRMJ_ECOLI
Y2778_ARATH,Q5YIR8_MOUSE
Y2778_ARATH,GLTJ_ECOLI
Y2778_ARATH,1433B_MOUSE
Y2778_ARATH,CCMC_ECOLI
Y2778_ARATH,HEM4_ECOLI
Y2778_ARATH,Q792Z0_MOUSE
Y2778_ARATH,TRMN6_ECOLI
Y2778_ARATH,WECG_ECOLI
Y2778_ARATH,VAPB_MOUSE
Y2778_ARATH,YEBC_ECOLI
Y2778_ARATH,PHOU_ECOLI
Y2778_ARATH,BAP31_MOUSE
Y2778_ARATH,YCIC_ECOLI
Y2778_ARATH,YGAZ_ECOLI
Y2778_ARATH,NAA10_MOUSE
Y2778_ARATH,A1L3Q6_MOUSE
Y2778_ARATH,YIAT_ECOLI
Y2778_ARATH,PCGF3_MOUSE
Y2778_ARATH,A0A0B6VLS7_MOUSE
Y2778_ARATH,LIVF_ECOLI
Y2778_ARATH,A6H5Z4_MOUSE
Y2778_ARATH,ABHEA_MOUSE
Y2778_ARATH,B9EJ35_MOUSE
Y2778_ARATH,CREB_ECOLI
Y2778_ARATH,Q3UW38_MOUSE
Y2778_ARATH,SHSA3_MOUSE
Y2778_ARATH,F6TFC9_MOUSE
Y2778_ARATH,IF4E2_MOUSE
Y2778_ARATH,CPNS2_MOUSE
Y2778_ARATH,MYOZ3_MOUSE
Y2778_ARATH,OCAD1_MOUSE
Y2778_ARATH,Q3V2G3_MOUSE
Y2778_ARATH,KRA55_MOUSE
Y2778_ARATH,DEOD_ECOLI
Y2778_ARATH,LYPL1_MOUSE
Y2778_ARATH,ATG10_ARATH
Y2778_ARATH,MCPT1_MOUSE
Y2778_ARATH,Q3UJC0_MOUSE
Y2778_ARATH,PSME2_MOUSE
Y2778_ARATH,Q49U25_MOUSE
Y2778_ARATH,Q9CPN9_MOUSE
Y2778_ARATH,Q4G0C2_MOUSE
Y2778_ARATH,Q8CG82_MOUSE
RL1_ECOLI,T176A_MOUSE
RL1_ECOLI,RN151_MOUSE
RL1_ECOLI,YAFK_ECOLI
RL1_ECOLI,O88301_MOUSE
RL1_ECOLI,Q9Z202_MOUSE
RL1_ECOLI,Q9Z1R9_MOUSE
RL1_ECOLI,Q8R0G1_MOUSE
RL1_ECOLI,Q9WTJ9_MOUSE
RL1_ECOLI,Q9CRC7_MOUSE
RL1_ECOLI,Q3LFS7_MOUSE
RL1_ECOLI,Q9D431_MOUSE
RL1_ECOLI,RBM11_MOUSE
RL1_ECOLI,TRY2_MOUSE
RL1_ECOLI,TMED9_MOUSE
RL1_ECOLI,Y2778_ARATH
RL1_ECOLI,PPR74_ARATH
RL1_ECOLI,RGS20_MOUSE
RL1_ECOLI,FABG_ECOLI
RL1_ECOLI,THO4A_ARATH
RL1_ECOLI,RSMN_MOUSE
RL1_ECOLI,TM174_MOUSE
RL1_ECOLI,SNG3_MOUSE
RL1_ECOLI,TM109_MOUSE
RL1_ECOLI,G8XSM1_MOUSE
RL1_ECOLI,RN138_MOUSE
RL1_ECOLI,RSLBA_MOUSE
RL1_ECOLI,TM86A_MOUSE
RL1_ECOLI,UB2R1_MOUSE
RL1_ECOLI,SERCL_ARATH
RL1_ECOLI,NGF_MOUSE
RL1_ECOLI,SYN1L_MOUSE
RL1_ECOLI,SIX6_MOUSE
RL1_ECOLI,PSA5_MOUSE
RL1_ECOLI,HMGB7_ARATH
RL1_ECOLI,TPMT_MOUSE
RL1_ECOLI,TRMB_ECOLI
RL1_ECOLI,ARV1_ARATH
RL1_ECOLI,YGGE_ECOLI
RL1_ECOLI,MORF3_ARATH
RL1_ECOLI,TRY5_MOUSE
RL1_ECOLI,CLD2_MOUSE
RL1_ECOLI,Q4VCP2_MOUSE
RL1_ECOLI,ZNF22_MOUSE
RL1_ECOLI,TRY4_MOUSE
RL1_ECOLI,SRTD1_MOUSE
RL1_ECOLI,GDL88_ARATH
RL1_ECOLI,MARH2_MOUSE
RL1_ECOLI,PKHB1_MOUSE
RL1_ECOLI,PHOS_MOUSE
RL1_ECOLI,AGL5_ARATH
RL1_ECOLI,Q6NQK8_ARATH
RL1_ECOLI,ALKB2_MOUSE
RL1_ECOLI,CYSH_ECOLI
RL1_ECOLI,END1_ECOLI
RL1_ECOLI,GNAT3_ARATH
RL1_ECOLI,HSC20_MOUSE
RL1_ECOLI,MED6_MOUSE
RL1_ECOLI,PMM2_MOUSE
RL1_ECOLI,F4IQ18_ARATH
RL1_ECOLI,CLD12_MOUSE
RL1_ECOLI,LBD16_ARATH
RL1_ECOLI,DNAC_ECOLI
RL1_ECOLI,C209A_MOUSE
RL1_ECOLI,ARTJ_ECOLI
RL1_ECOLI,R9BP_MOUSE
RL1_ECOLI,HXA6_MOUSE
RL1_ECOLI,PSB6_MOUSE
RL1_ECOLI,SDHB_ECOLI
RL1_ECOLI,SHSA5_MOUSE
RL1_ECOLI,NANC_ECOLI
RL1_ECOLI,C1QC_MOUSE
RL1_ECOLI,PSB1_MOUSE
RL1_ECOLI,P23A_ARATH
RL1_ECOLI,MS18B_MOUSE
RL1_ECOLI,PX11D_ARATH
RL1_ECOLI,DCXR_MOUSE
RL1_ECOLI,FK202_ARATH
RL1_ECOLI,DPO3E_ECOLI
RL1_ECOLI,IFTAP_MOUSE
RL1_ECOLI,FADR_ECOLI
RL1_ECOLI,STX8_MOUSE
RL1_ECOLI,PRL_MOUSE
RL1_ECOLI,BAMD_ECOLI
RL1_ECOLI,CENPH_MOUSE
RL1_ECOLI,RL7L_MOUSE
RL1_ECOLI,C1QT5_MOUSE
RL1_ECOLI,PSA6_MOUSE
RL1_ECOLI,CYBH_ECOLI
RL1_ECOLI,WRK63_ARATH
RL1_ECOLI,PACRG_MOUSE
RL1_ECOLI,PAP8_ARATH
RL1_ECOLI,SANA_ECOLI
RL1_ECOLI,O3L6_ARATH
RL1_ECOLI,ACFR1_ARATH
RL1_ECOLI,O3L4_ARATH
RL1_ECOLI,MCPT4_MOUSE
RL1_ECOLI,CLIC1_MOUSE
RL1_ECOLI,MED19_MOUSE
RL1_ECOLI,TM225_MOUSE
RL1_ECOLI,DSBC_ECOLI
Y1736_ARATH,ALFL3_ARATH
Y1736_ARATH,6PGL5_ARATH
Y1736_ARATH,CRR38_ARATH
Y1736_ARATH,14311_ARATH
Y1736_ARATH,A0A178U6D3_ARATH
Y1736_ARATH,LFG3_ARATH
Y1736_ARATH,ALFL7_ARATH
Y1736_ARATH,APX2_ARATH
Y1736_ARATH,ATPI_ARATH
Y1736_ARATH,BH144_ARATH
Y1736_ARATH,BZP23_ARATH
Y1736_ARATH,FTMT_MOUSE
Y1736_ARATH,C3H28_ARATH
Y1736_ARATH,DOF45_ARATH
Y1736_ARATH,EF114_ARATH
Y1736_ARATH,14336_ARATH
Y1736_ARATH,FHA1_ARATH
Y1736_ARATH,F4HP43_ARATH
Y1736_ARATH,Q94F12_ARATH
Y1736_ARATH,F4K0Q7_ARATH
Y1736_ARATH,FLA12_ARATH
Y1736_ARATH,ENAP2_ARATH
Y1736_ARATH,GGP3_ARATH
Y1736_ARATH,LBD37_ARATH
Y1736_ARATH,Q8LG21_ARATH
Y1736_ARATH,GG3_ARATH
Y1736_ARATH,PSA4A_ARATH
Y1736_ARATH,MYB90_ARATH
Y1736_ARATH,O80748_ARATH
Y1736_ARATH,PHB5_ARATH
Y1736_ARATH,O77968_MOUSE
Y1736_ARATH,PSA3_ARATH
Y1736_ARATH,SEP2_ARATH
Y1736_ARATH,PE191_ARATH
Y1736_ARATH,PSA7B_ARATH
Y1736_ARATH,Q0V802_ARATH
Y1736_ARATH,Q93Z68_ARATH
Y1736_ARATH,Q6DBH2_ARATH
Y1736_ARATH,Q9FFC9_ARATH
Y1736_ARATH,YQIH_ECOLI
Y1736_ARATH,Q9FKZ4_ARATH
Y1736_ARATH,UBC22_ARATH
Y1736_ARATH,RU1A_ARATH
Y1736_ARATH,VIT1_ARATH
Y1736_ARATH,CDH_ECOLI
Y1736_ARATH,STKLF_ARATH
Y1736_ARATH,SWET4_ARATH
Y1736_ARATH,CHTOP_MOUSE
Y1736_ARATH,GSTT2_MOUSE
Y1736_ARATH,Q9MAD0_ARATH
Y1736_ARATH,BIOC_ECOLI
Y1736_ARATH,RL72_ARATH
Y1736_ARATH,GLNH_ECOLI
Y1736_ARATH,MLAA_ECOLI
Y1736_ARATH,GLPR_ECOLI
Y1736_ARATH,DEOR_ECOLI
Y1736_ARATH,WCAE_ECOLI
Y1736_ARATH,TCYN_ECOLI
Y1736_ARATH,MENH_ECOLI
Y1736_ARATH,ULAR_ECOLI
Y1736_ARATH,RSMJ_ECOLI
Y1736_ARATH,CCNQ_MOUSE
Y1736_ARATH,MIPA_ECOLI
Y1736_ARATH,E9Q1C5_MOUSE
Y1736_ARATH,Q70LN2_MOUSE
Y1736_ARATH,HTT2_ARATH
Y1736_ARATH,ING4_MOUSE
Y1736_ARATH,TAM_ECOLI
Y1736_ARATH,RAE1E_MOUSE
Y1736_ARATH,PSME1_MOUSE
Y1736_ARATH,YGER_ECOLI
Y1736_ARATH,FOLR2_MOUSE
Y1736_ARATH,CC062_MOUSE
Y1736_ARATH,SBDS_MOUSE
Y1736_ARATH,YHDZ_ECOLI
Y1736_ARATH,ORAI2_MOUSE
Y1736_ARATH,SNP29_ARATH
Y1736_ARATH,VLG_ARATH
Y1736_ARATH,DMP9_ARATH
Y1736_ARATH,KLF9_MOUSE
Y1736_ARATH,H60B_MOUSE
Y1736_ARATH,SPIN4_MOUSE
Y1736_ARATH,MO2R2_MOUSE
Y1736_ARATH,DERL2_MOUSE
Y1736_ARATH,IAH1_MOUSE
Y1736_ARATH,PR5_ARATH
Y1736_ARATH,TIGIT_MOUSE
Y1736_ARATH,IF61_ARATH
Y1736_ARATH,KLK7_MOUSE
Y1736_ARATH,NXPH3_MOUSE
Y1736_ARATH,FLGF_ECOLI
Y1736_ARATH,Q9D7Y7_MOUSE
Y1736_ARATH,BTUD_ECOLI
Y1736_ARATH,Q9D9G7_MOUSE
Y1736_ARATH,UBIE_ECOLI
Y1736_ARATH,THEM5_MOUSE
Y1736_ARATH,PD1L2_MOUSE
Y1736_ARATH,F4JEW8_ARATH
Y1736_ARATH,TNF12_MOUSE
Y1736_ARATH,RSLBB_MOUSE
KIF3A_MOUSE,AB23B_ARATH
KIF3A_MOUSE,C3H17_ARATH
KIF3A_MOUSE,B3GTH_ARATH
KIF3A_MOUSE,LACS5_ARATH
KIF3A_MOUSE,BIP1_ARATH
KIF3A_MOUSE,ANP1_ARATH
KIF3A_MOUSE,AB2F_ARATH
KIF3A_MOUSE,AB24B_ARATH
KIF3A_MOUSE,CRK29_ARATH
KIF3A_MOUSE,ABI3_ARATH
KIF3A_MOUSE,RAD17_MOUSE
KIF3A_MOUSE,CRK6_ARATH
KIF3A_MOUSE,F4KI84_ARATH
KIF3A_MOUSE,FXL19_MOUSE
KIF3A_MOUSE,EXEC1_ARATH
KIF3A_MOUSE,BIP2_ARATH
KIF3A_MOUSE,DUF1_ARATH
KIF3A_MOUSE,GAUT1_ARATH
KIF3A_MOUSE,NICA_MOUSE
KIF3A_MOUSE,LRKS7_ARATH
KIF3A_MOUSE,F4J0E6_ARATH
KIF3A_MOUSE,F4K8Y6_ARATH
KIF3A_MOUSE,Q8LPK7_ARATH
KIF3A_MOUSE,IP3KC_MOUSE
KIF3A_MOUSE,LRK12_ARATH
KIF3A_MOUSE,LRK41_ARATH
KIF3A_MOUSE,FIGL1_ARATH
KIF3A_MOUSE,G5E867_MOUSE
KIF3A_MOUSE,SUT21_ARATH
KIF3A_MOUSE,GOGC2_ARATH
KIF3A_MOUSE,PERK8_ARATH
KIF3A_MOUSE,HDG7_ARATH
KIF3A_MOUSE,HRD3A_ARATH
KIF3A_MOUSE,ILVB_ARATH
KIF3A_MOUSE,KN13B_ARATH
KIF3A_MOUSE,LRK17_ARATH
KIF3A_MOUSE,MEE12_ARATH
KIF3A_MOUSE,MSL3_ARATH
KIF3A_MOUSE,MSL2_ARATH
KIF3A_MOUSE,LRK11_ARATH
KIF3A_MOUSE,MAIL2_ARATH
KIF3A_MOUSE,PRK4_ARATH
KIF3A_MOUSE,PABP8_ARATH
KIF3A_MOUSE,PAP14_ARATH
KIF3A_MOUSE,ACBG2_MOUSE
KIF3A_MOUSE,SQASE_ECOLI
KIF3A_MOUSE,Q3UYL3_MOUSE
KIF3A_MOUSE,PP387_ARATH
KIF3A_MOUSE,NOG1_ARATH
KIF3A_MOUSE,TOL9_ARATH
KIF3A_MOUSE,PDAT1_ARATH
KIF3A_MOUSE,Q84WU5_ARATH
KIF3A_MOUSE,PGTA1_ARATH
KIF3A_MOUSE,SO1A4_MOUSE
KIF3A_MOUSE,PXC1_ARATH
KIF3A_MOUSE,SO1A1_MOUSE
KIF3A_MOUSE,ENAS1_ARATH
KIF3A_MOUSE,Q9M1Q4_ARATH
KIF3A_MOUSE,GA2L1_MOUSE
KIF3A_MOUSE,TTL4_ARATH
KIF3A_MOUSE,RHPN2_MOUSE
KIF3A_MOUSE,Q9T0K8_ARATH
KIF3A_MOUSE,Q6NWW4_MOUSE
KIF3A_MOUSE,RAP_ARATH
KIF3A_MOUSE,TOL6_ARATH
KIF3A_MOUSE,SPPA1_ARATH
KIF3A_MOUSE,RPOC1_ARATH
KIF3A_MOUSE,S20A1_MOUSE
KIF3A_MOUSE,A2ACT7_MOUSE
KIF3A_MOUSE,HELD_ECOLI
KIF3A_MOUSE,Q8RXC3_ARATH
KIF3A_MOUSE,YSL4_ARATH
KIF3A_MOUSE,CRY1_ARATH
KIF3A_MOUSE,Q3US89_MOUSE
KIF3A_MOUSE,ASTE1_MOUSE
KIF3A_MOUSE,Q9LIM5_ARATH
KIF3A_MOUSE,TKT2_ECOLI
KIF3A_MOUSE,GA2L3_MOUSE
KIF3A_MOUSE,ASD1_ARATH
KIF3A_MOUSE,SUT22_ARATH
KIF3A_MOUSE,LNX2_MOUSE
KIF3A_MOUSE,COPA1_MOUSE
KIF3A_MOUSE,MDTO_ECOLI
KIF3A_MOUSE,ACSL5_MOUSE
KIF3A_MOUSE,YDHK_ECOLI
KIF3A_MOUSE,KAISO_MOUSE
KIF3A_MOUSE,CNBD2_MOUSE
KIF3A_MOUSE,E9Q8A5_MOUSE
KIF3A_MOUSE,MTMR1_MOUSE
KIF3A_MOUSE,F13B_MOUSE
KIF3A_MOUSE,HJURP_MOUSE
KIF3A_MOUSE,NCPR_MOUSE
KIF3A_MOUSE,PANX2_MOUSE
KIF3A_MOUSE,LACS4_ARATH
KIF3A_MOUSE,PADI2_MOUSE
KIF3A_MOUSE,ACOX3_ARATH
KIF3A_MOUSE,SC5A2_MOUSE
KIF3A_MOUSE,LRC49_MOUSE
KIF3A_MOUSE,MASP2_MOUSE
KIF3A_MOUSE,Q8K0M3_MOUSE
PDAT1_ARATH,AB27B_ARATH
PDAT1_ARATH,LYK2_ARATH
PDAT1_ARATH,CRK7_ARATH
PDAT1_ARATH,ARFI_ARATH
PDAT1_ARATH,A0A178VSF7_ARATH
PDAT1_ARATH,B3GTF_ARATH
PDAT1_ARATH,F4I6W4_ARATH
PDAT1_ARATH,EXEC2_ARATH
PDAT1_ARATH,F4I3C3_ARATH
PDAT1_ARATH,CDPK2_ARATH
PDAT1_ARATH,IQD28_ARATH
PDAT1_ARATH,YJHG_ECOLI
PDAT1_ARATH,CRK36_ARATH
PDAT1_ARATH,F4IXL8_ARATH
PDAT1_ARATH,TTM2_ARATH
PDAT1_ARATH,F4IGF6_ARATH
PDAT1_ARATH,FIMB4_ARATH
PDAT1_ARATH,F4HWS5_ARATH
PDAT1_ARATH,M3K3_ARATH
PDAT1_ARATH,F4IM54_ARATH
PDAT1_ARATH,SSRP1_ARATH
PDAT1_ARATH,PPR85_ARATH
PDAT1_ARATH,RLK90_ARATH
PDAT1_ARATH,PP327_ARATH
PDAT1_ARATH,MED17_ARATH
PDAT1_ARATH,FDM3_ARATH
PDAT1_ARATH,DUS8_MOUSE
PDAT1_ARATH,MACB_ECOLI
PDAT1_ARATH,LACS3_ARATH
PDAT1_ARATH,COAA1_MOUSE
PDAT1_ARATH,O81047_ARATH
PDAT1_ARATH,MTEF2_ARATH
PDAT1_ARATH,FIMB2_ARATH
PDAT1_ARATH,F4J311_ARATH
PDAT1_ARATH,F4JCB3_ARATH
PDAT1_ARATH,M3K2_ARATH
PDAT1_ARATH,P2C31_ARATH
PDAT1_ARATH,P2C04_ARATH
PDAT1_ARATH,PABP4_ARATH
PDAT1_ARATH,Q3UXW4_MOUSE
PDAT1_ARATH,P2C23_ARATH
PDAT1_ARATH,PPR88_ARATH
PDAT1_ARATH,NADB_ARATH
PDAT1_ARATH,PP425_ARATH
PDAT1_ARATH,Y5586_ARATH
PDAT1_ARATH,Q84TI2_ARATH
PDAT1_ARATH,WAKLF_ARATH
PDAT1_ARATH,PR5K_ARATH
PDAT1_ARATH,Q9C8H6_ARATH
PDAT1_ARATH,PSL4_ARATH
PDAT1_ARATH,PUM24_ARATH
PDAT1_ARATH,PUM7_ARATH
PDAT1_ARATH,Q0WNW0_ARATH
PDAT1_ARATH,Q9FHG3_ARATH
PDAT1_ARATH,Q8GZ31_ARATH
PDAT1_ARATH,SPP2C_MOUSE
PDAT1_ARATH,Q9S781_ARATH
PDAT1_ARATH,Q9LZJ4_ARATH
PDAT1_ARATH,QWRF2_ARATH
PDAT1_ARATH,SUT12_ARATH
PDAT1_ARATH,RH52_ARATH
PDAT1_ARATH,SCLT1_MOUSE
PDAT1_ARATH,CACO1_MOUSE
PDAT1_ARATH,RHM3_ARATH
PDAT1_ARATH,SSY1_ARATH
PDAT1_ARATH,RMI1_ARATH
PDAT1_ARATH,Y5516_ARATH
PDAT1_ARATH,SUT31_ARATH
PDAT1_ARATH,SCL8_ARATH
PDAT1_ARATH,SUT11_ARATH
PDAT1_ARATH,RLHA_ECOLI
PDAT1_ARATH,THAL_ARATH
PDAT1_ARATH,SUT34_ARATH
PDAT1_ARATH,A0A3B2WBG2_MOUSE
PDAT1_ARATH,GSPD_ECOLI
PDAT1_ARATH,TCF25_MOUSE
PDAT1_ARATH,TCX4_ARATH
PDAT1_ARATH,HUTH_MOUSE
PDAT1_ARATH,ADAS_MOUSE
PDAT1_ARATH,TTM1_ARATH
PDAT1_ARATH,ATF6A_MOUSE
PDAT1_ARATH,AEGA_ECOLI
PDAT1_ARATH,LRRC4_MOUSE
PDAT1_ARATH,Y1848_ARATH
PDAT1_ARATH,AKP8L_MOUSE
PDAT1_ARATH,LPAKS_ECOLI
PDAT1_ARATH,SUV2_ARATH
PDAT1_ARATH,RNB_ECOLI
PDAT1_ARATH,BIP_MOUSE
PDAT1_ARATH,DTNB_MOUSE
PDAT1_ARATH,AAEB_ECOLI
PDAT1_ARATH,Q8K1G9_MOUSE
PDAT1_ARATH,RRN3_MOUSE
PDAT1_ARATH,UACF_ECOLI
PDAT1_ARATH,A0A1L1STQ7_MOUSE
PDAT1_ARATH,AKA10_MOUSE
PDAT1_ARATH,YEAG_ECOLI
PDAT1_ARATH,YAGF_ECOLI
PDAT1_ARATH,A2A9J5_MOUSE
PDAT1_ARATH,ANO10_MOUSE
CNX1_ARATH,Q9SF50_ARATH
CNX1_ARATH,ODP21_ARATH
CNX1_ARATH,OPDA_ECOLI
CNX1_ARATH,I70A2_MOUSE
CNX1_ARATH,PPR36_ARATH
CNX1_ARATH,EWS_MOUSE
CNX1_ARATH,F2Z4B7_MOUSE
CNX1_ARATH,LRL12_ARATH
CNX1_ARATH,BRD7_MOUSE
CNX1_ARATH,CAN5_MOUSE
CNX1_ARATH,SUVH2_ARATH
CNX1_ARATH,O49319_ARATH
CNX1_ARATH,MYCT_MOUSE
CNX1_ARATH,RAE1_MOUSE
CNX1_ARATH,CBPZ_MOUSE
CNX1_ARATH,COQ8A_MOUSE
CNX1_ARATH,CEP72_MOUSE
CNX1_ARATH,CKAP2_MOUSE
CNX1_ARATH,TAF6_MOUSE
CNX1_ARATH,CLPT1_MOUSE
CNX1_ARATH,GALT7_MOUSE
CNX1_ARATH,PCSK4_MOUSE
CNX1_ARATH,DBF4A_MOUSE
CNX1_ARATH,COG6_ARATH
CNX1_ARATH,ABCD3_MOUSE
CNX1_ARATH,KIF12_MOUSE
CNX1_ARATH,DDX3L_MOUSE
CNX1_ARATH,IT70B_MOUSE
CNX1_ARATH,LMTD2_MOUSE
CNX1_ARATH,KCND1_MOUSE
CNX1_ARATH,HGNAT_MOUSE
CNX1_ARATH,NPT2B_MOUSE
CNX1_ARATH,LY9_MOUSE
CNX1_ARATH,SAE2_MOUSE
CNX1_ARATH,MA1A1_MOUSE
CNX1_ARATH,Q5DTH6_MOUSE
CNX1_ARATH,S5A4A_MOUSE
CNX1_ARATH,MA1B1_MOUSE
CNX1_ARATH,NGLY1_MOUSE
CNX1_ARATH,RHG18_MOUSE
CNX1_ARATH,SDHA_MOUSE
CNX1_ARATH,S6A14_MOUSE
CNX1_ARATH,PCKGM_MOUSE
CNX1_ARATH,ODF2L_MOUSE
CNX1_ARATH,GNPAT_MOUSE
CNX1_ARATH,EREL2_ARATH
CNX1_ARATH,Q7TSI4_MOUSE
CNX1_ARATH,Q9LJK5_ARATH
CNX1_ARATH,Q8R0K8_MOUSE
CNX1_ARATH,RANB9_MOUSE
CNX1_ARATH,PDE4C_MOUSE
CNX1_ARATH,RFX5_MOUSE
CNX1_ARATH,S28A2_MOUSE
CNX1_ARATH,PROS_MOUSE
CNX1_ARATH,S28A1_MOUSE
CNX1_ARATH,PIF1_MOUSE
CNX1_ARATH,TRI47_MOUSE
CNX1_ARATH,SYRC_MOUSE
CNX1_ARATH,HS702_ARATH
CNX1_ARATH,RAVR2_MOUSE
CNX1_ARATH,SPRL1_MOUSE
CNX1_ARATH,YSL3_ARATH
CNX1_ARATH,SPT13_MOUSE
CNX1_ARATH,SC6A7_MOUSE
CNX1_ARATH,S20A2_MOUSE
CNX1_ARATH,AMFR_MOUSE
CNX1_ARATH,SUGP1_MOUSE
CNX1_ARATH,LIMK2_MOUSE
CNX1_ARATH,WRIP1_MOUSE
CNX1_ARATH,ZN143_MOUSE
CNX1_ARATH,PTM3C_ECOLI
CNX1_ARATH,ZFP64_MOUSE
CNX1_ARATH,SO2A1_MOUSE
CNX1_ARATH,WAC_MOUSE
CNX1_ARATH,A0A0N4SV65_MOUSE
CNX1_ARATH,TF3B_MOUSE
CNX1_ARATH,TGM4_MOUSE
CNX1_ARATH,SDA1_MOUSE
CNX1_ARATH,TRI18_MOUSE
CNX1_ARATH,XKR4_MOUSE
CNX1_ARATH,MNGA_ECOLI
CNX1_ARATH,ZFP59_MOUSE
CNX1_ARATH,XKR6_MOUSE
CNX1_ARATH,TRP4_ARATH
CNX1_ARATH,XKR5_MOUSE
CNX1_ARATH,SAS6_MOUSE
CNX1_ARATH,SYRM_ARATH
CNX1_ARATH,BZP28_ARATH
CNX1_ARATH,ZFTA_MOUSE
CNX1_ARATH,SUN3_ARATH
CNX1_ARATH,FM1AA_MOUSE
CNX1_ARATH,ACS2L_MOUSE
CNX1_ARATH,MTO1_MOUSE
CNX1_ARATH,F4IIX4_ARATH
CNX1_ARATH,BGLR_MOUSE
CNX1_ARATH,COBL9_ARATH
CNX1_ARATH,MAMC2_MOUSE
CNX1_ARATH,ZN263_MOUSE
CNX1_ARATH,MTHR_MOUSE
CNX1_ARATH,YSL2_ARATH
TKT1_ECOLI,CAAT2_ARATH
TKT1_ECOLI,EMF2_ARATH
TKT1_ECOLI,DCP_ECOLI
TKT1_ECOLI,F4IPB2_ARATH
TKT1_ECOLI,PP147_ARATH
TKT1_ECOLI,F4IRA9_ARATH
TKT1_ECOLI,F4KG57_ARATH
TKT1_ECOLI,F4J3B3_ARATH
TKT1_ECOLI,FDM5_ARATH
TKT1_ECOLI,A0A3Q4EHP3_MOUSE
TKT1_ECOLI,ASI1_ARATH
TKT1_ECOLI,INVH_ARATH
TKT1_ECOLI,MP702_ARATH
TKT1_ECOLI,NUCL2_ARATH
TKT1_ECOLI,CNGA1_MOUSE
TKT1_ECOLI,DACH2_MOUSE
TKT1_ECOLI,P4KG5_ARATH
TKT1_ECOLI,PSD3_ARATH
TKT1_ECOLI,Q8VDM7_MOUSE
TKT1_ECOLI,LEU11_ARATH
TKT1_ECOLI,O82762_ARATH
TKT1_ECOLI,KCNC2_MOUSE
TKT1_ECOLI,DEFI6_MOUSE
TKT1_ECOLI,PPR91_ARATH
TKT1_ECOLI,PPR94_ARATH
TKT1_ECOLI,PP354_ARATH
TKT1_ECOLI,PRK3_ARATH
TKT1_ECOLI,Y1301_ARATH
TKT1_ECOLI,PPR90_ARATH
TKT1_ECOLI,EPN3_MOUSE
TKT1_ECOLI,PRK1_ARATH
TKT1_ECOLI,LEU12_ARATH
TKT1_ECOLI,Q0WR25_ARATH
TKT1_ECOLI,Q8H126_ARATH
TKT1_ECOLI,GRAM4_MOUSE
TKT1_ECOLI,PPR58_ARATH
TKT1_ECOLI,CSTFT_MOUSE
TKT1_ECOLI,POTE1_MOUSE
TKT1_ECOLI,RH27_ARATH
TKT1_ECOLI,I70A1_MOUSE
TKT1_ECOLI,MBR2_ARATH
TKT1_ECOLI,PSD2_ARATH
TKT1_ECOLI,Q9C9E5_ARATH
TKT1_ECOLI,GT16_ARATH
TKT1_ECOLI,LRK63_ARATH
TKT1_ECOLI,RH37_ARATH
TKT1_ECOLI,THIC_ECOLI
TKT1_ECOLI,YCIQ_ECOLI
TKT1_ECOLI,Q9FKM4_ARATH
TKT1_ECOLI,A0A087WSF4_MOUSE
TKT1_ECOLI,GTPB4_MOUSE
TKT1_ECOLI,ANKS3_MOUSE
TKT1_ECOLI,BCAS1_MOUSE
TKT1_ECOLI,Q4VA13_MOUSE
TKT1_ECOLI,DLEC1_MOUSE
TKT1_ECOLI,PLST_MOUSE
TKT1_ECOLI,E9Q981_MOUSE
TKT1_ECOLI,PTN2B_ARATH
TKT1_ECOLI,Q9SIN3_ARATH
TKT1_ECOLI,MBTD1_MOUSE
TKT1_ECOLI,Q3U8W9_MOUSE
TKT1_ECOLI,Q6PCX8_MOUSE
TKT1_ECOLI,Q3USU9_MOUSE
TKT1_ECOLI,LRKS1_ARATH
TKT1_ECOLI,LRK44_ARATH
TKT1_ECOLI,RPN2_MOUSE
TKT1_ECOLI,HEM1_MOUSE
TKT1_ECOLI,KEULE_ARATH
TKT1_ECOLI,MDIS2_ARATH
TKT1_ECOLI,SC6A8_MOUSE
TKT1_ECOLI,Q3UMT8_MOUSE
TKT1_ECOLI,Q8VHM5_MOUSE
TKT1_ECOLI,PF21A_MOUSE
TKT1_ECOLI,YOAA_ECOLI
TKT1_ECOLI,GPCP1_MOUSE
TKT1_ECOLI,SRPRA_MOUSE
TKT1_ECOLI,NEDD1_MOUSE
TKT1_ECOLI,ZN746_MOUSE
TKT1_ECOLI,MTMR7_MOUSE
TKT1_ECOLI,KCNA4_MOUSE
TKT1_ECOLI,TBC15_MOUSE
TKT1_ECOLI,Q6P2K8_MOUSE
TKT1_ECOLI,SYDM_ARATH
TKT1_ECOLI,MYOB3_ARATH
TKT1_ECOLI,A0A0N4SUY3_MOUSE
TKT1_ECOLI,LX12E_MOUSE
TKT1_ECOLI,SYNC2_ARATH
TKT1_ECOLI,E70C1_ARATH
TKT1_ECOLI,SYTM2_ARATH
TKT1_ECOLI,S620B_MOUSE
TKT1_ECOLI,NPY2_ARATH
TKT1_ECOLI,PTR44_ARATH
TKT1_ECOLI,CTL1_MOUSE
TKT1_ECOLI,OLM2A_MOUSE
TKT1_ECOLI,TEC_MOUSE
TKT1_ECOLI,Q9SZB7_ARATH
TKT1_ECOLI,IP5P3_ARATH
TKT1_ECOLI,ABCG5_MOUSE
TKT1_ECOLI,Q9LHS5_ARATH
TKT1_ECOLI,SLT_ECOLI
PYRH_ECOLI,ADIY_ECOLI
PYRH_ECOLI,EXP15_ARATH
PYRH_ECOLI,F4INM3_ARATH
PYRH_ECOLI,ENVY_ECOLI
PYRH_ECOLI,Y5224_ARATH
PYRH_ECOLI,G0XYG8_MOUSE
PYRH_ECOLI,Q91Y82_MOUSE
PYRH_ECOLI,PRP3_ECOLI
PYRH_ECOLI,CLDN1_MOUSE
PYRH_ECOLI,ECI3_ARATH
PYRH_ECOLI,FGOP2_MOUSE
PYRH_ECOLI,1433G_MOUSE
PYRH_ECOLI,TMM70_MOUSE
PYRH_ECOLI,E9Q9F3_MOUSE
PYRH_ECOLI,TRPT1_MOUSE
PYRH_ECOLI,Q62323_MOUSE
PYRH_ECOLI,UTP23_MOUSE
PYRH_ECOLI,VATD_MOUSE
PYRH_ECOLI,MSTRO_MOUSE
PYRH_ECOLI,MLF2_MOUSE
PYRH_ECOLI,ZAPD_ECOLI
PYRH_ECOLI,KDUD_ECOLI
PYRH_ECOLI,SPF27_ARATH
PYRH_ECOLI,MET23_MOUSE
PYRH_ECOLI,FCG3A_MOUSE
PYRH_ECOLI,RAE1D_MOUSE
PYRH_ECOLI,IF4H_MOUSE
PYRH_ECOLI,TPM4_MOUSE
PYRH_ECOLI,RTE1_ARATH
PYRH_ECOLI,RL74_ARATH
PYRH_ECOLI,PSA7_MOUSE
PYRH_ECOLI,MBP_MOUSE
PYRH_ECOLI,TIP13_ARATH
PYRH_ECOLI,AN32A_MOUSE
PYRH_ECOLI,STPG4_MOUSE
PYRH_ECOLI,PPSP3_ARATH
PYRH_ECOLI,PX11A_ARATH
PYRH_ECOLI,SAP13_ARATH
PYRH_ECOLI,F4IT48_ARATH
PYRH_ECOLI,CCN5_MOUSE
PYRH_ECOLI,TIP12_ARATH
PYRH_ECOLI,IAA7_ARATH
PYRH_ECOLI,RU2B1_ARATH
PYRH_ECOLI,PAAC_ECOLI
PYRH_ECOLI,HSCB_ARATH
PYRH_ECOLI,SWET1_ARATH
PYRH_ECOLI,RA211_ARATH
PYRH_ECOLI,FRDB_ECOLI
PYRH_ECOLI,C1QB_MOUSE
PYRH_ECOLI,TIP11_ARATH
PYRH_ECOLI,VAPA_MOUSE
PYRH_ECOLI,GGP1_ARATH
PYRH_ECOLI,UGPQ_ECOLI
PYRH_ECOLI,MY113_ARATH
PYRH_ECOLI,RGS18_MOUSE
PYRH_ECOLI,4ON1_ARATH
PYRH_ECOLI,ENAP1_ARATH
PYRH_ECOLI,SODE_MOUSE
PYRH_ECOLI,RU2A_ARATH
PYRH_ECOLI,RS3B_ARATH
PYRH_ECOLI,JUNO_MOUSE
PYRH_ECOLI,RZ1A_ARATH
PYRH_ECOLI,RS3_MOUSE
PYRH_ECOLI,F4HQJ3_ARATH
PYRH_ECOLI,ENTA_ECOLI
PYRH_ECOLI,SEP3_ARATH
PYRH_ECOLI,IAA29_ARATH
PYRH_ECOLI,1433F_MOUSE
PYRH_ECOLI,O22958_ARATH
PYRH_ECOLI,Q7X9H6_ARATH
PYRH_ECOLI,AGP30_ARATH
PYRH_ECOLI,ARCA_ECOLI
PYRH_ECOLI,FRI2_ARATH
PYRH_ECOLI,RS33_ARATH
PYRH_ECOLI,FLZ14_ARATH
PYRH_ECOLI,TSGA8_MOUSE
PYRH_ECOLI,YJFP_ECOLI
PYRH_ECOLI,RS3A_ARATH
PYRH_ECOLI,LOIP_ECOLI
PYRH_ECOLI,RS61_ARATH
PYRH_ECOLI,RS62_ARATH
PYRH_ECOLI,GPP2_ARATH
PYRH_ECOLI,14338_ARATH
PYRH_ECOLI,Q3TDL2_MOUSE
PYRH_ECOLI,S407_ARATH
PYRH_ECOLI,SRR1L_MOUSE
PYRH_ECOLI,TCP21_ARATH
PYRH_ECOLI,RTBDN_MOUSE
PYRH_ECOLI,YDFG_ECOLI
PYRH_ECOLI,CY561_MOUSE
PYRH_ECOLI,NUDT7_MOUSE
PYRH_ECOLI,A0A1W2P7M5_MOUSE
PYRH_ECOLI,F4I7U9_ARATH
PYRH_ECOLI,CLD14_MOUSE
PYRH_ECOLI,LPTB_ECOLI
PYRH_ECOLI,CHBG_ECOLI
PYRH_ECOLI,UREF_ARATH
PYRH_ECOLI,LIN37_MOUSE
PYRH_ECOLI,TI10B_ARATH
PYRH_ECOLI,TPK1_MOUSE
P2C31_ARATH,PPR96_ARATH
P2C31_ARATH,FPP2_ARATH
P2C31_ARATH,AB26G_ARATH
P2C31_ARATH,A0A5S9Y438_ARATH
P2C31_ARATH,BTK_MOUSE
P2C31_ARATH,ATG1A_ARATH
P2C31_ARATH,LRKS4_ARATH
P2C31_ARATH,RH16_ARATH
P2C31_ARATH,LRL11_ARATH
P2C31_ARATH,GUFP_ARATH
P2C31_ARATH,TRE1_ARATH
P2C31_ARATH,LRFN3_MOUSE
P2C31_ARATH,DC1I1_MOUSE
P2C31_ARATH,VSR4_ARATH
P2C31_ARATH,PRPE_ECOLI
P2C31_ARATH,LRK57_ARATH
P2C31_ARATH,SYKC_ARATH
P2C31_ARATH,PGL3_ARATH
P2C31_ARATH,LEO1_MOUSE
P2C31_ARATH,VSR3_ARATH
P2C31_ARATH,WIT2_ARATH
P2C31_ARATH,CNGA3_MOUSE
P2C31_ARATH,JKIP1_MOUSE
P2C31_ARATH,F6RQD1_MOUSE
P2C31_ARATH,DYR1B_MOUSE
P2C31_ARATH,Q99KB9_MOUSE
P2C31_ARATH,NEK5_MOUSE
P2C31_ARATH,S6A11_MOUSE
P2C31_ARATH,RH7_ARATH
P2C31_ARATH,Q1WWJ5_MOUSE
P2C31_ARATH,LCAT2_ARATH
P2C31_ARATH,K2C1_MOUSE
P2C31_ARATH,PP273_ARATH
P2C31_ARATH,Q6TKP2_MOUSE
P2C31_ARATH,S6A19_MOUSE
P2C31_ARATH,SCC11_ARATH
P2C31_ARATH,Q62029_MOUSE
P2C31_ARATH,B5AK96_MOUSE
P2C31_ARATH,CNGA2_MOUSE
P2C31_ARATH,ABCG2_MOUSE
P2C31_ARATH,MED17_MOUSE
P2C31_ARATH,TMN7_ARATH
P2C31_ARATH,Q8R499_MOUSE
P2C31_ARATH,SUVH3_ARATH
P2C31_ARATH,CAP1_ARATH
P2C31_ARATH,PAPOB_MOUSE
P2C31_ARATH,CAOG2_ARATH
P2C31_ARATH,MUC1_MOUSE
P2C31_ARATH,LRK54_ARATH
P2C31_ARATH,APLP1_MOUSE
P2C31_ARATH,SYT16_MOUSE
P2C31_ARATH,FAF1_MOUSE
P2C31_ARATH,LACS1_ARATH
P2C31_ARATH,KPCL_MOUSE
P2C31_ARATH,MBD1_MOUSE
P2C31_ARATH,Q99MW6_MOUSE
P2C31_ARATH,Q99NI0_MOUSE
P2C31_ARATH,PP270_ARATH
P2C31_ARATH,BGH3_MOUSE
P2C31_ARATH,NPHP1_MOUSE
P2C31_ARATH,PRK6_ARATH
P2C31_ARATH,KDPB_ECOLI
P2C31_ARATH,LIMK1_MOUSE
P2C31_ARATH,HS71L_MOUSE
P2C31_ARATH,SBIR1_ARATH
P2C31_ARATH,PABP2_ARATH
P2C31_ARATH,UUP_ECOLI
P2C31_ARATH,RP6L1_ARATH
P2C31_ARATH,PARE_ECOLI
P2C31_ARATH,B2RQA7_MOUSE
P2C31_ARATH,CAOA3_ARATH
P2C31_ARATH,INVA3_ARATH
P2C31_ARATH,KU80_ARATH
P2C31_ARATH,PPK1_ECOLI
P2C31_ARATH,ORTH2_ARATH
P2C31_ARATH,KLH14_MOUSE
P2C31_ARATH,Q768S5_MOUSE
P2C31_ARATH,EFHC1_MOUSE
P2C31_ARATH,HS701_ARATH
P2C31_ARATH,LIPG1_ARATH
P2C31_ARATH,Q3TZ28_MOUSE
P2C31_ARATH,S5A4B_MOUSE
P2C31_ARATH,PABP1_MOUSE
P2C31_ARATH,CCX3_ARATH
P2C31_ARATH,FDM1_ARATH
P2C31_ARATH,CNG12_ARATH
P2C31_ARATH,KLH31_MOUSE
P2C31_ARATH,SCEL_MOUSE
P2C31_ARATH,A1JVI8_MOUSE
P2C31_ARATH,MPP4_MOUSE
P2C31_ARATH,GGN_MOUSE
P2C31_ARATH,ECT2_ARATH
P2C31_ARATH,CRK11_ARATH
P2C31_ARATH,CIRA_ECOLI
P2C31_ARATH,KIF22_MOUSE
P2C31_ARATH,CXXC1_MOUSE
P2C31_ARATH,Q9LIA2_ARATH
P2C31_ARATH,Q9FN91_ARATH
P2C31_ARATH,HS71B_MOUSE
P2C31_ARATH,ZN503_MOUSE
TGM2_MOUSE,YSL1_ARATH
TGM2_MOUSE,Q8K302_MOUSE
TGM2_MOUSE,MRF2_ARATH
TGM2_MOUSE,ECM2_MOUSE
TGM2_MOUSE,Q922U7_MOUSE
TGM2_MOUSE,CRK13_ARATH
TGM2_MOUSE,PADI4_MOUSE
TGM2_MOUSE,Q9LT63_ARATH
TGM2_MOUSE,PGAB_ECOLI
TGM2_MOUSE,MACOI_MOUSE
TGM2_MOUSE,LPOA_ECOLI
TGM2_MOUSE,SRAC1_MOUSE
TGM2_MOUSE,VASN_MOUSE
TGM2_MOUSE,S26A7_MOUSE
TGM2_MOUSE,B3GTK_ARATH
TGM2_MOUSE,CSLC6_ARATH
TGM2_MOUSE,STRBP_MOUSE
TGM2_MOUSE,IFT81_MOUSE
TGM2_MOUSE,ARFP_ARATH
TGM2_MOUSE,FGD2_MOUSE
TGM2_MOUSE,DGLB_MOUSE
TGM2_MOUSE,FLRT1_MOUSE
TGM2_MOUSE,ASTRC_MOUSE
TGM2_MOUSE,PP265_ARATH
TGM2_MOUSE,CBL10_ARATH
TGM2_MOUSE,THOP1_MOUSE
TGM2_MOUSE,JPH1_MOUSE
TGM2_MOUSE,K22E_MOUSE
TGM2_MOUSE,HGFA_MOUSE
TGM2_MOUSE,FADJ_ECOLI
TGM2_MOUSE,GUX1_ARATH
TGM2_MOUSE,BEST3_MOUSE
TGM2_MOUSE,ACBP4_ARATH
TGM2_MOUSE,WDR43_MOUSE
TGM2_MOUSE,HIF3A_MOUSE
TGM2_MOUSE,MUS81_ARATH
TGM2_MOUSE,KAT3_ARATH
TGM2_MOUSE,LRK42_ARATH
TGM2_MOUSE,BFSP1_MOUSE
TGM2_MOUSE,ACOX1_MOUSE
TGM2_MOUSE,TTL1_ARATH
TGM2_MOUSE,CND2_ARATH
TGM2_MOUSE,TA12B_ARATH
TGM2_MOUSE,TMCA_ECOLI
TGM2_MOUSE,PP264_ARATH
TGM2_MOUSE,ARFA_ARATH
TGM2_MOUSE,S2512_MOUSE
TGM2_MOUSE,NOP2A_ARATH
TGM2_MOUSE,TOP3_ECOLI
TGM2_MOUSE,FXR2_MOUSE
TGM2_MOUSE,PAAZ_ECOLI
TGM2_MOUSE,GACP2_ARATH
TGM2_MOUSE,KTNB1_MOUSE
TGM2_MOUSE,F4KGM7_ARATH
TGM2_MOUSE,SUVH1_ARATH
TGM2_MOUSE,CSLC4_ARATH
TGM2_MOUSE,RGS9_MOUSE
TGM2_MOUSE,ABLM3_MOUSE
TGM2_MOUSE,Q91WW6_MOUSE
TGM2_MOUSE,B1AWC8_MOUSE
TGM2_MOUSE,AMY1_ECOLI
TGM2_MOUSE,SHCBP_MOUSE
TGM2_MOUSE,AMPH_MOUSE
TGM2_MOUSE,UBN1_ARATH
TGM2_MOUSE,SO1B2_MOUSE
TGM2_MOUSE,SLIK1_MOUSE
TGM2_MOUSE,PALS1_MOUSE
TGM2_MOUSE,CAOA2_ARATH
TGM2_MOUSE,Q80VA2_MOUSE
TGM2_MOUSE,CNG15_ARATH
TGM2_MOUSE,LDCC_ECOLI
TGM2_MOUSE,KPCA_MOUSE
TGM2_MOUSE,HS12B_MOUSE
TGM2_MOUSE,AB13G_ARATH
TGM2_MOUSE,EPB42_MOUSE
TGM2_MOUSE,PAK6_MOUSE
TGM2_MOUSE,TSEAR_MOUSE
TGM2_MOUSE,PP408_ARATH
TGM2_MOUSE,SLC31_MOUSE
TGM2_MOUSE,EOMES_MOUSE
TGM2_MOUSE,Q9SW41_ARATH
TGM2_MOUSE,TRXR3_MOUSE
TGM2_MOUSE,HSP7J_ARATH
TGM2_MOUSE,TM201_MOUSE
TGM2_MOUSE,GAR3_MOUSE
TGM2_MOUSE,MEX3C_MOUSE
TGM2_MOUSE,TKT1_ECOLI
TGM2_MOUSE,MMP2_MOUSE
TGM2_MOUSE,YSL6_ARATH
TGM2_MOUSE,NCPR1_ARATH
TGM2_MOUSE,HDGR2_MOUSE
TGM2_MOUSE,LAMP1_ARATH
TGM2_MOUSE,PPA2_ARATH
TGM2_MOUSE,ARBK1_MOUSE
TGM2_MOUSE,CASP_MOUSE
TGM2_MOUSE,SCR_ARATH
TGM2_MOUSE,HDA5_ARATH
TGM2_MOUSE,PCKA1_ARATH
TGM2_MOUSE,TM232_MOUSE
TGM2_MOUSE,FXR1_MOUSE
MAX2_ARATH,Q3TMJ3_MOUSE
MAX2_ARATH,CPSF3_MOUSE
MAX2_ARATH,F4KEN7_ARATH
MAX2_ARATH,LYK5_ARATH
MAX2_ARATH,FZD8_MOUSE
MAX2_ARATH,CHER1_ARATH
MAX2_ARATH,ABCG8_MOUSE
MAX2_ARATH,SL9A6_MOUSE
MAX2_ARATH,FIMB1_ARATH
MAX2_ARATH,HAP2_ARATH
MAX2_ARATH,ARR2_ARATH
MAX2_ARATH,MTA2_MOUSE
MAX2_ARATH,AB1IP_MOUSE
MAX2_ARATH,LRK64_ARATH
MAX2_ARATH,RHM2_ARATH
MAX2_ARATH,SC5A3_MOUSE
MAX2_ARATH,PAK5_MOUSE
MAX2_ARATH,ZN800_MOUSE
MAX2_ARATH,NDC1_MOUSE
MAX2_ARATH,F4JIX9_ARATH
MAX2_ARATH,CYOB_ECOLI
MAX2_ARATH,FDHF_ECOLI
MAX2_ARATH,FRMD7_MOUSE
MAX2_ARATH,PERM_MOUSE
MAX2_ARATH,FADB_ECOLI
MAX2_ARATH,SYM_ECOLI
MAX2_ARATH,F4J7P7_ARATH
MAX2_ARATH,RHM1_ARATH
MAX2_ARATH,DCST2_MOUSE
MAX2_ARATH,PR15B_MOUSE
MAX2_ARATH,HDA18_ARATH
MAX2_ARATH,CRK5_ARATH
MAX2_ARATH,SPD1_ARATH
MAX2_ARATH,CRK4_ARATH
MAX2_ARATH,CNDH2_ARATH
MAX2_ARATH,NOA1_MOUSE
MAX2_ARATH,WAVH2_ARATH
MAX2_ARATH,AAS_ECOLI
MAX2_ARATH,ABPB_ECOLI
MAX2_ARATH,GGNB2_MOUSE
MAX2_ARATH,SCPA_ECOLI
MAX2_ARATH,THMS2_MOUSE
MAX2_ARATH,INVC_ARATH
MAX2_ARATH,LDB3_MOUSE
MAX2_ARATH,LNK2_ARATH
MAX2_ARATH,CC154_MOUSE
MAX2_ARATH,WNK1_ARATH
MAX2_ARATH,FLRT2_MOUSE
MAX2_ARATH,S27A3_MOUSE
MAX2_ARATH,FTSH2_ARATH
MAX2_ARATH,AB25G_ARATH
MAX2_ARATH,FHUB_ECOLI
MAX2_ARATH,SARM1_MOUSE
MAX2_ARATH,KPCG_MOUSE
MAX2_ARATH,LRK13_ARATH
MAX2_ARATH,GPSM2_MOUSE
MAX2_ARATH,FHLA_ECOLI
MAX2_ARATH,FIGL1_MOUSE
MAX2_ARATH,PP239_ARATH
MAX2_ARATH,TTL3_ARATH
MAX2_ARATH,MA653_ARATH
MAX2_ARATH,SIX5_MOUSE
MAX2_ARATH,MARH7_MOUSE
MAX2_ARATH,SPIR2_MOUSE
MAX2_ARATH,HHIP_MOUSE
MAX2_ARATH,AB12G_ARATH
MAX2_ARATH,HPS1_MOUSE
MAX2_ARATH,MS1_ARATH
MAX2_ARATH,ALKB8_MOUSE
MAX2_ARATH,SO2B1_MOUSE
MAX2_ARATH,P85B_MOUSE
MAX2_ARATH,APLP2_MOUSE
MAX2_ARATH,SO1A6_MOUSE
MAX2_ARATH,NRDD_ECOLI
MAX2_ARATH,NUCL_MOUSE
MAX2_ARATH,UVRAG_MOUSE
MAX2_ARATH,PHAR4_MOUSE
MAX2_ARATH,FADH_ECOLI
MAX2_ARATH,BLH1_ARATH
MAX2_ARATH,BBS12_MOUSE
MAX2_ARATH,ELF3_ARATH
MAX2_ARATH,MYBB_MOUSE
MAX2_ARATH,LX12B_MOUSE
MAX2_ARATH,KPCD_MOUSE
MAX2_ARATH,FSHR_MOUSE
MAX2_ARATH,ZP2_MOUSE
MAX2_ARATH,NDUS1_MOUSE
MAX2_ARATH,DHX33_MOUSE
MAX2_ARATH,Q9C5A5_ARATH
MAX2_ARATH,GAS6_MOUSE
MAX2_ARATH,LSHR_MOUSE
MAX2_ARATH,ITF2_MOUSE
MAX2_ARATH,PCSK9_MOUSE
MAX2_ARATH,MYORG_MOUSE
MAX2_ARATH,GAB1_MOUSE
MAX2_ARATH,SC5A1_MOUSE
MAX2_ARATH,KIFC1_MOUSE
MAX2_ARATH,MNMC_ECOLI
MAX2_ARATH,HOOK3_MOUSE
MAX2_ARATH,P63_MOUSE
DCXR_MOUSE,AOC1_ARATH
DCXR_MOUSE,BH051_ARATH
DCXR_MOUSE,ALFL4_ARATH
DCXR_MOUSE,Q7X887_ARATH
DCXR_MOUSE,PDEH_ECOLI
DCXR_MOUSE,TIK_ARATH
DCXR_MOUSE,MYBF_ARATH
DCXR_MOUSE,14310_ARATH
DCXR_MOUSE,CCME_ARATH
DCXR_MOUSE,ERF35_ARATH
DCXR_MOUSE,CYL1_ARATH
DCXR_MOUSE,PUUD_ECOLI
DCXR_MOUSE,ERF84_ARATH
DCXR_MOUSE,AOC4_ARATH
DCXR_MOUSE,EXP14_ARATH
DCXR_MOUSE,GCH1_MOUSE
DCXR_MOUSE,ET3_ARATH
DCXR_MOUSE,MYB48_ARATH
DCXR_MOUSE,GSTF5_ARATH
DCXR_MOUSE,EXP17_ARATH
DCXR_MOUSE,MBD11_ARATH
DCXR_MOUSE,YADH_ECOLI
DCXR_MOUSE,NDUV2_ARATH
DCXR_MOUSE,SUFC_ECOLI
DCXR_MOUSE,EXP20_ARATH
DCXR_MOUSE,GSTFE_ARATH
DCXR_MOUSE,C1QA_MOUSE
DCXR_MOUSE,Q9M0F5_ARATH
DCXR_MOUSE,GLCC_ECOLI
DCXR_MOUSE,GARL_ECOLI
DCXR_MOUSE,Q9SJJ0_ARATH
DCXR_MOUSE,NEUL3_MOUSE
DCXR_MOUSE,LEA32_ARATH
DCXR_MOUSE,Q9SPH0_ARATH
DCXR_MOUSE,RKD4_ARATH
DCXR_MOUSE,GSTUC_ARATH
DCXR_MOUSE,FECE_ECOLI
DCXR_MOUSE,S5A1_MOUSE
DCXR_MOUSE,AGL16_ARATH
DCXR_MOUSE,YDIQ_ECOLI
DCXR_MOUSE,A1A4B3_MOUSE
DCXR_MOUSE,YCAL_ECOLI
DCXR_MOUSE,NIKD_ECOLI
DCXR_MOUSE,ETFB_MOUSE
DCXR_MOUSE,PGAM1_MOUSE
DCXR_MOUSE,BCL10_MOUSE
DCXR_MOUSE,HXD4_MOUSE
DCXR_MOUSE,RTNLF_ARATH
DCXR_MOUSE,PDXJ_ECOLI
DCXR_MOUSE,FSTL3_MOUSE
DCXR_MOUSE,YAFV_ECOLI
DCXR_MOUSE,A8MQL9_ARATH
DCXR_MOUSE,YJJP_ECOLI
DCXR_MOUSE,Q9SZC2_ARATH
DCXR_MOUSE,LYPD8_MOUSE
DCXR_MOUSE,TRH_MOUSE
DCXR_MOUSE,THIG_ECOLI
DCXR_MOUSE,FGF3_MOUSE
DCXR_MOUSE,GLTF_ECOLI
DCXR_MOUSE,14333_ARATH
DCXR_MOUSE,RU2A_MOUSE
DCXR_MOUSE,G3UVT9_MOUSE
DCXR_MOUSE,LEUD2_ARATH
DCXR_MOUSE,BIOH_ECOLI
DCXR_MOUSE,THOC4_MOUSE
DCXR_MOUSE,Q14FK5_MOUSE
DCXR_MOUSE,FIXA_ECOLI
DCXR_MOUSE,YBFF_ECOLI
DCXR_MOUSE,TNR9_MOUSE
DCXR_MOUSE,PCGF5_MOUSE
DCXR_MOUSE,AROD_ECOLI
DCXR_MOUSE,LIVG_ECOLI
DCXR_MOUSE,DERL1_MOUSE
DCXR_MOUSE,PDHR_ECOLI
DCXR_MOUSE,GNT10_ARATH
DCXR_MOUSE,ATI1_ARATH
DCXR_MOUSE,NRP1_ARATH
DCXR_MOUSE,RL7A2_ARATH
DCXR_MOUSE,RTNLC_ARATH
DCXR_MOUSE,RP41L_ARATH
DCXR_MOUSE,YIPF7_MOUSE
DCXR_MOUSE,WHY2_ARATH
DCXR_MOUSE,NRP2_ARATH
DCXR_MOUSE,PSA3_MOUSE
DCXR_MOUSE,MYB52_ARATH
DCXR_MOUSE,1433E_MOUSE
DCXR_MOUSE,GCH1L_ECOLI
DCXR_MOUSE,PSA5B_ARATH
DCXR_MOUSE,NHL6_ARATH
DCXR_MOUSE,HDT1_ARATH
DCXR_MOUSE,GRAB_MOUSE
DCXR_MOUSE,F4JZ26_ARATH
DCXR_MOUSE,NMNA3_MOUSE
DCXR_MOUSE,PSA5A_ARATH
DCXR_MOUSE,TT16_ARATH
DCXR_MOUSE,SSUB_ECOLI
DCXR_MOUSE,LEUD1_ARATH
DCXR_MOUSE,A2AT93_MOUSE
DCXR_MOUSE,MDFIC_MOUSE
DCXR_MOUSE,F4JJW8_ARATH
Y3550_ARATH,ATL5_ARATH
Y3550_ARATH,BCA3_ARATH
Y3550_ARATH,CLC2_ARATH
Y3550_ARATH,EXPA4_ARATH
Y3550_ARATH,EXPA6_ARATH
Y3550_ARATH,SHH1_ARATH
Y3550_ARATH,SDR3A_ARATH
Y3550_ARATH,O81315_ARATH
Y3550_ARATH,Q9ZUJ3_ARATH
Y3550_ARATH,Q9LPD7_ARATH
Y3550_ARATH,Q9C875_ARATH
Y3550_ARATH,Q05BI5_MOUSE
Y3550_ARATH,HISP_ECOLI
Y3550_ARATH,UPK1A_MOUSE
Y3550_ARATH,V9GXR0_MOUSE
Y3550_ARATH,SUFE2_ARATH
Y3550_ARATH,PCS1N_MOUSE
Y3550_ARATH,CD27_MOUSE
Y3550_ARATH,CLPP2_ARATH
Y3550_ARATH,EXUR_ECOLI
Y3550_ARATH,CLD16_MOUSE
Y3550_ARATH,TM215_MOUSE
Y3550_ARATH,KAD2_MOUSE
Y3550_ARATH,SRLR_ECOLI
Y3550_ARATH,TON1B_ARATH
Y3550_ARATH,PRRX1_MOUSE
Y3550_ARATH,PSTB_ECOLI
Y3550_ARATH,CISH_MOUSE
Y3550_ARATH,PURNU_ECOLI
Y3550_ARATH,YAIO_ECOLI
Y3550_ARATH,RT15_MOUSE
Y3550_ARATH,AMN1_MOUSE
Y3550_ARATH,RS2_ECOLI
Y3550_ARATH,UXUR_ECOLI
Y3550_ARATH,Q80XE0_MOUSE
Y3550_ARATH,RL8_MOUSE
Y3550_ARATH,STX6_MOUSE
Y3550_ARATH,THA8L_ARATH
Y3550_ARATH,MAJIN_MOUSE
Y3550_ARATH,ALKB6_ARATH
Y3550_ARATH,YAAA_ECOLI
Y3550_ARATH,MAF1_MOUSE
Y3550_ARATH,CASPE_MOUSE
Y3550_ARATH,Q4VCN4_MOUSE
Y3550_ARATH,IDLC_MOUSE
Y3550_ARATH,TONB_ECOLI
Y3550_ARATH,Q9LMQ2_ARATH
Y3550_ARATH,AKTS1_MOUSE
Y3550_ARATH,SWET9_ARATH
Y3550_ARATH,TATC_ECOLI
Y3550_ARATH,LIL32_ARATH
Y3550_ARATH,ZUPT_ECOLI
Y3550_ARATH,CF410_MOUSE
Y3550_ARATH,RAP23_ARATH
Y3550_ARATH,R7BP_MOUSE
Y3550_ARATH,LHPL4_MOUSE
Y3550_ARATH,IOD1_MOUSE
Y3550_ARATH,GRCR2_MOUSE
Y3550_ARATH,RL81_ARATH
Y3550_ARATH,AGL3_ARATH
Y3550_ARATH,AP1_ARATH
Y3550_ARATH,RTNLD_ARATH
Y3550_ARATH,C1QL3_MOUSE
Y3550_ARATH,RL83_ARATH
Y3550_ARATH,RL7A1_ARATH
Y3550_ARATH,HIS6_ECOLI
Y3550_ARATH,ENKUR_MOUSE
Y3550_ARATH,SYCP3_MOUSE
Y3550_ARATH,HB2F_MOUSE
Y3550_ARATH,EXPA5_ARATH
Y3550_ARATH,SKA1_MOUSE
Y3550_ARATH,EXPA8_ARATH
Y3550_ARATH,SPEF1_MOUSE
Y3550_ARATH,PSRP2_ARATH
Y3550_ARATH,YPDB_ECOLI
Y3550_ARATH,RAE1C_MOUSE
Y3550_ARATH,UBX2A_MOUSE
Y3550_ARATH,PXG2_ARATH
Y3550_ARATH,CXL16_MOUSE
Y3550_ARATH,EMX2_MOUSE
Y3550_ARATH,PSA7A_ARATH
Y3550_ARATH,WOX3_ARATH
Y3550_ARATH,WOX4_ARATH
Y3550_ARATH,MES9_ARATH
Y3550_ARATH,TIP51_ARATH
Y3550_ARATH,CD151_MOUSE
Y3550_ARATH,ING5_MOUSE
Y3550_ARATH,PHNK_ECOLI
Y3550_ARATH,RABA3_ARATH
Y3550_ARATH,Q9D3J3_MOUSE
Y3550_ARATH,PDCL3_MOUSE
Y3550_ARATH,PGPB_ECOLI
Y3550_ARATH,CNBLA_ARATH
Y3550_ARATH,KLF16_MOUSE
Y3550_ARATH,CD48_MOUSE
Y3550_ARATH,Q9SUN5_ARATH
Y3550_ARATH,IAA16_ARATH
Y3550_ARATH,ZAT6_ARATH
Y3550_ARATH,MYB59_ARATH
Y3550_ARATH,MSRA4_ARATH
THAL_ARATH,Q8W112_ARATH
THAL_ARATH,DRP1E_ARATH
THAL_ARATH,GTR12_MOUSE
THAL_ARATH,F4I7K3_ARATH
THAL_ARATH,ARFK_ARATH
THAL_ARATH,MNS4_ARATH
THAL_ARATH,F4I8V6_ARATH
THAL_ARATH,LRK32_ARATH
THAL_ARATH,PP223_ARATH
THAL_ARATH,MNMG_ECOLI
THAL_ARATH,BCAM_MOUSE
THAL_ARATH,MBRL_ARATH
THAL_ARATH,MELK_MOUSE
THAL_ARATH,CTR1_MOUSE
THAL_ARATH,GALT6_MOUSE
THAL_ARATH,WBP11_MOUSE
THAL_ARATH,TLC1_ARATH
THAL_ARATH,MNS3_ARATH
THAL_ARATH,FA11_MOUSE
THAL_ARATH,MATN4_MOUSE
THAL_ARATH,NCOA4_MOUSE
THAL_ARATH,PARN_MOUSE
THAL_ARATH,CBL11_ARATH
THAL_ARATH,SCL28_ARATH
THAL_ARATH,DNAK_ECOLI
THAL_ARATH,SHOT1_MOUSE
THAL_ARATH,FBX21_MOUSE
THAL_ARATH,Y5659_ARATH
THAL_ARATH,PPID_ECOLI
THAL_ARATH,Q3V362_MOUSE
THAL_ARATH,FTSH_ECOLI
THAL_ARATH,ZP1_MOUSE
THAL_ARATH,PLSL_MOUSE
THAL_ARATH,PTV3B_ECOLI
THAL_ARATH,IRAK2_MOUSE
THAL_ARATH,MAK_MOUSE
THAL_ARATH,PRIC3_MOUSE
THAL_ARATH,Q9SYG5_ARATH
THAL_ARATH,DNAI2_MOUSE
THAL_ARATH,SIR_ARATH
THAL_ARATH,LRK91_ARATH
THAL_ARATH,CTCFL_MOUSE
THAL_ARATH,Q6XZL7_MOUSE
THAL_ARATH,KCNC4_MOUSE
THAL_ARATH,KUP_ECOLI
THAL_ARATH,MAOP4_ARATH
THAL_ARATH,SC5A6_MOUSE
THAL_ARATH,GAGT3_ARATH
THAL_ARATH,HNRPQ_MOUSE
THAL_ARATH,CRK19_ARATH
THAL_ARATH,ASND1_MOUSE
THAL_ARATH,VSR1_ARATH
THAL_ARATH,NDOR1_ARATH
THAL_ARATH,BMAL1_MOUSE
THAL_ARATH,RAD21_MOUSE
THAL_ARATH,C1QR1_MOUSE
THAL_ARATH,BGAL_MOUSE
THAL_ARATH,FRB1_ARATH
THAL_ARATH,FANCG_MOUSE
THAL_ARATH,MA1A2_MOUSE
THAL_ARATH,SFR2_ARATH
THAL_ARATH,ZIC5_MOUSE
THAL_ARATH,HTPG_ECOLI
THAL_ARATH,NEC2_MOUSE
THAL_ARATH,ODP2_MOUSE
THAL_ARATH,HSP72_MOUSE
THAL_ARATH,LRFN4_MOUSE
THAL_ARATH,CPDB_ECOLI
THAL_ARATH,THIC_ARATH
THAL_ARATH,GSIA_ECOLI
THAL_ARATH,ZFP90_MOUSE
THAL_ARATH,S22AE_MOUSE
THAL_ARATH,CER3_ARATH
THAL_ARATH,A3KFU5_MOUSE
THAL_ARATH,RFIP5_MOUSE
THAL_ARATH,P4KG7_ARATH
THAL_ARATH,PLCZ1_MOUSE
THAL_ARATH,DOX2_ARATH
THAL_ARATH,WEE1_MOUSE
THAL_ARATH,E70H1_ARATH
THAL_ARATH,MRF4_ARATH
THAL_ARATH,PAPS1_MOUSE
THAL_ARATH,CCMF_ECOLI
THAL_ARATH,MOCS1_MOUSE
THAL_ARATH,ZDH13_MOUSE
THAL_ARATH,JAL6_ARATH
THAL_ARATH,CPSF_ARATH
THAL_ARATH,P66A_MOUSE
THAL_ARATH,HSP7C_ARATH
THAL_ARATH,HS71A_MOUSE
THAL_ARATH,GHR_MOUSE
THAL_ARATH,SPG16_MOUSE
THAL_ARATH,HSF5_MOUSE
THAL_ARATH,E70E2_ARATH
THAL_ARATH,HSP7E_ARATH
THAL_ARATH,HSP7C_MOUSE
THAL_ARATH,PDIA4_MOUSE
THAL_ARATH,F4JCI4_ARATH
THAL_ARATH,PIN2_ARATH
THAL_ARATH,THMS1_MOUSE
SYT_ECOLI,CPNB4_ARATH
SYT_ECOLI,PTR53_ARATH
SYT_ECOLI,CPS3B_ARATH
SYT_ECOLI,F4IJS7_ARATH
SYT_ECOLI,PP269_ARATH
SYT_ECOLI,GAUT5_ARATH
SYT_ECOLI,APE2_ARATH
SYT_ECOLI,GAUT4_ARATH
SYT_ECOLI,FPP3_ARATH
SYT_ECOLI,GLE1_ARATH
SYT_ECOLI,PARNL_ARATH
SYT_ECOLI,GUN21_ARATH
SYT_ECOLI,PFPA2_ARATH
SYT_ECOLI,BTUB_ECOLI
SYT_ECOLI,NUMB_MOUSE
SYT_ECOLI,GAUT7_ARATH
SYT_ECOLI,OST1A_ARATH
SYT_ECOLI,PPR37_ARATH
SYT_ECOLI,CERK1_ARATH
SYT_ECOLI,GTE11_ARATH
SYT_ECOLI,HOS15_ARATH
SYT_ECOLI,A0A3Q4EHE9_MOUSE
SYT_ECOLI,PP234_ARATH
SYT_ECOLI,HSP7N_ARATH
SYT_ECOLI,PP308_ARATH
SYT_ECOLI,Q9LQP9_ARATH
SYT_ECOLI,RH11_ARATH
SYT_ECOLI,PTR21_ARATH
SYT_ECOLI,ADCK2_MOUSE
SYT_ECOLI,Q9S791_ARATH
SYT_ECOLI,Y5129_ARATH
SYT_ECOLI,SCL11_ARATH
SYT_ECOLI,Q9LKB4_ARATH
SYT_ECOLI,TPS06_ARATH
SYT_ECOLI,SSG1_ARATH
SYT_ECOLI,ADAD1_MOUSE
SYT_ECOLI,ASMA_ECOLI
SYT_ECOLI,CDC16_MOUSE
SYT_ECOLI,SPPA_ECOLI
SYT_ECOLI,IF4B_MOUSE
SYT_ECOLI,RHBT3_MOUSE
SYT_ECOLI,YEHQ_ECOLI
SYT_ECOLI,DTX2_MOUSE
SYT_ECOLI,YFBS_ECOLI
SYT_ECOLI,H6ST2_MOUSE
SYT_ECOLI,DC1I2_MOUSE
SYT_ECOLI,GPAA1_MOUSE
SYT_ECOLI,GLUCM_MOUSE
SYT_ECOLI,CAP3_ARATH
SYT_ECOLI,KHDC4_MOUSE
SYT_ECOLI,MTG16_MOUSE
SYT_ECOLI,FBXL4_MOUSE
SYT_ECOLI,AB9G_ARATH
SYT_ECOLI,GLCE_MOUSE
SYT_ECOLI,ETFD_MOUSE
SYT_ECOLI,TENAC_ARATH
SYT_ECOLI,MMP25_MOUSE
SYT_ECOLI,F4JGL5_ARATH
SYT_ECOLI,GTL2_ARATH
SYT_ECOLI,G3UW60_MOUSE
SYT_ECOLI,SCG2_MOUSE
SYT_ECOLI,KBP_MOUSE
SYT_ECOLI,NCBP3_MOUSE
SYT_ECOLI,PKHN1_MOUSE
SYT_ECOLI,GLDH_ARATH
SYT_ECOLI,MYNN_MOUSE
SYT_ECOLI,Q3UKV5_MOUSE
SYT_ECOLI,PP449_ARATH
SYT_ECOLI,Q58E52_MOUSE
SYT_ECOLI,Q80SZ6_MOUSE
SYT_ECOLI,RUND1_MOUSE
SYT_ECOLI,SCC4_MOUSE
SYT_ECOLI,TOX4_MOUSE
SYT_ECOLI,SC5AC_MOUSE
SYT_ECOLI,PACER_MOUSE
SYT_ECOLI,DRP1B_ARATH
SYT_ECOLI,CTR3_MOUSE
SYT_ECOLI,BAK1_ARATH
SYT_ECOLI,MEB1_ARATH
SYT_ECOLI,PPI1_ARATH
SYT_ECOLI,TOM70_MOUSE
SYT_ECOLI,PP202_ARATH
SYT_ECOLI,NPT2A_MOUSE
SYT_ECOLI,HROB_MOUSE
SYT_ECOLI,TRP3_ARATH
SYT_ECOLI,Y4052_ARATH
SYT_ECOLI,S6A12_MOUSE
SYT_ECOLI,HIPK4_MOUSE
SYT_ECOLI,SAHH3_MOUSE
SYT_ECOLI,S27A6_MOUSE
SYT_ECOLI,TRXR1_MOUSE
SYT_ECOLI,SYNA_MOUSE
SYT_ECOLI,THRB_MOUSE
SYT_ECOLI,KGP1_MOUSE
SYT_ECOLI,IPGA1_ARATH
SYT_ECOLI,ZN131_MOUSE
SYT_ECOLI,SECD_ECOLI
SYT_ECOLI,ADIP_MOUSE
SYT_ECOLI,F4IRZ1_ARATH
SYT_ECOLI,SC5A8_MOUSE
WAKLF_ARATH,DPO3X_ECOLI
WAKLF_ARATH,SYMM_ARATH
WAKLF_ARATH,CTBP_ARATH
WAKLF_ARATH,PNMA5_MOUSE
WAKLF_ARATH,EFCB7_MOUSE
WAKLF_ARATH,SPAST_MOUSE
WAKLF_ARATH,SC5A5_MOUSE
WAKLF_ARATH,SNX18_MOUSE
WAKLF_ARATH,AIP11_ARATH
WAKLF_ARATH,USP_ARATH
WAKLF_ARATH,SC6A6_MOUSE
WAKLF_ARATH,PP319_ARATH
WAKLF_ARATH,FPGS2_ARATH
WAKLF_ARATH,STR6L_MOUSE
WAKLF_ARATH,CNG11_ARATH
WAKLF_ARATH,AUG3_ARATH
WAKLF_ARATH,BEL1_ARATH
WAKLF_ARATH,MPK18_ARATH
WAKLF_ARATH,PGM2_MOUSE
WAKLF_ARATH,IGSF8_MOUSE
WAKLF_ARATH,DRP1C_ARATH
WAKLF_ARATH,NXF1_MOUSE
WAKLF_ARATH,DACT3_MOUSE
WAKLF_ARATH,SYNB_MOUSE
WAKLF_ARATH,NUOL_ECOLI
WAKLF_ARATH,YCBB_ECOLI
WAKLF_ARATH,AO1_ARATH
WAKLF_ARATH,S6A18_MOUSE
WAKLF_ARATH,SERK4_ARATH
WAKLF_ARATH,MAP9_MOUSE
WAKLF_ARATH,Q99K31_MOUSE
WAKLF_ARATH,TOP6B_ARATH
WAKLF_ARATH,VATA_MOUSE
WAKLF_ARATH,ACES_MOUSE
WAKLF_ARATH,KU70_ARATH
WAKLF_ARATH,ARHGP_MOUSE
WAKLF_ARATH,ILVD_ECOLI
WAKLF_ARATH,S23A2_MOUSE
WAKLF_ARATH,CILK1_MOUSE
WAKLF_ARATH,LRC4C_MOUSE
WAKLF_ARATH,PFPA1_ARATH
WAKLF_ARATH,TACC3_MOUSE
WAKLF_ARATH,CFA52_MOUSE
WAKLF_ARATH,SERK2_ARATH
WAKLF_ARATH,ADO2_ARATH
WAKLF_ARATH,Q84TH8_ARATH
WAKLF_ARATH,SC6A2_MOUSE
WAKLF_ARATH,SP2_MOUSE
WAKLF_ARATH,NUB1_MOUSE
WAKLF_ARATH,PARPT_MOUSE
WAKLF_ARATH,SDHA2_ARATH
WAKLF_ARATH,ASH2L_MOUSE
WAKLF_ARATH,U80B1_ARATH
WAKLF_ARATH,RH9_ARATH
WAKLF_ARATH,EDS1C_ARATH
WAKLF_ARATH,KCND2_MOUSE
WAKLF_ARATH,CRTC3_MOUSE
WAKLF_ARATH,IP5P6_ARATH
WAKLF_ARATH,PIN3_ARATH
WAKLF_ARATH,FMR1_MOUSE
WAKLF_ARATH,Q8VDN7_MOUSE
WAKLF_ARATH,NS1BP_MOUSE
WAKLF_ARATH,JAL29_ARATH
WAKLF_ARATH,PGMP_ARATH
WAKLF_ARATH,CYLC1_MOUSE
WAKLF_ARATH,CHEA_ECOLI
WAKLF_ARATH,L7N1X8_MOUSE
WAKLF_ARATH,ACBP5_ARATH
WAKLF_ARATH,VITRN_MOUSE
WAKLF_ARATH,LYK4_ARATH
WAKLF_ARATH,CRK2_ARATH
WAKLF_ARATH,PINI_ARATH
WAKLF_ARATH,CTR2_MOUSE
WAKLF_ARATH,PARP2_ARATH
WAKLF_ARATH,LTI65_ARATH
WAKLF_ARATH,GL3_ARATH
WAKLF_ARATH,B5X503_ARATH
WAKLF_ARATH,SWAP1_ARATH
WAKLF_ARATH,CLGN_MOUSE
WAKLF_ARATH,P73_MOUSE
WAKLF_ARATH,CERT_MOUSE
WAKLF_ARATH,E70B1_ARATH
WAKLF_ARATH,NSL1_ARATH
WAKLF_ARATH,AMPP1_ARATH
WAKLF_ARATH,VIN3_ARATH
WAKLF_ARATH,ODAD4_MOUSE
WAKLF_ARATH,CCX4_ARATH
WAKLF_ARATH,SUVH4_ARATH
WAKLF_ARATH,ACHA4_MOUSE
WAKLF_ARATH,RH14_ARATH
WAKLF_ARATH,SERK1_ARATH
WAKLF_ARATH,GBP6_MOUSE
WAKLF_ARATH,DXS_ECOLI
WAKLF_ARATH,Y5838_ARATH
WAKLF_ARATH,PPR83_ARATH
WAKLF_ARATH,S39A4_MOUSE
WAKLF_ARATH,Q2M1J9_MOUSE
WAKLF_ARATH,SHC4_MOUSE
WAKLF_ARATH,Q000W5_MOUSE
WAKLF_ARATH,KEFC_ECOLI
SIR_ARATH,Q29RG2_MOUSE
SIR_ARATH,LRIT1_MOUSE
SIR_ARATH,STU_ARATH
SIR_ARATH,LBR_MOUSE
SIR_ARATH,PSI2_ARATH
SIR_ARATH,RMI1_MOUSE
SIR_ARATH,KPRP_MOUSE
SIR_ARATH,PSI1_ARATH
SIR_ARATH,ANM15_ARATH
SIR_ARATH,ERS2_ARATH
SIR_ARATH,GSP_ECOLI
SIR_ARATH,FRMD6_MOUSE
SIR_ARATH,SC6A3_MOUSE
SIR_ARATH,PTW3C_ECOLI
SIR_ARATH,MMP24_MOUSE
SIR_ARATH,MP701_ARATH
SIR_ARATH,GALT3_MOUSE
SIR_ARATH,LHY_ARATH
SIR_ARATH,DMPK_MOUSE
SIR_ARATH,RBP10_MOUSE
SIR_ARATH,PSI3_ARATH
SIR_ARATH,ODP2_ECOLI
SIR_ARATH,NET4_MOUSE
SIR_ARATH,RFA1_MOUSE
SIR_ARATH,IP5P2_ARATH
SIR_ARATH,HS704_ARATH
SIR_ARATH,PAS1_ARATH
SIR_ARATH,E70A1_ARATH
SIR_ARATH,GRHL2_MOUSE
SIR_ARATH,Q0WMT6_ARATH
SIR_ARATH,VGF_MOUSE
SIR_ARATH,PERK4_ARATH
SIR_ARATH,CRAC1_MOUSE
SIR_ARATH,LZTS2_MOUSE
SIR_ARATH,GCKR_MOUSE
SIR_ARATH,CSK_ARATH
SIR_ARATH,DRP1A_ARATH
SIR_ARATH,PMGT1_MOUSE
SIR_ARATH,F6ZDE5_MOUSE
SIR_ARATH,KASH5_MOUSE
SIR_ARATH,KOC1_ARATH
SIR_ARATH,UBP2_MOUSE
SIR_ARATH,EBF1_ARATH
SIR_ARATH,TKT_MOUSE
SIR_ARATH,F4K3E4_ARATH
SIR_ARATH,GUN25_ARATH
SIR_ARATH,NUP85_MOUSE
SIR_ARATH,S27A2_MOUSE
SIR_ARATH,A16L2_MOUSE
SIR_ARATH,RN112_MOUSE
SIR_ARATH,EIN3_ARATH
SIR_ARATH,MIRO1_ARATH
SIR_ARATH,FLRT3_MOUSE
SIR_ARATH,F4J6A8_ARATH
SIR_ARATH,MAG_MOUSE
SIR_ARATH,BTBD9_MOUSE
SIR_ARATH,ACSA_ECOLI
SIR_ARATH,PIAS1_MOUSE
SIR_ARATH,PTN2A_ARATH
SIR_ARATH,DOX1_ARATH
SIR_ARATH,Q8C5V7_MOUSE
SIR_ARATH,GH36_ARATH
SIR_ARATH,COP1_ARATH
SIR_ARATH,MIC60_ARATH
SIR_ARATH,RCF3_ARATH
SIR_ARATH,EDR4_ARATH
SIR_ARATH,SH2B2_MOUSE
SIR_ARATH,MEN1_MOUSE
SIR_ARATH,PIN4_ARATH
SIR_ARATH,Q6PG83_MOUSE
SIR_ARATH,CDPK1_ARATH
SIR_ARATH,CPY71_ARATH
SIR_ARATH,Q8BTS3_MOUSE
SIR_ARATH,A3KMN0_MOUSE
SIR_ARATH,PIAS3_MOUSE
SIR_ARATH,TRI25_MOUSE
SIR_ARATH,PRK2_ARATH
SIR_ARATH,B3GTG_ARATH
SIR_ARATH,AB14G_ARATH
SIR_ARATH,Y2239_ARATH
SIR_ARATH,MUR3_ARATH
SIR_ARATH,TBX18_MOUSE
SIR_ARATH,SLAH3_ARATH
SIR_ARATH,INP5E_MOUSE
SIR_ARATH,MRDA_ECOLI
SIR_ARATH,MX2_MOUSE
SIR_ARATH,TPOR_MOUSE
SIR_ARATH,PEX5_MOUSE
SIR_ARATH,RPGP1_MOUSE
SIR_ARATH,FZD3_MOUSE
SIR_ARATH,URP2_MOUSE
SIR_ARATH,MTMR2_MOUSE
SIR_ARATH,CARLK_ARATH
SIR_ARATH,PDEK_ECOLI
SIR_ARATH,SCL22_ARATH
SIR_ARATH,NDC80_MOUSE
SIR_ARATH,PTR14_ARATH
SIR_ARATH,SC6A4_MOUSE
SIR_ARATH,SCL27_ARATH
SIR_ARATH,MORC1_ARATH
MOEB_ECOLI,6PGL2_ARATH
MOEB_ECOLI,14332_ARATH
MOEB_ECOLI,A8MS65_ARATH
MOEB_ECOLI,KCO3_ARATH
MOEB_ECOLI,C3H52_ARATH
MOEB_ECOLI,A0A178W0D3_ARATH
MOEB_ECOLI,ING2_ARATH
MOEB_ECOLI,EXP16_ARATH
MOEB_ECOLI,NHL13_ARATH
MOEB_ECOLI,DOF12_ARATH
MOEB_ECOLI,MENG_ARATH
MOEB_ECOLI,ERP29_MOUSE
MOEB_ECOLI,PHO34_ARATH
MOEB_ECOLI,OPF15_ARATH
MOEB_ECOLI,EXPA7_ARATH
MOEB_ECOLI,OSB1_ARATH
MOEB_ECOLI,Q9FNA1_ARATH
MOEB_ECOLI,Q70LN3_MOUSE
MOEB_ECOLI,F4HPC1_ARATH
MOEB_ECOLI,Q9LS14_ARATH
MOEB_ECOLI,Q9LML3_ARATH
MOEB_ECOLI,TNNT1_MOUSE
MOEB_ECOLI,RK5_ARATH
MOEB_ECOLI,RS43_ARATH
MOEB_ECOLI,OPF13_ARATH
MOEB_ECOLI,ZNUB_ECOLI
MOEB_ECOLI,SL30A_ARATH
MOEB_ECOLI,PRR33_MOUSE
MOEB_ECOLI,IKBP1_MOUSE
MOEB_ECOLI,Q9SL54_ARATH
MOEB_ECOLI,YDHU_ECOLI
MOEB_ECOLI,PX11B_MOUSE
MOEB_ECOLI,RS42_ARATH
MOEB_ECOLI,RL82_ARATH
MOEB_ECOLI,SGRL_ARATH
MOEB_ECOLI,SWET6_ARATH
MOEB_ECOLI,SRC30_ARATH
MOEB_ECOLI,FLIR_ECOLI
MOEB_ECOLI,SOBRL_ARATH
MOEB_ECOLI,MODE_ECOLI
MOEB_ECOLI,WRK65_ARATH
MOEB_ECOLI,CAID_ECOLI
MOEB_ECOLI,SCPB_ECOLI
MOEB_ECOLI,YCFZ_ECOLI
MOEB_ECOLI,FETB_ECOLI
MOEB_ECOLI,FRLD_ECOLI
MOEB_ECOLI,HISJ_ECOLI
MOEB_ECOLI,MUCEN_MOUSE
MOEB_ECOLI,Q9JHV0_MOUSE
MOEB_ECOLI,A0A2I3BRK7_MOUSE
MOEB_ECOLI,ORC6_MOUSE
MOEB_ECOLI,Q8C6G0_MOUSE
MOEB_ECOLI,YGCW_ECOLI
MOEB_ECOLI,Q31150_MOUSE
MOEB_ECOLI,G0XYF7_MOUSE
MOEB_ECOLI,A0A2I3BPI9_MOUSE
MOEB_ECOLI,A0A3B2WD32_MOUSE
MOEB_ECOLI,ASPX_MOUSE
MOEB_ECOLI,CABP8_MOUSE
MOEB_ECOLI,PMEPA_MOUSE
MOEB_ECOLI,DKK2_MOUSE
MOEB_ECOLI,DMB_MOUSE
MOEB_ECOLI,MES16_ARATH
MOEB_ECOLI,K1KB9_MOUSE
MOEB_ECOLI,Q9CYT3_MOUSE
MOEB_ECOLI,CAH3_MOUSE
MOEB_ECOLI,EGFB2_MOUSE
MOEB_ECOLI,Q99N15_MOUSE
MOEB_ECOLI,D3YXQ6_MOUSE
MOEB_ECOLI,K1B21_MOUSE
MOEB_ECOLI,RS41_ARATH
MOEB_ECOLI,CAMT4_ARATH
MOEB_ECOLI,K1B22_MOUSE
MOEB_ECOLI,DCK_MOUSE
MOEB_ECOLI,Q9SUW6_ARATH
MOEB_ECOLI,NXPH2_MOUSE
MOEB_ECOLI,K1KB5_MOUSE
MOEB_ECOLI,F4J0V0_ARATH
MOEB_ECOLI,Q4KL16_MOUSE
MOEB_ECOLI,Q2M2N3_MOUSE
MOEB_ECOLI,SNP29_MOUSE
MOEB_ECOLI,OLIG1_MOUSE
MOEB_ECOLI,Q7TSU6_MOUSE
MOEB_ECOLI,Q9JHH8_MOUSE
MOEB_ECOLI,RAB26_MOUSE
MOEB_ECOLI,SRSF1_MOUSE
MOEB_ECOLI,UB2J2_MOUSE
MOEB_ECOLI,DHB8_MOUSE
MOEB_ECOLI,IF62_ARATH
MOEB_ECOLI,UNC50_MOUSE
MOEB_ECOLI,OAZ3_MOUSE
MOEB_ECOLI,AGL18_ARATH
MOEB_ECOLI,EMX1_MOUSE
MOEB_ECOLI,UPK1B_MOUSE
MOEB_ECOLI,BZP19_ARATH
MOEB_ECOLI,PAAG_ECOLI
MOEB_ECOLI,CAVN3_MOUSE
MOEB_ECOLI,TRUC_ECOLI
MOEB_ECOLI,CALB1_MOUSE
MOEB_ECOLI,ICAM4_MOUSE
APRR1_ARATH,ACLB1_ARATH
APRR1_ARATH,ARFL_ARATH
APRR1_ARATH,GSTT2_ARATH
APRR1_ARATH,ARFN_ARATH
APRR1_ARATH,ARFV_ARATH
APRR1_ARATH,GTPB2_MOUSE
APRR1_ARATH,ANM3_ARATH
APRR1_ARATH,CCD4_ARATH
APRR1_ARATH,ARFT_ARATH
APRR1_ARATH,ARFU_ARATH
APRR1_ARATH,F4IDS0_ARATH
APRR1_ARATH,PUM12_ARATH
APRR1_ARATH,CAMK2_ARATH
APRR1_ARATH,GTE7_ARATH
APRR1_ARATH,ALMT9_ARATH
APRR1_ARATH,AT13A_ARATH
APRR1_ARATH,CPNB2_ARATH
APRR1_ARATH,BAGP1_ARATH
APRR1_ARATH,CAAT4_ARATH
APRR1_ARATH,EIF3D_ARATH
APRR1_ARATH,CID4_ARATH
APRR1_ARATH,CRTSO_ARATH
APRR1_ARATH,F4I6G9_ARATH
APRR1_ARATH,F4KD92_ARATH
APRR1_ARATH,LUT5_ARATH
APRR1_ARATH,GH315_ARATH
APRR1_ARATH,F4I0C2_ARATH
APRR1_ARATH,LSF1_ARATH
APRR1_ARATH,PP135_ARATH
APRR1_ARATH,DEGP9_ARATH
APRR1_ARATH,F4HWB0_ARATH
APRR1_ARATH,INV2_ARATH
APRR1_ARATH,GH317_ARATH
APRR1_ARATH,PPR44_ARATH
APRR1_ARATH,PDC2_ARATH
APRR1_ARATH,GH34_ARATH
APRR1_ARATH,XRCC6_MOUSE
APRR1_ARATH,GH310_ARATH
APRR1_ARATH,F4IIS8_ARATH
APRR1_ARATH,SERK5_ARATH
APRR1_ARATH,F4JE40_ARATH
APRR1_ARATH,PTR32_ARATH
APRR1_ARATH,PKP1_ARATH
APRR1_ARATH,PDC1_ARATH
APRR1_ARATH,KAD5_ARATH
APRR1_ARATH,GH31_ARATH
APRR1_ARATH,GGLO5_ARATH
APRR1_ARATH,GH33_ARATH
APRR1_ARATH,OE64M_ARATH
APRR1_ARATH,PTR51_ARATH
APRR1_ARATH,PME4_ARATH
APRR1_ARATH,GGLO2_ARATH
APRR1_ARATH,MLN51_ARATH
APRR1_ARATH,SCL5_ARATH
APRR1_ARATH,MAOP3_ARATH
APRR1_ARATH,NCS1_ARATH
APRR1_ARATH,SAC6_ARATH
APRR1_ARATH,PP213_ARATH
APRR1_ARATH,MMSA_ARATH
APRR1_ARATH,2AAB_MOUSE
APRR1_ARATH,GSTT3_ARATH
APRR1_ARATH,NPL4_MOUSE
APRR1_ARATH,HIS4_ARATH
APRR1_ARATH,MP704_ARATH
APRR1_ARATH,SYK_MOUSE
APRR1_ARATH,PDI14_ARATH
APRR1_ARATH,RH17_ARATH
APRR1_ARATH,MDLA_ECOLI
APRR1_ARATH,LIGO4_MOUSE
APRR1_ARATH,C3H29_ARATH
APRR1_ARATH,PME37_ARATH
APRR1_ARATH,Q9FKV6_ARATH
APRR1_ARATH,PESC_ARATH
APRR1_ARATH,PP145_ARATH
APRR1_ARATH,INT11_MOUSE
APRR1_ARATH,PP261_ARATH
APRR1_ARATH,Q0WRV2_ARATH
APRR1_ARATH,PPR68_ARATH
APRR1_ARATH,Q8W497_ARATH
APRR1_ARATH,GBP3_MOUSE
APRR1_ARATH,PME64_ARATH
APRR1_ARATH,Q1JPL5_ARATH
APRR1_ARATH,Q3TN43_MOUSE
APRR1_ARATH,PTR6_ARATH
APRR1_ARATH,PP379_ARATH
APRR1_ARATH,RH30_ARATH
APRR1_ARATH,PTR17_ARATH
APRR1_ARATH,PP429_ARATH
APRR1_ARATH,PLBL2_MOUSE
APRR1_ARATH,SCL1_ARATH
APRR1_ARATH,GR1_ARATH
APRR1_ARATH,DCP1A_MOUSE
APRR1_ARATH,TPS30_ARATH
APRR1_ARATH,Q0WVQ3_ARATH
APRR1_ARATH,SERA3_ARATH
APRR1_ARATH,Q8RWT5_ARATH
APRR1_ARATH,HC173_ARATH
APRR1_ARATH,SAC8_ARATH
APRR1_ARATH,TCX5_ARATH
APRR1_ARATH,TPS09_ARATH
HIS2_ARATH,14331_ARATH
HIS2_ARATH,6PGL1_ARATH
HIS2_ARATH,APX3_ARATH
HIS2_ARATH,A0A1P8AQD8_ARATH
HIS2_ARATH,AAR3_ARATH
HIS2_ARATH,AB11I_ARATH
HIS2_ARATH,BH113_ARATH
HIS2_ARATH,ATB17_ARATH
HIS2_ARATH,ADRC2_ARATH
HIS2_ARATH,ATCA1_ARATH
HIS2_ARATH,ADRC1_ARATH
HIS2_ARATH,RNI_ECOLI
HIS2_ARATH,AB10I_ARATH
HIS2_ARATH,BH079_ARATH
HIS2_ARATH,Q84K72_ARATH
HIS2_ARATH,F4K5Q7_ARATH
HIS2_ARATH,ALS3_ARATH
HIS2_ARATH,ATB20_ARATH
HIS2_ARATH,COV1_ARATH
HIS2_ARATH,ATA1_ARATH
HIS2_ARATH,GCC1_ARATH
HIS2_ARATH,DEF1A_ARATH
HIS2_ARATH,DOF41_ARATH
HIS2_ARATH,ATCA3_ARATH
HIS2_ARATH,DEF1B_ARATH
HIS2_ARATH,CJD1_ARATH
HIS2_ARATH,IAA26_ARATH
HIS2_ARATH,ATCA5_ARATH
HIS2_ARATH,AUR2_ARATH
HIS2_ARATH,BCCP1_ARATH
HIS2_ARATH,BCA6_ARATH
HIS2_ARATH,BRG1_ARATH
HIS2_ARATH,TOM2A_ARATH
HIS2_ARATH,BEH3_ARATH
HIS2_ARATH,NDX1_ARATH
HIS2_ARATH,BEH1_ARATH
HIS2_ARATH,BH019_ARATH
HIS2_ARATH,BH053_ARATH
HIS2_ARATH,CB4B_ARATH
HIS2_ARATH,SFGH_ARATH
HIS2_ARATH,BPC5_ARATH
HIS2_ARATH,ERF34_ARATH
HIS2_ARATH,CNX3_ARATH
HIS2_ARATH,AQP6_MOUSE
HIS2_ARATH,CCB1_ARATH
HIS2_ARATH,CCB2_ARATH
HIS2_ARATH,CRRS6_ARATH
HIS2_ARATH,EF116_ARATH
HIS2_ARATH,DDPS6_ARATH
HIS2_ARATH,Q67Z59_ARATH
HIS2_ARATH,F4I2E4_ARATH
HIS2_ARATH,F4I2W6_ARATH
HIS2_ARATH,F4HQH8_ARATH
HIS2_ARATH,DPA_ARATH
HIS2_ARATH,EXOL4_ARATH
HIS2_ARATH,CD20_MOUSE
HIS2_ARATH,P4H1_ARATH
HIS2_ARATH,Q9M277_ARATH
HIS2_ARATH,NIFU5_ARATH
HIS2_ARATH,ERF54_ARATH
HIS2_ARATH,ERF60_ARATH
HIS2_ARATH,F4HUQ5_ARATH
HIS2_ARATH,F4I7Z3_ARATH
HIS2_ARATH,F4HWQ5_ARATH
HIS2_ARATH,F4JEB4_ARATH
HIS2_ARATH,GLX1_ARATH
HIS2_ARATH,Q9FFJ9_ARATH
HIS2_ARATH,HIS5A_ARATH
HIS2_ARATH,CHODL_MOUSE
HIS2_ARATH,F4IP55_ARATH
HIS2_ARATH,F4IRF0_ARATH
HIS2_ARATH,GMK3_ARATH
HIS2_ARATH,F4KEI6_ARATH
HIS2_ARATH,F4JD33_ARATH
HIS2_ARATH,FAP3_ARATH
HIS2_ARATH,FAP1_ARATH
HIS2_ARATH,GATA1_ARATH
HIS2_ARATH,FLXL3_ARATH
HIS2_ARATH,GLYR1_ARATH
HIS2_ARATH,HIR3_ARATH
HIS2_ARATH,FB68_ARATH
HIS2_ARATH,FB293_ARATH
HIS2_ARATH,GATA3_ARATH
HIS2_ARATH,GRS16_ARATH
HIS2_ARATH,MES8_ARATH
HIS2_ARATH,NB5R1_ARATH
HIS2_ARATH,INP1_ARATH
HIS2_ARATH,GDT13_ARATH
HIS2_ARATH,HIR2_ARATH
HIS2_ARATH,HIR1_ARATH
HIS2_ARATH,HFA7A_ARATH
HIS2_ARATH,IAA18_ARATH
HIS2_ARATH,HFA7B_ARATH
HIS2_ARATH,IPCS3_ARATH
HIS2_ARATH,NIFU4_ARATH
HIS2_ARATH,GSTL2_ARATH
HIS2_ARATH,P4H5_ARATH
HIS2_ARATH,GXM1_ARATH
HIS2_ARATH,GXM2_ARATH
HIS2_ARATH,NIPS1_MOUSE
HCHA_ECOLI,PPSP2_ARATH
HCHA_ECOLI,AI5L2_ARATH
HCHA_ECOLI,CCB4_ARATH
HCHA_ECOLI,BH099_ARATH
HCHA_ECOLI,KAD2_ARATH
HCHA_ECOLI,Q8L8C2_ARATH
HCHA_ECOLI,TNG2_MOUSE
HCHA_ECOLI,MCU1_ARATH
HCHA_ECOLI,HIS5B_ARATH
HCHA_ECOLI,M17_ARATH
HCHA_ECOLI,IF34_ARATH
HCHA_ECOLI,INSF1_ECOLI
HCHA_ECOLI,Q9SQV0_ARATH
HCHA_ECOLI,LPPE2_ARATH
HCHA_ECOLI,LHCA6_ARATH
HCHA_ECOLI,LNK3_ARATH
HCHA_ECOLI,CAND8_ARATH
HCHA_ECOLI,Q8L403_ARATH
HCHA_ECOLI,MNM1_ARATH
HCHA_ECOLI,LPPE1_ARATH
HCHA_ECOLI,MYB7_ARATH
HCHA_ECOLI,Q8VZP2_ARATH
HCHA_ECOLI,LPP2_ARATH
HCHA_ECOLI,Q9SKF8_ARATH
HCHA_ECOLI,AGAR_ECOLI
HCHA_ECOLI,SET_MOUSE
HCHA_ECOLI,MYB32_ARATH
HCHA_ECOLI,MNMM_ARATH
HCHA_ECOLI,O81013_ARATH
HCHA_ECOLI,OFP14_ARATH
HCHA_ECOLI,NIP71_ARATH
HCHA_ECOLI,PAHX_ARATH
HCHA_ECOLI,P2B10_ARATH
HCHA_ECOLI,SCO12_ARATH
HCHA_ECOLI,OFP18_ARATH
HCHA_ECOLI,PHB1_ARATH
HCHA_ECOLI,PUR_ARATH
HCHA_ECOLI,PSB7B_ARATH
HCHA_ECOLI,XTH17_ARATH
HCHA_ECOLI,PPD1_ARATH
HCHA_ECOLI,CNOT8_MOUSE
HCHA_ECOLI,ORC6_ARATH
HCHA_ECOLI,P93743_ARATH
HCHA_ECOLI,OFP3_ARATH
HCHA_ECOLI,P4H13_ARATH
HCHA_ECOLI,P4H9_ARATH
HCHA_ECOLI,PAI1_ARATH
HCHA_ECOLI,PAI2_ARATH
HCHA_ECOLI,PDLP6_ARATH
HCHA_ECOLI,PEX22_ARATH
HCHA_ECOLI,YAEI_ECOLI
HCHA_ECOLI,PHB2_ARATH
HCHA_ECOLI,Q8LF90_ARATH
HCHA_ECOLI,PHB4_ARATH
HCHA_ECOLI,YFCO_ECOLI
HCHA_ECOLI,HDFR_ECOLI
HCHA_ECOLI,PSA1B_ARATH
HCHA_ECOLI,Q24JN1_ARATH
HCHA_ECOLI,PHB6_ARATH
HCHA_ECOLI,DAPA_ECOLI
HCHA_ECOLI,XTH6_ARATH
HCHA_ECOLI,NIMR_ECOLI
HCHA_ECOLI,PSB7A_ARATH
HCHA_ECOLI,PHE1_ARATH
HCHA_ECOLI,MURR_ECOLI
HCHA_ECOLI,PHL7_ARATH
HCHA_ECOLI,PPD7_ARATH
HCHA_ECOLI,PHB7_ARATH
HCHA_ECOLI,CTDS2_MOUSE
HCHA_ECOLI,PIP23_ARATH
HCHA_ECOLI,PIP25_ARATH
HCHA_ECOLI,Q6ICW9_ARATH
HCHA_ECOLI,Q9LHG0_ARATH
HCHA_ECOLI,Q8VXU9_ARATH
HCHA_ECOLI,PIP26_ARATH
HCHA_ECOLI,POP4_ARATH
HCHA_ECOLI,Q9LK28_ARATH
HCHA_ECOLI,PLPP_MOUSE
HCHA_ECOLI,Q9SZR6_ARATH
HCHA_ECOLI,Q2HIR7_ARATH
HCHA_ECOLI,YFCA_ECOLI
HCHA_ECOLI,Q6NM69_ARATH
HCHA_ECOLI,Q8VYT1_ARATH
HCHA_ECOLI,Q84JV3_ARATH
HCHA_ECOLI,Q7FK55_ARATH
HCHA_ECOLI,Q9M3C9_ARATH
HCHA_ECOLI,Q93W03_ARATH
HCHA_ECOLI,PSB5B_ARATH
HCHA_ECOLI,PSA1A_ARATH
HCHA_ECOLI,Q8VZ68_ARATH
HCHA_ECOLI,Q9FGG8_ARATH
HCHA_ECOLI,Q8W4C1_ARATH
HCHA_ECOLI,Q94AL3_ARATH
HCHA_ECOLI,Q9LEU3_ARATH
HCHA_ECOLI,Q9LME7_ARATH
HCHA_ECOLI,Q9SLA6_ARATH
HCHA_ECOLI,Q9FFJ2_ARATH
HCHA_ECOLI,YEAD_ECOLI
HCHA_ECOLI,SPAT4_MOUSE
HCHA_ECOLI,SMO13_ARATH
BH104_ARATH,Q9LK14_ARATH
BH104_ARATH,Q9C6F8_ARATH
BH104_ARATH,UCRI2_ARATH
BH104_ARATH,Q94FU0_ARATH
BH104_ARATH,Q9CAS2_ARATH
BH104_ARATH,Q9FKS6_ARATH
BH104_ARATH,Q9FIL9_ARATH
BH104_ARATH,RTNLA_ARATH
BH104_ARATH,Q9LSZ4_ARATH
BH104_ARATH,Q9LQK5_ARATH
BH104_ARATH,Q9M2U8_ARATH
BH104_ARATH,Q9FZ25_ARATH
BH104_ARATH,Q9FK36_ARATH
BH104_ARATH,Q9M266_ARATH
BH104_ARATH,RK15_ARATH
BH104_ARATH,Q9LMC7_ARATH
BH104_ARATH,SHGR9_ARATH
BH104_ARATH,Q9FL64_ARATH
BH104_ARATH,Q9FLF3_ARATH
BH104_ARATH,Q9LXL8_ARATH
BH104_ARATH,Q9M0B2_ARATH
BH104_ARATH,FHUD_ECOLI
BH104_ARATH,ZAT5_ARATH
BH104_ARATH,Q9M1Q3_ARATH
BH104_ARATH,Q9SVI9_ARATH
BH104_ARATH,SGR2_ARATH
BH104_ARATH,Q9LZD5_ARATH
BH104_ARATH,Q9S804_ARATH
BH104_ARATH,HSLO_ECOLI
BH104_ARATH,RFA2A_ARATH
BH104_ARATH,RID2_ARATH
BH104_ARATH,Q9SKU8_ARATH
BH104_ARATH,SPX2_ARATH
BH104_ARATH,Q9SH08_ARATH
BH104_ARATH,Q9SMP6_ARATH
BH104_ARATH,REM20_ARATH
BH104_ARATH,Q9ZSI6_ARATH
BH104_ARATH,Q9SSN4_ARATH
BH104_ARATH,QKIL3_ARATH
BH104_ARATH,RK2_ARATH
BH104_ARATH,TI201_ARATH
BH104_ARATH,SDR2B_ARATH
BH104_ARATH,RK3A_ARATH
BH104_ARATH,RSZ32_ARATH
BH104_ARATH,SC5D1_ARATH
BH104_ARATH,TET6_ARATH
BH104_ARATH,SG29A_ARATH
BH104_ARATH,XTH15_ARATH
BH104_ARATH,SG29B_ARATH
BH104_ARATH,SINL7_ARATH
BH104_ARATH,CBR1_MOUSE
BH104_ARATH,WRK49_ARATH
BH104_ARATH,SKI28_ARATH
BH104_ARATH,MURI_ECOLI
BH104_ARATH,TET8_ARATH
BH104_ARATH,UBIV_ECOLI
BH104_ARATH,TRB4_ARATH
BH104_ARATH,VQ20_ARATH
BH104_ARATH,PABC_ECOLI
BH104_ARATH,STKLE_ARATH
BH104_ARATH,USPL1_ARATH
BH104_ARATH,THO4B_ARATH
BH104_ARATH,TET3_ARATH
BH104_ARATH,TET5_ARATH
BH104_ARATH,TI11A_ARATH
BH104_ARATH,XTH13_ARATH
BH104_ARATH,VDAC4_ARATH
BH104_ARATH,WEX_ARATH
BH104_ARATH,TIM21_ARATH
BH104_ARATH,VDAC1_ARATH
BH104_ARATH,TOLIP_MOUSE
BH104_ARATH,TRL13_ARATH
BH104_ARATH,Y1222_ARATH
BH104_ARATH,MEPH_ECOLI
BH104_ARATH,PDXI_ECOLI
BH104_ARATH,XTH18_ARATH
BH104_ARATH,A2AW41_MOUSE
BH104_ARATH,U2AFB_ARATH
BH104_ARATH,GLYL3_MOUSE
BH104_ARATH,TL203_ARATH
BH104_ARATH,WRK69_ARATH
BH104_ARATH,XTH12_ARATH
BH104_ARATH,ROB_ECOLI
BH104_ARATH,XTH9_ARATH
BH104_ARATH,XTH20_ARATH
BH104_ARATH,XTH31_ARATH
BH104_ARATH,PD1L1_MOUSE
BH104_ARATH,YGHA_ECOLI
BH104_ARATH,CDSA_ECOLI
BH104_ARATH,CYST_ECOLI
BH104_ARATH,AMPE_ECOLI
BH104_ARATH,ZFP34_ARATH
BH104_ARATH,SRSF5_MOUSE
BH104_ARATH,ZAT9_ARATH
BH104_ARATH,CITG_ECOLI
BH104_ARATH,BGLG_ECOLI
BH104_ARATH,DGOK_ECOLI
BH104_ARATH,CYSW_ECOLI
BH104_ARATH,GALF_ECOLI
BH104_ARATH,ZHD8_ARATH
GH35_ARATH,CAAT6_ARATH
GH35_ARATH,APCB1_ARATH
GH35_ARATH,BBM_ARATH
GH35_ARATH,BON3_ARATH
GH35_ARATH,THD1_ARATH
GH35_ARATH,F4J8X6_ARATH
GH35_ARATH,MCCB_ARATH
GH35_ARATH,Q9FK37_ARATH
GH35_ARATH,PHT21_ARATH
GH35_ARATH,FES1_ARATH
GH35_ARATH,CRSH_ARATH
GH35_ARATH,GGLO3_ARATH
GH35_ARATH,PME1_ARATH
GH35_ARATH,MA651_ARATH
GH35_ARATH,NEXN_MOUSE
GH35_ARATH,UBQL1_MOUSE
GH35_ARATH,CH60B_ARATH
GH35_ARATH,INT4_ARATH
GH35_ARATH,Q9M8A0_ARATH
GH35_ARATH,MLO6_ARATH
GH35_ARATH,IQD31_ARATH
GH35_ARATH,S13A1_MOUSE
GH35_ARATH,NDB2_ARATH
GH35_ARATH,SMU2_ARATH
GH35_ARATH,Y1421_ARATH
GH35_ARATH,YEJM_ECOLI
GH35_ARATH,NIR_ARATH
GH35_ARATH,O65670_ARATH
GH35_ARATH,Q9SKA8_ARATH
GH35_ARATH,PME2_ARATH
GH35_ARATH,Q8H1F3_ARATH
GH35_ARATH,SCL30_ARATH
GH35_ARATH,Q56W79_ARATH
GH35_ARATH,SCL4_ARATH
GH35_ARATH,GAB3_MOUSE
GH35_ARATH,TMN5_ARATH
GH35_ARATH,TP20L_ARATH
GH35_ARATH,GLMS_ECOLI
GH35_ARATH,ADEC_ECOLI
GH35_ARATH,TPS25_ARATH
GH35_ARATH,TPS22_ARATH
GH35_ARATH,KEFB_ECOLI
GH35_ARATH,CPL5_ARATH
GH35_ARATH,LIGO2_MOUSE
GH35_ARATH,UACR_ECOLI
GH35_ARATH,TRM2_ARATH
GH35_ARATH,MDLB_ECOLI
GH35_ARATH,TPS26_ARATH
GH35_ARATH,CEL_MOUSE
GH35_ARATH,FRRS1_MOUSE
GH35_ARATH,ULP1D_ARATH
GH35_ARATH,TYDP1_ARATH
GH35_ARATH,Y1699_ARATH
GH35_ARATH,ARAF_MOUSE
GH35_ARATH,GLT10_MOUSE
GH35_ARATH,Q3UV10_MOUSE
GH35_ARATH,EDD_ECOLI
GH35_ARATH,SYD_ECOLI
GH35_ARATH,B2RWZ6_MOUSE
GH35_ARATH,ABCD4_MOUSE
GH35_ARATH,GEX1_ARATH
GH35_ARATH,BRD9_MOUSE
GH35_ARATH,Q91V89_MOUSE
GH35_ARATH,DCAF8_MOUSE
GH35_ARATH,Q3UZI0_MOUSE
GH35_ARATH,ATD3A_MOUSE
GH35_ARATH,YEJA_ECOLI
GH35_ARATH,A0A3B2WCJ4_MOUSE
GH35_ARATH,FA12_MOUSE
GH35_ARATH,CALI_MOUSE
GH35_ARATH,DYRK2_MOUSE
GH35_ARATH,CIP4_MOUSE
GH35_ARATH,CFAI_MOUSE
GH35_ARATH,SYT_ECOLI
GH35_ARATH,FZD10_MOUSE
GH35_ARATH,TYDP1_MOUSE
GH35_ARATH,TBX15_MOUSE
GH35_ARATH,GRK5_MOUSE
GH35_ARATH,Q3TDW4_MOUSE
GH35_ARATH,HNRLL_MOUSE
GH35_ARATH,KRT84_MOUSE
GH35_ARATH,MAOM_MOUSE
GH35_ARATH,REC8_MOUSE
GH35_ARATH,LZTS1_MOUSE
GH35_ARATH,PDLI5_MOUSE
GH35_ARATH,OVCH2_MOUSE
GH35_ARATH,O64753_ARATH
GH35_ARATH,MAON_MOUSE
GH35_ARATH,Q8C626_MOUSE
GH35_ARATH,Q91VU5_MOUSE
GH35_ARATH,Q811K8_MOUSE
GH35_ARATH,NPR3_ARATH
GH35_ARATH,MRPP3_MOUSE
GH35_ARATH,MEGF9_MOUSE
GH35_ARATH,PRDM5_MOUSE
GH35_ARATH,PAK4_MOUSE
GH35_ARATH,PROD_MOUSE
GH35_ARATH,Q3UV66_MOUSE
GH35_ARATH,PTN9_MOUSE
GH35_ARATH,Q7TNL5_MOUSE
WHY1_ARATH,ARP1_ARATH
WHY1_ARATH,ADM_ARATH
WHY1_ARATH,AGL61_ARATH
WHY1_ARATH,EXPB3_ARATH
WHY1_ARATH,P93019_ARATH
WHY1_ARATH,UCPA_ECOLI
WHY1_ARATH,BH052_ARATH
WHY1_ARATH,F4JEA3_ARATH
WHY1_ARATH,F4KAJ5_ARATH
WHY1_ARATH,CHI58_ARATH
WHY1_ARATH,TRPA_ECOLI
WHY1_ARATH,YEEZ_ECOLI
WHY1_ARATH,BH027_ARATH
WHY1_ARATH,GATA2_ARATH
WHY1_ARATH,PCNA2_ARATH
WHY1_ARATH,LBD41_ARATH
WHY1_ARATH,Q8L763_ARATH
WHY1_ARATH,NPS11_ARATH
WHY1_ARATH,Q8GRT9_ARATH
WHY1_ARATH,Q39142_ARATH
WHY1_ARATH,Q6NPL4_ARATH
WHY1_ARATH,Q9SKG1_ARATH
WHY1_ARATH,Q8L9M9_ARATH
WHY1_ARATH,Q9SKY5_ARATH
WHY1_ARATH,PLPP7_MOUSE
WHY1_ARATH,Q84JZ7_ARATH
WHY1_ARATH,Q4PS45_ARATH
WHY1_ARATH,HB2J_MOUSE
WHY1_ARATH,MES10_ARATH
WHY1_ARATH,CC172_MOUSE
WHY1_ARATH,Q8L602_ARATH
WHY1_ARATH,ASCL2_MOUSE
WHY1_ARATH,Q9FF65_ARATH
WHY1_ARATH,FEPC_ECOLI
WHY1_ARATH,PRR7_MOUSE
WHY1_ARATH,Q9FNA0_ARATH
WHY1_ARATH,MES2_ARATH
WHY1_ARATH,Q9LFB6_ARATH
WHY1_ARATH,CPP1_ARATH
WHY1_ARATH,Q9FZ93_ARATH
WHY1_ARATH,MARD1_ARATH
WHY1_ARATH,Q9LTJ5_ARATH
WHY1_ARATH,KDGR_ECOLI
WHY1_ARATH,SYP72_ARATH
WHY1_ARATH,SGR1_ARATH
WHY1_ARATH,Q9S7N6_ARATH
WHY1_ARATH,NIRC_ECOLI
WHY1_ARATH,Q9SJN3_ARATH
WHY1_ARATH,TPK2_ARATH
WHY1_ARATH,Q9SVQ9_ARATH
WHY1_ARATH,RKD1_ARATH
WHY1_ARATH,TIF7_ARATH
WHY1_ARATH,TLP4_ARATH
WHY1_ARATH,TPK1_ARATH
WHY1_ARATH,WOX12_ARATH
WHY1_ARATH,UP3_ARATH
WHY1_ARATH,ICLR_ECOLI
WHY1_ARATH,Q9JHV1_MOUSE
WHY1_ARATH,YFFS_ECOLI
WHY1_ARATH,NLPA_ECOLI
WHY1_ARATH,VAP41_ARATH
WHY1_ARATH,YGID_ECOLI
WHY1_ARATH,ZAT1_ARATH
WHY1_ARATH,HB21_MOUSE
WHY1_ARATH,HCAB_ECOLI
WHY1_ARATH,PPPA_ECOLI
WHY1_ARATH,MTFA_ECOLI
WHY1_ARATH,Q9EP57_MOUSE
WHY1_ARATH,MAZG_ECOLI
WHY1_ARATH,YCFH_ECOLI
WHY1_ARATH,PTPC1_ECOLI
WHY1_ARATH,CLPP_MOUSE
WHY1_ARATH,HCD2_MOUSE
WHY1_ARATH,THIK_ECOLI
WHY1_ARATH,YDCV_ECOLI
WHY1_ARATH,Q9M9U2_ARATH
WHY1_ARATH,YPJD_ECOLI
WHY1_ARATH,YFDQ_ECOLI
WHY1_ARATH,B7ZP17_MOUSE
WHY1_ARATH,CTDSL_MOUSE
WHY1_ARATH,PTPD_ECOLI
WHY1_ARATH,Q3V2M1_MOUSE
WHY1_ARATH,ACER2_MOUSE
WHY1_ARATH,SAPF_ECOLI
WHY1_ARATH,P5CR3_MOUSE
WHY1_ARATH,B5AN18_MOUSE
WHY1_ARATH,YBBO_ECOLI
WHY1_ARATH,D3Z1H5_MOUSE
WHY1_ARATH,ATF1_MOUSE
WHY1_ARATH,DKGB_ECOLI
WHY1_ARATH,GASAE_ARATH
WHY1_ARATH,UPK3B_MOUSE
WHY1_ARATH,CASP6_MOUSE
WHY1_ARATH,CENPK_MOUSE
WHY1_ARATH,Q71F55_MOUSE
WHY1_ARATH,CLC2G_MOUSE
WHY1_ARATH,FCRL6_MOUSE
WHY1_ARATH,FOXR1_MOUSE
WHY1_ARATH,CMIP4_MOUSE
WHY1_ARATH,NXPH1_MOUSE
FOLR1_MOUSE,ITM2B_MOUSE
FOLR1_MOUSE,ITM2A_MOUSE
FOLR1_MOUSE,SPIN1_MOUSE
FOLR1_MOUSE,KLRA3_MOUSE
FOLR1_MOUSE,CPNS1_MOUSE
FOLR1_MOUSE,KLRA6_MOUSE
FOLR1_MOUSE,ZDH22_MOUSE
FOLR1_MOUSE,Q9QZY1_MOUSE
FOLR1_MOUSE,SPE4A_MOUSE
FOLR1_MOUSE,Q4Z8P6_MOUSE
FOLR1_MOUSE,CTRC_MOUSE
FOLR1_MOUSE,PSB4_MOUSE
FOLR1_MOUSE,EMD_MOUSE
FOLR1_MOUSE,IZUM3_MOUSE
FOLR1_MOUSE,KLRA5_MOUSE
FOLR1_MOUSE,MYB75_ARATH
FOLR1_MOUSE,DRAM2_MOUSE
FOLR1_MOUSE,RNS2_ARATH
FOLR1_MOUSE,AHL18_ARATH
FOLR1_MOUSE,Q14B12_MOUSE
FOLR1_MOUSE,Q4Z8P4_MOUSE
FOLR1_MOUSE,Q14B13_MOUSE
FOLR1_MOUSE,MISS_MOUSE
FOLR1_MOUSE,RWDD3_MOUSE
FOLR1_MOUSE,Q2TJJ8_MOUSE
FOLR1_MOUSE,Q9EPB2_MOUSE
FOLR1_MOUSE,Q3V0I8_MOUSE
FOLR1_MOUSE,Q49U26_MOUSE
FOLR1_MOUSE,NECP2_MOUSE
FOLR1_MOUSE,O08643_MOUSE
FOLR1_MOUSE,P3IP1_MOUSE
FOLR1_MOUSE,Q4Z8P5_MOUSE
FOLR1_MOUSE,CNEP1_MOUSE
FOLR1_MOUSE,Q9D7P8_MOUSE
FOLR1_MOUSE,Q9D960_MOUSE
FOLR1_MOUSE,Q9JIQ1_MOUSE
FOLR1_MOUSE,Q9R1G6_MOUSE
FOLR1_MOUSE,Q9EPB6_MOUSE
FOLR1_MOUSE,KLRA8_MOUSE
FOLR1_MOUSE,INMT_MOUSE
FOLR1_MOUSE,Q9ER05_MOUSE
FOLR1_MOUSE,Q9JHV2_MOUSE
FOLR1_MOUSE,YIPF5_MOUSE
FOLR1_MOUSE,SMIP6_MOUSE
FOLR1_MOUSE,WBBL_ECOLI
FOLR1_MOUSE,Q9JHV3_MOUSE
FOLR1_MOUSE,RBM7_MOUSE
FOLR1_MOUSE,SYNPR_MOUSE
FOLR1_MOUSE,Q9JHV4_MOUSE
FOLR1_MOUSE,SVS3A_MOUSE
FOLR1_MOUSE,Q80XS5_MOUSE
FOLR1_MOUSE,SRSF7_MOUSE
FOLR1_MOUSE,ZEUS1_ARATH
FOLR1_MOUSE,PSA1_MOUSE
FOLR1_MOUSE,TAF9_MOUSE
FOLR1_MOUSE,CFAD_MOUSE
FOLR1_MOUSE,Q9JIP9_MOUSE
FOLR1_MOUSE,SYP71_ARATH
FOLR1_MOUSE,TM192_MOUSE
FOLR1_MOUSE,TSN5_MOUSE
FOLR1_MOUSE,K1B27_MOUSE
FOLR1_MOUSE,MES18_ARATH
FOLR1_MOUSE,AHL16_ARATH
FOLR1_MOUSE,CTRB1_MOUSE
FOLR1_MOUSE,ATI2_ARATH
FOLR1_MOUSE,HEM4_MOUSE
FOLR1_MOUSE,Q8VZ78_ARATH
FOLR1_MOUSE,O80516_ARATH
FOLR1_MOUSE,F4KBV3_ARATH
FOLR1_MOUSE,TON1A_ARATH
FOLR1_MOUSE,PSB5_MOUSE
FOLR1_MOUSE,FRI4_ARATH
FOLR1_MOUSE,MES3_ARATH
FOLR1_MOUSE,KLRA1_MOUSE
FOLR1_MOUSE,PNPO_MOUSE
FOLR1_MOUSE,6PGL4_ARATH
FOLR1_MOUSE,RTP1_MOUSE
FOLR1_MOUSE,Q8BRS9_MOUSE
FOLR1_MOUSE,FLGG_ECOLI
FOLR1_MOUSE,DRGX_MOUSE
FOLR1_MOUSE,AQP8_MOUSE
FOLR1_MOUSE,AI5L3_ARATH
FOLR1_MOUSE,GRAA_MOUSE
FOLR1_MOUSE,CMOM_ECOLI
FOLR1_MOUSE,MES4_ARATH
FOLR1_MOUSE,NRM_MOUSE
FOLR1_MOUSE,THID_ECOLI
FOLR1_MOUSE,CAH13_MOUSE
FOLR1_MOUSE,SODF3_ARATH
FOLR1_MOUSE,ARGT_ECOLI
FOLR1_MOUSE,1433S_MOUSE
FOLR1_MOUSE,IBP4_MOUSE
FOLR1_MOUSE,PMM1_MOUSE
FOLR1_MOUSE,C1QT6_MOUSE
FOLR1_MOUSE,BAS1A_ARATH
FOLR1_MOUSE,CDCA5_MOUSE
FOLR1_MOUSE,NAC71_ARATH
FOLR1_MOUSE,MLF1_MOUSE
FOLR1_MOUSE,CB1B_ARATH
FOLR1_MOUSE,HB2Q_MOUSE
MSCS_ECOLI,SR34A_ARATH
MSCS_ECOLI,ACR12_ARATH
MSCS_ECOLI,MED6_ARATH
MSCS_ECOLI,AUG1_ARATH
MSCS_ECOLI,AHL25_ARATH
MSCS_ECOLI,ADSL4_ARATH
MSCS_ECOLI,ECH2M_ARATH
MSCS_ECOLI,BH114_ARATH
MSCS_ECOLI,BCA5_ARATH
MSCS_ECOLI,PDLP7_ARATH
MSCS_ECOLI,SK2_ARATH
MSCS_ECOLI,DAPB3_ARATH
MSCS_ECOLI,F4HP14_ARATH
MSCS_ECOLI,YCJP_ECOLI
MSCS_ECOLI,FAF4_ARATH
MSCS_ECOLI,UBIA_ECOLI
MSCS_ECOLI,MYB17_ARATH
MSCS_ECOLI,HFB2A_ARATH
MSCS_ECOLI,FOLD2_ARATH
MSCS_ECOLI,IPYR6_ARATH
MSCS_ECOLI,JAL32_ARATH
MSCS_ECOLI,JAL33_ARATH
MSCS_ECOLI,Q67Z40_ARATH
MSCS_ECOLI,LUL2_ARATH
MSCS_ECOLI,PYG7_ARATH
MSCS_ECOLI,Q8GXN7_ARATH
MSCS_ECOLI,MTP12_ARATH
MSCS_ECOLI,MCAT_ARATH
MSCS_ECOLI,NILP1_ARATH
MSCS_ECOLI,PDCT1_ARATH
MSCS_ECOLI,GATY_ECOLI
MSCS_ECOLI,Q84K41_ARATH
MSCS_ECOLI,RMLD_ECOLI
MSCS_ECOLI,Q93XY7_ARATH
MSCS_ECOLI,Q944G8_ARATH
MSCS_ECOLI,Q9ZPZ8_ARATH
MSCS_ECOLI,HEXR_ECOLI
MSCS_ECOLI,Q147M4_ARATH
MSCS_ECOLI,Q8VY61_ARATH
MSCS_ECOLI,SPER2_ARATH
MSCS_ECOLI,RAX2_ARATH
MSCS_ECOLI,RKD2_ARATH
MSCS_ECOLI,DPPC_ECOLI
MSCS_ECOLI,SPER4_ARATH
MSCS_ECOLI,EUTC_ECOLI
MSCS_ECOLI,XTH32_ARATH
MSCS_ECOLI,RHAS_ECOLI
MSCS_ECOLI,PHP_ECOLI
MSCS_ECOLI,BIOP_ECOLI
MSCS_ECOLI,NHAR_ECOLI
MSCS_ECOLI,GOLP3_MOUSE
MSCS_ECOLI,SKIP1_ARATH
MSCS_ECOLI,WRK22_ARATH
MSCS_ECOLI,XAPR_ECOLI
MSCS_ECOLI,LIT_ECOLI
MSCS_ECOLI,Q9FJV4_ARATH
MSCS_ECOLI,PRS33_MOUSE
MSCS_ECOLI,RHD6_ARATH
MSCS_ECOLI,XDHB_ECOLI
MSCS_ECOLI,YDHF_ECOLI
MSCS_ECOLI,KDSA_ECOLI
MSCS_ECOLI,CYOE_ECOLI
MSCS_ECOLI,PERR_ECOLI
MSCS_ECOLI,INSK_ECOLI
MSCS_ECOLI,HIS1_ECOLI
MSCS_ECOLI,DDPC_ECOLI
MSCS_ECOLI,QUEF_ECOLI
MSCS_ECOLI,PSRP_ECOLI
MSCS_ECOLI,LSRF_ECOLI
MSCS_ECOLI,RPNC_ECOLI
MSCS_ECOLI,YGFI_ECOLI
MSCS_ECOLI,YJCZ_ECOLI
MSCS_ECOLI,TRA2A_MOUSE
MSCS_ECOLI,QOR2_ECOLI
MSCS_ECOLI,Q3TNJ4_MOUSE
MSCS_ECOLI,KCD15_MOUSE
MSCS_ECOLI,MCRA_ECOLI
MSCS_ECOLI,LYSO_ECOLI
MSCS_ECOLI,RPIR_ECOLI
MSCS_ECOLI,RPNB_ECOLI
MSCS_ECOLI,ULAE_ECOLI
MSCS_ECOLI,WCAA_ECOLI
MSCS_ECOLI,YNFH_ECOLI
MSCS_ECOLI,SFGH1_ECOLI
MSCS_ECOLI,RHAR_ECOLI
MSCS_ECOLI,KLRA2_MOUSE
MSCS_ECOLI,SAPC_ECOLI
MSCS_ECOLI,STX3_MOUSE
MSCS_ECOLI,RLUB_ECOLI
MSCS_ECOLI,ARPC2_MOUSE
MSCS_ECOLI,SGBU_ECOLI
MSCS_ECOLI,WAAZ_ECOLI
MSCS_ECOLI,YCJO_ECOLI
MSCS_ECOLI,YPHB_ECOLI
MSCS_ECOLI,KLK11_MOUSE
MSCS_ECOLI,YEBZ_ECOLI
MSCS_ECOLI,ELOV5_MOUSE
MSCS_ECOLI,YHDJ_ECOLI
MSCS_ECOLI,YIHY_ECOLI
MSCS_ECOLI,KEG1_MOUSE
DHQSD_ARATH,AAE20_ARATH
DHQSD_ARATH,ACEA_ARATH
DHQSD_ARATH,M3K3A_ARATH
DHQSD_ARATH,BEGIN_MOUSE
DHQSD_ARATH,KAD7_MOUSE
DHQSD_ARATH,PTR47_ARATH
DHQSD_ARATH,A4FVN8_ARATH
DHQSD_ARATH,D3Z3B3_MOUSE
DHQSD_ARATH,ASNS2_ARATH
DHQSD_ARATH,TT39B_MOUSE
DHQSD_ARATH,C3H47_ARATH
DHQSD_ARATH,CPNA2_ARATH
DHQSD_ARATH,EGY3_ARATH
DHQSD_ARATH,ARID2_ARATH
DHQSD_ARATH,AMPL3_ARATH
DHQSD_ARATH,ORC2_MOUSE
DHQSD_ARATH,CKAP4_MOUSE
DHQSD_ARATH,CDC23_ARATH
DHQSD_ARATH,EPTC_ECOLI
DHQSD_ARATH,MAOP1_ARATH
DHQSD_ARATH,F4KEA3_ARATH
DHQSD_ARATH,CLPX1_ARATH
DHQSD_ARATH,VPS33_ARATH
DHQSD_ARATH,PP374_ARATH
DHQSD_ARATH,LAC5_ARATH
DHQSD_ARATH,P2C70_ARATH
DHQSD_ARATH,F4JHC4_ARATH
DHQSD_ARATH,LAC1_ARATH
DHQSD_ARATH,FKB65_ARATH
DHQSD_ARATH,GIP1L_ARATH
DHQSD_ARATH,RIK_ARATH
DHQSD_ARATH,NET3_MOUSE
DHQSD_ARATH,NDB3_ARATH
DHQSD_ARATH,MNS5_ARATH
DHQSD_ARATH,RIN3_ARATH
DHQSD_ARATH,PP153_ARATH
DHQSD_ARATH,DPOLL_MOUSE
DHQSD_ARATH,PA24C_MOUSE
DHQSD_ARATH,PP209_ARATH
DHQSD_ARATH,GPC2_MOUSE
DHQSD_ARATH,O49301_ARATH
DHQSD_ARATH,PDI13_ARATH
DHQSD_ARATH,PP131_ARATH
DHQSD_ARATH,RH22_ARATH
DHQSD_ARATH,FEI2_ARATH
DHQSD_ARATH,PPP7I_ARATH
DHQSD_ARATH,PATL1_ARATH
DHQSD_ARATH,Q45GJ7_ARATH
DHQSD_ARATH,RIN2_ARATH
DHQSD_ARATH,ROGFE_ARATH
DHQSD_ARATH,A0A3B2W851_MOUSE
DHQSD_ARATH,ILVI_ECOLI
DHQSD_ARATH,PRLR_MOUSE
DHQSD_ARATH,CNOT4_MOUSE
DHQSD_ARATH,RETST_MOUSE
DHQSD_ARATH,SYR_ECOLI
DHQSD_ARATH,Q501D4_ARATH
DHQSD_ARATH,YHGE_ECOLI
DHQSD_ARATH,A0A3B2WCT5_MOUSE
DHQSD_ARATH,Q99KG1_MOUSE
DHQSD_ARATH,U2A2A_ARATH
DHQSD_ARATH,PT1_ECOLI
DHQSD_ARATH,YBHF_ECOLI
DHQSD_ARATH,PHF19_MOUSE
DHQSD_ARATH,EDEM2_MOUSE
DHQSD_ARATH,TRIP4_MOUSE
DHQSD_ARATH,TRI45_MOUSE
DHQSD_ARATH,Y1720_ARATH
DHQSD_ARATH,NOP56_MOUSE
DHQSD_ARATH,K22O_MOUSE
DHQSD_ARATH,KLH18_MOUSE
DHQSD_ARATH,NOB1_ARATH
DHQSD_ARATH,CMAH_MOUSE
DHQSD_ARATH,FAAH1_MOUSE
DHQSD_ARATH,LYRIC_MOUSE
DHQSD_ARATH,KLC2_MOUSE
DHQSD_ARATH,KSYK_MOUSE
DHQSD_ARATH,S47A2_MOUSE
DHQSD_ARATH,HNRPL_MOUSE
DHQSD_ARATH,SYKM_ARATH
DHQSD_ARATH,BH013_ARATH
DHQSD_ARATH,Q6IS34_MOUSE
DHQSD_ARATH,MIGA1_MOUSE
DHQSD_ARATH,BICL1_MOUSE
DHQSD_ARATH,PIGQ_MOUSE
DHQSD_ARATH,Q810U6_MOUSE
DHQSD_ARATH,PJA1_MOUSE
DHQSD_ARATH,Q99PC9_MOUSE
DHQSD_ARATH,Q7TMN8_MOUSE
DHQSD_ARATH,GRK6_MOUSE
DHQSD_ARATH,TXND3_MOUSE
DHQSD_ARATH,Q8CB98_MOUSE
DHQSD_ARATH,ZFP37_MOUSE
DHQSD_ARATH,OTOP3_MOUSE
DHQSD_ARATH,Q8BLA2_MOUSE
DHQSD_ARATH,TECT3_MOUSE
DHQSD_ARATH,COIL_ARATH
DHQSD_ARATH,TRAD1_MOUSE
DHQSD_ARATH,DAAF3_MOUSE
DHQSD_ARATH,TREA_MOUSE
MLF1_MOUSE,ANKR7_MOUSE
MLF1_MOUSE,AT1B3_MOUSE
MLF1_MOUSE,CCS_MOUSE
MLF1_MOUSE,Q99232_MOUSE
MLF1_MOUSE,MARE3_MOUSE
MLF1_MOUSE,IBP7_MOUSE
MLF1_MOUSE,CDV3_MOUSE
MLF1_MOUSE,CNPY3_MOUSE
MLF1_MOUSE,F151B_MOUSE
MLF1_MOUSE,EPAB2_MOUSE
MLF1_MOUSE,COL10_MOUSE
MLF1_MOUSE,Q6IVG2_MOUSE
MLF1_MOUSE,IBP1_MOUSE
MLF1_MOUSE,DPH5_MOUSE
MLF1_MOUSE,ITM2C_MOUSE
MLF1_MOUSE,DJC27_MOUSE
MLF1_MOUSE,DIND_ECOLI
MLF1_MOUSE,IMPA1_MOUSE
MLF1_MOUSE,Q9JIQ0_MOUSE
MLF1_MOUSE,KCIP2_MOUSE
MLF1_MOUSE,F220A_MOUSE
MLF1_MOUSE,MO2R4_MOUSE
MLF1_MOUSE,CCHL_MOUSE
MLF1_MOUSE,F4J8C0_ARATH
MLF1_MOUSE,Q95552_MOUSE
MLF1_MOUSE,PGDH_MOUSE
MLF1_MOUSE,RIMS4_MOUSE
MLF1_MOUSE,NSE3_MOUSE
MLF1_MOUSE,MPZL1_MOUSE
MLF1_MOUSE,PLAT5_MOUSE
MLF1_MOUSE,PEDS1_MOUSE
MLF1_MOUSE,CXD3_MOUSE
MLF1_MOUSE,PIPNB_MOUSE
MLF1_MOUSE,Q9D3E4_MOUSE
MLF1_MOUSE,Q9JIQ2_MOUSE
MLF1_MOUSE,Q80ZY1_MOUSE
MLF1_MOUSE,SRPRB_MOUSE
MLF1_MOUSE,PLPP4_MOUSE
MLF1_MOUSE,Q9D8H4_MOUSE
MLF1_MOUSE,Q3LFS6_MOUSE
MLF1_MOUSE,Q3TM01_MOUSE
MLF1_MOUSE,BLT_ARATH
MLF1_MOUSE,YCJR_ECOLI
MLF1_MOUSE,Q3V133_MOUSE
MLF1_MOUSE,Q6DUV0_MOUSE
MLF1_MOUSE,Q8BJS9_MOUSE
MLF1_MOUSE,Q9JMA4_MOUSE
MLF1_MOUSE,RASD1_MOUSE
MLF1_MOUSE,THIM_ARATH
MLF1_MOUSE,RFA2_MOUSE
MLF1_MOUSE,TSG6_MOUSE
MLF1_MOUSE,Q9LY95_ARATH
MLF1_MOUSE,RNZ1_ARATH
MLF1_MOUSE,TMX1_MOUSE
MLF1_MOUSE,TPRG1_MOUSE
MLF1_MOUSE,UCK1_MOUSE
MLF1_MOUSE,RRP7A_MOUSE
MLF1_MOUSE,DCI1_ARATH
MLF1_MOUSE,VN1A8_MOUSE
MLF1_MOUSE,GEMI2_MOUSE
MLF1_MOUSE,F4JN76_ARATH
MLF1_MOUSE,HTT4_ARATH
MLF1_MOUSE,YRDC_MOUSE
MLF1_MOUSE,TSN17_MOUSE
MLF1_MOUSE,RPB3_MOUSE
MLF1_MOUSE,DJLA_ECOLI
MLF1_MOUSE,ZNF32_MOUSE
MLF1_MOUSE,Q61002_MOUSE
MLF1_MOUSE,RECT_ECOLI
MLF1_MOUSE,EX3_ECOLI
MLF1_MOUSE,Q9LFD8_ARATH
MLF1_MOUSE,GNAT7_ARATH
MLF1_MOUSE,A8QW50_MOUSE
MLF1_MOUSE,TSN14_MOUSE
MLF1_MOUSE,VSP2_ARATH
MLF1_MOUSE,FKBA_ECOLI
MLF1_MOUSE,DKGA_ECOLI
MLF1_MOUSE,GBF4_ARATH
MLF1_MOUSE,F6QLP8_MOUSE
MLF1_MOUSE,HTT1_ARATH
MLF1_MOUSE,TET13_ARATH
MLF1_MOUSE,P5CR1_ARATH
MLF1_MOUSE,DRE2_ARATH
MLF1_MOUSE,KAI2_ARATH
MLF1_MOUSE,AAKB2_MOUSE
MLF1_MOUSE,YIBA_ECOLI
MLF1_MOUSE,NET3A_ARATH
MLF1_MOUSE,SURF4_MOUSE
MLF1_MOUSE,AN32B_MOUSE
MLF1_MOUSE,DHRS4_MOUSE
MLF1_MOUSE,DGUOK_MOUSE
MLF1_MOUSE,APX5_ARATH
MLF1_MOUSE,RL7A_MOUSE
MLF1_MOUSE,SMO21_ARATH
MLF1_MOUSE,KLRA7_MOUSE
MLF1_MOUSE,CXB3_MOUSE
MLF1_MOUSE,F4KJ62_ARATH
MLF1_MOUSE,EF1D_MOUSE
MLF1_MOUSE,METQ_ECOLI
MLF1_MOUSE,MIND_ECOLI
NAC2_ARATH,BCH2_ARATH
NAC2_ARATH,A8MR39_ARATH
NAC2_ARATH,ATL2_ARATH
NAC2_ARATH,BH094_ARATH
NAC2_ARATH,DDPS1_ARATH
NAC2_ARATH,LGOR_ECOLI
NAC2_ARATH,YIJE_ECOLI
NAC2_ARATH,CCT2_ARATH
NAC2_ARATH,F4IGM4_ARATH
NAC2_ARATH,F4K3R8_ARATH
NAC2_ARATH,ENDO4_ARATH
NAC2_ARATH,TOM3_ARATH
NAC2_ARATH,GSID_ECOLI
NAC2_ARATH,DDPS3_ARATH
NAC2_ARATH,ERF91_ARATH
NAC2_ARATH,F4IIJ2_ARATH
NAC2_ARATH,NAGK_ECOLI
NAC2_ARATH,ISPD_ARATH
NAC2_ARATH,ALKB4_MOUSE
NAC2_ARATH,LPXD2_ARATH
NAC2_ARATH,CLC10_MOUSE
NAC2_ARATH,HIS3_ARATH
NAC2_ARATH,MGE1_ARATH
NAC2_ARATH,PUX4_ARATH
NAC2_ARATH,Q9FGW7_ARATH
NAC2_ARATH,Q9AT60_ARATH
NAC2_ARATH,AQP12_MOUSE
NAC2_ARATH,PHYK1_ARATH
NAC2_ARATH,Q9FKS7_ARATH
NAC2_ARATH,H3BLP0_MOUSE
NAC2_ARATH,Q9FII6_ARATH
NAC2_ARATH,DPPA4_MOUSE
NAC2_ARATH,ST1E1_MOUSE
NAC2_ARATH,Q9LSI4_ARATH
NAC2_ARATH,TT1_ARATH
NAC2_ARATH,ZFP10_ARATH
NAC2_ARATH,BPHL_MOUSE
NAC2_ARATH,YEAE_ECOLI
NAC2_ARATH,YHAJ_ECOLI
NAC2_ARATH,B2RWV5_MOUSE
NAC2_ARATH,SC35_ARATH
NAC2_ARATH,IPYR_MOUSE
NAC2_ARATH,ABHDA_MOUSE
NAC2_ARATH,YEGS_ECOLI
NAC2_ARATH,V1R48_MOUSE
NAC2_ARATH,ARY1_MOUSE
NAC2_ARATH,HLYE_ECOLI
NAC2_ARATH,YAFC_ECOLI
NAC2_ARATH,YEIE_ECOLI
NAC2_ARATH,MELR_ECOLI
NAC2_ARATH,PANC_ECOLI
NAC2_ARATH,OPPC_ECOLI
NAC2_ARATH,BIRC7_MOUSE
NAC2_ARATH,YICC_ECOLI
NAC2_ARATH,YDDE_ECOLI
NAC2_ARATH,NUDT7_ARATH
NAC2_ARATH,Q6KAM2_MOUSE
NAC2_ARATH,YNBB_ECOLI
NAC2_ARATH,YFJP_ECOLI
NAC2_ARATH,YIAJ_ECOLI
NAC2_ARATH,YJIK_ECOLI
NAC2_ARATH,YJHH_ECOLI
NAC2_ARATH,ARY3_MOUSE
NAC2_ARATH,NAR2A_MOUSE
NAC2_ARATH,B2M0R5_MOUSE
NAC2_ARATH,CRF5_ARATH
NAC2_ARATH,CBAR2_MOUSE
NAC2_ARATH,ASB9_MOUSE
NAC2_ARATH,RPIA_MOUSE
NAC2_ARATH,ASGR1_MOUSE
NAC2_ARATH,TPGS2_MOUSE
NAC2_ARATH,A0A3Q4EGG8_MOUSE
NAC2_ARATH,YNEE_ECOLI
NAC2_ARATH,SSRA_MOUSE
NAC2_ARATH,CS067_MOUSE
NAC2_ARATH,AB21I_ARATH
NAC2_ARATH,NIP51_ARATH
NAC2_ARATH,ARY2_MOUSE
NAC2_ARATH,CAH8_MOUSE
NAC2_ARATH,C1QT7_MOUSE
NAC2_ARATH,E9PUW8_MOUSE
NAC2_ARATH,NHEJ1_MOUSE
NAC2_ARATH,BOREA_MOUSE
NAC2_ARATH,DJC17_MOUSE
NAC2_ARATH,H3BJ46_MOUSE
NAC2_ARATH,CAH5A_MOUSE
NAC2_ARATH,Q14C10_MOUSE
NAC2_ARATH,ELP5_MOUSE
NAC2_ARATH,TRPA1_ARATH
NAC2_ARATH,CYBR1_MOUSE
NAC2_ARATH,CRLS1_MOUSE
NAC2_ARATH,E9Q5K1_MOUSE
NAC2_ARATH,DHB13_MOUSE
NAC2_ARATH,CB5_ARATH
NAC2_ARATH,DHI1_MOUSE
NAC2_ARATH,NGRN_MOUSE
NAC2_ARATH,GAR1A_MOUSE
NAC2_ARATH,ECI1_MOUSE
NAC2_ARATH,DOHH_MOUSE
NAC2_ARATH,IF27B_MOUSE
VTC4_ARATH,PLCA_MOUSE
VTC4_ARATH,ESTD_MOUSE
VTC4_ARATH,RNH1_MOUSE
VTC4_ARATH,INKA1_MOUSE
VTC4_ARATH,MTAP_MOUSE
VTC4_ARATH,SIA1B_MOUSE
VTC4_ARATH,G0YZM8_MOUSE
VTC4_ARATH,ERD10_ARATH
VTC4_ARATH,PPR3B_MOUSE
VTC4_ARATH,METL6_MOUSE
VTC4_ARATH,TPM2_MOUSE
VTC4_ARATH,HAT1_ARATH
VTC4_ARATH,NAPES_ARATH
VTC4_ARATH,ST4A1_MOUSE
VTC4_ARATH,Q9WVA7_MOUSE
VTC4_ARATH,TR12A_MOUSE
VTC4_ARATH,CCNC_MOUSE
VTC4_ARATH,MIOX_MOUSE
VTC4_ARATH,CXB5_MOUSE
VTC4_ARATH,ST2A1_MOUSE
VTC4_ARATH,SYP21_ARATH
VTC4_ARATH,CUED2_MOUSE
VTC4_ARATH,NUD15_ARATH
VTC4_ARATH,3MG2_ECOLI
VTC4_ARATH,TI204_ARATH
VTC4_ARATH,KLRA4_MOUSE
VTC4_ARATH,GIMA1_MOUSE
VTC4_ARATH,PSB7_MOUSE
VTC4_ARATH,ICAM2_MOUSE
VTC4_ARATH,CB1C_ARATH
VTC4_ARATH,MED4_MOUSE
VTC4_ARATH,Q9LJZ4_ARATH
VTC4_ARATH,Q8CC37_MOUSE
VTC4_ARATH,CPOB_ECOLI
VTC4_ARATH,HIP3_ARATH
VTC4_ARATH,LRC10_MOUSE
VTC4_ARATH,FHUF_ECOLI
VTC4_ARATH,NNRE_MOUSE
VTC4_ARATH,ODAM_MOUSE
VTC4_ARATH,Q9CUC4_MOUSE
VTC4_ARATH,MYB15_ARATH
VTC4_ARATH,TI11B_ARATH
VTC4_ARATH,SKL1_ARATH
VTC4_ARATH,APK1_ARATH
VTC4_ARATH,MPRD_MOUSE
VTC4_ARATH,COR47_ARATH
VTC4_ARATH,Q8VY58_ARATH
VTC4_ARATH,CXB1_MOUSE
VTC4_ARATH,MED8_MOUSE
VTC4_ARATH,Q9SFT9_ARATH
VTC4_ARATH,SLBP_MOUSE
VTC4_ARATH,FDHD_ECOLI
VTC4_ARATH,LASP1_MOUSE
VTC4_ARATH,O3L1_ARATH
VTC4_ARATH,POTC_ECOLI
VTC4_ARATH,Q9LK01_ARATH
VTC4_ARATH,Q9EPC0_MOUSE
VTC4_ARATH,DAPD_ECOLI
VTC4_ARATH,F4KB90_ARATH
VTC4_ARATH,CSK2C_ARATH
VTC4_ARATH,Q39141_ARATH
VTC4_ARATH,CSQR_ECOLI
VTC4_ARATH,Q9EP85_MOUSE
VTC4_ARATH,SR30_ARATH
VTC4_ARATH,Y3158_ARATH
VTC4_ARATH,F210A_MOUSE
VTC4_ARATH,BPC1_ARATH
VTC4_ARATH,E2F6_MOUSE
VTC4_ARATH,WAAP_ECOLI
VTC4_ARATH,CB1A_ARATH
VTC4_ARATH,MBD3_MOUSE
VTC4_ARATH,RA213_ARATH
VTC4_ARATH,XTH24_ARATH
VTC4_ARATH,PTNC_ECOLI
VTC4_ARATH,YBCM_ECOLI
VTC4_ARATH,BH080_ARATH
VTC4_ARATH,OX2G_MOUSE
VTC4_ARATH,SLX1_MOUSE
VTC4_ARATH,KITM_MOUSE
VTC4_ARATH,LPXA_ECOLI
VTC4_ARATH,MES17_ARATH
VTC4_ARATH,MES1_ARATH
VTC4_ARATH,HB2S_MOUSE
VTC4_ARATH,DAPB_ECOLI
VTC4_ARATH,CCG7_MOUSE
VTC4_ARATH,MEPA_ECOLI
VTC4_ARATH,Q5Q0J3_ARATH
VTC4_ARATH,PRS28_MOUSE
VTC4_ARATH,THTM_ECOLI
VTC4_ARATH,PTND_ECOLI
VTC4_ARATH,GLPF_ECOLI
VTC4_ARATH,Q8BVB9_MOUSE
VTC4_ARATH,CB21_ARATH
VTC4_ARATH,Q9LHN2_ARATH
VTC4_ARATH,IDI2_ARATH
VTC4_ARATH,ERMIN_MOUSE
VTC4_ARATH,GLPG_ECOLI
VTC4_ARATH,FTSQ_ECOLI
VTC4_ARATH,RPI2_ARATH
VTC4_ARATH,POTI_ECOLI
FREE1_ARATH,AAE11_ARATH
FREE1_ARATH,K2C1B_MOUSE
FREE1_ARATH,AZG1_ARATH
FREE1_ARATH,MNS2_ARATH
FREE1_ARATH,BLH9_ARATH
FREE1_ARATH,SC5AA_MOUSE
FREE1_ARATH,PME58_ARATH
FREE1_ARATH,YIDK_ECOLI
FREE1_ARATH,ZFP69_MOUSE
FREE1_ARATH,GPC5_MOUSE
FREE1_ARATH,LMNB1_MOUSE
FREE1_ARATH,HSOP2_ARATH
FREE1_ARATH,Q8RW95_ARATH
FREE1_ARATH,CDPKG_ARATH
FREE1_ARATH,SGO1_ARATH
FREE1_ARATH,WNK4_ARATH
FREE1_ARATH,CDKAL_MOUSE
FREE1_ARATH,ALBU_MOUSE
FREE1_ARATH,AGC15_ARATH
FREE1_ARATH,ZN467_MOUSE
FREE1_ARATH,IKZF4_MOUSE
FREE1_ARATH,WSCD1_MOUSE
FREE1_ARATH,FOLC_MOUSE
FREE1_ARATH,LMOD3_MOUSE
FREE1_ARATH,LAC8_ARATH
FREE1_ARATH,PTR8_ARATH
FREE1_ARATH,DPYL4_MOUSE
FREE1_ARATH,GAF1_ARATH
FREE1_ARATH,PO6F1_MOUSE
FREE1_ARATH,MAOX_MOUSE
FREE1_ARATH,CAP8_ARATH
FREE1_ARATH,XKR7_MOUSE
FREE1_ARATH,WSCD2_MOUSE
FREE1_ARATH,LRRT3_MOUSE
FREE1_ARATH,LOXL1_MOUSE
FREE1_ARATH,PME41_ARATH
FREE1_ARATH,S6A13_MOUSE
FREE1_ARATH,S41A2_MOUSE
FREE1_ARATH,PTR2_ARATH
FREE1_ARATH,S2611_MOUSE
FREE1_ARATH,CDYL_MOUSE
FREE1_ARATH,ZN319_MOUSE
FREE1_ARATH,MBHL_ECOLI
FREE1_ARATH,P4KG3_ARATH
FREE1_ARATH,BIR2_ARATH
FREE1_ARATH,LRRT4_MOUSE
FREE1_ARATH,SEPT9_MOUSE
FREE1_ARATH,PIGT_MOUSE
FREE1_ARATH,HACL1_MOUSE
FREE1_ARATH,MYRS2_ARATH
FREE1_ARATH,ZP3R_MOUSE
FREE1_ARATH,PRRP1_ARATH
FREE1_ARATH,TRP1_ARATH
FREE1_ARATH,SYNC1_ARATH
FREE1_ARATH,RAGP1_MOUSE
FREE1_ARATH,ACSM1_MOUSE
FREE1_ARATH,FLK_ARATH
FREE1_ARATH,LAC17_ARATH
FREE1_ARATH,Q8C769_MOUSE
FREE1_ARATH,A0A1L1SQF5_MOUSE
FREE1_ARATH,SYTL3_MOUSE
FREE1_ARATH,MOES_MOUSE
FREE1_ARATH,TRI23_MOUSE
FREE1_ARATH,F4I9D5_ARATH
FREE1_ARATH,UBQL4_MOUSE
FREE1_ARATH,IQCB1_MOUSE
FREE1_ARATH,NR2C1_MOUSE
FREE1_ARATH,Q0WRY1_ARATH
FREE1_ARATH,SYT3_MOUSE
FREE1_ARATH,IDD5_ARATH
FREE1_ARATH,RADD_ECOLI
FREE1_ARATH,DCE1_MOUSE
FREE1_ARATH,MPK8_ARATH
FREE1_ARATH,F4J741_ARATH
FREE1_ARATH,GGT_ECOLI
FREE1_ARATH,PHIP1_ARATH
FREE1_ARATH,ZN496_MOUSE
FREE1_ARATH,HASP_ARATH
FREE1_ARATH,GENL1_ARATH
FREE1_ARATH,MA656_ARATH
FREE1_ARATH,PPR38_ARATH
FREE1_ARATH,B7XG49_MOUSE
FREE1_ARATH,MSL2_MOUSE
FREE1_ARATH,S620A_MOUSE
FREE1_ARATH,AAE13_ARATH
FREE1_ARATH,TSKS_MOUSE
FREE1_ARATH,SYP_ECOLI
FREE1_ARATH,MED26_MOUSE
FREE1_ARATH,TAF1B_MOUSE
FREE1_ARATH,ARI3A_MOUSE
FREE1_ARATH,ACLB2_ARATH
FREE1_ARATH,KLCR1_ARATH
FREE1_ARATH,CD166_MOUSE
FREE1_ARATH,MK04_MOUSE
FREE1_ARATH,Q9FJG5_ARATH
FREE1_ARATH,RBLOT_ARATH
FREE1_ARATH,RAD17_ARATH
FREE1_ARATH,ASY1_ARATH
FREE1_ARATH,CALX_MOUSE
FREE1_ARATH,HPSE2_MOUSE
Q8RWT5_ARATH,AK1_ARATH
Q8RWT5_ARATH,4CL4_ARATH
Q8RWT5_ARATH,ARI8_ARATH
Q8RWT5_ARATH,F4I2K0_ARATH
Q8RWT5_ARATH,CRYD_ARATH
Q8RWT5_ARATH,ALG9_ARATH
Q8RWT5_ARATH,CAAT5_ARATH
Q8RWT5_ARATH,INV1_ARATH
Q8RWT5_ARATH,PTR5_ARATH
Q8RWT5_ARATH,LAC13_ARATH
Q8RWT5_ARATH,LAC3_ARATH
Q8RWT5_ARATH,STY17_ARATH
Q8RWT5_ARATH,PP16B_MOUSE
Q8RWT5_ARATH,LINS_ARATH
Q8RWT5_ARATH,CC14A_MOUSE
Q8RWT5_ARATH,Q9LW66_ARATH
Q8RWT5_ARATH,PLPD2_ARATH
Q8RWT5_ARATH,FKBP9_MOUSE
Q8RWT5_ARATH,SHC1_MOUSE
Q8RWT5_ARATH,NUOCD_ECOLI
Q8RWT5_ARATH,ESMD1_ARATH
Q8RWT5_ARATH,PME23_ARATH
Q8RWT5_ARATH,WNK6_ARATH
Q8RWT5_ARATH,Q9C9Y9_ARATH
Q8RWT5_ARATH,S47A1_MOUSE
Q8RWT5_ARATH,REL_MOUSE
Q8RWT5_ARATH,NPT2C_MOUSE
Q8RWT5_ARATH,MTM1_MOUSE
Q8RWT5_ARATH,NSUN5_ARATH
Q8RWT5_ARATH,SYEM_ARATH
Q8RWT5_ARATH,SYTL1_MOUSE
Q8RWT5_ARATH,ARI3B_MOUSE
Q8RWT5_ARATH,TAMA_ECOLI
Q8RWT5_ARATH,YFJW_ECOLI
Q8RWT5_ARATH,COIL_MOUSE
Q8RWT5_ARATH,SENP3_MOUSE
Q8RWT5_ARATH,EEPD1_MOUSE
Q8RWT5_ARATH,VPS45_MOUSE
Q8RWT5_ARATH,GIP1_ARATH
Q8RWT5_ARATH,DPYL3_MOUSE
Q8RWT5_ARATH,GALT2_MOUSE
Q8RWT5_ARATH,EME1_MOUSE
Q8RWT5_ARATH,SYNO_ARATH
Q8RWT5_ARATH,HMDH1_ARATH
Q8RWT5_ARATH,GAGT2_ARATH
Q8RWT5_ARATH,PTR1_ARATH
Q8RWT5_ARATH,PRRP3_ARATH
Q8RWT5_ARATH,Q6GQS8_MOUSE
Q8RWT5_ARATH,DLD_ECOLI
Q8RWT5_ARATH,PGTA_MOUSE
Q8RWT5_ARATH,LAT4_MOUSE
Q8RWT5_ARATH,RETOL_ARATH
Q8RWT5_ARATH,TYSD1_MOUSE
Q8RWT5_ARATH,HYAS1_MOUSE
Q8RWT5_ARATH,PTR18_ARATH
Q8RWT5_ARATH,RQL1_ARATH
Q8RWT5_ARATH,CPNE5_MOUSE
Q8RWT5_ARATH,RADI_MOUSE
Q8RWT5_ARATH,CENPB_MOUSE
Q8RWT5_ARATH,AEE7_ARATH
Q8RWT5_ARATH,KNL2_ARATH
Q8RWT5_ARATH,LMNB2_MOUSE
Q8RWT5_ARATH,S13A3_MOUSE
Q8RWT5_ARATH,SHQ1_MOUSE
Q8RWT5_ARATH,TO6BL_MOUSE
Q8RWT5_ARATH,PDILT_MOUSE
Q8RWT5_ARATH,SPT16_MOUSE
Q8RWT5_ARATH,EPMIP_MOUSE
Q8RWT5_ARATH,TKFC_MOUSE
Q8RWT5_ARATH,E70B2_ARATH
Q8RWT5_ARATH,CAAT8_ARATH
Q8RWT5_ARATH,COE4_MOUSE
Q8RWT5_ARATH,COE1_MOUSE
Q8RWT5_ARATH,PXK_MOUSE
Q8RWT5_ARATH,CNGA4_MOUSE
Q8RWT5_ARATH,SIGL5_MOUSE
Q8RWT5_ARATH,MMP16_MOUSE
Q8RWT5_ARATH,KPCZ_MOUSE
Q8RWT5_ARATH,SKU5_ARATH
Q8RWT5_ARATH,PLK1_MOUSE
Q8RWT5_ARATH,GPAT1_ARATH
Q8RWT5_ARATH,SNX9_MOUSE
Q8RWT5_ARATH,TRBM_MOUSE
Q8RWT5_ARATH,DPYL1_MOUSE
Q8RWT5_ARATH,STY46_ARATH
Q8RWT5_ARATH,PME34_ARATH
Q8RWT5_ARATH,PTR27_ARATH
Q8RWT5_ARATH,LAF3_ARATH
Q8RWT5_ARATH,PEX5R_MOUSE
Q8RWT5_ARATH,WDR26_ARATH
Q8RWT5_ARATH,DPE1_ARATH
Q8RWT5_ARATH,CYSI_ECOLI
Q8RWT5_ARATH,S13A5_MOUSE
Q8RWT5_ARATH,CAAT3_ARATH
Q8RWT5_ARATH,BLH8_ARATH
Q8RWT5_ARATH,POXB_ECOLI
Q8RWT5_ARATH,NDB1_ARATH
Q8RWT5_ARATH,ACO11_MOUSE
Q8RWT5_ARATH,GUX2_ARATH
Q8RWT5_ARATH,BGLR_ECOLI
F4I9D5_ARATH,GAGT1_ARATH
F4I9D5_ARATH,PTR10_ARATH
F4I9D5_ARATH,BON1_ARATH
F4I9D5_ARATH,GUX5_ARATH
F4I9D5_ARATH,PDS_ARATH
F4I9D5_ARATH,CTSR2_MOUSE
F4I9D5_ARATH,PP214_ARATH
F4I9D5_ARATH,4CLL6_ARATH
F4I9D5_ARATH,OTOP2_MOUSE
F4I9D5_ARATH,EVN_ARATH
F4I9D5_ARATH,PTFBC_ECOLI
F4I9D5_ARATH,PFPB1_ARATH
F4I9D5_ARATH,DGCQ_ECOLI
F4I9D5_ARATH,BIRC3_MOUSE
F4I9D5_ARATH,CAF2P_ARATH
F4I9D5_ARATH,FADK_ECOLI
F4I9D5_ARATH,DRTS2_ARATH
F4I9D5_ARATH,EPTB_ECOLI
F4I9D5_ARATH,PUX8_ARATH
F4I9D5_ARATH,GSHRP_ARATH
F4I9D5_ARATH,HSP7H_ARATH
F4I9D5_ARATH,PRD11_MOUSE
F4I9D5_ARATH,LAC12_ARATH
F4I9D5_ARATH,PME46_ARATH
F4I9D5_ARATH,MELPH_MOUSE
F4I9D5_ARATH,PUM9_ARATH
F4I9D5_ARATH,LGSN_MOUSE
F4I9D5_ARATH,RSCA1_MOUSE
F4I9D5_ARATH,PP358_ARATH
F4I9D5_ARATH,CARF_MOUSE
F4I9D5_ARATH,AAKG2_MOUSE
F4I9D5_ARATH,MLO12_ARATH
F4I9D5_ARATH,2AAG_ARATH
F4I9D5_ARATH,F4K124_ARATH
F4I9D5_ARATH,S23A1_MOUSE
F4I9D5_ARATH,SR54C_ARATH
F4I9D5_ARATH,TAPT1_MOUSE
F4I9D5_ARATH,ASE1_ARATH
F4I9D5_ARATH,ZN704_MOUSE
F4I9D5_ARATH,FUCI_ECOLI
F4I9D5_ARATH,COASY_MOUSE
F4I9D5_ARATH,LAT3_MOUSE
F4I9D5_ARATH,PMGT2_MOUSE
F4I9D5_ARATH,SRPK3_MOUSE
F4I9D5_ARATH,BCDO1_MOUSE
F4I9D5_ARATH,S13A2_MOUSE
F4I9D5_ARATH,DPYL5_MOUSE
F4I9D5_ARATH,EIF3L_MOUSE
F4I9D5_ARATH,ARAB_ECOLI
F4I9D5_ARATH,RH25_ARATH
F4I9D5_ARATH,CSRN3_MOUSE
F4I9D5_ARATH,MSBA_ECOLI
F4I9D5_ARATH,NEPRO_MOUSE
F4I9D5_ARATH,AGRA1_MOUSE
F4I9D5_ARATH,Z354B_MOUSE
F4I9D5_ARATH,TPSA_ARATH
F4I9D5_ARATH,YPDA_ECOLI
F4I9D5_ARATH,PGM5_MOUSE
F4I9D5_ARATH,ZN326_MOUSE
F4I9D5_ARATH,Q8BM18_MOUSE
F4I9D5_ARATH,CSPG5_MOUSE
F4I9D5_ARATH,LCTL_MOUSE
F4I9D5_ARATH,ERMAP_MOUSE
F4I9D5_ARATH,Q3TRK5_MOUSE
F4I9D5_ARATH,SUN4_ARATH
F4I9D5_ARATH,SYN3_MOUSE
F4I9D5_ARATH,KPYR_MOUSE
F4I9D5_ARATH,NARQ_ECOLI
F4I9D5_ARATH,S40A3_ARATH
F4I9D5_ARATH,SRO1_ARATH
F4I9D5_ARATH,ITN1_ARATH
F4I9D5_ARATH,CDPKO_ARATH
F4I9D5_ARATH,PMTD_ARATH
F4I9D5_ARATH,NCRK_ARATH
F4I9D5_ARATH,LAC15_ARATH
F4I9D5_ARATH,DNAG_ECOLI
F4I9D5_ARATH,SNX2B_ARATH
F4I9D5_ARATH,DSBD_ECOLI
F4I9D5_ARATH,DPYL2_MOUSE
F4I9D5_ARATH,INT2_ARATH
F4I9D5_ARATH,IL1R1_MOUSE
F4I9D5_ARATH,EZRI_MOUSE
F4I9D5_ARATH,MA652_ARATH
F4I9D5_ARATH,LESV_ARATH
F4I9D5_ARATH,SCAI_MOUSE
F4I9D5_ARATH,SAC7_ARATH
F4I9D5_ARATH,EAA2_MOUSE
F4I9D5_ARATH,NPRL3_MOUSE
F4I9D5_ARATH,STXB2_MOUSE
F4I9D5_ARATH,B1AWD0_MOUSE
F4I9D5_ARATH,HSDD2_ARATH
F4I9D5_ARATH,COE3_MOUSE
F4I9D5_ARATH,SYN2_MOUSE
F4I9D5_ARATH,SERA1_ARATH
F4I9D5_ARATH,AF9_MOUSE
F4I9D5_ARATH,CACB1_MOUSE
F4I9D5_ARATH,VIL1_ARATH
F4I9D5_ARATH,FZD2_MOUSE
F4I9D5_ARATH,IP5P1_ARATH
F4I9D5_ARATH,NOX3_MOUSE
PTR7_ARATH,MASY_ARATH
PTR7_ARATH,4CL1_ARATH
PTR7_ARATH,4CLL9_ARATH
PTR7_ARATH,HSDD3_ARATH
PTR7_ARATH,F4JNY4_ARATH
PTR7_ARATH,AL4A1_MOUSE
PTR7_ARATH,WRK34_ARATH
PTR7_ARATH,BTSS_ECOLI
PTR7_ARATH,ICS2_ARATH
PTR7_ARATH,Q9C6S8_ARATH
PTR7_ARATH,PAXI_MOUSE
PTR7_ARATH,SUN5_ARATH
PTR7_ARATH,5NT1B_MOUSE
PTR7_ARATH,YBJL_ECOLI
PTR7_ARATH,NPR1_ARATH
PTR7_ARATH,YFAA_ECOLI
PTR7_ARATH,EST1E_MOUSE
PTR7_ARATH,AGFG1_MOUSE
PTR7_ARATH,Y2626_ARATH
PTR7_ARATH,ASNS_MOUSE
PTR7_ARATH,ILVB_ECOLI
PTR7_ARATH,UBP21_MOUSE
PTR7_ARATH,YDDA_ECOLI
PTR7_ARATH,EST2C_MOUSE
PTR7_ARATH,HMDH2_ARATH
PTR7_ARATH,PGM1_MOUSE
PTR7_ARATH,KLH10_MOUSE
PTR7_ARATH,S4R1D4_MOUSE
PTR7_ARATH,ADAD2_MOUSE
PTR7_ARATH,GAK1A_MOUSE
PTR7_ARATH,EAA4_MOUSE
PTR7_ARATH,B3H746_ARATH
PTR7_ARATH,CDC6_MOUSE
PTR7_ARATH,EST1F_MOUSE
PTR7_ARATH,LCFA_ECOLI
PTR7_ARATH,POB1_ARATH
PTR7_ARATH,A0A0U1RQ46_MOUSE
PTR7_ARATH,ARFC_ARATH
PTR7_ARATH,KLH41_MOUSE
PTR7_ARATH,SDHA_ECOLI
PTR7_ARATH,ACSM3_MOUSE
PTR7_ARATH,Y5457_ARATH
PTR7_ARATH,GRHL1_MOUSE
PTR7_ARATH,PTR3_ARATH
PTR7_ARATH,MNT_MOUSE
PTR7_ARATH,NXP20_MOUSE
PTR7_ARATH,Q4KMN6_MOUSE
PTR7_ARATH,Q5XEY4_ARATH
PTR7_ARATH,CPNB1_ARATH
PTR7_ARATH,FETA_MOUSE
PTR7_ARATH,HEXO2_ARATH
PTR7_ARATH,DNJ63_ARATH
PTR7_ARATH,NDNF_MOUSE
PTR7_ARATH,GCL_ECOLI
PTR7_ARATH,WFKN2_MOUSE
PTR7_ARATH,PLET2_ARATH
PTR7_ARATH,STT7_ARATH
PTR7_ARATH,FRDA_ECOLI
PTR7_ARATH,PTR13_ARATH
PTR7_ARATH,DCE2_MOUSE
PTR7_ARATH,NPR4_ARATH
PTR7_ARATH,DOT3_ARATH
PTR7_ARATH,HLB1_ARATH
PTR7_ARATH,RUS1_ARATH
PTR7_ARATH,MPP3_MOUSE
PTR7_ARATH,GLMN_MOUSE
PTR7_ARATH,DIT21_ARATH
PTR7_ARATH,RECD_ECOLI
PTR7_ARATH,NDB4_ARATH
PTR7_ARATH,ARFR_ARATH
PTR7_ARATH,LPR2_ARATH
PTR7_ARATH,DCP1B_MOUSE
PTR7_ARATH,VP33A_MOUSE
PTR7_ARATH,P4KG4_ARATH
PTR7_ARATH,MEX3B_MOUSE
PTR7_ARATH,NEIL3_MOUSE
PTR7_ARATH,MCLN1_MOUSE
PTR7_ARATH,FPGS1_ARATH
PTR7_ARATH,CABL1_MOUSE
PTR7_ARATH,ASE2_ARATH
PTR7_ARATH,SCD2_ARATH
PTR7_ARATH,K2C5_MOUSE
PTR7_ARATH,KPCI_MOUSE
PTR7_ARATH,SNX2A_ARATH
PTR7_ARATH,NCED2_ARATH
PTR7_ARATH,AFB2_ARATH
PTR7_ARATH,F4KGW7_ARATH
PTR7_ARATH,NFD4_ARATH
PTR7_ARATH,GENL2_ARATH
PTR7_ARATH,TCX3_ARATH
PTR7_ARATH,MERL_MOUSE
PTR7_ARATH,AMPL2_ARATH
PTR7_ARATH,EZHIP_MOUSE
PTR7_ARATH,TFE3_MOUSE
PTR7_ARATH,SPAT7_MOUSE
PTR7_ARATH,MTG8R_MOUSE
PTR7_ARATH,LPR1_ARATH
PTR7_ARATH,PESC_MOUSE
PTR7_ARATH,ULP1C_ARATH
PTR7_ARATH,PME5_ARATH
HIS4_ARATH,GDPD5_MOUSE
HIS4_ARATH,CH60_MOUSE
HIS4_ARATH,FBX24_MOUSE
HIS4_ARATH,Q6PCM4_MOUSE
HIS4_ARATH,DLL3_MOUSE
HIS4_ARATH,B2RWS4_MOUSE
HIS4_ARATH,M3K1_ARATH
HIS4_ARATH,DLD_ARATH
HIS4_ARATH,NARX_ECOLI
HIS4_ARATH,CCD38_MOUSE
HIS4_ARATH,HSR4_ARATH
HIS4_ARATH,RECQ_ECOLI
HIS4_ARATH,Q8BYE8_MOUSE
HIS4_ARATH,MMP21_MOUSE
HIS4_ARATH,ZNT9_MOUSE
HIS4_ARATH,CCA1_ARATH
HIS4_ARATH,DDX5_MOUSE
HIS4_ARATH,AFB3_ARATH
HIS4_ARATH,NPY5_ARATH
HIS4_ARATH,TPS03_ARATH
HIS4_ARATH,IF2B2_MOUSE
HIS4_ARATH,A0A571BDK1_MOUSE
HIS4_ARATH,AK10B_ARATH
HIS4_ARATH,SGPL1_MOUSE
HIS4_ARATH,RECJ_ECOLI
HIS4_ARATH,MLO2_ARATH
HIS4_ARATH,SAC1_MOUSE
HIS4_ARATH,Q80T82_MOUSE
HIS4_ARATH,MON1_ARATH
HIS4_ARATH,PLET1_ARATH
HIS4_ARATH,ODAD3_MOUSE
HIS4_ARATH,AIPP3_ARATH
HIS4_ARATH,PLPL1_MOUSE
HIS4_ARATH,CY24B_MOUSE
HIS4_ARATH,CDT1A_ARATH
HIS4_ARATH,F4I526_ARATH
HIS4_ARATH,MCMBP_ARATH
HIS4_ARATH,MUC70_ARATH
HIS4_ARATH,PKP2_ARATH
HIS4_ARATH,CPNA1_ARATH
HIS4_ARATH,CPR5_ARATH
HIS4_ARATH,LEPA_ECOLI
HIS4_ARATH,BBS1_MOUSE
HIS4_ARATH,TMN1_ARATH
HIS4_ARATH,MMP14_MOUSE
HIS4_ARATH,YTHD3_MOUSE
HIS4_ARATH,NFIB_MOUSE
HIS4_ARATH,C3H66_ARATH
HIS4_ARATH,KLHL2_MOUSE
HIS4_ARATH,CH60A_ARATH
HIS4_ARATH,RYK_MOUSE
HIS4_ARATH,ESCO2_MOUSE
HIS4_ARATH,Q3UFU7_MOUSE
HIS4_ARATH,MMP17_MOUSE
HIS4_ARATH,HEAT9_MOUSE
HIS4_ARATH,RINL_MOUSE
HIS4_ARATH,MTA3_MOUSE
HIS4_ARATH,CAP4_ARATH
HIS4_ARATH,F4IFM6_ARATH
HIS4_ARATH,VAD1_ARATH
HIS4_ARATH,ATOS_ECOLI
HIS4_ARATH,FK117_ARATH
HIS4_ARATH,Q80V57_MOUSE
HIS4_ARATH,PTH1R_MOUSE
HIS4_ARATH,PFPB2_ARATH
HIS4_ARATH,DGS1_ARATH
HIS4_ARATH,NOC4_ARATH
HIS4_ARATH,CYSJ_ECOLI
HIS4_ARATH,SUV3M_ARATH
HIS4_ARATH,CARM1_MOUSE
HIS4_ARATH,GLYC7_ARATH
HIS4_ARATH,FANCC_MOUSE
HIS4_ARATH,SC6A1_MOUSE
HIS4_ARATH,TCP11_MOUSE
HIS4_ARATH,F4J8S1_ARATH
HIS4_ARATH,PGMC1_ARATH
HIS4_ARATH,NR2C2_MOUSE
HIS4_ARATH,EYA1_MOUSE
HIS4_ARATH,NRAM2_MOUSE
HIS4_ARATH,PP375_ARATH
HIS4_ARATH,SYCM_ARATH
HIS4_ARATH,OBE1_ARATH
HIS4_ARATH,CYDC_ECOLI
HIS4_ARATH,S6OS1_MOUSE
HIS4_ARATH,NR1D2_MOUSE
HIS4_ARATH,VPS45_ARATH
HIS4_ARATH,PMI2_ARATH
HIS4_ARATH,BIN1_MOUSE
HIS4_ARATH,VGLU2_MOUSE
HIS4_ARATH,SELB_MOUSE
HIS4_ARATH,OXC_ECOLI
HIS4_ARATH,TIR1_ARATH
HIS4_ARATH,MPIP2_MOUSE
HIS4_ARATH,A16L1_MOUSE
HIS4_ARATH,K1C10_MOUSE
HIS4_ARATH,BMAL2_MOUSE
HIS4_ARATH,MCLN2_MOUSE
HIS4_ARATH,UVRC_ECOLI
HIS4_ARATH,EIL3_ARATH
HIS4_ARATH,ASO_ARATH
GEX1_ARATH,DNJC2_MOUSE
GEX1_ARATH,NUMBL_MOUSE
GEX1_ARATH,RPN1_MOUSE
GEX1_ARATH,NCED3_ARATH
GEX1_ARATH,FTSI_ECOLI
GEX1_ARATH,NTNG2_MOUSE
GEX1_ARATH,RIOX1_MOUSE
GEX1_ARATH,NPY3_ARATH
GEX1_ARATH,RCD1_ARATH
GEX1_ARATH,CERK_ARATH
GEX1_ARATH,MFRP_MOUSE
GEX1_ARATH,PKP3_ARATH
GEX1_ARATH,CEA20_MOUSE
GEX1_ARATH,2AAA_ARATH
GEX1_ARATH,ELP3_ARATH
GEX1_ARATH,CCR4A_ARATH
GEX1_ARATH,EPN1_MOUSE
GEX1_ARATH,ARR12_ARATH
GEX1_ARATH,TAF6L_MOUSE
GEX1_ARATH,DEGP2_ARATH
GEX1_ARATH,F4KD43_ARATH
GEX1_ARATH,ZBT7C_MOUSE
GEX1_ARATH,COG8_ARATH
GEX1_ARATH,FUT8_MOUSE
GEX1_ARATH,PLK5_MOUSE
GEX1_ARATH,NF2L2_MOUSE
GEX1_ARATH,GH312_ARATH
GEX1_ARATH,DRM1L_ARATH
GEX1_ARATH,SPIR1_MOUSE
GEX1_ARATH,LSR_MOUSE
GEX1_ARATH,ASNS1_ARATH
GEX1_ARATH,ILVD_ARATH
GEX1_ARATH,IL1AP_MOUSE
GEX1_ARATH,LYAM2_MOUSE
GEX1_ARATH,HSCA_ECOLI
GEX1_ARATH,TREA_ECOLI
GEX1_ARATH,F6RXM1_MOUSE
GEX1_ARATH,RUNX2_MOUSE
GEX1_ARATH,NPY1_ARATH
GEX1_ARATH,OPSL1_ARATH
GEX1_ARATH,QRIC2_MOUSE
GEX1_ARATH,NRX3B_MOUSE
GEX1_ARATH,ARHG8_MOUSE
GEX1_ARATH,ORTH1_ARATH
GEX1_ARATH,YTHD2_MOUSE
GEX1_ARATH,TLE6_MOUSE
GEX1_ARATH,Q9LTW8_ARATH
GEX1_ARATH,GPNMB_MOUSE
GEX1_ARATH,NHD1_ARATH
GEX1_ARATH,FZD7_MOUSE
GEX1_ARATH,AIFM1_MOUSE
GEX1_ARATH,E70A3_ARATH
GEX1_ARATH,DAB1_MOUSE
GEX1_ARATH,ZN703_MOUSE
GEX1_ARATH,PTL_ARATH
GEX1_ARATH,DOPO_MOUSE
GEX1_ARATH,CHLE_MOUSE
GEX1_ARATH,KBTB2_MOUSE
GEX1_ARATH,PRS56_MOUSE
GEX1_ARATH,PUR9_MOUSE
GEX1_ARATH,UBS3A_MOUSE
GEX1_ARATH,CRY2_ARATH
GEX1_ARATH,NAC16_ARATH
GEX1_ARATH,AIB_ARATH
GEX1_ARATH,EYA4_MOUSE
GEX1_ARATH,TGFR2_MOUSE
GEX1_ARATH,CSRN1_MOUSE
GEX1_ARATH,PME3_ARATH
GEX1_ARATH,AMHR2_MOUSE
GEX1_ARATH,FLCN_MOUSE
GEX1_ARATH,HYCC_ECOLI
GEX1_ARATH,MAO1_ECOLI
GEX1_ARATH,FIP1_MOUSE
GEX1_ARATH,OBE2_ARATH
GEX1_ARATH,CRY2_MOUSE
GEX1_ARATH,Q499W6_MOUSE
GEX1_ARATH,PHAR1_MOUSE
GEX1_ARATH,ADO3_ARATH
GEX1_ARATH,PAF1_ARATH
GEX1_ARATH,SCY2_ARATH
GEX1_ARATH,SPHK2_MOUSE
GEX1_ARATH,ZAP70_MOUSE
GEX1_ARATH,DPOA2_MOUSE
GEX1_ARATH,TRAF3_MOUSE
GEX1_ARATH,TBR_ARATH
GEX1_ARATH,PGH1_MOUSE
GEX1_ARATH,RTKN2_MOUSE
GEX1_ARATH,RGA_ARATH
GEX1_ARATH,JAR1_ARATH
GEX1_ARATH,EGL1_ARATH
GEX1_ARATH,PUB11_ARATH
GEX1_ARATH,COI1_ARATH
GEX1_ARATH,NSN1_ARATH
GEX1_ARATH,GRB10_MOUSE
GEX1_ARATH,ICS1_ARATH
GEX1_ARATH,CNDH2_MOUSE
GEX1_ARATH,NCED6_ARATH
GEX1_ARATH,ARP5_MOUSE
GEX1_ARATH,M3K7_MOUSE
GEX1_ARATH,COE2_MOUSE
G6PI_MOUSE,4CL2_ARATH
G6PI_MOUSE,4CLL7_ARATH
G6PI_MOUSE,CCX2_ARATH
G6PI_MOUSE,4CLL4_ARATH
G6PI_MOUSE,ATPBO_ARATH
G6PI_MOUSE,3BP2_MOUSE
G6PI_MOUSE,BBE12_ARATH
G6PI_MOUSE,F4JFM6_ARATH
G6PI_MOUSE,4CLL8_ARATH
G6PI_MOUSE,AAE1_ARATH
G6PI_MOUSE,SIPL3_ARATH
G6PI_MOUSE,BBE2_ARATH
G6PI_MOUSE,BAM4_ARATH
G6PI_MOUSE,BBE21_ARATH
G6PI_MOUSE,ALMT6_ARATH
G6PI_MOUSE,AAE5_ARATH
G6PI_MOUSE,F4IN86_ARATH
G6PI_MOUSE,BBE9_ARATH
G6PI_MOUSE,APRR2_ARATH
G6PI_MOUSE,BCSG_ECOLI
G6PI_MOUSE,ALMTC_ARATH
G6PI_MOUSE,ANTR4_ARATH
G6PI_MOUSE,Q94EI6_ARATH
G6PI_MOUSE,G6PI_ARATH
G6PI_MOUSE,BAM2_ARATH
G6PI_MOUSE,ALAT2_ARATH
G6PI_MOUSE,ATPBN_ARATH
G6PI_MOUSE,C86A2_ARATH
G6PI_MOUSE,BBE1_ARATH
G6PI_MOUSE,O64838_ARATH
G6PI_MOUSE,CDPK6_ARATH
G6PI_MOUSE,IRE1L_ARATH
G6PI_MOUSE,BBE23_ARATH
G6PI_MOUSE,HF101_ARATH
G6PI_MOUSE,BBE24_ARATH
G6PI_MOUSE,B9DHK3_ARATH
G6PI_MOUSE,BBE27_ARATH
G6PI_MOUSE,BGL31_ARATH
G6PI_MOUSE,YHIJ_ECOLI
G6PI_MOUSE,BBE28_ARATH
G6PI_MOUSE,BGL32_ARATH
G6PI_MOUSE,SOCS6_MOUSE
G6PI_MOUSE,BLH6_ARATH
G6PI_MOUSE,LAC11_ARATH
G6PI_MOUSE,C86A4_ARATH
G6PI_MOUSE,C79F2_ARATH
G6PI_MOUSE,K2C75_MOUSE
G6PI_MOUSE,CDC6A_ARATH
G6PI_MOUSE,CKX6_ARATH
G6PI_MOUSE,CDPK9_ARATH
G6PI_MOUSE,CDPKA_ARATH
G6PI_MOUSE,CDPKU_ARATH
G6PI_MOUSE,CKX5_ARATH
G6PI_MOUSE,DET1_ARATH
G6PI_MOUSE,LUT1_ARATH
G6PI_MOUSE,F4I3Q0_ARATH
G6PI_MOUSE,F4HT52_ARATH
G6PI_MOUSE,F4IW19_ARATH
G6PI_MOUSE,SNTB1_MOUSE
G6PI_MOUSE,GLPK5_MOUSE
G6PI_MOUSE,IPGL2_ARATH
G6PI_MOUSE,MASY_ECOLI
G6PI_MOUSE,F4HVG0_ARATH
G6PI_MOUSE,F4IX02_ARATH
G6PI_MOUSE,GH32_ARATH
G6PI_MOUSE,GLPT4_ARATH
G6PI_MOUSE,FKB62_ARATH
G6PI_MOUSE,F4K7R6_ARATH
G6PI_MOUSE,C79B2_ARATH
G6PI_MOUSE,Q8H1N6_ARATH
G6PI_MOUSE,FOX1_ARATH
G6PI_MOUSE,NOP5A_ARATH
G6PI_MOUSE,EIL5_ARATH
G6PI_MOUSE,FACR6_ARATH
G6PI_MOUSE,FUT1_ARATH
G6PI_MOUSE,HMA3A_ARATH
G6PI_MOUSE,FOX4_ARATH
G6PI_MOUSE,Q9LN29_ARATH
G6PI_MOUSE,HPSE1_ARATH
G6PI_MOUSE,LRP6B_ARATH
G6PI_MOUSE,GUX4_ARATH
G6PI_MOUSE,HSOP3_ARATH
G6PI_MOUSE,CNOT6_MOUSE
G6PI_MOUSE,NHX6_ARATH
G6PI_MOUSE,IDS_MOUSE
G6PI_MOUSE,APBA3_MOUSE
G6PI_MOUSE,LAC10_ARATH
G6PI_MOUSE,LCAT4_ARATH
G6PI_MOUSE,DPIB_ECOLI
G6PI_MOUSE,YBEY_ARATH
G6PI_MOUSE,ODP22_ARATH
G6PI_MOUSE,Q9LU28_ARATH
G6PI_MOUSE,Q949Y1_ARATH
G6PI_MOUSE,LSG11_ARATH
G6PI_MOUSE,NPC4_ARATH
G6PI_MOUSE,TCPZA_ARATH
G6PI_MOUSE,PME12_ARATH
G6PI_MOUSE,IMPA3_ARATH
G6PI_MOUSE,MTEFH_ARATH
G6PI_MOUSE,MNS1_ARATH
ADT2_MOUSE,A8MQQ8_ARATH
ADT2_MOUSE,PECR_MOUSE
ADT2_MOUSE,A8MRF3_ARATH
ADT2_MOUSE,ACCO5_ARATH
ADT2_MOUSE,AHL15_ARATH
ADT2_MOUSE,DOF54_ARATH
ADT2_MOUSE,C3H15_ARATH
ADT2_MOUSE,ADS1_ARATH
ADT2_MOUSE,BCH1_ARATH
ADT2_MOUSE,BH018_ARATH
ADT2_MOUSE,DRE2G_ARATH
ADT2_MOUSE,BH145_ARATH
ADT2_MOUSE,CSP1_ARATH
ADT2_MOUSE,ECH2_ARATH
ADT2_MOUSE,CHLM_ARATH
ADT2_MOUSE,MAMYB_ARATH
ADT2_MOUSE,EXOL1_ARATH
ADT2_MOUSE,GATA6_ARATH
ADT2_MOUSE,DDPS2_ARATH
ADT2_MOUSE,FBL53_ARATH
ADT2_MOUSE,PP2A4_ARATH
ADT2_MOUSE,KAZD1_MOUSE
ADT2_MOUSE,EYA_ARATH
ADT2_MOUSE,F4JW33_ARATH
ADT2_MOUSE,FB4_ARATH
ADT2_MOUSE,YDCI_ECOLI
ADT2_MOUSE,Q3UT31_MOUSE
ADT2_MOUSE,F4J1R5_ARATH
ADT2_MOUSE,FB250_ARATH
ADT2_MOUSE,HBPL1_ARATH
ADT2_MOUSE,FBRL1_ARATH
ADT2_MOUSE,GAT25_ARATH
ADT2_MOUSE,FLS3_ARATH
ADT2_MOUSE,NUDT9_ARATH
ADT2_MOUSE,GXM3_ARATH
ADT2_MOUSE,MTCH2_MOUSE
ADT2_MOUSE,IFRH_ARATH
ADT2_MOUSE,MPCP1_ARATH
ADT2_MOUSE,YEHX_ECOLI
ADT2_MOUSE,I1VCA5_ARATH
ADT2_MOUSE,PP12_ARATH
ADT2_MOUSE,M2K10_ARATH
ADT2_MOUSE,IPCS1_ARATH
ADT2_MOUSE,MIOX1_ARATH
ADT2_MOUSE,KCR2_ARATH
ADT2_MOUSE,Q66GM9_ARATH
ADT2_MOUSE,M2K8_ARATH
ADT2_MOUSE,O22179_ARATH
ADT2_MOUSE,MYB87_ARATH
ADT2_MOUSE,ELOV4_MOUSE
ADT2_MOUSE,PDX11_ARATH
ADT2_MOUSE,PP15_ARATH
ADT2_MOUSE,PP2A5_ARATH
ADT2_MOUSE,PDF1_ARATH
ADT2_MOUSE,O82299_ARATH
ADT2_MOUSE,Q9ZU99_ARATH
ADT2_MOUSE,PBER1_ARATH
ADT2_MOUSE,PIMT2_ARATH
ADT2_MOUSE,Q9SZ65_ARATH
ADT2_MOUSE,PMI10_ARATH
ADT2_MOUSE,PUMP4_ARATH
ADT2_MOUSE,Q84J43_ARATH
ADT2_MOUSE,Q6DR41_ARATH
ADT2_MOUSE,RMR1_ARATH
ADT2_MOUSE,Q9SGI3_ARATH
ADT2_MOUSE,Q9SU93_ARATH
ADT2_MOUSE,UBQ14_ARATH
ADT2_MOUSE,Q0IGM5_ARATH
ADT2_MOUSE,Q84VP9_ARATH
ADT2_MOUSE,Q94K97_ARATH
ADT2_MOUSE,Q949X1_ARATH
ADT2_MOUSE,STX1A_MOUSE
ADT2_MOUSE,YHCC_ECOLI
ADT2_MOUSE,PUMP2_ARATH
ADT2_MOUSE,Q9LJA1_ARATH
ADT2_MOUSE,Q9LY49_ARATH
ADT2_MOUSE,Q9M3D1_ARATH
ADT2_MOUSE,Q9SSC6_ARATH
ADT2_MOUSE,SAT5_ARATH
ADT2_MOUSE,NADC_MOUSE
ADT2_MOUSE,K1PF_ECOLI
ADT2_MOUSE,Q9SXA7_ARATH
ADT2_MOUSE,Q9XI76_ARATH
ADT2_MOUSE,TO401_ARATH
ADT2_MOUSE,B2RWS1_MOUSE
ADT2_MOUSE,IBP2_MOUSE
ADT2_MOUSE,ST1C2_MOUSE
ADT2_MOUSE,UBQ3_ARATH
ADT2_MOUSE,GSIC_ECOLI
ADT2_MOUSE,Q9XI75_ARATH
ADT2_MOUSE,ZHD3_ARATH
ADT2_MOUSE,RLPH2_ARATH
ADT2_MOUSE,UUAT1_ARATH
ADT2_MOUSE,FABD_ECOLI
ADT2_MOUSE,SINA5_ARATH
ADT2_MOUSE,URIC_ARATH
ADT2_MOUSE,XTH33_ARATH
ADT2_MOUSE,ZHD4_ARATH
ADT2_MOUSE,ZHD9_ARATH
ADT2_MOUSE,AAEA_ECOLI
ADT1_MOUSE,ALSB_ECOLI
ADT1_MOUSE,ERFK_ECOLI
ADT1_MOUSE,PRN1_ARATH
ADT1_MOUSE,GTRB_ECOLI
ADT1_MOUSE,FLGJ_ECOLI
ADT1_MOUSE,PSUK_ECOLI
ADT1_MOUSE,Q9D140_MOUSE
ADT1_MOUSE,YEDA_ECOLI
ADT1_MOUSE,MALM_ECOLI
ADT1_MOUSE,RLMF_ECOLI
ADT1_MOUSE,A0A1Y7VLS7_MOUSE
ADT1_MOUSE,ABHDB_MOUSE
ADT1_MOUSE,YFER_ECOLI
ADT1_MOUSE,T2R41_MOUSE
ADT1_MOUSE,T2R16_MOUSE
ADT1_MOUSE,WAAS_ECOLI
ADT1_MOUSE,PAAA_ECOLI
ADT1_MOUSE,YICL_ECOLI
ADT1_MOUSE,P33MX_MOUSE
ADT1_MOUSE,KHSE_ECOLI
ADT1_MOUSE,ATL55_ARATH
ADT1_MOUSE,OPPB_ECOLI
ADT1_MOUSE,YADG_ECOLI
ADT1_MOUSE,TNR27_MOUSE
ADT1_MOUSE,PXPC_ECOLI
ADT1_MOUSE,YCJY_ECOLI
ADT1_MOUSE,QMCA_ECOLI
ADT1_MOUSE,YBIS_ECOLI
ADT1_MOUSE,TDCA_ECOLI
ADT1_MOUSE,YIHG_ECOLI
ADT1_MOUSE,ZITB_ECOLI
ADT1_MOUSE,Q84J77_ARATH
ADT1_MOUSE,PIM1_MOUSE
ADT1_MOUSE,YEDI_ECOLI
ADT1_MOUSE,HLF_MOUSE
ADT1_MOUSE,ZNUA_ECOLI
ADT1_MOUSE,A0A3B2WDB0_MOUSE
ADT1_MOUSE,A0A494BAP1_MOUSE
ADT1_MOUSE,GAT28_ARATH
ADT1_MOUSE,THO4D_ARATH
ADT1_MOUSE,B3GT5_MOUSE
ADT1_MOUSE,BPNT1_MOUSE
ADT1_MOUSE,CASA1_MOUSE
ADT1_MOUSE,E9Q9Z6_MOUSE
ADT1_MOUSE,GIMA3_MOUSE
ADT1_MOUSE,CATZ_MOUSE
ADT1_MOUSE,ORAI3_MOUSE
ADT1_MOUSE,COPE_MOUSE
ADT1_MOUSE,ENDO1_ARATH
ADT1_MOUSE,IMPA2_MOUSE
ADT1_MOUSE,GGPPS_MOUSE
ADT1_MOUSE,Q8K0T3_MOUSE
ADT1_MOUSE,S7A6O_MOUSE
ADT1_MOUSE,G1JLS7_MOUSE
ADT1_MOUSE,GLO2_MOUSE
ADT1_MOUSE,SPEE_ECOLI
ADT1_MOUSE,CLTR2_MOUSE
ADT1_MOUSE,GNPI1_MOUSE
ADT1_MOUSE,GPR35_MOUSE
ADT1_MOUSE,S2551_MOUSE
ADT1_MOUSE,Q8BL32_MOUSE
ADT1_MOUSE,Q8C9R1_MOUSE
ADT1_MOUSE,KMCP1_MOUSE
ADT1_MOUSE,GNPTG_MOUSE
ADT1_MOUSE,MEDAG_MOUSE
ADT1_MOUSE,RHBL2_MOUSE
ADT1_MOUSE,GP141_MOUSE
ADT1_MOUSE,HNMT_MOUSE
ADT1_MOUSE,IGHDM_MOUSE
ADT1_MOUSE,O10D3_MOUSE
ADT1_MOUSE,MAK_ECOLI
ADT1_MOUSE,PIR_MOUSE
ADT1_MOUSE,BIEA_MOUSE
ADT1_MOUSE,LARGN_MOUSE
ADT1_MOUSE,OR8A1_MOUSE
ADT1_MOUSE,THTM_MOUSE
ADT1_MOUSE,LRB4B_MOUSE
ADT1_MOUSE,JAM1_MOUSE
ADT1_MOUSE,MO2R3_MOUSE
ADT1_MOUSE,KFA_MOUSE
ADT1_MOUSE,ENDO3_ARATH
ADT1_MOUSE,RNH2A_MOUSE
ADT1_MOUSE,PH11A_MOUSE
ADT1_MOUSE,LRAD4_MOUSE
ADT1_MOUSE,PHF7_MOUSE
ADT1_MOUSE,NEK6_MOUSE
ADT1_MOUSE,TEF_MOUSE
ADT1_MOUSE,SPY4_MOUSE
ADT1_MOUSE,A0A286YCD8_MOUSE
ADT1_MOUSE,MRGA4_MOUSE
ADT1_MOUSE,TXTP_MOUSE
ADT1_MOUSE,IN35_MOUSE
ADT1_MOUSE,TIMD2_MOUSE
ADT1_MOUSE,O35845_MOUSE
ADT1_MOUSE,OBOX5_MOUSE
ADT1_MOUSE,PIHD1_MOUSE
ADT1_MOUSE,Q8R1G8_MOUSE
ADT1_MOUSE,Q8R2D2_MOUSE
ADT1_MOUSE,MMUM_ECOLI
ADT1_MOUSE,PNMT_MOUSE
MCP2_ECOLI,C78A6_ARATH
MCP2_ECOLI,NHX4_ARATH
MCP2_ECOLI,Q9SVX6_ARATH
MCP2_ECOLI,MGT4B_MOUSE
MCP2_ECOLI,Q84WU1_ARATH
MCP2_ECOLI,DHFS_ARATH
MCP2_ECOLI,NRAM6_ARATH
MCP2_ECOLI,WNK7_ARATH
MCP2_ECOLI,F4JP80_ARATH
MCP2_ECOLI,BIM1_ARATH
MCP2_ECOLI,CDPKE_ARATH
MCP2_ECOLI,F4J982_ARATH
MCP2_ECOLI,PME39_ARATH
MCP2_ECOLI,F4KDJ9_ARATH
MCP2_ECOLI,GLYP3_ARATH
MCP2_ECOLI,NOP5B_ARATH
MCP2_ECOLI,PAGR_ARATH
MCP2_ECOLI,O22957_ARATH
MCP2_ECOLI,PME6_ARATH
MCP2_ECOLI,NET4A_ARATH
MCP2_ECOLI,OCT2_ARATH
MCP2_ECOLI,PFKA4_ARATH
MCP2_ECOLI,ODP23_ARATH
MCP2_ECOLI,PAO5_ARATH
MCP2_ECOLI,OCT4_ARATH
MCP2_ECOLI,GLT13_MOUSE
MCP2_ECOLI,PTR26_ARATH
MCP2_ECOLI,PFKA5_ARATH
MCP2_ECOLI,PHT15_ARATH
MCP2_ECOLI,ARID1_ARATH
MCP2_ECOLI,PUB40_ARATH
MCP2_ECOLI,PME35_ARATH
MCP2_ECOLI,Q9FJM0_ARATH
MCP2_ECOLI,RAY1_ARATH
MCP2_ECOLI,SGPL_ARATH
MCP2_ECOLI,PP165_ARATH
MCP2_ECOLI,PP104_ARATH
MCP2_ECOLI,PHT17_ARATH
MCP2_ECOLI,PI51B_MOUSE
MCP2_ECOLI,PTR41_ARATH
MCP2_ECOLI,PME18_ARATH
MCP2_ECOLI,TM87A_MOUSE
MCP2_ECOLI,S22AJ_MOUSE
MCP2_ECOLI,F4K9L3_ARATH
MCP2_ECOLI,CPNE7_MOUSE
MCP2_ECOLI,IL18R_MOUSE
MCP2_ECOLI,PP225_ARATH
MCP2_ECOLI,PDEC_ECOLI
MCP2_ECOLI,FLGK_ECOLI
MCP2_ECOLI,PP337_ARATH
MCP2_ECOLI,PPOC_ARATH
MCP2_ECOLI,MHPA_ECOLI
MCP2_ECOLI,PTR24_ARATH
MCP2_ECOLI,DDHD1_MOUSE
MCP2_ECOLI,PPR14_ARATH
MCP2_ECOLI,PTR25_ARATH
MCP2_ECOLI,Q94KE3_ARATH
MCP2_ECOLI,PUM10_ARATH
MCP2_ECOLI,SCY1_ARATH
MCP2_ECOLI,Q9M332_ARATH
MCP2_ECOLI,Q0WNX3_ARATH
MCP2_ECOLI,Q9FPE7_ARATH
MCP2_ECOLI,Q9LJF1_ARATH
MCP2_ECOLI,Q9LE45_ARATH
MCP2_ECOLI,FLIF_ECOLI
MCP2_ECOLI,Q9SJQ0_ARATH
MCP2_ECOLI,Q9LZ26_ARATH
MCP2_ECOLI,RBBP_ARATH
MCP2_ECOLI,Q9S7S4_ARATH
MCP2_ECOLI,Q9SK84_ARATH
MCP2_ECOLI,RAGP2_ARATH
MCP2_ECOLI,EST2A_MOUSE
MCP2_ECOLI,Q8VCQ8_MOUSE
MCP2_ECOLI,YIDE_ECOLI
MCP2_ECOLI,SCL7_ARATH
MCP2_ECOLI,RNC1_ARATH
MCP2_ECOLI,SIPL2_ARATH
MCP2_ECOLI,WRK72_ARATH
MCP2_ECOLI,USHA_ECOLI
MCP2_ECOLI,SFH2_ARATH
MCP2_ECOLI,SFH3_ARATH
MCP2_ECOLI,UBP22_ARATH
MCP2_ECOLI,BANP_MOUSE
MCP2_ECOLI,EFS_MOUSE
MCP2_ECOLI,TIG_ARATH
MCP2_ECOLI,PATL2_MOUSE
MCP2_ECOLI,STY8_ARATH
MCP2_ECOLI,PDE1A_MOUSE
MCP2_ECOLI,SLAC1_ARATH
MCP2_ECOLI,F8VPQ6_MOUSE
MCP2_ECOLI,SINE2_ARATH
MCP2_ECOLI,SINE1_ARATH
MCP2_ECOLI,TBCE_ARATH
MCP2_ECOLI,SYT2_ARATH
MCP2_ECOLI,PDIA2_MOUSE
MCP2_ECOLI,SKIP2_ARATH
MCP2_ECOLI,SYPC_ARATH
MCP2_ECOLI,PGM_ECOLI
MCP2_ECOLI,TAF6_ARATH
MCP2_ECOLI,THG2_ARATH
AIRE_MOUSE,PID2_ARATH
AIRE_MOUSE,XK2_ARATH
AIRE_MOUSE,ALB32_ARATH
AIRE_MOUSE,MMSA_MOUSE
AIRE_MOUSE,TBL1_ARATH
AIRE_MOUSE,S4R1T7_MOUSE
AIRE_MOUSE,TIC55_ARATH
AIRE_MOUSE,PME44_ARATH
AIRE_MOUSE,PR19B_ARATH
AIRE_MOUSE,TIC56_ARATH
AIRE_MOUSE,ALLF_ECOLI
AIRE_MOUSE,WRK42_ARATH
AIRE_MOUSE,Y1028_ARATH
AIRE_MOUSE,HYFF_ECOLI
AIRE_MOUSE,XYLL3_ARATH
AIRE_MOUSE,ABPA_ECOLI
AIRE_MOUSE,ARI1_MOUSE
AIRE_MOUSE,ASPC1_MOUSE
AIRE_MOUSE,BGLH_ECOLI
AIRE_MOUSE,EPTA_ECOLI
AIRE_MOUSE,LLDP_ECOLI
AIRE_MOUSE,GGAP_ECOLI
AIRE_MOUSE,PAO_ARATH
AIRE_MOUSE,HSCC_ECOLI
AIRE_MOUSE,Q52KQ3_MOUSE
AIRE_MOUSE,LIGB_ECOLI
AIRE_MOUSE,LGI1_MOUSE
AIRE_MOUSE,MCP4_ECOLI
AIRE_MOUSE,YBAL_ECOLI
AIRE_MOUSE,ILVG_ECOLI
AIRE_MOUSE,NRFE_ECOLI
AIRE_MOUSE,DDX56_MOUSE
AIRE_MOUSE,SYQ_ECOLI
AIRE_MOUSE,GP107_MOUSE
AIRE_MOUSE,PDED_ECOLI
AIRE_MOUSE,Q80VF3_MOUSE
AIRE_MOUSE,RTCR_ECOLI
AIRE_MOUSE,RIBA1_ARATH
AIRE_MOUSE,DAR1_ARATH
AIRE_MOUSE,OPGE_ECOLI
AIRE_MOUSE,TRI26_MOUSE
AIRE_MOUSE,PDP2_MOUSE
AIRE_MOUSE,OPGD_ECOLI
AIRE_MOUSE,A0A3B2WCD4_MOUSE
AIRE_MOUSE,THIP_ECOLI
AIRE_MOUSE,OIT3_MOUSE
AIRE_MOUSE,UBIB_ECOLI
AIRE_MOUSE,YDEN_ECOLI
AIRE_MOUSE,YGIS_ECOLI
AIRE_MOUSE,ALG8_MOUSE
AIRE_MOUSE,Q60626_MOUSE
AIRE_MOUSE,BGL38_ARATH
AIRE_MOUSE,YJBB_ECOLI
AIRE_MOUSE,YEGH_ECOLI
AIRE_MOUSE,GATB_MOUSE
AIRE_MOUSE,ARSK_MOUSE
AIRE_MOUSE,A2CG22_MOUSE
AIRE_MOUSE,YJCE_ECOLI
AIRE_MOUSE,ASIC4_MOUSE
AIRE_MOUSE,ANGE2_MOUSE
AIRE_MOUSE,IDD_MOUSE
AIRE_MOUSE,CCD63_MOUSE
AIRE_MOUSE,CDPK5_ARATH
AIRE_MOUSE,CERK1_MOUSE
AIRE_MOUSE,YHBX_ECOLI
AIRE_MOUSE,S22AF_MOUSE
AIRE_MOUSE,DBR1_MOUSE
AIRE_MOUSE,ANR42_MOUSE
AIRE_MOUSE,EST2E_MOUSE
AIRE_MOUSE,C295L_MOUSE
AIRE_MOUSE,S22AM_MOUSE
AIRE_MOUSE,CPSF6_MOUSE
AIRE_MOUSE,LAS2_MOUSE
AIRE_MOUSE,BORA_MOUSE
AIRE_MOUSE,DJC11_MOUSE
AIRE_MOUSE,TF65_MOUSE
AIRE_MOUSE,PPM1G_MOUSE
AIRE_MOUSE,CP11A_MOUSE
AIRE_MOUSE,E9PZP6_MOUSE
AIRE_MOUSE,F7B5B5_MOUSE
AIRE_MOUSE,HOMEZ_MOUSE
AIRE_MOUSE,NSRP1_MOUSE
AIRE_MOUSE,NMT2_MOUSE
AIRE_MOUSE,GBRA4_MOUSE
AIRE_MOUSE,Q6IS31_MOUSE
AIRE_MOUSE,GALT1_MOUSE
AIRE_MOUSE,EOGT_MOUSE
AIRE_MOUSE,GTR10_MOUSE
AIRE_MOUSE,BTBD3_MOUSE
AIRE_MOUSE,Q2V6D6_MOUSE
AIRE_MOUSE,IKZF2_MOUSE
AIRE_MOUSE,MNDAL_MOUSE
AIRE_MOUSE,PRRP2_ARATH
AIRE_MOUSE,GLCI1_MOUSE
AIRE_MOUSE,GHDC_MOUSE
AIRE_MOUSE,MET16_MOUSE
AIRE_MOUSE,EME1A_ARATH
AIRE_MOUSE,GNS_MOUSE
AIRE_MOUSE,IL21R_MOUSE
AIRE_MOUSE,LGI2_MOUSE
RPK1_ARATH,AMT12_ARATH
RPK1_ARATH,PRP4L_ARATH
RPK1_ARATH,AXL1_ARATH
RPK1_ARATH,NELFA_MOUSE
RPK1_ARATH,ANTR6_ARATH
RPK1_ARATH,CISY2_ARATH
RPK1_ARATH,AROA_ARATH
RPK1_ARATH,PPR3_ARATH
RPK1_ARATH,DTX31_ARATH
RPK1_ARATH,F4ITI0_ARATH
RPK1_ARATH,BLH3_ARATH
RPK1_ARATH,C7351_ARATH
RPK1_ARATH,C86A7_ARATH
RPK1_ARATH,CTPA2_ARATH
RPK1_ARATH,GALS2_ARATH
RPK1_ARATH,F4K9Q6_ARATH
RPK1_ARATH,GLGL1_ARATH
RPK1_ARATH,F4J6P6_ARATH
RPK1_ARATH,CKX7_ARATH
RPK1_ARATH,DRTS1_ARATH
RPK1_ARATH,ELF5_ARATH
RPK1_ARATH,K2C71_MOUSE
RPK1_ARATH,GT18_ARATH
RPK1_ARATH,F4IMT3_ARATH
RPK1_ARATH,F4KFD4_ARATH
RPK1_ARATH,Q0VD75_MOUSE
RPK1_ARATH,ROGF9_ARATH
RPK1_ARATH,PR19A_ARATH
RPK1_ARATH,GLGL3_ARATH
RPK1_ARATH,FBL16_ARATH
RPK1_ARATH,GMCL1_MOUSE
RPK1_ARATH,YJJI_ECOLI
RPK1_ARATH,GLGL4_ARATH
RPK1_ARATH,N4BP3_MOUSE
RPK1_ARATH,WDS_ARATH
RPK1_ARATH,GLPT1_ARATH
RPK1_ARATH,MBD8_ARATH
RPK1_ARATH,GLGL2_ARATH
RPK1_ARATH,IF31_ARATH
RPK1_ARATH,STP11_ARATH
RPK1_ARATH,MPP10_ARATH
RPK1_ARATH,GLCTK_MOUSE
RPK1_ARATH,DDB2_ARATH
RPK1_ARATH,NHX5_ARATH
RPK1_ARATH,Q1JPM3_ARATH
RPK1_ARATH,DMKN_MOUSE
RPK1_ARATH,CD20B_MOUSE
RPK1_ARATH,YAHF_ECOLI
RPK1_ARATH,PUM8_ARATH
RPK1_ARATH,Q5RJC7_ARATH
RPK1_ARATH,Q9ZUB7_ARATH
RPK1_ARATH,UBP22_MOUSE
RPK1_ARATH,Q058J9_ARATH
RPK1_ARATH,SYT14_MOUSE
RPK1_ARATH,OCT3_ARATH
RPK1_ARATH,DTX47_ARATH
RPK1_ARATH,WNK3_ARATH
RPK1_ARATH,Q9C8L9_ARATH
RPK1_ARATH,SLAH2_ARATH
RPK1_ARATH,Q66GJ0_ARATH
RPK1_ARATH,Q7Y1Z8_ARATH
RPK1_ARATH,Q9LUD2_ARATH
RPK1_ARATH,RH1_ARATH
RPK1_ARATH,S40A1_ARATH
RPK1_ARATH,FACR2_MOUSE
RPK1_ARATH,LEU1_ECOLI
RPK1_ARATH,RUS4_ARATH
RPK1_ARATH,RBBP5_MOUSE
RPK1_ARATH,PDEB_ECOLI
RPK1_ARATH,KTNA1_ARATH
RPK1_ARATH,A0A3Q4EGU0_MOUSE
RPK1_ARATH,SCP49_ARATH
RPK1_ARATH,BCSE_ECOLI
RPK1_ARATH,AGRG5_MOUSE
RPK1_ARATH,STP1_ARATH
RPK1_ARATH,TPS1L_ARATH
RPK1_ARATH,Y5262_ARATH
RPK1_ARATH,GPMI_ECOLI
RPK1_ARATH,TRPE_ECOLI
RPK1_ARATH,A0A3B2WD64_MOUSE
RPK1_ARATH,MLTF_ECOLI
RPK1_ARATH,FMO5_MOUSE
RPK1_ARATH,COR2A_MOUSE
RPK1_ARATH,2A5G_MOUSE
RPK1_ARATH,PDEN_ECOLI
RPK1_ARATH,AMGO2_MOUSE
RPK1_ARATH,B1ARV3_MOUSE
RPK1_ARATH,AMPL_MOUSE
RPK1_ARATH,CP24A_MOUSE
RPK1_ARATH,LPCT4_MOUSE
RPK1_ARATH,GALNS_MOUSE
RPK1_ARATH,CF157_MOUSE
RPK1_ARATH,DRC3_MOUSE
RPK1_ARATH,MICU3_MOUSE
RPK1_ARATH,ZN513_MOUSE
RPK1_ARATH,PONL1_MOUSE
RPK1_ARATH,LRC24_MOUSE
RPK1_ARATH,FACR1_MOUSE
RPK1_ARATH,GRB14_MOUSE
RPK1_ARATH,SGRR_ECOLI
DRTS1_ARATH,1A12_ARATH
DRTS1_ARATH,ICAM1_MOUSE
DRTS1_ARATH,ARI14_ARATH
DRTS1_ARATH,BGL08_ARATH
DRTS1_ARATH,2A5E_ARATH
DRTS1_ARATH,ANTR3_ARATH
DRTS1_ARATH,AL2C4_ARATH
DRTS1_ARATH,2A5K_ARATH
DRTS1_ARATH,A0A178UXT2_ARATH
DRTS1_ARATH,ALAT1_MOUSE
DRTS1_ARATH,APA3_ARATH
DRTS1_ARATH,AMT14_ARATH
DRTS1_ARATH,AATP2_ARATH
DRTS1_ARATH,C81F1_ARATH
DRTS1_ARATH,C76C4_ARATH
DRTS1_ARATH,BGL15_ARATH
DRTS1_ARATH,ATO_ARATH
DRTS1_ARATH,APA1_ARATH
DRTS1_ARATH,C7102_ARATH
DRTS1_ARATH,ALG12_ARATH
DRTS1_ARATH,PSIP1_MOUSE
DRTS1_ARATH,C71B2_ARATH
DRTS1_ARATH,ATPA_ARATH
DRTS1_ARATH,BGL10_ARATH
DRTS1_ARATH,LCYB_ARATH
DRTS1_ARATH,AMT15_ARATH
DRTS1_ARATH,C7101_ARATH
DRTS1_ARATH,CDPK4_ARATH
DRTS1_ARATH,C71AG_ARATH
DRTS1_ARATH,INT1_ARATH
DRTS1_ARATH,BGL09_ARATH
DRTS1_ARATH,GALS3_ARATH
DRTS1_ARATH,C71B6_ARATH
DRTS1_ARATH,C71BU_ARATH
DRTS1_ARATH,MMP19_MOUSE
DRTS1_ARATH,C96AF_ARATH
DRTS1_ARATH,C77A4_ARATH
DRTS1_ARATH,C7352_ARATH
DRTS1_ARATH,DCE2_ARATH
DRTS1_ARATH,C8D11_ARATH
DRTS1_ARATH,Q5PP33_ARATH
DRTS1_ARATH,PTOCB_ECOLI
DRTS1_ARATH,DTX29_ARATH
DRTS1_ARATH,C84A4_ARATH
DRTS1_ARATH,CDKC1_ARATH
DRTS1_ARATH,F4J3J5_ARATH
DRTS1_ARATH,C81F3_ARATH
DRTS1_ARATH,CB60A_ARATH
DRTS1_ARATH,C81F4_ARATH
DRTS1_ARATH,CISY3_ARATH
DRTS1_ARATH,CYP59_ARATH
DRTS1_ARATH,DTX40_ARATH
DRTS1_ARATH,PPR13_ARATH
DRTS1_ARATH,ECT3_ARATH
DRTS1_ARATH,DLDH2_ARATH
DRTS1_ARATH,DLDH1_ARATH
DRTS1_ARATH,FACR8_ARATH
DRTS1_ARATH,DTX30_ARATH
DRTS1_ARATH,GSHRC_ARATH
DRTS1_ARATH,BCDO2_MOUSE
DRTS1_ARATH,F3PH_ARATH
DRTS1_ARATH,F4HTR3_ARATH
DRTS1_ARATH,GLPT2_ARATH
DRTS1_ARATH,KIN11_ARATH
DRTS1_ARATH,Q5EAI9_ARATH
DRTS1_ARATH,PPBN_MOUSE
DRTS1_ARATH,F4JFN7_ARATH
DRTS1_ARATH,Q84JK1_ARATH
DRTS1_ARATH,F4INS6_ARATH
DRTS1_ARATH,FUCO1_ARATH
DRTS1_ARATH,AM2A5_MOUSE
DRTS1_ARATH,U73C6_ARATH
DRTS1_ARATH,GLPT3_ARATH
DRTS1_ARATH,GPAT5_ARATH
DRTS1_ARATH,HFA1A_ARATH
DRTS1_ARATH,HXK4_ARATH
DRTS1_ARATH,IDD11_ARATH
DRTS1_ARATH,CC181_MOUSE
DRTS1_ARATH,PLT2_ARATH
DRTS1_ARATH,RH8_ARATH
DRTS1_ARATH,RHS3_ARATH
DRTS1_ARATH,NHX3_ARATH
DRTS1_ARATH,ULP1A_ARATH
DRTS1_ARATH,PAO4_ARATH
DRTS1_ARATH,KCS18_ARATH
DRTS1_ARATH,PAPS3_ARATH
DRTS1_ARATH,P2C16_ARATH
DRTS1_ARATH,UXAA_ECOLI
DRTS1_ARATH,RAD18_MOUSE
DRTS1_ARATH,MSL1_ARATH
DRTS1_ARATH,STP14_ARATH
DRTS1_ARATH,INO3_ARATH
DRTS1_ARATH,WEE1_ARATH
DRTS1_ARATH,NUP58_ARATH
DRTS1_ARATH,LEUC_ARATH
DRTS1_ARATH,PHSB_ARATH
DRTS1_ARATH,PSBB_ARATH
DRTS1_ARATH,PBRP1_ARATH
DRTS1_ARATH,CDYL2_MOUSE
DRTS1_ARATH,PLT3_ARATH
TPS1L_ARATH,F4JVD6_ARATH
TPS1L_ARATH,Q9SYL7_ARATH
TPS1L_ARATH,PP291_ARATH
TPS1L_ARATH,PP300_ARATH
TPS1L_ARATH,WRKY3_ARATH
TPS1L_ARATH,Q8GXZ5_ARATH
TPS1L_ARATH,Q9SH37_ARATH
TPS1L_ARATH,PPOCM_ARATH
TPS1L_ARATH,Q0WN54_ARATH
TPS1L_ARATH,ACHA3_MOUSE
TPS1L_ARATH,PMK_ARATH
TPS1L_ARATH,Q6AWW6_ARATH
TPS1L_ARATH,PUSH_ARATH
TPS1L_ARATH,YCGB_ECOLI
TPS1L_ARATH,YEER_ECOLI
TPS1L_ARATH,Q6NKR8_ARATH
TPS1L_ARATH,PPR17_ARATH
TPS1L_ARATH,Q8VYJ6_ARATH
TPS1L_ARATH,Q9M057_ARATH
TPS1L_ARATH,Q9SAB7_ARATH
TPS1L_ARATH,BGL18_ARATH
TPS1L_ARATH,SCL29_ARATH
TPS1L_ARATH,Q9CAT3_ARATH
TPS1L_ARATH,SMRD2_MOUSE
TPS1L_ARATH,STP6_ARATH
TPS1L_ARATH,XB33_ARATH
TPS1L_ARATH,Q9LMK8_ARATH
TPS1L_ARATH,SCP20_ARATH
TPS1L_ARATH,RTCB_MOUSE
TPS1L_ARATH,ALSA_ECOLI
TPS1L_ARATH,SUC1_ARATH
TPS1L_ARATH,DGCJ_ECOLI
TPS1L_ARATH,LAT1_MOUSE
TPS1L_ARATH,RH12_ARATH
TPS1L_ARATH,XXT4_ARATH
TPS1L_ARATH,BZP29_ARATH
TPS1L_ARATH,SUC2_ARATH
TPS1L_ARATH,AL1A7_MOUSE
TPS1L_ARATH,NHAB_ECOLI
TPS1L_ARATH,YNJC_ECOLI
TPS1L_ARATH,TBL17_ARATH
TPS1L_ARATH,ANSP_ECOLI
TPS1L_ARATH,ADPGK_MOUSE
TPS1L_ARATH,SUC5_ARATH
TPS1L_ARATH,GADC_ECOLI
TPS1L_ARATH,CADC_ECOLI
TPS1L_ARATH,CAIT_ECOLI
TPS1L_ARATH,TRXR2_MOUSE
TPS1L_ARATH,PDEG_ECOLI
TPS1L_ARATH,AATF_MOUSE
TPS1L_ARATH,NANT_ECOLI
TPS1L_ARATH,ACHA2_MOUSE
TPS1L_ARATH,OPGG_ECOLI
TPS1L_ARATH,HHATL_MOUSE
TPS1L_ARATH,GTR6_MOUSE
TPS1L_ARATH,YFCC_ECOLI
TPS1L_ARATH,E9QA16_MOUSE
TPS1L_ARATH,YHJJ_ECOLI
TPS1L_ARATH,BTNL1_MOUSE
TPS1L_ARATH,S19A2_MOUSE
TPS1L_ARATH,TF2H1_MOUSE
TPS1L_ARATH,A8MQJ1_ARATH
TPS1L_ARATH,YPHE_ECOLI
TPS1L_ARATH,YJEM_ECOLI
TPS1L_ARATH,A1BG_MOUSE
TPS1L_ARATH,BLK_MOUSE
TPS1L_ARATH,NAGPA_MOUSE
TPS1L_ARATH,AMGO3_MOUSE
TPS1L_ARATH,CP4F3_MOUSE
TPS1L_ARATH,BICL2_MOUSE
TPS1L_ARATH,CNO11_MOUSE
TPS1L_ARATH,DRC5_MOUSE
TPS1L_ARATH,CP2R1_MOUSE
TPS1L_ARATH,PI16_MOUSE
TPS1L_ARATH,AMY1_MOUSE
TPS1L_ARATH,ODPX_MOUSE
TPS1L_ARATH,CP2BA_MOUSE
TPS1L_ARATH,CP2J6_MOUSE
TPS1L_ARATH,FASTK_MOUSE
TPS1L_ARATH,S36A4_MOUSE
TPS1L_ARATH,CP3AB_MOUSE
TPS1L_ARATH,CP3AP_MOUSE
TPS1L_ARATH,DPP2_MOUSE
TPS1L_ARATH,CP3AD_MOUSE
TPS1L_ARATH,Q0VDQ2_MOUSE
TPS1L_ARATH,P4HA2_MOUSE
TPS1L_ARATH,CP4AA_MOUSE
TPS1L_ARATH,E9PY28_MOUSE
TPS1L_ARATH,PGBD5_MOUSE
TPS1L_ARATH,CRLD1_MOUSE
TPS1L_ARATH,HEMGN_MOUSE
TPS1L_ARATH,CP4CB_MOUSE
TPS1L_ARATH,GSHR_MOUSE
TPS1L_ARATH,E9Q3G0_MOUSE
TPS1L_ARATH,Q9ERL0_MOUSE
TPS1L_ARATH,FBX31_MOUSE
TPS1L_ARATH,E9Q5N9_MOUSE
TPS1L_ARATH,SIAT2_MOUSE
TPS1L_ARATH,FSCN3_MOUSE
TPS1L_ARATH,GABT_MOUSE
BIK1_ARATH,A1L4Y4_ARATH
BIK1_ARATH,AACT1_ARATH
BIK1_ARATH,Q9FFU2_ARATH
BIK1_ARATH,BASS2_ARATH
BIK1_ARATH,3MMP_ARATH
BIK1_ARATH,AVT3B_ARATH
BIK1_ARATH,AGUA_ARATH
BIK1_ARATH,PUP10_ARATH
BIK1_ARATH,ACT8_ARATH
BIK1_ARATH,ALPL_ARATH
BIK1_ARATH,AIL1_ARATH
BIK1_ARATH,ALFC4_ARATH
BIK1_ARATH,ADT3_ARATH
BIK1_ARATH,AAT2_ARATH
BIK1_ARATH,CCMF1_ARATH
BIK1_ARATH,AMY2_ARATH
BIK1_ARATH,Q8BHL1_MOUSE
BIK1_ARATH,ADT2_ARATH
BIK1_ARATH,BCAT1_ARATH
BIK1_ARATH,AMACR_MOUSE
BIK1_ARATH,B3GT6_ARATH
BIK1_ARATH,LUL3_ARATH
BIK1_ARATH,F4KHI7_ARATH
BIK1_ARATH,AOP3C_ARATH
BIK1_ARATH,ARR14_ARATH
BIK1_ARATH,ALFP2_ARATH
BIK1_ARATH,AROD1_ARATH
BIK1_ARATH,AOP3L_ARATH
BIK1_ARATH,DDI1_ARATH
BIK1_ARATH,B3GT2_ARATH
BIK1_ARATH,ARC1B_ARATH
BIK1_ARATH,AP3M_ARATH
BIK1_ARATH,Q9C9P3_ARATH
BIK1_ARATH,ARC1A_ARATH
BIK1_ARATH,AROD6_ARATH
BIK1_ARATH,B3GT5_ARATH
BIK1_ARATH,YUC4_ARATH
BIK1_ARATH,PKR2_MOUSE
BIK1_ARATH,CDKD3_ARATH
BIK1_ARATH,PBL10_ARATH
BIK1_ARATH,B3GT7_ARATH
BIK1_ARATH,MEIS3_MOUSE
BIK1_ARATH,BASS1_ARATH
BIK1_ARATH,BCAT2_ARATH
BIK1_ARATH,BCAT3_ARATH
BIK1_ARATH,CATB1_ARATH
BIK1_ARATH,F4JD88_ARATH
BIK1_ARATH,BRT1_ARATH
BIK1_ARATH,OXYR_MOUSE
BIK1_ARATH,C3H39_ARATH
BIK1_ARATH,BH023_ARATH
BIK1_ARATH,CNX2_ARATH
BIK1_ARATH,DRL41_ARATH
BIK1_ARATH,GT14C_ARATH
BIK1_ARATH,CADH2_ARATH
BIK1_ARATH,DHE1_ARATH
BIK1_ARATH,C3H12_ARATH
BIK1_ARATH,EF1G2_ARATH
BIK1_ARATH,OBG_ECOLI
BIK1_ARATH,C3H3_ARATH
BIK1_ARATH,PUR7_ARATH
BIK1_ARATH,DIM1B_ARATH
BIK1_ARATH,COL14_ARATH
BIK1_ARATH,EML3_ARATH
BIK1_ARATH,DFRA_ARATH
BIK1_ARATH,CP2_ARATH
BIK1_ARATH,COL6_ARATH
BIK1_ARATH,CRCK2_ARATH
BIK1_ARATH,KCO5_ARATH
BIK1_ARATH,F4IEC7_ARATH
BIK1_ARATH,YUC11_ARATH
BIK1_ARATH,DJ1D_ARATH
BIK1_ARATH,DNJ15_ARATH
BIK1_ARATH,DRB5_ARATH
BIK1_ARATH,F4IA77_ARATH
BIK1_ARATH,Q80UI8_MOUSE
BIK1_ARATH,F4JXB6_ARATH
BIK1_ARATH,F4HV53_ARATH
BIK1_ARATH,PUP18_ARATH
BIK1_ARATH,GAOX5_ARATH
BIK1_ARATH,F4HNW0_ARATH
BIK1_ARATH,IF4A3_ARATH
BIK1_ARATH,F4I9C1_ARATH
BIK1_ARATH,F4I0W7_ARATH
BIK1_ARATH,F4IFA4_ARATH
BIK1_ARATH,F4J2A8_ARATH
BIK1_ARATH,F4IZU3_ARATH
BIK1_ARATH,F4IMD6_ARATH
BIK1_ARATH,F4IMC7_ARATH
BIK1_ARATH,GDL49_ARATH
BIK1_ARATH,CSF2R_MOUSE
BIK1_ARATH,GT121_ARATH
BIK1_ARATH,F4J670_ARATH
BIK1_ARATH,F4J3E9_ARATH
BIK1_ARATH,F4J6V6_ARATH
BIK1_ARATH,F4JC55_ARATH
BIK1_ARATH,FAD3E_ARATH
BIK1_ARATH,FB105_ARATH
BIK1_ARATH,FK132_ARATH
BIK1_ARATH,FBK49_ARATH
CHSY_ARATH,F4JN67_ARATH
CHSY_ARATH,F4K452_ARATH
CHSY_ARATH,FUT13_ARATH
CHSY_ARATH,F4KAN9_ARATH
CHSY_ARATH,F4JEL4_ARATH
CHSY_ARATH,FAD6E_ARATH
CHSY_ARATH,F4KBV6_ARATH
CHSY_ARATH,FAP2_ARATH
CHSY_ARATH,PANK1_ARATH
CHSY_ARATH,PUKI_ARATH
CHSY_ARATH,FB20_ARATH
CHSY_ARATH,FB285_ARATH
CHSY_ARATH,IDD12_ARATH
CHSY_ARATH,FBD17_ARATH
CHSY_ARATH,FBK27_ARATH
CHSY_ARATH,FBK17_ARATH
CHSY_ARATH,FBK46_ARATH
CHSY_ARATH,NDHH_ARATH
CHSY_ARATH,O64696_ARATH
CHSY_ARATH,FBK56_ARATH
CHSY_ARATH,G3PA2_ARATH
CHSY_ARATH,FBK69_ARATH
CHSY_ARATH,GAOX3_ARATH
CHSY_ARATH,ARRD4_MOUSE
CHSY_ARATH,HIS1A_ARATH
CHSY_ARATH,GET3C_ARATH
CHSY_ARATH,MRS27_ARATH
CHSY_ARATH,PUP4_ARATH
CHSY_ARATH,PBL23_ARATH
CHSY_ARATH,GATL9_ARATH
CHSY_ARATH,GCST_ARATH
CHSY_ARATH,IPGL1_ARATH
CHSY_ARATH,GDL57_ARATH
CHSY_ARATH,PROV_ECOLI
CHSY_ARATH,LPAT2_ARATH
CHSY_ARATH,G0XYF1_MOUSE
CHSY_ARATH,GDL53_ARATH
CHSY_ARATH,Q9M085_ARATH
CHSY_ARATH,GRF4_ARATH
CHSY_ARATH,CDS4_ARATH
CHSY_ARATH,GGPP2_ARATH
CHSY_ARATH,HIS1B_ARATH
CHSY_ARATH,PILS3_ARATH
CHSY_ARATH,HFB2B_ARATH
CHSY_ARATH,ICU11_ARATH
CHSY_ARATH,A1AT1_MOUSE
CHSY_ARATH,HIBC1_ARATH
CHSY_ARATH,LTO1_ARATH
CHSY_ARATH,GT29A_ARATH
CHSY_ARATH,Q93VP9_ARATH
CHSY_ARATH,METK1_ARATH
CHSY_ARATH,KIME_ARATH
CHSY_ARATH,HFA6B_ARATH
CHSY_ARATH,MCA5_ARATH
CHSY_ARATH,IF4A2_ARATH
CHSY_ARATH,LEU33_ARATH
CHSY_ARATH,MRS22_ARATH
CHSY_ARATH,LPAT3_ARATH
CHSY_ARATH,LPXK_ARATH
CHSY_ARATH,NSE4A_ARATH
CHSY_ARATH,MAP1A_ARATH
CHSY_ARATH,MED27_ARATH
CHSY_ARATH,MBD10_ARATH
CHSY_ARATH,NDUA9_ARATH
CHSY_ARATH,ODPA1_ARATH
CHSY_ARATH,PILS7_ARATH
CHSY_ARATH,METK3_ARATH
CHSY_ARATH,MO1_ARATH
CHSY_ARATH,MO2_ARATH
CHSY_ARATH,NAC3_ARATH
CHSY_ARATH,AASD1_MOUSE
CHSY_ARATH,MY104_ARATH
CHSY_ARATH,MYB1_ARATH
CHSY_ARATH,NUP54_ARATH
CHSY_ARATH,P2C79_ARATH
CHSY_ARATH,PLY11_ARATH
CHSY_ARATH,PILS4_ARATH
CHSY_ARATH,TBL22_ARATH
CHSY_ARATH,O82167_ARATH
CHSY_ARATH,O04474_ARATH
CHSY_ARATH,O64859_ARATH
CHSY_ARATH,PORC_ARATH
CHSY_ARATH,PIX13_ARATH
CHSY_ARATH,PBL19_ARATH
CHSY_ARATH,PS10B_ARATH
CHSY_ARATH,PP226_ARATH
CHSY_ARATH,HCAT_ECOLI
CHSY_ARATH,PIRL8_ARATH
CHSY_ARATH,Q8VYJ0_ARATH
CHSY_ARATH,O22791_ARATH
CHSY_ARATH,PUP16_ARATH
CHSY_ARATH,YDIM_ECOLI
CHSY_ARATH,ODPB3_ARATH
CHSY_ARATH,Q9C8R6_ARATH
CHSY_ARATH,Q1JPP0_ARATH
CHSY_ARATH,ODPB2_ARATH
CHSY_ARATH,PP352_ARATH
CHSY_ARATH,P2C38_ARATH
CHSY_ARATH,HEMW_ECOLI
CHSY_ARATH,RBSK_ARATH
RIBF_ECOLI,A1A6J3_ARATH
RIBF_ECOLI,AOX1B_ARATH
RIBF_ECOLI,ATPG3_ARATH
RIBF_ECOLI,AOX3_ARATH
RIBF_ECOLI,AOX1C_ARATH
RIBF_ECOLI,BBD1_ARATH
RIBF_ECOLI,ASPGA_ARATH
RIBF_ECOLI,ARC2A_ARATH
RIBF_ECOLI,GEK1_ARATH
RIBF_ECOLI,CAH5B_MOUSE
RIBF_ECOLI,F4HWW1_ARATH
RIBF_ECOLI,LPXC2_ARATH
RIBF_ECOLI,ASPGB_ARATH
RIBF_ECOLI,AT74_ARATH
RIBF_ECOLI,BEH4_ARATH
RIBF_ECOLI,F4JHK5_ARATH
RIBF_ECOLI,FACE2_ARATH
RIBF_ECOLI,EB1C_ARATH
RIBF_ECOLI,SAE1A_ARATH
RIBF_ECOLI,CLH2_ARATH
RIBF_ECOLI,BH048_ARATH
RIBF_ECOLI,BH061_ARATH
RIBF_ECOLI,BH025_ARATH
RIBF_ECOLI,BH057_ARATH
RIBF_ECOLI,EM506_ARATH
RIBF_ECOLI,CAN1_ARATH
RIBF_ECOLI,CXE12_ARATH
RIBF_ECOLI,CXE1_ARATH
RIBF_ECOLI,BH071_ARATH
RIBF_ECOLI,COQ3_ARATH
RIBF_ECOLI,CXE5_ARATH
RIBF_ECOLI,CCD51_ARATH
RIBF_ECOLI,O80759_ARATH
RIBF_ECOLI,CYF_ARATH
RIBF_ECOLI,EXO_ARATH
RIBF_ECOLI,SFMH_ECOLI
RIBF_ECOLI,QPCT_ARATH
RIBF_ECOLI,INSH6_ECOLI
RIBF_ECOLI,BH143_ARATH
RIBF_ECOLI,CCS_ARATH
RIBF_ECOLI,CYSD1_ARATH
RIBF_ECOLI,CYSD2_ARATH
RIBF_ECOLI,GGH_MOUSE
RIBF_ECOLI,FB95_ARATH
RIBF_ECOLI,DEGP5_ARATH
RIBF_ECOLI,EF118_ARATH
RIBF_ECOLI,EIF3I_ARATH
RIBF_ECOLI,G2OX4_ARATH
RIBF_ECOLI,LPP1_ARATH
RIBF_ECOLI,RK3B_ARATH
RIBF_ECOLI,DPD1_ARATH
RIBF_ECOLI,F4I2T5_ARATH
RIBF_ECOLI,F4IS02_ARATH
RIBF_ECOLI,F4I9X6_ARATH
RIBF_ECOLI,F4JBL2_ARATH
RIBF_ECOLI,Q0P6C8_MOUSE
RIBF_ECOLI,GAOXL_ARATH
RIBF_ECOLI,MCA9_ARATH
RIBF_ECOLI,FCL1_ARATH
RIBF_ECOLI,F4J6A1_ARATH
RIBF_ECOLI,F4JJ94_ARATH
RIBF_ECOLI,GLD27_ARATH
RIBF_ECOLI,MIOX4_ARATH
RIBF_ECOLI,F4KAS3_ARATH
RIBF_ECOLI,MTX_ARATH
RIBF_ECOLI,PP16_ARATH
RIBF_ECOLI,GET4_ARATH
RIBF_ECOLI,O80752_ARATH
RIBF_ECOLI,HAT7_ARATH
RIBF_ECOLI,LPXC5_ARATH
RIBF_ECOLI,PDX12_ARATH
RIBF_ECOLI,S39A3_MOUSE
RIBF_ECOLI,GALDH_ARATH
RIBF_ECOLI,HMT1_ARATH
RIBF_ECOLI,FN3KR_ARATH
RIBF_ECOLI,HEM4_ARATH
RIBF_ECOLI,NB5R2_ARATH
RIBF_ECOLI,S2532_MOUSE
RIBF_ECOLI,IAA8_ARATH
RIBF_ECOLI,I1VCA3_ARATH
RIBF_ECOLI,KDSRA_ARATH
RIBF_ECOLI,LPXC1_ARATH
RIBF_ECOLI,KNAT6_ARATH
RIBF_ECOLI,KAN3_ARATH
RIBF_ECOLI,PER66_ARATH
RIBF_ECOLI,LPXC3_ARATH
RIBF_ECOLI,MYB74_ARATH
RIBF_ECOLI,Q9FFA9_ARATH
RIBF_ECOLI,LPXC4_ARATH
RIBF_ECOLI,O80756_ARATH
RIBF_ECOLI,PER21_ARATH
RIBF_ECOLI,OTU4_ARATH
RIBF_ECOLI,MRG1_ARATH
RIBF_ECOLI,MIOX2_ARATH
RIBF_ECOLI,YCED1_ARATH
RIBF_ECOLI,Q8L7G9_ARATH
RIBF_ECOLI,NAC19_ARATH
RIBF_ECOLI,M5162_ARATH
RIBF_ECOLI,NAC79_ARATH
RIBF_ECOLI,NIPA6_ARATH
AIMP1_MOUSE,PER4_ARATH
AIMP1_MOUSE,O48720_ARATH
AIMP1_MOUSE,OFP2_ARATH
AIMP1_MOUSE,Q9LXY7_ARATH
AIMP1_MOUSE,OFP7_ARATH
AIMP1_MOUSE,RPF2_ARATH
AIMP1_MOUSE,Q9LSI8_ARATH
AIMP1_MOUSE,O80924_ARATH
AIMP1_MOUSE,Q9FNB9_ARATH
AIMP1_MOUSE,RBL2_ARATH
AIMP1_MOUSE,PER5_ARATH
AIMP1_MOUSE,PDLP4_ARATH
AIMP1_MOUSE,PILR2_ARATH
AIMP1_MOUSE,PT311_ARATH
AIMP1_MOUSE,Q84K50_ARATH
AIMP1_MOUSE,PER28_ARATH
AIMP1_MOUSE,Q9C695_ARATH
AIMP1_MOUSE,PILR1_ARATH
AIMP1_MOUSE,PUS1_ARATH
AIMP1_MOUSE,SCRK5_ARATH
AIMP1_MOUSE,PP13_ARATH
AIMP1_MOUSE,RIR4_ECOLI
AIMP1_MOUSE,SCRK4_ARATH
AIMP1_MOUSE,Q93YN3_ARATH
AIMP1_MOUSE,PER62_ARATH
AIMP1_MOUSE,AK1CD_MOUSE
AIMP1_MOUSE,CORA_ECOLI
AIMP1_MOUSE,PEX7_ARATH
AIMP1_MOUSE,Q84TE0_ARATH
AIMP1_MOUSE,PMD2_ARATH
AIMP1_MOUSE,ALX_ECOLI
AIMP1_MOUSE,UBQ9_ARATH
AIMP1_MOUSE,PP11_ARATH
AIMP1_MOUSE,Q91X42_MOUSE
AIMP1_MOUSE,PPCS1_ARATH
AIMP1_MOUSE,TALA_ECOLI
AIMP1_MOUSE,Q94BY8_ARATH
AIMP1_MOUSE,Q944A2_ARATH
AIMP1_MOUSE,Q8GXR6_ARATH
AIMP1_MOUSE,Q9LS50_ARATH
AIMP1_MOUSE,TIC32_ARATH
AIMP1_MOUSE,SAT2_ARATH
AIMP1_MOUSE,Q9M9A3_ARATH
AIMP1_MOUSE,Q9SL96_ARATH
AIMP1_MOUSE,Q9ZQ33_ARATH
AIMP1_MOUSE,LEUO_ECOLI
AIMP1_MOUSE,DUSB_ECOLI
AIMP1_MOUSE,SA1B1_ARATH
AIMP1_MOUSE,STKLR_ARATH
AIMP1_MOUSE,SA1B2_ARATH
AIMP1_MOUSE,SOT5_ARATH
AIMP1_MOUSE,TALB_ECOLI
AIMP1_MOUSE,GLK_ECOLI
AIMP1_MOUSE,Q7TQU8_MOUSE
AIMP1_MOUSE,BUB3_MOUSE
AIMP1_MOUSE,GHC2_MOUSE
AIMP1_MOUSE,ACDH_ECOLI
AIMP1_MOUSE,SEH1_ARATH
AIMP1_MOUSE,SCRK1_ARATH
AIMP1_MOUSE,SINA3_ARATH
AIMP1_MOUSE,DGCF_ECOLI
AIMP1_MOUSE,SG1_ARATH
AIMP1_MOUSE,ZAT4_ARATH
AIMP1_MOUSE,ARCM_ECOLI
AIMP1_MOUSE,AEEP_ECOLI
AIMP1_MOUSE,HYFC_ECOLI
AIMP1_MOUSE,O7A40_MOUSE
AIMP1_MOUSE,YRBG_ECOLI
AIMP1_MOUSE,RLUC_ECOLI
AIMP1_MOUSE,INSH5_ECOLI
AIMP1_MOUSE,CBL_ECOLI
AIMP1_MOUSE,AKRMG_ECOLI
AIMP1_MOUSE,RTM3_ARATH
AIMP1_MOUSE,ALSC_ECOLI
AIMP1_MOUSE,ASTE_ECOLI
AIMP1_MOUSE,ASGL1_MOUSE
AIMP1_MOUSE,FABH_ECOLI
AIMP1_MOUSE,LPXM_ECOLI
AIMP1_MOUSE,FECD_ECOLI
AIMP1_MOUSE,MENC_ECOLI
AIMP1_MOUSE,NRFD_ECOLI
AIMP1_MOUSE,PTHB_ECOLI
AIMP1_MOUSE,YIDZ_ECOLI
AIMP1_MOUSE,Q9EQ41_MOUSE
AIMP1_MOUSE,TRER_ECOLI
AIMP1_MOUSE,V1R40_MOUSE
AIMP1_MOUSE,SAPB_ECOLI
AIMP1_MOUSE,YBEQ_ECOLI
AIMP1_MOUSE,WAAC_ECOLI
AIMP1_MOUSE,ALD1_MOUSE
AIMP1_MOUSE,YFDV_ECOLI
AIMP1_MOUSE,ALG5_MOUSE
AIMP1_MOUSE,HMGCL_MOUSE
AIMP1_MOUSE,YHBE_ECOLI
AIMP1_MOUSE,ATPF1_MOUSE
AIMP1_MOUSE,PUMP5_ARATH
AIMP1_MOUSE,YCFS_ECOLI
AIMP1_MOUSE,YGFZ_ECOLI
AIMP1_MOUSE,FPRS4_MOUSE
AIMP1_MOUSE,B3GT1_MOUSE
MALY_ECOLI,APXS_ARATH
MALY_ECOLI,BH077_ARATH
MALY_ECOLI,DAAA_ARATH
MALY_ECOLI,CADH3_ARATH
MALY_ECOLI,ARC2B_ARATH
MALY_ECOLI,F6QSC4_MOUSE
MALY_ECOLI,PS13A_ARATH
MALY_ECOLI,EKI_ARATH
MALY_ECOLI,LIAS_ARATH
MALY_ECOLI,UBIF_ECOLI
MALY_ECOLI,BH087_ARATH
MALY_ECOLI,DGP3_ARATH
MALY_ECOLI,FUCO3_ARATH
MALY_ECOLI,Q94AC3_ARATH
MALY_ECOLI,DPNPH_ARATH
MALY_ECOLI,CAS_ARATH
MALY_ECOLI,FK121_ARATH
MALY_ECOLI,F4I2L0_ARATH
MALY_ECOLI,GGPP4_ARATH
MALY_ECOLI,ELP5_ARATH
MALY_ECOLI,Q9FGJ1_ARATH
MALY_ECOLI,A2RTV1_MOUSE
MALY_ECOLI,IGMT1_ARATH
MALY_ECOLI,Q8RU07_ARATH
MALY_ECOLI,RDL5_ARATH
MALY_ECOLI,IMPL1_ARATH
MALY_ECOLI,PI5KB_ARATH
MALY_ECOLI,IGMT3_ARATH
MALY_ECOLI,O80755_ARATH
MALY_ECOLI,GONS3_ARATH
MALY_ECOLI,PUP6_ARATH
MALY_ECOLI,HSFA8_ARATH
MALY_ECOLI,RING1_ARATH
MALY_ECOLI,SIPL1_ARATH
MALY_ECOLI,MECR_ARATH
MALY_ECOLI,O04342_ARATH
MALY_ECOLI,PBL28_ARATH
MALY_ECOLI,PPR82_ARATH
MALY_ECOLI,O82389_ARATH
MALY_ECOLI,PTI13_ARATH
MALY_ECOLI,OSB2_ARATH
MALY_ECOLI,MPCP3_ARATH
MALY_ECOLI,PDRP2_ARATH
MALY_ECOLI,PHL5_ARATH
MALY_ECOLI,REIL1_ARATH
MALY_ECOLI,WDR55_MOUSE
MALY_ECOLI,PUP11_ARATH
MALY_ECOLI,PUP8_ARATH
MALY_ECOLI,PLY18_ARATH
MALY_ECOLI,Q1PF53_ARATH
MALY_ECOLI,PME62_ARATH
MALY_ECOLI,Q84JN0_ARATH
MALY_ECOLI,Q8BU36_MOUSE
MALY_ECOLI,PUP17_ARATH
MALY_ECOLI,RD22_ARATH
MALY_ECOLI,PUP7_ARATH
MALY_ECOLI,Q0WPG7_ARATH
MALY_ECOLI,PYRB_ARATH
MALY_ECOLI,Q5XVE2_ARATH
MALY_ECOLI,Q3ED83_ARATH
MALY_ECOLI,Q8GW47_ARATH
MALY_ECOLI,Q8VYD7_ARATH
MALY_ECOLI,Q8GYI6_ARATH
MALY_ECOLI,Q9LW33_ARATH
MALY_ECOLI,LANC1_MOUSE
MALY_ECOLI,Q93YS8_ARATH
MALY_ECOLI,Q6NQB8_ARATH
MALY_ECOLI,Q8VYI4_ARATH
MALY_ECOLI,MDTL_ECOLI
MALY_ECOLI,Q9LDW5_ARATH
MALY_ECOLI,Q9FJ91_ARATH
MALY_ECOLI,Q94CK1_ARATH
MALY_ECOLI,Q9FVW6_ARATH
MALY_ECOLI,Q9FFG7_ARATH
MALY_ECOLI,GLXK2_ECOLI
MALY_ECOLI,YHAC_ECOLI
MALY_ECOLI,Q9FJC9_ARATH
MALY_ECOLI,Q9SHB0_ARATH
MALY_ECOLI,Q9FX63_ARATH
MALY_ECOLI,Q9M9V4_ARATH
MALY_ECOLI,YDHP_ECOLI
MALY_ECOLI,Q9SUC4_ARATH
MALY_ECOLI,Q9M9L9_ARATH
MALY_ECOLI,Q9LVW0_ARATH
MALY_ECOLI,ACRE_ECOLI
MALY_ECOLI,RMD5_ARATH
MALY_ECOLI,RBL1_ARATH
MALY_ECOLI,Q9SIT3_ARATH
MALY_ECOLI,RB45A_ARATH
MALY_ECOLI,ARID6_ARATH
MALY_ECOLI,RL32_ARATH
MALY_ECOLI,RECAM_ARATH
MALY_ECOLI,SAT3_ARATH
MALY_ECOLI,YUC10_ARATH
MALY_ECOLI,RDL3_ARATH
MALY_ECOLI,Q9SIZ5_ARATH
MALY_ECOLI,STAD5_ARATH
MALY_ECOLI,TBL44_ARATH
MALY_ECOLI,TRDMT_ARATH
MALY_ECOLI,A0A338P791_MOUSE
OMPT_ECOLI,AI5L1_ARATH
OMPT_ECOLI,ADT5_ARATH
OMPT_ECOLI,Q8BV30_MOUSE
OMPT_ECOLI,CCT1_ARATH
OMPT_ECOLI,IPT8_ARATH
OMPT_ECOLI,OD231_ARATH
OMPT_ECOLI,HMT2_ARATH
OMPT_ECOLI,APEM9_ARATH
OMPT_ECOLI,Q9ZQE0_ARATH
OMPT_ECOLI,FABY_ECOLI
OMPT_ECOLI,IPT5_ARATH
OMPT_ECOLI,HHO6_ARATH
OMPT_ECOLI,BKN1_ARATH
OMPT_ECOLI,DES1L_ARATH
OMPT_ECOLI,IPK_ARATH
OMPT_ECOLI,KDSRB_ARATH
OMPT_ECOLI,PPX2_ARATH
OMPT_ECOLI,DLGD_ECOLI
OMPT_ECOLI,PUMY_ARATH
OMPT_ECOLI,PAB_ARATH
OMPT_ECOLI,F4J4W3_ARATH
OMPT_ECOLI,RBSR_ECOLI
OMPT_ECOLI,MDHC1_ARATH
OMPT_ECOLI,LPXD1_ARATH
OMPT_ECOLI,PFBS_ARATH
OMPT_ECOLI,PDLI4_MOUSE
OMPT_ECOLI,Q91WT7_MOUSE
OMPT_ECOLI,OD233_ARATH
OMPT_ECOLI,Q8VFV6_MOUSE
OMPT_ECOLI,PER42_ARATH
OMPT_ECOLI,PER69_ARATH
OMPT_ECOLI,FACE2_MOUSE
OMPT_ECOLI,MTFR1_MOUSE
OMPT_ECOLI,Q9M9W5_ARATH
OMPT_ECOLI,Q9S7W4_ARATH
OMPT_ECOLI,A0A0U1RNF2_MOUSE
OMPT_ECOLI,YBHN_ECOLI
OMPT_ECOLI,S2538_MOUSE
OMPT_ECOLI,Q9LY78_ARATH
OMPT_ECOLI,Q920P2_MOUSE
OMPT_ECOLI,SAMC1_ARATH
OMPT_ECOLI,PGIP1_ARATH
OMPT_ECOLI,GRAP2_MOUSE
OMPT_ECOLI,Q9LV59_ARATH
OMPT_ECOLI,PUM18_ARATH
OMPT_ECOLI,SCRK2_ARATH
OMPT_ECOLI,PGIP2_ARATH
OMPT_ECOLI,RAVL4_ARATH
OMPT_ECOLI,Q63953_MOUSE
OMPT_ECOLI,Q9FK56_ARATH
OMPT_ECOLI,RAX1_ARATH
OMPT_ECOLI,FCN2_MOUSE
OMPT_ECOLI,RGAP5_ARATH
OMPT_ECOLI,Q9SY05_ARATH
OMPT_ECOLI,STKLQ_ARATH
OMPT_ECOLI,WRK74_ARATH
OMPT_ECOLI,EBGR_ECOLI
OMPT_ECOLI,CAH11_MOUSE
OMPT_ECOLI,UNG_ARATH
OMPT_ECOLI,EPCAM_MOUSE
OMPT_ECOLI,Y1576_ARATH
OMPT_ECOLI,SOT8_ARATH
OMPT_ECOLI,QOR1_ECOLI
OMPT_ECOLI,YCDU_ECOLI
OMPT_ECOLI,ARGK_ECOLI
OMPT_ECOLI,Q9S9V5_ARATH
OMPT_ECOLI,WRK39_ARATH
OMPT_ECOLI,Y5014_ARATH
OMPT_ECOLI,XTH27_ARATH
OMPT_ECOLI,YFEH_ECOLI
OMPT_ECOLI,6PGL_ECOLI
OMPT_ECOLI,B4GT7_MOUSE
OMPT_ECOLI,FECC_ECOLI
OMPT_ECOLI,FLK_ECOLI
OMPT_ECOLI,UBIU_ECOLI
OMPT_ECOLI,FEPG_ECOLI
OMPT_ECOLI,TR102_MOUSE
OMPT_ECOLI,LSRD_ECOLI
OMPT_ECOLI,WBBI_ECOLI
OMPT_ECOLI,Q8C5Q6_MOUSE
OMPT_ECOLI,YJHU_ECOLI
OMPT_ECOLI,SUBI_ECOLI
OMPT_ECOLI,YBHG_ECOLI
OMPT_ECOLI,BABA1_MOUSE
OMPT_ECOLI,D2CKI9_MOUSE
OMPT_ECOLI,WRK26_ARATH
OMPT_ECOLI,WECH_ECOLI
OMPT_ECOLI,IRF1_MOUSE
OMPT_ECOLI,SRKA_ECOLI
OMPT_ECOLI,YBJX_ECOLI
OMPT_ECOLI,PPP6_MOUSE
OMPT_ECOLI,YGGR_ECOLI
OMPT_ECOLI,YJFF_ECOLI
OMPT_ECOLI,YTFF_ECOLI
OMPT_ECOLI,5NT3A_MOUSE
OMPT_ECOLI,ETFA_MOUSE
OMPT_ECOLI,B3GL1_MOUSE
OMPT_ECOLI,YTFQ_ECOLI
OMPT_ECOLI,ANXA4_MOUSE
OMPT_ECOLI,C3H23_ARATH
RNF41_MOUSE,Q0VEP0_MOUSE
RNF41_MOUSE,A0A075B5P5_MOUSE
RNF41_MOUSE,SIX3_MOUSE
RNF41_MOUSE,FCER2_MOUSE
RNF41_MOUSE,3MG_MOUSE
RNF41_MOUSE,A2RTH5_MOUSE
RNF41_MOUSE,ARRD5_MOUSE
RNF41_MOUSE,IPYR2_MOUSE
RNF41_MOUSE,AWAT2_MOUSE
RNF41_MOUSE,CMKMT_MOUSE
RNF41_MOUSE,B2ZEZ5_MOUSE
RNF41_MOUSE,Q8VGB1_MOUSE
RNF41_MOUSE,CLC4K_MOUSE
RNF41_MOUSE,V9HVU9_MOUSE
RNF41_MOUSE,WRK28_ARATH
RNF41_MOUSE,CCNH_MOUSE
RNF41_MOUSE,CXA4_MOUSE
RNF41_MOUSE,CRYL1_MOUSE
RNF41_MOUSE,TNFL9_MOUSE
RNF41_MOUSE,EIF3G_MOUSE
RNF41_MOUSE,CSN6_MOUSE
RNF41_MOUSE,DHDH_MOUSE
RNF41_MOUSE,ECI3_MOUSE
RNF41_MOUSE,Q9LXU1_ARATH
RNF41_MOUSE,NPBW1_MOUSE
RNF41_MOUSE,V1R50_MOUSE
RNF41_MOUSE,FBX8_MOUSE
RNF41_MOUSE,ECHD1_MOUSE
RNF41_MOUSE,YPHD_ECOLI
RNF41_MOUSE,GCAA_MOUSE
RNF41_MOUSE,AIP_MOUSE
RNF41_MOUSE,GNB1L_MOUSE
RNF41_MOUSE,GLYG_MOUSE
RNF41_MOUSE,PAR11_MOUSE
RNF41_MOUSE,LIMS1_MOUSE
RNF41_MOUSE,IAA27_ARATH
RNF41_MOUSE,GPA33_MOUSE
RNF41_MOUSE,GPBAR_MOUSE
RNF41_MOUSE,METL9_MOUSE
RNF41_MOUSE,O5AN6_MOUSE
RNF41_MOUSE,Q6W9J6_MOUSE
RNF41_MOUSE,GSG1_MOUSE
RNF41_MOUSE,GONS1_ARATH
RNF41_MOUSE,PDLI1_MOUSE
RNF41_MOUSE,UBX2B_MOUSE
RNF41_MOUSE,MO2R1_MOUSE
RNF41_MOUSE,LST8_MOUSE
RNF41_MOUSE,O10J5_MOUSE
RNF41_MOUSE,PAR16_MOUSE
RNF41_MOUSE,Q6NPL0_ARATH
RNF41_MOUSE,MFI_MOUSE
RNF41_MOUSE,Q08AU6_MOUSE
RNF41_MOUSE,O54739_MOUSE
RNF41_MOUSE,JSPR1_MOUSE
RNF41_MOUSE,KDSR_MOUSE
RNF41_MOUSE,MAGBI_MOUSE
RNF41_MOUSE,NPL_MOUSE
RNF41_MOUSE,NUP35_MOUSE
RNF41_MOUSE,PLS4_MOUSE
RNF41_MOUSE,PM34_MOUSE
RNF41_MOUSE,PRS27_MOUSE
RNF41_MOUSE,PIM3_MOUSE
RNF41_MOUSE,PO5F2_MOUSE
RNF41_MOUSE,Q9EQ85_MOUSE
RNF41_MOUSE,Q76LB8_MOUSE
RNF41_MOUSE,Q3UVK9_MOUSE
RNF41_MOUSE,Q9EQ84_MOUSE
RNF41_MOUSE,V1R46_MOUSE
RNF41_MOUSE,Q3V1Y2_MOUSE
RNF41_MOUSE,Q9JLI0_MOUSE
RNF41_MOUSE,SAT1_ARATH
RNF41_MOUSE,RT11_ARATH
RNF41_MOUSE,Q7TRM9_MOUSE
RNF41_MOUSE,Q9R0M7_MOUSE
RNF41_MOUSE,PSMD7_MOUSE
RNF41_MOUSE,Q9D451_MOUSE
RNF41_MOUSE,SPG21_MOUSE
RNF41_MOUSE,Q8VET5_MOUSE
RNF41_MOUSE,SODF2_ARATH
RNF41_MOUSE,Q8JZN1_MOUSE
RNF41_MOUSE,PER52_ARATH
RNF41_MOUSE,RDH5_MOUSE
RNF41_MOUSE,Q14BW0_MOUSE
RNF41_MOUSE,RLBP1_MOUSE
RNF41_MOUSE,Q80VQ4_MOUSE
RNF41_MOUSE,Q8K5C8_MOUSE
RNF41_MOUSE,ZNRF4_MOUSE
RNF41_MOUSE,Q9JKA6_MOUSE
RNF41_MOUSE,V1R43_MOUSE
RNF41_MOUSE,RBSK_MOUSE
RNF41_MOUSE,Q9QZP7_MOUSE
RNF41_MOUSE,SFR1_MOUSE
RNF41_MOUSE,RLIG1_MOUSE
RNF41_MOUSE,SERHL_MOUSE
RNF41_MOUSE,SKI8_MOUSE
RNF41_MOUSE,S39A9_MOUSE
RNF41_MOUSE,PRS41_MOUSE
RNF41_MOUSE,SURF1_MOUSE
RNF41_MOUSE,S2534_MOUSE
RNF41_MOUSE,Q8RXN7_ARATH
LYN_MOUSE,BGL14_ARATH
LYN_MOUSE,BSK7_ARATH
LYN_MOUSE,TM102_MOUSE
LYN_MOUSE,CP511_ARATH
LYN_MOUSE,GSPA_ECOLI
LYN_MOUSE,F4I2F0_ARATH
LYN_MOUSE,CP2A4_MOUSE
LYN_MOUSE,PIRL9_ARATH
LYN_MOUSE,BLUS1_ARATH
LYN_MOUSE,BSK2_ARATH
LYN_MOUSE,C7104_ARATH
LYN_MOUSE,KCS16_ARATH
LYN_MOUSE,BSK3_ARATH
LYN_MOUSE,BSK6_ARATH
LYN_MOUSE,C74B2_ARATH
LYN_MOUSE,BACE1_MOUSE
LYN_MOUSE,NAC82_ARATH
LYN_MOUSE,DTX35_ARATH
LYN_MOUSE,BSK8_ARATH
LYN_MOUSE,EDA2_ARATH
LYN_MOUSE,CDPKC_ARATH
LYN_MOUSE,FACR3_ARATH
LYN_MOUSE,YDGA_ECOLI
LYN_MOUSE,PAF1_MOUSE
LYN_MOUSE,FPGS3_ARATH
LYN_MOUSE,GLPT5_ARATH
LYN_MOUSE,GUN8_ARATH
LYN_MOUSE,KAO1_ARATH
LYN_MOUSE,GRF8_ARATH
LYN_MOUSE,KAO2_ARATH
LYN_MOUSE,IX14H_ARATH
LYN_MOUSE,SCPC_ECOLI
LYN_MOUSE,SOL1_ARATH
LYN_MOUSE,PSD3B_ARATH
LYN_MOUSE,MDAR4_ARATH
LYN_MOUSE,KKCC1_MOUSE
LYN_MOUSE,CDPK3_ARATH
LYN_MOUSE,LAX1_ARATH
LYN_MOUSE,NRT27_ARATH
LYN_MOUSE,PPR86_ARATH
LYN_MOUSE,O22764_ARATH
LYN_MOUSE,PEAM2_ARATH
LYN_MOUSE,ROGFA_ARATH
LYN_MOUSE,Q94K88_ARATH
LYN_MOUSE,PAO3_ARATH
LYN_MOUSE,SCAB3_ARATH
LYN_MOUSE,TYRO_MOUSE
LYN_MOUSE,PAO2_ARATH
LYN_MOUSE,AMY2_ECOLI
LYN_MOUSE,PSD3A_ARATH
LYN_MOUSE,Q6NQ97_ARATH
LYN_MOUSE,U84A1_ARATH
LYN_MOUSE,Q9C9R9_ARATH
LYN_MOUSE,SDE5_ARATH
LYN_MOUSE,SEBP2_ARATH
LYN_MOUSE,CDGI_ECOLI
LYN_MOUSE,ARI2_MOUSE
LYN_MOUSE,SUVR4_ARATH
LYN_MOUSE,A1L0X5_MOUSE
LYN_MOUSE,U72E1_ARATH
LYN_MOUSE,TTDT_ECOLI
LYN_MOUSE,ASTD_ECOLI
LYN_MOUSE,BAT1_MOUSE
LYN_MOUSE,DOK7_MOUSE
LYN_MOUSE,A0A286YDU0_MOUSE
LYN_MOUSE,WNK9_ARATH
LYN_MOUSE,F4K567_ARATH
LYN_MOUSE,AMPG_ECOLI
LYN_MOUSE,C82C4_ARATH
LYN_MOUSE,DTPD_ECOLI
LYN_MOUSE,MURE_ECOLI
LYN_MOUSE,MDTP_ECOLI
LYN_MOUSE,PUUC_ECOLI
LYN_MOUSE,KCNF1_MOUSE
LYN_MOUSE,6PGD1_ARATH
LYN_MOUSE,CP240_MOUSE
LYN_MOUSE,KCNA7_MOUSE
LYN_MOUSE,OASL1_MOUSE
LYN_MOUSE,WZXC_ECOLI
LYN_MOUSE,XYLE_ECOLI
LYN_MOUSE,AL8A1_MOUSE
LYN_MOUSE,BTBD1_MOUSE
LYN_MOUSE,ANGL1_MOUSE
LYN_MOUSE,CP237_MOUSE
LYN_MOUSE,CP239_MOUSE
LYN_MOUSE,CP2B9_MOUSE
LYN_MOUSE,ITPK4_ARATH
LYN_MOUSE,CP2CT_MOUSE
LYN_MOUSE,HSDL2_MOUSE
LYN_MOUSE,IRX4_MOUSE
LYN_MOUSE,HYCCI_MOUSE
LYN_MOUSE,CP2E1_MOUSE
LYN_MOUSE,GDAP2_MOUSE
LYN_MOUSE,G6PD2_MOUSE
LYN_MOUSE,IC1_MOUSE
LYN_MOUSE,HMCS2_MOUSE
LYN_MOUSE,MYOTI_MOUSE
LYN_MOUSE,PHF10_MOUSE
LYN_MOUSE,MS3L1_MOUSE
LYN_MOUSE,LMBR1_MOUSE
ANKR1_MOUSE,BRG3_ARATH
ANKR1_MOUSE,V1R42_MOUSE
ANKR1_MOUSE,ATL4_ARATH
ANKR1_MOUSE,YHBW_ECOLI
ANKR1_MOUSE,DECR_MOUSE
ANKR1_MOUSE,CXE18_ARATH
ANKR1_MOUSE,CRF4_ARATH
ANKR1_MOUSE,NAC60_ARATH
ANKR1_MOUSE,CIP8_ARATH
ANKR1_MOUSE,G2OX3_ARATH
ANKR1_MOUSE,GOLS4_ARATH
ANKR1_MOUSE,PER65_ARATH
ANKR1_MOUSE,Q9SG82_ARATH
ANKR1_MOUSE,HFLC_ECOLI
ANKR1_MOUSE,Q2V4K7_ARATH
ANKR1_MOUSE,NAC31_ARATH
ANKR1_MOUSE,RBN_ECOLI
ANKR1_MOUSE,RA51D_MOUSE
ANKR1_MOUSE,PLCX3_MOUSE
ANKR1_MOUSE,Q9SF54_ARATH
ANKR1_MOUSE,Q8GXC9_ARATH
ANKR1_MOUSE,FEPD_ECOLI
ANKR1_MOUSE,OPPF_ECOLI
ANKR1_MOUSE,MRR_ECOLI
ANKR1_MOUSE,SFXN1_MOUSE
ANKR1_MOUSE,ARGC_ECOLI
ANKR1_MOUSE,TDPC1_ARATH
ANKR1_MOUSE,RBL14_ARATH
ANKR1_MOUSE,Y5698_ARATH
ANKR1_MOUSE,YNHG_ECOLI
ANKR1_MOUSE,CD37L_MOUSE
ANKR1_MOUSE,FIXB_ECOLI
ANKR1_MOUSE,B3GA3_MOUSE
ANKR1_MOUSE,PAOD_ECOLI
ANKR1_MOUSE,LDHB_MOUSE
ANKR1_MOUSE,ARAH_ECOLI
ANKR1_MOUSE,DPPF_ECOLI
ANKR1_MOUSE,BCA2_ARATH
ANKR1_MOUSE,SEC13_MOUSE
ANKR1_MOUSE,OTC1_ECOLI
ANKR1_MOUSE,SYW_ECOLI
ANKR1_MOUSE,PP2A3_ARATH
ANKR1_MOUSE,BKRB1_MOUSE
ANKR1_MOUSE,GP119_MOUSE
ANKR1_MOUSE,FCN1_MOUSE
ANKR1_MOUSE,SUMF2_MOUSE
ANKR1_MOUSE,RPD3B_ARATH
ANKR1_MOUSE,GP174_MOUSE
ANKR1_MOUSE,RIMS3_MOUSE
ANKR1_MOUSE,NAR5_MOUSE
ANKR1_MOUSE,V1R53_MOUSE
ANKR1_MOUSE,GOLS3_ARATH
ANKR1_MOUSE,RPA43_MOUSE
ANKR1_MOUSE,DCAM2_MOUSE
ANKR1_MOUSE,S35B4_MOUSE
ANKR1_MOUSE,TOR2A_MOUSE
ANKR1_MOUSE,OBOX3_MOUSE
ANKR1_MOUSE,S35A3_MOUSE
ANKR1_MOUSE,SRTD2_MOUSE
ANKR1_MOUSE,STX18_MOUSE
ANKR1_MOUSE,LEG12_MOUSE
ANKR1_MOUSE,ST1C1_MOUSE
ANKR1_MOUSE,TPC_MOUSE
ANKR1_MOUSE,BCCIP_MOUSE
ANKR1_MOUSE,STX16_MOUSE
ANKR1_MOUSE,TR123_MOUSE
ANKR1_MOUSE,SYP43_ARATH
ANKR1_MOUSE,PP4C_MOUSE
ANKR1_MOUSE,SUN3_MOUSE
ANKR1_MOUSE,TA2R7_MOUSE
ANKR1_MOUSE,TAF1D_MOUSE
ANKR1_MOUSE,V1R49_MOUSE
ANKR1_MOUSE,W4VSP8_MOUSE
ANKR1_MOUSE,V1R41_MOUSE
ANKR1_MOUSE,TECTB_MOUSE
ANKR1_MOUSE,TAF8_MOUSE
ANKR1_MOUSE,TR107_MOUSE
ANKR1_MOUSE,TMM59_MOUSE
ANKR1_MOUSE,ARNC_ECOLI
ANKR1_MOUSE,TM10A_MOUSE
ANKR1_MOUSE,TFEC_MOUSE
ANKR1_MOUSE,TMM74_MOUSE
ANKR1_MOUSE,TEST_MOUSE
ANKR1_MOUSE,TMX4_MOUSE
ANKR1_MOUSE,TR110_MOUSE
ANKR1_MOUSE,TSN10_MOUSE
ANKR1_MOUSE,TR119_MOUSE
ANKR1_MOUSE,V1R44_MOUSE
ANKR1_MOUSE,NUD14_ARATH
ANKR1_MOUSE,V1R52_MOUSE
ANKR1_MOUSE,ALKB2_ARATH
ANKR1_MOUSE,Q80X17_MOUSE
ANKR1_MOUSE,HNRPC_MOUSE
ANKR1_MOUSE,WRK17_ARATH
ANKR1_MOUSE,V1R47_MOUSE
ANKR1_MOUSE,Q9M3D0_ARATH
ANKR1_MOUSE,ANXD5_ARATH
ANKR1_MOUSE,Q8VG01_MOUSE
ANKR1_MOUSE,V1R54_MOUSE
ANKR1_MOUSE,WBP1_MOUSE
AES_ECOLI,VTA1_MOUSE
AES_ECOLI,RFNG_MOUSE
AES_ECOLI,GPMA2_ARATH
AES_ECOLI,MGE2_ARATH
AES_ECOLI,CAH15_MOUSE
AES_ECOLI,PAP2_ARATH
AES_ECOLI,SOT13_ARATH
AES_ECOLI,Q8VG50_MOUSE
AES_ECOLI,ITL1B_MOUSE
AES_ECOLI,E9PYQ4_MOUSE
AES_ECOLI,OMPT_ECOLI
AES_ECOLI,RDH14_MOUSE
AES_ECOLI,E9Q409_MOUSE
AES_ECOLI,SIR3_MOUSE
AES_ECOLI,GFI1B_MOUSE
AES_ECOLI,FMT_ECOLI
AES_ECOLI,NANS_ECOLI
AES_ECOLI,TTDR_ECOLI
AES_ECOLI,PRMB_ECOLI
AES_ECOLI,G3X9N5_MOUSE
AES_ECOLI,SY111_ARATH
AES_ECOLI,KDGT_ECOLI
AES_ECOLI,LEP_ECOLI
AES_ECOLI,Q8R1A6_MOUSE
AES_ECOLI,HXC13_MOUSE
AES_ECOLI,GBF1_ARATH
AES_ECOLI,CAH6_MOUSE
AES_ECOLI,BAC1_ARATH
AES_ECOLI,ALSK_ECOLI
AES_ECOLI,PDXK_MOUSE
AES_ECOLI,MTPA1_ARATH
AES_ECOLI,A0A0N4SVR9_MOUSE
AES_ECOLI,Q8VZV6_ARATH
AES_ECOLI,NCTR1_MOUSE
AES_ECOLI,O04083_ARATH
AES_ECOLI,AKA7G_MOUSE
AES_ECOLI,FBRL2_ARATH
AES_ECOLI,AGL80_ARATH
AES_ECOLI,TAAR1_MOUSE
AES_ECOLI,O80627_ARATH
AES_ECOLI,OTU1_ARATH
AES_ECOLI,SNX20_MOUSE
AES_ECOLI,BTR1_ARATH
AES_ECOLI,ITPK1_ARATH
AES_ECOLI,O80628_ARATH
AES_ECOLI,CAN2_ARATH
AES_ECOLI,GDPD1_MOUSE
AES_ECOLI,NAC_ECOLI
AES_ECOLI,Q8VD79_MOUSE
AES_ECOLI,Q9FJJ6_ARATH
AES_ECOLI,RN115_MOUSE
AES_ECOLI,NAR1_MOUSE
AES_ECOLI,S2541_MOUSE
AES_ECOLI,Q9LFQ7_ARATH
AES_ECOLI,CRYM_MOUSE
AES_ECOLI,Q6QMF2_MOUSE
AES_ECOLI,HEM3_ECOLI
AES_ECOLI,ZDHC7_MOUSE
AES_ECOLI,PPRD1_ARATH
AES_ECOLI,CLM9_MOUSE
AES_ECOLI,H17B6_MOUSE
AES_ECOLI,RLA02_ARATH
AES_ECOLI,GNAT5_ARATH
AES_ECOLI,Q8VFE3_MOUSE
AES_ECOLI,SRC2_ARATH
AES_ECOLI,IPT4_ARATH
AES_ECOLI,LIVH_ECOLI
AES_ECOLI,PSPF_ECOLI
AES_ECOLI,FLXL1_ARATH
AES_ECOLI,THIB_ECOLI
AES_ECOLI,MAKR5_ARATH
AES_ECOLI,Q8VF05_MOUSE
AES_ECOLI,E9Q0M4_MOUSE
AES_ECOLI,STK16_MOUSE
AES_ECOLI,F8VPJ9_MOUSE
AES_ECOLI,XTH28_ARATH
AES_ECOLI,A0A1L1SQF6_MOUSE
AES_ECOLI,Q7TQV3_MOUSE
AES_ECOLI,CKB22_ARATH
AES_ECOLI,Q9LYE2_ARATH
AES_ECOLI,VIPP1_ARATH
AES_ECOLI,Q8VG11_MOUSE
AES_ECOLI,DEGS2_MOUSE
AES_ECOLI,METR_ECOLI
AES_ECOLI,O5B21_MOUSE
AES_ECOLI,FBW2_ARATH
AES_ECOLI,CER7L_ARATH
AES_ECOLI,Q7TR79_MOUSE
AES_ECOLI,Q7TR57_MOUSE
AES_ECOLI,Q8VF14_MOUSE
AES_ECOLI,Q8VF35_MOUSE
AES_ECOLI,Q8VFA2_MOUSE
AES_ECOLI,Q8VFH0_MOUSE
AES_ECOLI,HPR3_ARATH
AES_ECOLI,Q7TRB9_MOUSE
AES_ECOLI,URGT5_ARATH
AES_ECOLI,SYCE1_MOUSE
AES_ECOLI,NEAP2_ARATH
AES_ECOLI,SINA4_ARATH
AES_ECOLI,Q8VGL1_MOUSE
YY1_ARATH,B3H7N1_ARATH
YY1_ARATH,MPK11_ARATH
YY1_ARATH,DGR2_ARATH
YY1_ARATH,FNRL2_ARATH
YY1_ARATH,BMP15_MOUSE
YY1_ARATH,GRIK1_ARATH
YY1_ARATH,Q9LF51_ARATH
YY1_ARATH,TOL2_ARATH
YY1_ARATH,BH030_ARATH
YY1_ARATH,CCA34_ARATH
YY1_ARATH,TCP22_ARATH
YY1_ARATH,F4HZE0_ARATH
YY1_ARATH,MAP1B_ARATH
YY1_ARATH,ERG24_ARATH
YY1_ARATH,RGXT3_ARATH
YY1_ARATH,DHYS_ARATH
YY1_ARATH,SKI23_ARATH
YY1_ARATH,MPK7_ARATH
YY1_ARATH,NUDT8_ARATH
YY1_ARATH,Q9MAR2_ARATH
YY1_ARATH,Q84MB1_ARATH
YY1_ARATH,ARC1B_MOUSE
YY1_ARATH,RA51B_ARATH
YY1_ARATH,RFC5_ARATH
YY1_ARATH,STKLH_ARATH
YY1_ARATH,STAD1_ARATH
YY1_ARATH,RKD5_ARATH
YY1_ARATH,RRA1_ARATH
YY1_ARATH,ARR19_ARATH
YY1_ARATH,TRM9_ARATH
YY1_ARATH,STAD6_ARATH
YY1_ARATH,SURFL_ARATH
YY1_ARATH,SPS1_ARATH
YY1_ARATH,STLP2_ARATH
YY1_ARATH,VAP22_ARATH
YY1_ARATH,B0QZW4_MOUSE
YY1_ARATH,STKLS_ARATH
YY1_ARATH,WCAC_ECOLI
YY1_ARATH,TCX8_ARATH
YY1_ARATH,TGA7_ARATH
YY1_ARATH,TGT4_ARATH
YY1_ARATH,TLP11_ARATH
YY1_ARATH,PI5L1_MOUSE
YY1_ARATH,TRPC_ARATH
YY1_ARATH,TPPA_ARATH
YY1_ARATH,C3H57_ARATH
YY1_ARATH,B2M0R6_MOUSE
YY1_ARATH,GUN_ECOLI
YY1_ARATH,XKR9_MOUSE
YY1_ARATH,TPPB_ARATH
YY1_ARATH,WZY_ECOLI
YY1_ARATH,DGOD_ECOLI
YY1_ARATH,A0A3Q4L2R4_MOUSE
YY1_ARATH,OPGC_ECOLI
YY1_ARATH,UBQ4_ARATH
YY1_ARATH,MHPT_ECOLI
YY1_ARATH,U496I_ARATH
YY1_ARATH,Y4121_ARATH
YY1_ARATH,WTR15_ARATH
YY1_ARATH,C3H61_ARATH
YY1_ARATH,Y74B2_ARATH
YY1_ARATH,APBC_ECOLI
YY1_ARATH,ZRK6_ARATH
YY1_ARATH,SEPP1_MOUSE
YY1_ARATH,AMPC_ECOLI
YY1_ARATH,POTG_ECOLI
YY1_ARATH,3BHS5_MOUSE
YY1_ARATH,ARAJ_ECOLI
YY1_ARATH,ANMK_ECOLI
YY1_ARATH,NANX_ECOLI
YY1_ARATH,PRELP_MOUSE
YY1_ARATH,NIMT_ECOLI
YY1_ARATH,Y5957_ARATH
YY1_ARATH,H2AW_MOUSE
YY1_ARATH,CDAR_ECOLI
YY1_ARATH,FLHB_ECOLI
YY1_ARATH,YEIB_ECOLI
YY1_ARATH,CAIB_ECOLI
YY1_ARATH,TYRP_ECOLI
YY1_ARATH,GSPF_ECOLI
YY1_ARATH,KISSR_MOUSE
YY1_ARATH,CYNX_ECOLI
YY1_ARATH,EMRD_ECOLI
YY1_ARATH,YIAV_ECOLI
YY1_ARATH,EFTU2_ECOLI
YY1_ARATH,ELAD_ECOLI
YY1_ARATH,HXA13_MOUSE
YY1_ARATH,FEPE_ECOLI
YY1_ARATH,H2AY_MOUSE
YY1_ARATH,FLIK_ECOLI
YY1_ARATH,GSPL_ECOLI
YY1_ARATH,TSGA_ECOLI
YY1_ARATH,NAGC_ECOLI
YY1_ARATH,INTE_ECOLI
YY1_ARATH,INTB_ECOLI
YY1_ARATH,ACTS_MOUSE
YY1_ARATH,GLCF_ECOLI
YY1_ARATH,INSI3_ECOLI
YY1_ARATH,HCAD_ECOLI
YY1_ARATH,OMPN_ECOLI
INO1_ARATH,BH049_ARATH
INO1_ARATH,NDUV1_ARATH
INO1_ARATH,Q9SR09_ARATH
INO1_ARATH,MPK17_ARATH
INO1_ARATH,PAP85_ARATH
INO1_ARATH,P4HTM_MOUSE
INO1_ARATH,UXUB_ECOLI
INO1_ARATH,ZSC4D_MOUSE
INO1_ARATH,PCYXL_MOUSE
INO1_ARATH,Q94F54_ARATH
INO1_ARATH,NMT1_MOUSE
INO1_ARATH,ZIF1_ARATH
INO1_ARATH,Q8BG29_MOUSE
INO1_ARATH,PEP_ARATH
INO1_ARATH,MOT12_MOUSE
INO1_ARATH,PP16A_MOUSE
INO1_ARATH,APBB3_MOUSE
INO1_ARATH,LIPG_MOUSE
INO1_ARATH,ZN689_MOUSE
INO1_ARATH,ERG_MOUSE
INO1_ARATH,KLF11_MOUSE
INO1_ARATH,NOSTN_MOUSE
INO1_ARATH,Q3TR45_MOUSE
INO1_ARATH,NAGS_MOUSE
INO1_ARATH,VRK2_MOUSE
INO1_ARATH,MOT3_MOUSE
INO1_ARATH,PAOX_MOUSE
INO1_ARATH,Q50E62_MOUSE
INO1_ARATH,P4HA1_MOUSE
INO1_ARATH,Q3T9D4_MOUSE
INO1_ARATH,PCYOX_MOUSE
INO1_ARATH,PEPD_MOUSE
INO1_ARATH,PKHO2_MOUSE
INO1_ARATH,PMYT1_MOUSE
INO1_ARATH,Q0VDN0_MOUSE
INO1_ARATH,SRSF4_MOUSE
INO1_ARATH,PPM1J_MOUSE
INO1_ARATH,Q3U227_MOUSE
INO1_ARATH,Q0VDM9_MOUSE
INO1_ARATH,DCE1_ARATH
INO1_ARATH,Q9Z0I5_MOUSE
INO1_ARATH,Q99PH4_MOUSE
INO1_ARATH,PLGT2_MOUSE
INO1_ARATH,Q3V365_MOUSE
INO1_ARATH,Q3TG86_MOUSE
INO1_ARATH,PYRD1_MOUSE
INO1_ARATH,PSMD5_MOUSE
INO1_ARATH,PTBP3_MOUSE
INO1_ARATH,Q5GLZ0_MOUSE
INO1_ARATH,Q32NY8_MOUSE
INO1_ARATH,Q3UQH5_MOUSE
INO1_ARATH,CAIC_ECOLI
INO1_ARATH,Q8CGV5_MOUSE
INO1_ARATH,HXKL1_ARATH
INO1_ARATH,BGL46_ARATH
INO1_ARATH,Q7TNG6_MOUSE
INO1_ARATH,Q8VEN4_MOUSE
INO1_ARATH,Q80V21_MOUSE
INO1_ARATH,ICP55_ARATH
INO1_ARATH,Q8CDR1_MOUSE
INO1_ARATH,Q8CB76_MOUSE
INO1_ARATH,Q8CGV8_MOUSE
INO1_ARATH,Q924D1_MOUSE
INO1_ARATH,Q80VD4_MOUSE
INO1_ARATH,Q99JG5_MOUSE
INO1_ARATH,ZSC4F_MOUSE
INO1_ARATH,U73C1_ARATH
INO1_ARATH,Q9CRQ9_MOUSE
INO1_ARATH,S17A4_MOUSE
INO1_ARATH,AVT6E_ARATH
INO1_ARATH,Q91W87_MOUSE
INO1_ARATH,G0XYF4_MOUSE
INO1_ARATH,Q9JJK6_MOUSE
INO1_ARATH,TAC2N_MOUSE
INO1_ARATH,SNTB2_MOUSE
INO1_ARATH,SF3A3_MOUSE
INO1_ARATH,NHRF4_MOUSE
INO1_ARATH,Q9JKY7_MOUSE
INO1_ARATH,S43A3_MOUSE
INO1_ARATH,SPRTN_MOUSE
INO1_ARATH,C3H37_ARATH
INO1_ARATH,S22A8_MOUSE
INO1_ARATH,AL9A1_MOUSE
INO1_ARATH,SNX2_MOUSE
INO1_ARATH,SCO2A_MOUSE
INO1_ARATH,BGL45_ARATH
INO1_ARATH,SCO2B_MOUSE
INO1_ARATH,TCAIM_MOUSE
INO1_ARATH,SPX3_MOUSE
INO1_ARATH,T2FA_MOUSE
INO1_ARATH,TOIP2_MOUSE
INO1_ARATH,THAS_MOUSE
INO1_ARATH,TCPW_MOUSE
INO1_ARATH,TDT_MOUSE
INO1_ARATH,SYSM_MOUSE
INO1_ARATH,TMPS2_MOUSE
INO1_ARATH,ARR11_ARATH
INO1_ARATH,WIP2_ARATH
INO1_ARATH,TCAB1_MOUSE
INO1_ARATH,TF3C5_MOUSE
PSY_ARATH,A0A0B6VRS7_MOUSE
PSY_ARATH,AFC2_ARATH
PSY_ARATH,AGAL3_ARATH
PSY_ARATH,CKL5_ARATH
PSY_ARATH,ACLA2_ARATH
PSY_ARATH,AI5L5_ARATH
PSY_ARATH,Q8CBD2_MOUSE
PSY_ARATH,AUG4_ARATH
PSY_ARATH,AAT1_ARATH
PSY_ARATH,ACLA3_ARATH
PSY_ARATH,ACR8_ARATH
PSY_ARATH,COL15_ARATH
PSY_ARATH,ALG3_ARATH
PSY_ARATH,AKRP_ARATH
PSY_ARATH,MVD1_MOUSE
PSY_ARATH,ANTR5_ARATH
PSY_ARATH,AOP2V_ARATH
PSY_ARATH,ARAS2_ARATH
PSY_ARATH,AROD4_ARATH
PSY_ARATH,ATL49_ARATH
PSY_ARATH,MUKF_ECOLI
PSY_ARATH,PECT1_ARATH
PSY_ARATH,AVT3C_ARATH
PSY_ARATH,BASS3_ARATH
PSY_ARATH,BH090_ARATH
PSY_ARATH,AROD5_ARATH
PSY_ARATH,ATL42_ARATH
PSY_ARATH,GO45_MOUSE
PSY_ARATH,BDG4_ARATH
PSY_ARATH,BGL39_ARATH
PSY_ARATH,CALR1_ARATH
PSY_ARATH,CALR2_ARATH
PSY_ARATH,BH060_ARATH
PSY_ARATH,C3H16_ARATH
PSY_ARATH,CAND6_ARATH
PSY_ARATH,DCUP1_ARATH
PSY_ARATH,C3H63_ARATH
PSY_ARATH,CDG1_ARATH
PSY_ARATH,CKL10_ARATH
PSY_ARATH,Q9LMG9_ARATH
PSY_ARATH,CCMFC_ARATH
PSY_ARATH,CARA_ARATH
PSY_ARATH,CKL12_ARATH
PSY_ARATH,ERF1X_ARATH
PSY_ARATH,CHS1_ARATH
PSY_ARATH,COBL4_ARATH
PSY_ARATH,CIPK7_ARATH
PSY_ARATH,CIPKK_ARATH
PSY_ARATH,DBR1_ARATH
PSY_ARATH,CPL4_ARATH
PSY_ARATH,MGAT2_ARATH
PSY_ARATH,DRB2_ARATH
PSY_ARATH,DCVR_ARATH
PSY_ARATH,DJ1B_ARATH
PSY_ARATH,DNJ16_ARATH
PSY_ARATH,COL16_ARATH
PSY_ARATH,RPS1_ARATH
PSY_ARATH,VDR_MOUSE
PSY_ARATH,CYSKM_ARATH
PSY_ARATH,DNAJ2_ARATH
PSY_ARATH,DNJA6_ARATH
PSY_ARATH,ERF1Z_ARATH
PSY_ARATH,ERG_ARATH
PSY_ARATH,P93744_ARATH
PSY_ARATH,FAD3D_ARATH
PSY_ARATH,ECT1_ARATH
PSY_ARATH,ERA_ARATH
PSY_ARATH,F4IQ85_ARATH
PSY_ARATH,ENT4_ARATH
PSY_ARATH,ENT3_ARATH
PSY_ARATH,F4HV67_ARATH
PSY_ARATH,EP1L3_ARATH
PSY_ARATH,F4J3Q8_ARATH
PSY_ARATH,F4HQQ0_ARATH
PSY_ARATH,FB257_ARATH
PSY_ARATH,F4JN38_ARATH
PSY_ARATH,ENT7_ARATH
PSY_ARATH,FACT_ARATH
PSY_ARATH,EML4_ARATH
PSY_ARATH,DUF8_ARATH
PSY_ARATH,DUF9_ARATH
PSY_ARATH,F4JIW2_ARATH
PSY_ARATH,F4JTK8_ARATH
PSY_ARATH,AGP_ECOLI
PSY_ARATH,ERF1Y_ARATH
PSY_ARATH,EXTN3_ARATH
PSY_ARATH,ENT6_ARATH
PSY_ARATH,F10AL_ARATH
PSY_ARATH,MAP21_ARATH
PSY_ARATH,F4I0X0_ARATH
PSY_ARATH,FBL34_ARATH
PSY_ARATH,HIS6A_ARATH
PSY_ARATH,FB111_ARATH
PSY_ARATH,RRA3_ARATH
PSY_ARATH,F4KHJ7_ARATH
PSY_ARATH,F4JXC7_ARATH
PSY_ARATH,FCTA_ECOLI
PSY_ARATH,Q9LYL0_ARATH
PSY_ARATH,F4JR68_ARATH
PSY_ARATH,FB135_ARATH
AIMP2_MOUSE,AGD13_ARATH
AIMP2_MOUSE,HAT14_ARATH
AIMP2_MOUSE,PSBO1_ARATH
AIMP2_MOUSE,Q94K59_ARATH
AIMP2_MOUSE,LPXA_ARATH
AIMP2_MOUSE,PLS2_MOUSE
AIMP2_MOUSE,PHL8_ARATH
AIMP2_MOUSE,PER72_ARATH
AIMP2_MOUSE,Q9LRX5_ARATH
AIMP2_MOUSE,GATA8_ARATH
AIMP2_MOUSE,MYB78_ARATH
AIMP2_MOUSE,RVE7L_ARATH
AIMP2_MOUSE,Q2TJI7_MOUSE
AIMP2_MOUSE,GGPP6_ARATH
AIMP2_MOUSE,RM39_MOUSE
AIMP2_MOUSE,DOF57_ARATH
AIMP2_MOUSE,RBL12_ARATH
AIMP2_MOUSE,SFC1_ARATH
AIMP2_MOUSE,Q80VU1_MOUSE
AIMP2_MOUSE,Q501B0_ARATH
AIMP2_MOUSE,LDHA_MOUSE
AIMP2_MOUSE,ASB1_MOUSE
AIMP2_MOUSE,TM165_MOUSE
AIMP2_MOUSE,PEX16_MOUSE
AIMP2_MOUSE,SRO5_ARATH
AIMP2_MOUSE,CID12_ARATH
AIMP2_MOUSE,UBIA1_MOUSE
AIMP2_MOUSE,IPT3_ARATH
AIMP2_MOUSE,RSMH_ECOLI
AIMP2_MOUSE,OR2C1_MOUSE
AIMP2_MOUSE,NFYA6_ARATH
AIMP2_MOUSE,RAD_MOUSE
AIMP2_MOUSE,SPL8_ARATH
AIMP2_MOUSE,Q8VGP6_MOUSE
AIMP2_MOUSE,ACY2_MOUSE
AIMP2_MOUSE,Q8VGX9_MOUSE
AIMP2_MOUSE,TIF4A_ARATH
AIMP2_MOUSE,PRS42_MOUSE
AIMP2_MOUSE,CD226_MOUSE
AIMP2_MOUSE,NEAP3_ARATH
AIMP2_MOUSE,F6QCI0_MOUSE
AIMP2_MOUSE,Q8VGE3_MOUSE
AIMP2_MOUSE,MTEF6_ARATH
AIMP2_MOUSE,FABG_ARATH
AIMP2_MOUSE,G0XYF2_MOUSE
AIMP2_MOUSE,BSND_MOUSE
AIMP2_MOUSE,BZP61_ARATH
AIMP2_MOUSE,GHRA_ECOLI
AIMP2_MOUSE,ZIPA_ECOLI
AIMP2_MOUSE,EIF3I_MOUSE
AIMP2_MOUSE,CRF6_ARATH
AIMP2_MOUSE,WAV2_ARATH
AIMP2_MOUSE,DGAT2_ARATH
AIMP2_MOUSE,PG2B1_ARATH
AIMP2_MOUSE,CREB1_MOUSE
AIMP2_MOUSE,GDE1_MOUSE
AIMP2_MOUSE,UGAL1_ARATH
AIMP2_MOUSE,CBPA_ECOLI
AIMP2_MOUSE,FTSN_ECOLI
AIMP2_MOUSE,MOGT1_MOUSE
AIMP2_MOUSE,MYB53_ARATH
AIMP2_MOUSE,NDPA_ECOLI
AIMP2_MOUSE,S2547_MOUSE
AIMP2_MOUSE,HPR2_ARATH
AIMP2_MOUSE,SSUA_ECOLI
AIMP2_MOUSE,BGAT_MOUSE
AIMP2_MOUSE,PP18_ARATH
AIMP2_MOUSE,AIDA_MOUSE
AIMP2_MOUSE,PP19_ARATH
AIMP2_MOUSE,Q6XK23_MOUSE
AIMP2_MOUSE,ANRA2_MOUSE
AIMP2_MOUSE,CCD42_MOUSE
AIMP2_MOUSE,LPXK_ECOLI
AIMP2_MOUSE,F4K9K2_ARATH
AIMP2_MOUSE,F4JQX4_ARATH
AIMP2_MOUSE,GHRB_ECOLI
AIMP2_MOUSE,RSEB_ECOLI
AIMP2_MOUSE,PPIP2_MOUSE
AIMP2_MOUSE,ZNTB_ECOLI
AIMP2_MOUSE,ANXD3_ARATH
AIMP2_MOUSE,ANXD7_ARATH
AIMP2_MOUSE,SRS2_ARATH
AIMP2_MOUSE,SYP31_ARATH
AIMP2_MOUSE,AAKG1_MOUSE
AIMP2_MOUSE,YBIB_ECOLI
AIMP2_MOUSE,MYB80_ARATH
AIMP2_MOUSE,APK4_ARATH
AIMP2_MOUSE,SLAF7_MOUSE
AIMP2_MOUSE,ACY3_MOUSE
AIMP2_MOUSE,ANXD6_ARATH
AIMP2_MOUSE,ANXA5_MOUSE
AIMP2_MOUSE,RDH13_MOUSE
AIMP2_MOUSE,NAC87_ARATH
AIMP2_MOUSE,ILVE_ECOLI
AIMP2_MOUSE,NAP1D_ARATH
AIMP2_MOUSE,ANXD8_ARATH
AIMP2_MOUSE,PLPR5_MOUSE
AIMP2_MOUSE,ANXD4_ARATH
AIMP2_MOUSE,TGT3A_ARATH
AIMP2_MOUSE,SPL_ARATH
CAP12_ARATH,MCA1_ARATH
CAP12_ARATH,Q1PE50_ARATH
CAP12_ARATH,A0A0J9YV76_MOUSE
CAP12_ARATH,PEL2_ARATH
CAP12_ARATH,APRR8_ARATH
CAP12_ARATH,CADH4_ARATH
CAP12_ARATH,PTI12_ARATH
CAP12_ARATH,F4JLS2_ARATH
CAP12_ARATH,KIB1_ARATH
CAP12_ARATH,1MMP_ARATH
CAP12_ARATH,ASHH3_ARATH
CAP12_ARATH,ACBP3_ARATH
CAP12_ARATH,BIG1D_ARATH
CAP12_ARATH,C3H53_ARATH
CAP12_ARATH,GDL79_ARATH
CAP12_ARATH,CADH6_ARATH
CAP12_ARATH,NDT2_ARATH
CAP12_ARATH,GATLA_ARATH
CAP12_ARATH,CATB2_ARATH
CAP12_ARATH,CEP3_ARATH
CAP12_ARATH,FATA1_ARATH
CAP12_ARATH,Q9FZE3_ARATH
CAP12_ARATH,ALDOC_MOUSE
CAP12_ARATH,YDIO_ECOLI
CAP12_ARATH,CNTA_ECOLI
CAP12_ARATH,F4IJJ3_ARATH
CAP12_ARATH,NELFE_MOUSE
CAP12_ARATH,INTD_ECOLI
CAP12_ARATH,GPR6_MOUSE
CAP12_ARATH,DAPA1_ARATH
CAP12_ARATH,PARVA_MOUSE
CAP12_ARATH,F4I764_ARATH
CAP12_ARATH,DDLA_ECOLI
CAP12_ARATH,DAPA2_ARATH
CAP12_ARATH,F4II70_ARATH
CAP12_ARATH,ETFA_ARATH
CAP12_ARATH,F4K6S3_ARATH
CAP12_ARATH,EXL3_ARATH
CAP12_ARATH,PTXC_ECOLI
CAP12_ARATH,FATA2_ARATH
CAP12_ARATH,GATL7_ARATH
CAP12_ARATH,FKB42_ARATH
CAP12_ARATH,MYB26_ARATH
CAP12_ARATH,GDL14_ARATH
CAP12_ARATH,HPAT1_ARATH
CAP12_ARATH,MPK13_ARATH
CAP12_ARATH,PUP5_ARATH
CAP12_ARATH,IDH2_ARATH
CAP12_ARATH,IGMT5_ARATH
CAP12_ARATH,MPCP2_ARATH
CAP12_ARATH,B4GT2_MOUSE
CAP12_ARATH,OGG1_ARATH
CAP12_ARATH,Q9LIH2_ARATH
CAP12_ARATH,NUP43_ARATH
CAP12_ARATH,PTI11_ARATH
CAP12_ARATH,ODPB1_ARATH
CAP12_ARATH,PANE_ARATH
CAP12_ARATH,Q9M2P9_ARATH
CAP12_ARATH,Q84K31_ARATH
CAP12_ARATH,PME48_ARATH
CAP12_ARATH,ZCIS_ARATH
CAP12_ARATH,NIF3L_MOUSE
CAP12_ARATH,Q9SFB1_ARATH
CAP12_ARATH,SWC2_ARATH
CAP12_ARATH,CADM3_MOUSE
CAP12_ARATH,3BHS7_MOUSE
CAP12_ARATH,RD19B_ARATH
CAP12_ARATH,RF2_ECOLI
CAP12_ARATH,PUP13_ARATH
CAP12_ARATH,RIBF2_ARATH
CAP12_ARATH,Q9STI7_ARATH
CAP12_ARATH,RAVL1_ARATH
CAP12_ARATH,STKLP_ARATH
CAP12_ARATH,RGXT1_ARATH
CAP12_ARATH,RLMC_ECOLI
CAP12_ARATH,WTR1_ARATH
CAP12_ARATH,GCST_ECOLI
CAP12_ARATH,RGXT2_ARATH
CAP12_ARATH,TGA4_ARATH
CAP12_ARATH,NEPI_ECOLI
CAP12_ARATH,ABR1_ARATH
CAP12_ARATH,WTR28_ARATH
CAP12_ARATH,HCXB_ECOLI
CAP12_ARATH,HS3S2_MOUSE
CAP12_ARATH,Y2706_ARATH
CAP12_ARATH,LCLT1_MOUSE
CAP12_ARATH,POTF_ECOLI
CAP12_ARATH,MTLD_ECOLI
CAP12_ARATH,MBHT_ECOLI
CAP12_ARATH,PHNM_ECOLI
CAP12_ARATH,PURT_ECOLI
CAP12_ARATH,NK2R_MOUSE
CAP12_ARATH,YDEM_ECOLI
CAP12_ARATH,YAGA_ECOLI
CAP12_ARATH,A3LT2_MOUSE
CAP12_ARATH,LIVK_ECOLI
CAP12_ARATH,WAAG_ECOLI
CAP12_ARATH,RLMM_ECOLI
CAP12_ARATH,A0A1B0GSQ3_MOUSE
CAP12_ARATH,RLMG_ECOLI
MOEA_ECOLI,LIP2_ARATH
MOEA_ECOLI,UIDC_ECOLI
MOEA_ECOLI,GLK1_ARATH
MOEA_ECOLI,FBK70_ARATH
MOEA_ECOLI,HIS6B_ARATH
MOEA_ECOLI,GRF9_ARATH
MOEA_ECOLI,MED4_ARATH
MOEA_ECOLI,SPA3K_MOUSE
MOEA_ECOLI,IQD16_ARATH
MOEA_ECOLI,IQD3_ARATH
MOEA_ECOLI,MRS25_ARATH
MOEA_ECOLI,GAE3_ARATH
MOEA_ECOLI,GT6_ARATH
MOEA_ECOLI,KCRS_MOUSE
MOEA_ECOLI,O81827_ARATH
MOEA_ECOLI,HEM21_ARATH
MOEA_ECOLI,KING1_ARATH
MOEA_ECOLI,PAE3_ARATH
MOEA_ECOLI,Q8GWD0_ARATH
MOEA_ECOLI,UBP1B_ARATH
MOEA_ECOLI,LYM3_ARATH
MOEA_ECOLI,TES_MOUSE
MOEA_ECOLI,MVD2_ARATH
MOEA_ECOLI,PP290_ARATH
MOEA_ECOLI,O22146_ARATH
MOEA_ECOLI,LYM1_ARATH
MOEA_ECOLI,MTP11_ARATH
MOEA_ECOLI,MAEA_ARATH
MOEA_ECOLI,MAN5_ARATH
MOEA_ECOLI,SCL32_ARATH
MOEA_ECOLI,PBL2_ARATH
MOEA_ECOLI,AROA_ECOLI
MOEA_ECOLI,OXA1_ARATH
MOEA_ECOLI,MCAC2_ARATH
MOEA_ECOLI,Q3UED7_MOUSE
MOEA_ECOLI,MCA2_ARATH
MOEA_ECOLI,RDSA_ECOLI
MOEA_ECOLI,MYB64_ARATH
MOEA_ECOLI,NUPX_ECOLI
MOEA_ECOLI,NAC1_ARATH
MOEA_ECOLI,PSD11_ARATH
MOEA_ECOLI,ASSY_MOUSE
MOEA_ECOLI,PBL3_ARATH
MOEA_ECOLI,Q9LMQ3_ARATH
MOEA_ECOLI,TBL23_ARATH
MOEA_ECOLI,Q9LE60_ARATH
MOEA_ECOLI,SH2D5_MOUSE
MOEA_ECOLI,PBL15_ARATH
MOEA_ECOLI,P2C75_ARATH
MOEA_ECOLI,P92952_ARATH
MOEA_ECOLI,PILS6_ARATH
MOEA_ECOLI,PRS7A_ARATH
MOEA_ECOLI,Q6NLR3_ARATH
MOEA_ECOLI,PSY_ARATH
MOEA_ECOLI,PUS2_ARATH
MOEA_ECOLI,PUX5_ARATH
MOEA_ECOLI,PSUT_ECOLI
MOEA_ECOLI,Q93ZM6_ARATH
MOEA_ECOLI,Q5HZ31_ARATH
MOEA_ECOLI,DCP2_MOUSE
MOEA_ECOLI,Q0WL44_ARATH
MOEA_ECOLI,HEM1_ECOLI
MOEA_ECOLI,Q9LDI9_ARATH
MOEA_ECOLI,Q84WW4_ARATH
MOEA_ECOLI,Q9SFE3_ARATH
MOEA_ECOLI,TBL27_ARATH
MOEA_ECOLI,Q8W106_ARATH
MOEA_ECOLI,YIAN_ECOLI
MOEA_ECOLI,Q8GW56_ARATH
MOEA_ECOLI,Q8RWT4_ARATH
MOEA_ECOLI,Q9C515_ARATH
MOEA_ECOLI,Q9FGV4_ARATH
MOEA_ECOLI,Q9FHS7_ARATH
MOEA_ECOLI,S35E2_MOUSE
MOEA_ECOLI,Q9FKS3_ARATH
MOEA_ECOLI,Q9LNE0_ARATH
MOEA_ECOLI,Q9SA55_ARATH
MOEA_ECOLI,IFIX_MOUSE
MOEA_ECOLI,PCID2_MOUSE
MOEA_ECOLI,Y1099_ARATH
MOEA_ECOLI,CDKD1_ARATH
MOEA_ECOLI,ICLRG_ECOLI
MOEA_ECOLI,PII2_ARATH
MOEA_ECOLI,STKLI_ARATH
MOEA_ECOLI,Q9LFX8_ARATH
MOEA_ECOLI,Q9M2M5_ARATH
MOEA_ECOLI,RU17_ARATH
MOEA_ECOLI,Q9M035_ARATH
MOEA_ECOLI,Q9LMX6_ARATH
MOEA_ECOLI,RP45C_ARATH
MOEA_ECOLI,HABP4_MOUSE
MOEA_ECOLI,Q9SLH1_ARATH
MOEA_ECOLI,KGTP_ECOLI
MOEA_ECOLI,YUC1_ARATH
MOEA_ECOLI,CHLI2_ARATH
MOEA_ECOLI,IFI44_MOUSE
MOEA_ECOLI,KBAZ_ECOLI
MOEA_ECOLI,RLP55_ARATH
MOEA_ECOLI,Q9SQT6_ARATH
MOEA_ECOLI,SOX_ARATH
FDFT1_ARATH,RHMT_ECOLI
FDFT1_ARATH,MILL1_MOUSE
FDFT1_ARATH,WCAD_ECOLI
FDFT1_ARATH,R47BP_ARATH
FDFT1_ARATH,TBL33_ARATH
FDFT1_ARATH,RRA2_ARATH
FDFT1_ARATH,RIBD_ARATH
FDFT1_ARATH,SCL21_ARATH
FDFT1_ARATH,SPS2_ARATH
FDFT1_ARATH,ACOT6_MOUSE
FDFT1_ARATH,SUCB_ARATH
FDFT1_ARATH,TBL31_ARATH
FDFT1_ARATH,AP3M2_MOUSE
FDFT1_ARATH,TBL34_ARATH
FDFT1_ARATH,TBL24_ARATH
FDFT1_ARATH,WRK58_ARATH
FDFT1_ARATH,WRK14_ARATH
FDFT1_ARATH,Y2433_ARATH
FDFT1_ARATH,Y3272_ARATH
FDFT1_ARATH,INTA_ECOLI
FDFT1_ARATH,CLCB_ECOLI
FDFT1_ARATH,FIXC_ECOLI
FDFT1_ARATH,D3Z4Z0_MOUSE
FDFT1_ARATH,GATZ_ECOLI
FDFT1_ARATH,ZNT4_MOUSE
FDFT1_ARATH,MDTH_ECOLI
FDFT1_ARATH,HOFC_ECOLI
FDFT1_ARATH,YDCO_ECOLI
FDFT1_ARATH,EUTH_ECOLI
FDFT1_ARATH,FRSA_ECOLI
FDFT1_ARATH,THRC_ECOLI
FDFT1_ARATH,PUNC_ECOLI
FDFT1_ARATH,YJGN_ECOLI
FDFT1_ARATH,Q80UY9_MOUSE
FDFT1_ARATH,MURA_ECOLI
FDFT1_ARATH,SOTB_ECOLI
FDFT1_ARATH,PUUE_ECOLI
FDFT1_ARATH,PIF4_ARATH
FDFT1_ARATH,C2C4C_MOUSE
FDFT1_ARATH,DHE2_ARATH
FDFT1_ARATH,MTR_ECOLI
FDFT1_ARATH,YIDR_ECOLI
FDFT1_ARATH,PTFC1_ECOLI
FDFT1_ARATH,PUUB_ECOLI
FDFT1_ARATH,ALAC_ECOLI
FDFT1_ARATH,RSMB_ECOLI
FDFT1_ARATH,SUOX_ARATH
FDFT1_ARATH,SDAC_ECOLI
FDFT1_ARATH,BORG5_MOUSE
FDFT1_ARATH,SETC_ECOLI
FDFT1_ARATH,UBII_ECOLI
FDFT1_ARATH,TNAB_ECOLI
FDFT1_ARATH,YAIP_ECOLI
FDFT1_ARATH,WCAI_ECOLI
FDFT1_ARATH,YEDE_ECOLI
FDFT1_ARATH,WAAL_ECOLI
FDFT1_ARATH,WCAK_ECOLI
FDFT1_ARATH,WCAL_ECOLI
FDFT1_ARATH,YBHC_ECOLI
FDFT1_ARATH,CHIL4_MOUSE
FDFT1_ARATH,Q91VI2_MOUSE
FDFT1_ARATH,WZXE_ECOLI
FDFT1_ARATH,YEGT_ECOLI
FDFT1_ARATH,ARP10_MOUSE
FDFT1_ARATH,YBJJ_ECOLI
FDFT1_ARATH,YDFJ_ECOLI
FDFT1_ARATH,YFCJ_ECOLI
FDFT1_ARATH,XYLR_ECOLI
FDFT1_ARATH,YDEE_ECOLI
FDFT1_ARATH,YDHQ_ECOLI
FDFT1_ARATH,YIHN_ECOLI
FDFT1_ARATH,YDIN_ECOLI
FDFT1_ARATH,YFEO_ECOLI
FDFT1_ARATH,YGHO_ECOLI
FDFT1_ARATH,YFJD_ECOLI
FDFT1_ARATH,YHDX_ECOLI
FDFT1_ARATH,PRS8_MOUSE
FDFT1_ARATH,YHHS_ECOLI
FDFT1_ARATH,ABHD3_MOUSE
FDFT1_ARATH,YHJX_ECOLI
FDFT1_ARATH,ANM8_MOUSE
FDFT1_ARATH,YQEG_ECOLI
FDFT1_ARATH,YHJV_ECOLI
FDFT1_ARATH,LC7L2_MOUSE
FDFT1_ARATH,YNFM_ECOLI
FDFT1_ARATH,I5P1_MOUSE
FDFT1_ARATH,YNBD_ECOLI
FDFT1_ARATH,PDK2_MOUSE
FDFT1_ARATH,CSN3_MOUSE
FDFT1_ARATH,P2SAF_ARATH
FDFT1_ARATH,A6ZI46_MOUSE
FDFT1_ARATH,A0A1Y7VJN6_MOUSE
FDFT1_ARATH,CREB3_MOUSE
FDFT1_ARATH,SH24A_MOUSE
FDFT1_ARATH,SMS1_MOUSE
FDFT1_ARATH,YJIN_ECOLI
FDFT1_ARATH,GLTL5_MOUSE
FDFT1_ARATH,YJIJ_ECOLI
FDFT1_ARATH,B2M0R4_MOUSE
FDFT1_ARATH,YQEF_ECOLI
NADR_ECOLI,ACNT1_MOUSE
NADR_ECOLI,A1AT4_MOUSE
NADR_ECOLI,ACL7B_MOUSE
NADR_ECOLI,CANT1_MOUSE
NADR_ECOLI,BCS1_MOUSE
NADR_ECOLI,AJAP1_MOUSE
NADR_ECOLI,B3GT2_MOUSE
NADR_ECOLI,BHMT1_MOUSE
NADR_ECOLI,B3GN7_MOUSE
NADR_ECOLI,IP6K3_MOUSE
NADR_ECOLI,ARP6_ARATH
NADR_ECOLI,B4GA1_MOUSE
NADR_ECOLI,BAAT_MOUSE
NADR_ECOLI,CBG_MOUSE
NADR_ECOLI,GABP2_MOUSE
NADR_ECOLI,BCKD_MOUSE
NADR_ECOLI,BEND5_MOUSE
NADR_ECOLI,CEPT1_MOUSE
NADR_ECOLI,UPS5_ARATH
NADR_ECOLI,CCD86_MOUSE
NADR_ECOLI,CEA16_MOUSE
NADR_ECOLI,Q6ZQM7_MOUSE
NADR_ECOLI,ERP44_MOUSE
NADR_ECOLI,GOLI_MOUSE
NADR_ECOLI,CRTAP_MOUSE
NADR_ECOLI,BASS6_ARATH
NADR_ECOLI,FBXW2_MOUSE
NADR_ECOLI,IRT3_ARATH
NADR_ECOLI,GATM_MOUSE
NADR_ECOLI,IF4A1_MOUSE
NADR_ECOLI,CCNA1_MOUSE
NADR_ECOLI,CHPT1_MOUSE
NADR_ECOLI,NEUR1_MOUSE
NADR_ECOLI,CHST9_MOUSE
NADR_ECOLI,DCTN2_MOUSE
NADR_ECOLI,CBPB2_MOUSE
NADR_ECOLI,PRS6B_MOUSE
NADR_ECOLI,CLP1_MOUSE
NADR_ECOLI,Q8CGG3_MOUSE
NADR_ECOLI,FAAA_MOUSE
NADR_ECOLI,CSN4_MOUSE
NADR_ECOLI,E9Q7L6_MOUSE
NADR_ECOLI,D2DFA9_MOUSE
NADR_ECOLI,DX39B_MOUSE
NADR_ECOLI,E9PW10_MOUSE
NADR_ECOLI,DAF1_MOUSE
NADR_ECOLI,ARC_MOUSE
NADR_ECOLI,ERG24_MOUSE
NADR_ECOLI,IPSP_MOUSE
NADR_ECOLI,GPTC4_MOUSE
NADR_ECOLI,IGHG3_MOUSE
NADR_ECOLI,HERP2_MOUSE
NADR_ECOLI,KCNJ5_MOUSE
NADR_ECOLI,NOB1_MOUSE
NADR_ECOLI,MTEF3_MOUSE
NADR_ECOLI,FCRLB_MOUSE
NADR_ECOLI,KCD20_MOUSE
NADR_ECOLI,HNRPF_MOUSE
NADR_ECOLI,I23O2_MOUSE
NADR_ECOLI,IF5_MOUSE
NADR_ECOLI,IFI3_MOUSE
NADR_ECOLI,ITPK1_MOUSE
NADR_ECOLI,OX1R_MOUSE
NADR_ECOLI,IF4A2_MOUSE
NADR_ECOLI,IGHE_MOUSE
NADR_ECOLI,ICA1L_MOUSE
NADR_ECOLI,PAR4_MOUSE
NADR_ECOLI,NF2IP_MOUSE
NADR_ECOLI,KCAB1_MOUSE
NADR_ECOLI,PPA6_MOUSE
NADR_ECOLI,NIPA3_MOUSE
NADR_ECOLI,MTU1_MOUSE
NADR_ECOLI,NIPA4_MOUSE
NADR_ECOLI,PCY2_MOUSE
NADR_ECOLI,PROZ_MOUSE
NADR_ECOLI,KIME_MOUSE
NADR_ECOLI,KAT1_MOUSE
NADR_ECOLI,LA_MOUSE
NADR_ECOLI,Q3TGB0_MOUSE
NADR_ECOLI,PSNB_ARATH
NADR_ECOLI,ODBB_MOUSE
NADR_ECOLI,NTR1_MOUSE
NADR_ECOLI,SAXO2_MOUSE
NADR_ECOLI,FABB_ECOLI
NADR_ECOLI,ICML2_ARATH
NADR_ECOLI,Q3U0K0_MOUSE
NADR_ECOLI,LIVM_ECOLI
NADR_ECOLI,NUP42_MOUSE
NADR_ECOLI,OMD_MOUSE
NADR_ECOLI,PAI2_MOUSE
NADR_ECOLI,RPC4_MOUSE
NADR_ECOLI,PCOC2_MOUSE
NADR_ECOLI,Q3UV61_MOUSE
NADR_ECOLI,Q3V0E6_MOUSE
NADR_ECOLI,PHLA1_MOUSE
NADR_ECOLI,F4ISP4_ARATH
NADR_ECOLI,PDIP3_MOUSE
NADR_ECOLI,Q4L0E6_MOUSE
NADR_ECOLI,TM11D_MOUSE
NADR_ECOLI,Q31206_MOUSE
BUP1_ARATH,RCC1_MOUSE
BUP1_ARATH,XAPB_ECOLI
BUP1_ARATH,INSY2_MOUSE
BUP1_ARATH,LAPB_ECOLI
BUP1_ARATH,METL2_MOUSE
BUP1_ARATH,Q6PH97_MOUSE
BUP1_ARATH,UDG_ECOLI
BUP1_ARATH,PHKG1_MOUSE
BUP1_ARATH,PRS10_MOUSE
BUP1_ARATH,Q5SSG2_MOUSE
BUP1_ARATH,MSR2_ARATH
BUP1_ARATH,Q61635_MOUSE
BUP1_ARATH,RL3R2_MOUSE
BUP1_ARATH,Q8K242_MOUSE
BUP1_ARATH,Q99M59_MOUSE
BUP1_ARATH,GMK2_ARATH
BUP1_ARATH,Q8K0U8_MOUSE
BUP1_ARATH,SF3B4_MOUSE
BUP1_ARATH,RT29_MOUSE
BUP1_ARATH,PSMD6_MOUSE
BUP1_ARATH,S67A1_MOUSE
BUP1_ARATH,TCP8_ARATH
BUP1_ARATH,Q9D828_MOUSE
BUP1_ARATH,RT4I1_MOUSE
BUP1_ARATH,S35A2_MOUSE
BUP1_ARATH,U2AFL_MOUSE
BUP1_ARATH,WDR12_MOUSE
BUP1_ARATH,STAP2_MOUSE
BUP1_ARATH,SOX_MOUSE
BUP1_ARATH,S17P_ARATH
BUP1_ARATH,KDTA_ECOLI
BUP1_ARATH,PELI2_MOUSE
BUP1_ARATH,AMY1_ARATH
BUP1_ARATH,THIC_MOUSE
BUP1_ARATH,SIA8E_MOUSE
BUP1_ARATH,WRK25_ARATH
BUP1_ARATH,PPIP1_MOUSE
BUP1_ARATH,SCRN3_MOUSE
BUP1_ARATH,SEPT8_MOUSE
BUP1_ARATH,TBC20_MOUSE
BUP1_ARATH,SPB12_MOUSE
BUP1_ARATH,RAB3I_MOUSE
BUP1_ARATH,SYT13_MOUSE
BUP1_ARATH,SYNE4_MOUSE
BUP1_ARATH,SYT15_MOUSE
BUP1_ARATH,TASP1_MOUSE
BUP1_ARATH,TGTP2_MOUSE
BUP1_ARATH,TRI13_MOUSE
BUP1_ARATH,CODB_ECOLI
BUP1_ARATH,HRH2_MOUSE
BUP1_ARATH,TM11E_MOUSE
BUP1_ARATH,WTIP_MOUSE
BUP1_ARATH,ZC3HF_MOUSE
BUP1_ARATH,ZDH23_MOUSE
BUP1_ARATH,ZDHC6_MOUSE
BUP1_ARATH,THIL_MOUSE
BUP1_ARATH,TM10C_MOUSE
BUP1_ARATH,VATC2_MOUSE
BUP1_ARATH,WDFY2_MOUSE
BUP1_ARATH,GPR19_MOUSE
BUP1_ARATH,ZPLD1_MOUSE
BUP1_ARATH,SPS3_ARATH
BUP1_ARATH,NEUR3_MOUSE
BUP1_ARATH,GSA_ECOLI
BUP1_ARATH,MCA4_ARATH
BUP1_ARATH,SIAT1_MOUSE
BUP1_ARATH,CERS5_MOUSE
BUP1_ARATH,CREL1_MOUSE
BUP1_ARATH,GPDP1_ARATH
BUP1_ARATH,CKL3_ARATH
BUP1_ARATH,ATL65_ARATH
BUP1_ARATH,HRH4_MOUSE
BUP1_ARATH,FBK15_ARATH
BUP1_ARATH,RB45B_ARATH
BUP1_ARATH,CERS4_MOUSE
BUP1_ARATH,SYFM_ARATH
BUP1_ARATH,MTP10_ARATH
BUP1_ARATH,NAC26_ARATH
BUP1_ARATH,ACH2_ARATH
BUP1_ARATH,Q3U1B7_MOUSE
BUP1_ARATH,DCYD2_ARATH
BUP1_ARATH,CIPKL_ARATH
BUP1_ARATH,SSTT_ECOLI
BUP1_ARATH,MNTH_ECOLI
BUP1_ARATH,EUTG_ECOLI
BUP1_ARATH,CRN_ARATH
BUP1_ARATH,Q9LYG5_ARATH
BUP1_ARATH,KSG5_ARATH
BUP1_ARATH,MORF1_ARATH
BUP1_ARATH,AGD10_ARATH
BUP1_ARATH,C0K3M3_MOUSE
BUP1_ARATH,ERCC8_MOUSE
BUP1_ARATH,KCJ16_MOUSE
BUP1_ARATH,FLGE_ECOLI
BUP1_ARATH,ARB2A_MOUSE
BUP1_ARATH,PSD11_MOUSE
BUP1_ARATH,MDTA_ECOLI
BUP1_ARATH,ARRS_MOUSE
BUP1_ARATH,IQD8_ARATH
BUP1_ARATH,F4I3C9_ARATH
AROD3_ARATH,BH056_ARATH
AROD3_ARATH,CIPK5_ARATH
AROD3_ARATH,CCB12_ARATH
AROD3_ARATH,CIPKO_ARATH
AROD3_ARATH,F4JPZ7_ARATH
AROD3_ARATH,FBK22_ARATH
AROD3_ARATH,Q9LMN5_ARATH
AROD3_ARATH,GT14B_ARATH
AROD3_ARATH,SRFB1_MOUSE
AROD3_ARATH,KCO2_ARATH
AROD3_ARATH,MRS21_ARATH
AROD3_ARATH,MB3R2_ARATH
AROD3_ARATH,F4KGX7_ARATH
AROD3_ARATH,MTEFE_ARATH
AROD3_ARATH,F4JQR6_ARATH
AROD3_ARATH,A0A3B2WD89_MOUSE
AROD3_ARATH,Q9LXZ7_ARATH
AROD3_ARATH,F4JR91_ARATH
AROD3_ARATH,Q9LEU9_ARATH
AROD3_ARATH,GDI2_ARATH
AROD3_ARATH,GDI_ARATH
AROD3_ARATH,ILL4_ARATH
AROD3_ARATH,RB47A_ARATH
AROD3_ARATH,Q9LK77_ARATH
AROD3_ARATH,YUC3_ARATH
AROD3_ARATH,ILL5_ARATH
AROD3_ARATH,MAP22_ARATH
AROD3_ARATH,PROT2_ARATH
AROD3_ARATH,IMPA8_ARATH
AROD3_ARATH,PFKA2_ARATH
AROD3_ARATH,IQD19_ARATH
AROD3_ARATH,MAN2_ARATH
AROD3_ARATH,MRS2A_ARATH
AROD3_ARATH,PROT3_ARATH
AROD3_ARATH,MDAR2_ARATH
AROD3_ARATH,MDHNP_ARATH
AROD3_ARATH,MRS24_ARATH
AROD3_ARATH,NUD19_ARATH
AROD3_ARATH,O80846_ARATH
AROD3_ARATH,PDI23_ARATH
AROD3_ARATH,Q9LYJ5_ARATH
AROD3_ARATH,PP351_ARATH
AROD3_ARATH,ARGA_ECOLI
AROD3_ARATH,RSGA1_ARATH
AROD3_ARATH,OFT23_ARATH
AROD3_ARATH,PHLD_ARATH
AROD3_ARATH,MEPM_ECOLI
AROD3_ARATH,PROT1_ARATH
AROD3_ARATH,PUB47_ARATH
AROD3_ARATH,Q8GUN1_ARATH
AROD3_ARATH,RB47C_ARATH
AROD3_ARATH,Q9ZQ26_ARATH
AROD3_ARATH,MDTM_ECOLI
AROD3_ARATH,Q9FM47_ARATH
AROD3_ARATH,Q9CAP1_ARATH
AROD3_ARATH,Q9C864_ARATH
AROD3_ARATH,Q9FK85_ARATH
AROD3_ARATH,Q9C5K6_ARATH
AROD3_ARATH,Q9M9S9_ARATH
AROD3_ARATH,Q9SCZ5_ARATH
AROD3_ARATH,R47CP_ARATH
AROD3_ARATH,RECAC_ARATH
AROD3_ARATH,RID3_ARATH
AROD3_ARATH,ACOT4_MOUSE
AROD3_ARATH,TOL4_ARATH
AROD3_ARATH,APD1_ARATH
AROD3_ARATH,SCP8_ARATH
AROD3_ARATH,TBB4_ARATH
AROD3_ARATH,SKI16_ARATH
AROD3_ARATH,RGLG5_ARATH
AROD3_ARATH,TBB9_ARATH
AROD3_ARATH,GALAK_ARATH
AROD3_ARATH,IDD15_ARATH
AROD3_ARATH,TBL26_ARATH
AROD3_ARATH,TRPD_ARATH
AROD3_ARATH,WDL4_ARATH
AROD3_ARATH,U89C1_ARATH
AROD3_ARATH,ADEQ_ECOLI
AROD3_ARATH,UXS1_ARATH
AROD3_ARATH,DGCI_ECOLI
AROD3_ARATH,ADIC_ECOLI
AROD3_ARATH,DIGH_ECOLI
AROD3_ARATH,ATOE_ECOLI
AROD3_ARATH,EXUT_ECOLI
AROD3_ARATH,ACEA_ECOLI
AROD3_ARATH,DSDX_ECOLI
AROD3_ARATH,F4KBP3_ARATH
AROD3_ARATH,TICN3_MOUSE
AROD3_ARATH,AT18A_ARATH
AROD3_ARATH,HGD_MOUSE
AROD3_ARATH,YGCS_ECOLI
AROD3_ARATH,ILR1_ARATH
AROD3_ARATH,DLST_ECOLI
AROD3_ARATH,PGAC_ECOLI
AROD3_ARATH,CSN1_ARATH
AROD3_ARATH,FBX15_MOUSE
AROD3_ARATH,LETA_ECOLI
AROD3_ARATH,MGAT2_MOUSE
AROD3_ARATH,AP1M2_MOUSE
AROD3_ARATH,ABHD8_MOUSE
PS6AB_ARATH,GDIB_MOUSE
PS6AB_ARATH,SHIA_ECOLI
PS6AB_ARATH,FSR_ECOLI
PS6AB_ARATH,TMPS4_MOUSE
PS6AB_ARATH,ITFG2_MOUSE
PS6AB_ARATH,5HT3B_MOUSE
PS6AB_ARATH,GLTP_ECOLI
PS6AB_ARATH,FRLA_ECOLI
PS6AB_ARATH,HSPR2_ARATH
PS6AB_ARATH,YHFT_ECOLI
PS6AB_ARATH,SGCC_ECOLI
PS6AB_ARATH,RSTB_ECOLI
PS6AB_ARATH,PRS4_MOUSE
PS6AB_ARATH,ENOG_MOUSE
PS6AB_ARATH,TR19L_MOUSE
PS6AB_ARATH,ANKY2_MOUSE
PS6AB_ARATH,TYPH_ECOLI
PS6AB_ARATH,YAAU_ECOLI
PS6AB_ARATH,SSNA_ECOLI
PS6AB_ARATH,MBOA4_MOUSE
PS6AB_ARATH,YHAM_ECOLI
PS6AB_ARATH,CCD91_MOUSE
PS6AB_ARATH,A0A1Y7VJU7_MOUSE
PS6AB_ARATH,B4YDY0_MOUSE
PS6AB_ARATH,UMUC_ECOLI
PS6AB_ARATH,YHJE_ECOLI
PS6AB_ARATH,SMIP7_MOUSE
PS6AB_ARATH,YJJJ_ECOLI
PS6AB_ARATH,YNJE_ECOLI
PS6AB_ARATH,CCD78_MOUSE
PS6AB_ARATH,ACO10_MOUSE
PS6AB_ARATH,GNTT_ECOLI
PS6AB_ARATH,FAF2_MOUSE
PS6AB_ARATH,CBPA5_MOUSE
PS6AB_ARATH,DOK3_MOUSE
PS6AB_ARATH,ORC5_MOUSE
PS6AB_ARATH,AGK_MOUSE
PS6AB_ARATH,K1C13_MOUSE
PS6AB_ARATH,NPTX1_MOUSE
PS6AB_ARATH,SPAT1_MOUSE
PS6AB_ARATH,PDIA6_MOUSE
PS6AB_ARATH,E9Q468_MOUSE
PS6AB_ARATH,PLIN3_MOUSE
PS6AB_ARATH,Q6LC96_MOUSE
PS6AB_ARATH,VRK1_MOUSE
PS6AB_ARATH,Q810E9_MOUSE
PS6AB_ARATH,HXD3_MOUSE
PS6AB_ARATH,ENOB_MOUSE
PS6AB_ARATH,KCNJ4_MOUSE
PS6AB_ARATH,PAFA_MOUSE
PS6AB_ARATH,SEP11_MOUSE
PS6AB_ARATH,MXRA8_MOUSE
PS6AB_ARATH,NOXA1_MOUSE
PS6AB_ARATH,NUPG_ECOLI
PS6AB_ARATH,UHPC_ECOLI
PS6AB_ARATH,NADK_MOUSE
PS6AB_ARATH,Q8R2V9_MOUSE
PS6AB_ARATH,PAAT_MOUSE
PS6AB_ARATH,ACADL_MOUSE
PS6AB_ARATH,ZFY27_MOUSE
PS6AB_ARATH,PDK1_MOUSE
PS6AB_ARATH,TDCD_ECOLI
PS6AB_ARATH,TILS_ECOLI
PS6AB_ARATH,Q8R0M3_MOUSE
PS6AB_ARATH,KCRU_MOUSE
PS6AB_ARATH,RBMS3_MOUSE
PS6AB_ARATH,F4I9N7_ARATH
PS6AB_ARATH,QRFPR_MOUSE
PS6AB_ARATH,RXLT1_MOUSE
PS6AB_ARATH,SOCS4_MOUSE
PS6AB_ARATH,PRRC1_MOUSE
PS6AB_ARATH,FDL24_ARATH
PS6AB_ARATH,TBB2A_MOUSE
PS6AB_ARATH,TM11F_MOUSE
PS6AB_ARATH,DRC9_MOUSE
PS6AB_ARATH,PAAK_ECOLI
PS6AB_ARATH,BRNQ_ECOLI
PS6AB_ARATH,FA83A_MOUSE
PS6AB_ARATH,MOEA_ECOLI
PS6AB_ARATH,SNX31_MOUSE
PS6AB_ARATH,IQD23_ARATH
PS6AB_ARATH,PO2F3_MOUSE
PS6AB_ARATH,ILL2_ARATH
PS6AB_ARATH,GARP_ECOLI
PS6AB_ARATH,TBB4B_MOUSE
PS6AB_ARATH,Q8RW94_ARATH
PS6AB_ARATH,MSR1_ARATH
PS6AB_ARATH,FBLN7_MOUSE
PS6AB_ARATH,BYST_MOUSE
PS6AB_ARATH,Q60977_MOUSE
PS6AB_ARATH,ASM3A_MOUSE
PS6AB_ARATH,ENPP6_MOUSE
PS6AB_ARATH,AZI2_MOUSE
PS6AB_ARATH,FUCP_ECOLI
PS6AB_ARATH,ICME_ARATH
PS6AB_ARATH,LOLE_ECOLI
PS6AB_ARATH,WDFY1_MOUSE
PS6AB_ARATH,AMI1_ARATH
PS6AB_ARATH,RENBP_MOUSE
PS6AB_ARATH,APD2_ARATH
FOXL2_MOUSE,5MMP_ARATH
FOXL2_MOUSE,COQ2_MOUSE
FOXL2_MOUSE,ALFC7_ARATH
FOXL2_MOUSE,CAF2M_ARATH
FOXL2_MOUSE,RN133_MOUSE
FOXL2_MOUSE,PKSB_ARATH
FOXL2_MOUSE,ALFC5_ARATH
FOXL2_MOUSE,BRG2_ARATH
FOXL2_MOUSE,CADH5_ARATH
FOXL2_MOUSE,FB72_ARATH
FOXL2_MOUSE,CADH9_ARATH
FOXL2_MOUSE,F4I456_ARATH
FOXL2_MOUSE,CATB3_ARATH
FOXL2_MOUSE,FLXL2_ARATH
FOXL2_MOUSE,DGAT3_ARATH
FOXL2_MOUSE,ADAL_MOUSE
FOXL2_MOUSE,F4IV21_ARATH
FOXL2_MOUSE,HAKAI_ARATH
FOXL2_MOUSE,GPR15_MOUSE
FOXL2_MOUSE,PTFC2_ECOLI
FOXL2_MOUSE,GLYR2_ARATH
FOXL2_MOUSE,HPAT2_ARATH
FOXL2_MOUSE,TCP1_ARATH
FOXL2_MOUSE,LUL4_ARATH
FOXL2_MOUSE,YCAD_ECOLI
FOXL2_MOUSE,OD232_ARATH
FOXL2_MOUSE,NU1C_ARATH
FOXL2_MOUSE,PUP2_ARATH
FOXL2_MOUSE,YBIR_ECOLI
FOXL2_MOUSE,Q8K3L5_MOUSE
FOXL2_MOUSE,HPAT3_ARATH
FOXL2_MOUSE,Q9ZPT3_ARATH
FOXL2_MOUSE,PUP12_ARATH
FOXL2_MOUSE,RGGB_ARATH
FOXL2_MOUSE,OLR1_MOUSE
FOXL2_MOUSE,Q9FIU9_ARATH
FOXL2_MOUSE,FEZ1_MOUSE
FOXL2_MOUSE,COBT_ECOLI
FOXL2_MOUSE,NR1I3_MOUSE
FOXL2_MOUSE,YJIM_ECOLI
FOXL2_MOUSE,Q8RWG5_ARATH
FOXL2_MOUSE,Q9LHL2_ARATH
FOXL2_MOUSE,RIE1_ARATH
FOXL2_MOUSE,RGGC_ARATH
FOXL2_MOUSE,SRG1_ARATH
FOXL2_MOUSE,THA1_ARATH
FOXL2_MOUSE,DSPG4_ARATH
FOXL2_MOUSE,SP13B_ARATH
FOXL2_MOUSE,ACTT3_MOUSE
FOXL2_MOUSE,Q8BKQ1_MOUSE
FOXL2_MOUSE,NTCP_MOUSE
FOXL2_MOUSE,SKIP4_ARATH
FOXL2_MOUSE,RLPA_ECOLI
FOXL2_MOUSE,MRAY_ECOLI
FOXL2_MOUSE,TORY_ECOLI
FOXL2_MOUSE,QUEG_ECOLI
FOXL2_MOUSE,EXO5_MOUSE
FOXL2_MOUSE,WAAU_ECOLI
FOXL2_MOUSE,YBHS_ECOLI
FOXL2_MOUSE,PALM_MOUSE
FOXL2_MOUSE,SMT3B_ARATH
FOXL2_MOUSE,YCCM_ECOLI
FOXL2_MOUSE,BCAT1_MOUSE
FOXL2_MOUSE,WAAB_ECOLI
FOXL2_MOUSE,YHHJ_ECOLI
FOXL2_MOUSE,WECF_ECOLI
FOXL2_MOUSE,O19441_MOUSE
FOXL2_MOUSE,YCFT_ECOLI
FOXL2_MOUSE,YDIK_ECOLI
FOXL2_MOUSE,3BHS1_MOUSE
FOXL2_MOUSE,WZA_ECOLI
FOXL2_MOUSE,YEHY_ECOLI
FOXL2_MOUSE,YIBH_ECOLI
FOXL2_MOUSE,YHDY_ECOLI
FOXL2_MOUSE,5HT5A_MOUSE
FOXL2_MOUSE,A0A5F8MQ82_MOUSE
FOXL2_MOUSE,5NT1A_MOUSE
FOXL2_MOUSE,ACTH_MOUSE
FOXL2_MOUSE,YJJU_ECOLI
FOXL2_MOUSE,YEHP_ECOLI
FOXL2_MOUSE,DAPK2_MOUSE
FOXL2_MOUSE,NAAA_MOUSE
FOXL2_MOUSE,YRAK_ECOLI
FOXL2_MOUSE,A0A5F8MPT5_MOUSE
FOXL2_MOUSE,A6H6D3_MOUSE
FOXL2_MOUSE,A9XX86_MOUSE
FOXL2_MOUSE,CALR3_MOUSE
FOXL2_MOUSE,3BHS4_MOUSE
FOXL2_MOUSE,CXD4_MOUSE
FOXL2_MOUSE,5HT5B_MOUSE
FOXL2_MOUSE,ADPRH_MOUSE
FOXL2_MOUSE,MAP11_MOUSE
FOXL2_MOUSE,ACTMP_MOUSE
FOXL2_MOUSE,A2RSF9_MOUSE
FOXL2_MOUSE,IGMT2_ARATH
FOXL2_MOUSE,SPSY_MOUSE
FOXL2_MOUSE,GMDS_MOUSE
FOXL2_MOUSE,B0QZW5_MOUSE
FOXL2_MOUSE,A6P7M8_MOUSE
FOXL2_MOUSE,Q9M2L0_ARATH
BZR1_ARATH,ALIS1_ARATH
BZR1_ARATH,POHS1_ARATH
BZR1_ARATH,A8MR03_ARATH
BZR1_ARATH,AFP1_ARATH
BZR1_ARATH,YHIM_ECOLI
BZR1_ARATH,B3GT9_ARATH
BZR1_ARATH,4MMP_ARATH
BZR1_ARATH,AKR2B_ARATH
BZR1_ARATH,B3GTB_ARATH
BZR1_ARATH,ALKB8_ARATH
BZR1_ARATH,BAN_ARATH
BZR1_ARATH,BG3_ARATH
BZR1_ARATH,GDL34_ARATH
BZR1_ARATH,B3GTA_ARATH
BZR1_ARATH,CRHBP_MOUSE
BZR1_ARATH,ASAT1_ARATH
BZR1_ARATH,DAPB1_ARATH
BZR1_ARATH,C3H42_ARATH
BZR1_ARATH,F4JSP1_ARATH
BZR1_ARATH,DNS2A_MOUSE
BZR1_ARATH,O22248_ARATH
BZR1_ARATH,DIM1C_ARATH
BZR1_ARATH,CLC1_ARATH
BZR1_ARATH,PUMP6_ARATH
BZR1_ARATH,UGE1_ARATH
BZR1_ARATH,ETV2_MOUSE
BZR1_ARATH,CID10_ARATH
BZR1_ARATH,NAS2_ARATH
BZR1_ARATH,CIA1_ARATH
BZR1_ARATH,CK1_ARATH
BZR1_ARATH,CSTR1_ARATH
BZR1_ARATH,DLO2_ARATH
BZR1_ARATH,IAN9_ARATH
BZR1_ARATH,Q9SUZ8_ARATH
BZR1_ARATH,MAP1C_ARATH
BZR1_ARATH,F4IZK0_ARATH
BZR1_ARATH,F4I0R0_ARATH
BZR1_ARATH,GATL4_ARATH
BZR1_ARATH,DOF18_ARATH
BZR1_ARATH,Q9LXZ4_ARATH
BZR1_ARATH,GATA5_ARATH
BZR1_ARATH,GGH1_ARATH
BZR1_ARATH,F4I7R5_ARATH
BZR1_ARATH,LSRC_ECOLI
BZR1_ARATH,DNJ19_ARATH
BZR1_ARATH,DOF46_ARATH
BZR1_ARATH,O23569_ARATH
BZR1_ARATH,F4IGG9_ARATH
BZR1_ARATH,TAS_ECOLI
BZR1_ARATH,F4I321_ARATH
BZR1_ARATH,F4IBS8_ARATH
BZR1_ARATH,TSUA_ECOLI
BZR1_ARATH,F4JI15_ARATH
BZR1_ARATH,G2OX8_ARATH
BZR1_ARATH,F4IZV1_ARATH
BZR1_ARATH,DOF22_ARATH
BZR1_ARATH,HSFB4_ARATH
BZR1_ARATH,F4JM22_ARATH
BZR1_ARATH,MODC_ECOLI
BZR1_ARATH,PPRD2_ARATH
BZR1_ARATH,F4K3M1_ARATH
BZR1_ARATH,MCU4_ARATH
BZR1_ARATH,GTOMC_ARATH
BZR1_ARATH,GATL2_ARATH
BZR1_ARATH,GATL3_ARATH
BZR1_ARATH,GGPP7_ARATH
BZR1_ARATH,NADC_ARATH
BZR1_ARATH,MAP1D_ARATH
BZR1_ARATH,IAN8_ARATH
BZR1_ARATH,Q8GYK6_ARATH
BZR1_ARATH,PXMT2_ARATH
BZR1_ARATH,MDHM1_ARATH
BZR1_ARATH,Q9LT00_ARATH
BZR1_ARATH,GGH2_ARATH
BZR1_ARATH,YCJS_ECOLI
BZR1_ARATH,MDHM2_ARATH
BZR1_ARATH,SRS7_ARATH
BZR1_ARATH,LGUC_ARATH
BZR1_ARATH,GC1_ARATH
BZR1_ARATH,LYM2_ARATH
BZR1_ARATH,GONS5_ARATH
BZR1_ARATH,PSBD_ARATH
BZR1_ARATH,MENB_ARATH
BZR1_ARATH,WOX1_ARATH
BZR1_ARATH,PER37_ARATH
BZR1_ARATH,PT525_ARATH
BZR1_ARATH,GGPPA_ARATH
BZR1_ARATH,MFRN1_MOUSE
BZR1_ARATH,CCMH_ECOLI
BZR1_ARATH,SMZ_ARATH
BZR1_ARATH,LUL1_ARATH
BZR1_ARATH,O82360_ARATH
BZR1_ARATH,IDM2_ARATH
BZR1_ARATH,P2_ARATH
BZR1_ARATH,MIK_ARATH
BZR1_ARATH,PER32_ARATH
BZR1_ARATH,Q8VZ58_ARATH
BZR1_ARATH,O80751_ARATH
BZR1_ARATH,PER22_ARATH
BZR1_ARATH,ASPG_MOUSE
PUMPK_ARATH,5FCLL_ARATH
PUMPK_ARATH,Q9M125_ARATH
PUMPK_ARATH,BG5_ARATH
PUMPK_ARATH,C3H49_ARATH
PUMPK_ARATH,CADH1_ARATH
PUMPK_ARATH,Q9FNG1_ARATH
PUMPK_ARATH,COL5_ARATH
PUMPK_ARATH,PLSX_ECOLI
PUMPK_ARATH,F4K0A8_ARATH
PUMPK_ARATH,CCDA_ARATH
PUMPK_ARATH,Q8RWE1_ARATH
PUMPK_ARATH,COL1_ARATH
PUMPK_ARATH,SCRK3_ARATH
PUMPK_ARATH,COLX_ARATH
PUMPK_ARATH,G3OX4_ARATH
PUMPK_ARATH,Q9ZQN7_ARATH
PUMPK_ARATH,CF089_MOUSE
PUMPK_ARATH,GLN14_ARATH
PUMPK_ARATH,VA0D2_ARATH
PUMPK_ARATH,F4IUM0_ARATH
PUMPK_ARATH,THA2_ARATH
PUMPK_ARATH,Q8GYE4_ARATH
PUMPK_ARATH,HIP7_ARATH
PUMPK_ARATH,ODBB1_ARATH
PUMPK_ARATH,MYB86_ARATH
PUMPK_ARATH,PANB2_ARATH
PUMPK_ARATH,PANB1_ARATH
PUMPK_ARATH,Q9ASW4_ARATH
PUMPK_ARATH,SPON2_MOUSE
PUMPK_ARATH,PER9_ARATH
PUMPK_ARATH,Q8LES9_ARATH
PUMPK_ARATH,Q93VA8_ARATH
PUMPK_ARATH,RFC2_MOUSE
PUMPK_ARATH,Q6NQ98_ARATH
PUMPK_ARATH,Q93ZN3_ARATH
PUMPK_ARATH,Q8W4R4_ARATH
PUMPK_ARATH,PUP3_ARATH
PUMPK_ARATH,Q3E983_ARATH
PUMPK_ARATH,Q9FMJ1_ARATH
PUMPK_ARATH,Q5XEV4_ARATH
PUMPK_ARATH,Q9M0I6_ARATH
PUMPK_ARATH,Q9LT56_ARATH
PUMPK_ARATH,Q9SJI1_ARATH
PUMPK_ARATH,Q9FHA5_ARATH
PUMPK_ARATH,HPLN1_MOUSE
PUMPK_ARATH,LRTM1_MOUSE
PUMPK_ARATH,Q9LUZ1_ARATH
PUMPK_ARATH,Q9LZN4_ARATH
PUMPK_ARATH,SOT17_ARATH
PUMPK_ARATH,Q9LZH2_ARATH
PUMPK_ARATH,Q9ZU79_ARATH
PUMPK_ARATH,Q9ZSI4_ARATH
PUMPK_ARATH,TM59L_MOUSE
PUMPK_ARATH,YEHA_ECOLI
PUMPK_ARATH,SP1_ARATH
PUMPK_ARATH,SOT18_ARATH
PUMPK_ARATH,CF015_MOUSE
PUMPK_ARATH,ROA2_MOUSE
PUMPK_ARATH,DMC1_ARATH
PUMPK_ARATH,RAV2_ARATH
PUMPK_ARATH,RIBF1_ARATH
PUMPK_ARATH,TL29_ARATH
PUMPK_ARATH,SRK2J_ARATH
PUMPK_ARATH,RK1_ARATH
PUMPK_ARATH,SAT4_ARATH
PUMPK_ARATH,LT4R1_MOUSE
PUMPK_ARATH,DSN1_MOUSE
PUMPK_ARATH,SPDS2_ARATH
PUMPK_ARATH,MTR1A_MOUSE
PUMPK_ARATH,TDPC2_ARATH
PUMPK_ARATH,MLTG_ECOLI
PUMPK_ARATH,STKLA_ARATH
PUMPK_ARATH,SOT9_ARATH
PUMPK_ARATH,SURF1_ARATH
PUMPK_ARATH,TBCC_ARATH
PUMPK_ARATH,TPPE_ARATH
PUMPK_ARATH,SRS41_ARATH
PUMPK_ARATH,F4HYH6_ARATH
PUMPK_ARATH,SUCA1_ARATH
PUMPK_ARATH,TGD3_ARATH
PUMPK_ARATH,UGE5_ARATH
PUMPK_ARATH,UGNT1_ARATH
PUMPK_ARATH,UBA1A_ARATH
PUMPK_ARATH,LSRB_ECOLI
PUMPK_ARATH,UXS6_ARATH
PUMPK_ARATH,Y4103_ARATH
PUMPK_ARATH,DPPB_ECOLI
PUMPK_ARATH,TPMT1_ARATH
PUMPK_ARATH,Y3514_ARATH
PUMPK_ARATH,P2Y13_MOUSE
PUMPK_ARATH,TPP1_ARATH
PUMPK_ARATH,XCP1_ARATH
PUMPK_ARATH,SEPT3_MOUSE
PUMPK_ARATH,UTR2_ARATH
PUMPK_ARATH,ZIP12_ARATH
PUMPK_ARATH,MCU_MOUSE
PUMPK_ARATH,UGE2_ARATH
PUMPK_ARATH,XRCC1_ARATH
PUMPK_ARATH,GPC5D_MOUSE
PUMPK_ARATH,LPAR6_MOUSE
AROD5_ARATH,F4IS08_ARATH
AROD5_ARATH,F4JL60_ARATH
AROD5_ARATH,TM11C_MOUSE
AROD5_ARATH,DIR10_ARATH
AROD5_ARATH,AAAS_ARATH
AROD5_ARATH,ARASP_ARATH
AROD5_ARATH,Q9LR71_ARATH
AROD5_ARATH,DMS3_ARATH
AROD5_ARATH,WRK44_ARATH
AROD5_ARATH,LACC1_MOUSE
AROD5_ARATH,Q8CA99_MOUSE
AROD5_ARATH,BAG5_MOUSE
AROD5_ARATH,Q940V1_ARATH
AROD5_ARATH,TMLH_MOUSE
AROD5_ARATH,NUSAP_MOUSE
AROD5_ARATH,ALKMO_MOUSE
AROD5_ARATH,ASPR1_ARATH
AROD5_ARATH,SPA3N_MOUSE
AROD5_ARATH,PAEA_ECOLI
AROD5_ARATH,ASSY_ECOLI
AROD5_ARATH,Q8C9T4_MOUSE
AROD5_ARATH,ARSB_ECOLI
AROD5_ARATH,GT14A_ARATH
AROD5_ARATH,BH014_ARATH
AROD5_ARATH,CMPK2_MOUSE
AROD5_ARATH,CBY2_MOUSE
AROD5_ARATH,ISPD_MOUSE
AROD5_ARATH,SECY_ECOLI
AROD5_ARATH,CDC22_ARATH
AROD5_ARATH,SPA3C_MOUSE
AROD5_ARATH,FSIP1_MOUSE
AROD5_ARATH,FA7_MOUSE
AROD5_ARATH,GSDMA_MOUSE
AROD5_ARATH,AMIC_ECOLI
AROD5_ARATH,PDE7B_MOUSE
AROD5_ARATH,UVR8_ARATH
AROD5_ARATH,FADS2_MOUSE
AROD5_ARATH,ABHD2_MOUSE
AROD5_ARATH,MGAT1_MOUSE
AROD5_ARATH,PRET_ECOLI
AROD5_ARATH,AVTA_ECOLI
AROD5_ARATH,WIPI1_MOUSE
AROD5_ARATH,NPTX2_MOUSE
AROD5_ARATH,SPZ2_ARATH
AROD5_ARATH,PLP1_ARATH
AROD5_ARATH,TBB4A_MOUSE
AROD5_ARATH,ZSWM9_MOUSE
AROD5_ARATH,POTE_ECOLI
AROD5_ARATH,PLP5_ARATH
AROD5_ARATH,PLP3_ARATH
AROD5_ARATH,IDNT_ECOLI
AROD5_ARATH,FACE1_ARATH
AROD5_ARATH,STAR3_MOUSE
AROD5_ARATH,NSMA_MOUSE
AROD5_ARATH,PQIA_ECOLI
AROD5_ARATH,YUC9_ARATH
AROD5_ARATH,SEP14_MOUSE
AROD5_ARATH,TICN1_MOUSE
AROD5_ARATH,FADS1_MOUSE
AROD5_ARATH,Q8K094_MOUSE
AROD5_ARATH,ENVC_ECOLI
AROD5_ARATH,ARAE2_ARATH
AROD5_ARATH,SPA3G_MOUSE
AROD5_ARATH,Q8BVF6_MOUSE
AROD5_ARATH,Q91WP1_MOUSE
AROD5_ARATH,A1AT3_MOUSE
AROD5_ARATH,PPA_ECOLI
AROD5_ARATH,WRK35_ARATH
AROD5_ARATH,HFLK_ECOLI
AROD5_ARATH,V1BR_MOUSE
AROD5_ARATH,V1AR_MOUSE
AROD5_ARATH,D3Z450_MOUSE
AROD5_ARATH,ZFP57_MOUSE
AROD5_ARATH,TDCC_ECOLI
AROD5_ARATH,FLA1_ARATH
AROD5_ARATH,PGK2_MOUSE
AROD5_ARATH,KSG3_ARATH
AROD5_ARATH,FIBG_MOUSE
AROD5_ARATH,IF_MOUSE
AROD5_ARATH,TFDP2_MOUSE
AROD5_ARATH,TM237_MOUSE
AROD5_ARATH,LPAAT_ARATH
AROD5_ARATH,A1AT5_MOUSE
AROD5_ARATH,PPT1_ARATH
AROD5_ARATH,ASTC_ECOLI
AROD5_ARATH,AMIB_ECOLI
AROD5_ARATH,RHG01_MOUSE
AROD5_ARATH,CXA8_MOUSE
AROD5_ARATH,DPS1_MOUSE
AROD5_ARATH,RN128_MOUSE
AROD5_ARATH,MOK_MOUSE
AROD5_ARATH,VWA1_MOUSE
AROD5_ARATH,BAG7_ARATH
AROD5_ARATH,SPA3M_MOUSE
AROD5_ARATH,SERB1_MOUSE
AROD5_ARATH,ZBT42_MOUSE
AROD5_ARATH,BPM2_ARATH
AROD5_ARATH,BPM6_ARATH
AROD5_ARATH,IQD6_ARATH
AROD5_ARATH,AP1M1_MOUSE
DRE2A_ARATH,ZWIP3_ARATH
DRE2A_ARATH,SOHB_ECOLI
DRE2A_ARATH,YEEA_ECOLI
DRE2A_ARATH,GALM_ECOLI
DRE2A_ARATH,ZIP3_ARATH
DRE2A_ARATH,KCD12_MOUSE
DRE2A_ARATH,OPPD_ECOLI
DRE2A_ARATH,ABRB_ECOLI
DRE2A_ARATH,E9Q9V9_MOUSE
DRE2A_ARATH,ALLD_ECOLI
DRE2A_ARATH,HOA_ECOLI
DRE2A_ARATH,DUSA_ECOLI
DRE2A_ARATH,DGCP_ECOLI
DRE2A_ARATH,CLYBL_MOUSE
DRE2A_ARATH,GALS_ECOLI
DRE2A_ARATH,CITC_ECOLI
DRE2A_ARATH,KHDR2_MOUSE
DRE2A_ARATH,TAAR4_MOUSE
DRE2A_ARATH,WAAF_ECOLI
DRE2A_ARATH,IDND_ECOLI
DRE2A_ARATH,DDPB_ECOLI
DRE2A_ARATH,DNJB1_MOUSE
DRE2A_ARATH,GLCE_ECOLI
DRE2A_ARATH,IAP_ECOLI
DRE2A_ARATH,PUR5_ECOLI
DRE2A_ARATH,LGOD_ECOLI
DRE2A_ARATH,MCRC_ECOLI
DRE2A_ARATH,RHAT_ECOLI
DRE2A_ARATH,PHOE_ECOLI
DRE2A_ARATH,PHOL_ECOLI
DRE2A_ARATH,RTCA_ECOLI
DRE2A_ARATH,TORT_ECOLI
DRE2A_ARATH,CAB39_MOUSE
DRE2A_ARATH,INHBE_MOUSE
DRE2A_ARATH,WAAO_ECOLI
DRE2A_ARATH,WZZE_ECOLI
DRE2A_ARATH,USG_ECOLI
DRE2A_ARATH,WAAJ_ECOLI
DRE2A_ARATH,WAAQ_ECOLI
DRE2A_ARATH,YHHX_ECOLI
DRE2A_ARATH,F16P1_MOUSE
DRE2A_ARATH,YRAQ_ECOLI
DRE2A_ARATH,YEIH_ECOLI
DRE2A_ARATH,YAHK_ECOLI
DRE2A_ARATH,IGHA_MOUSE
DRE2A_ARATH,YHHT_ECOLI
DRE2A_ARATH,FPRS7_MOUSE
DRE2A_ARATH,YNJI_ECOLI
DRE2A_ARATH,GBGT1_MOUSE
DRE2A_ARATH,RGP5_ARATH
DRE2A_ARATH,BAMC_ECOLI
DRE2A_ARATH,AHSA1_MOUSE
DRE2A_ARATH,YTFT_ECOLI
DRE2A_ARATH,YFIF_ECOLI
DRE2A_ARATH,BQMT_ARATH
DRE2A_ARATH,APOH_MOUSE
DRE2A_ARATH,YHJD_ECOLI
DRE2A_ARATH,CCNY_MOUSE
DRE2A_ARATH,YIBD_ECOLI
DRE2A_ARATH,D3YW26_MOUSE
DRE2A_ARATH,DUS12_MOUSE
DRE2A_ARATH,CFA36_MOUSE
DRE2A_ARATH,CCNG2_MOUSE
DRE2A_ARATH,ASPG2_ECOLI
DRE2A_ARATH,NOXO1_MOUSE
DRE2A_ARATH,TAAR3_MOUSE
DRE2A_ARATH,DND1_MOUSE
DRE2A_ARATH,NCF4_MOUSE
DRE2A_ARATH,ERI3_MOUSE
DRE2A_ARATH,CIAO1_MOUSE
DRE2A_ARATH,DTX3_MOUSE
DRE2A_ARATH,FA76B_MOUSE
DRE2A_ARATH,E9PX63_MOUSE
DRE2A_ARATH,SAC51_ARATH
DRE2A_ARATH,FPRS3_MOUSE
DRE2A_ARATH,GMPR2_MOUSE
DRE2A_ARATH,GPD1L_MOUSE
DRE2A_ARATH,GBB2_MOUSE
DRE2A_ARATH,IGFR1_MOUSE
DRE2A_ARATH,FPRS6_MOUSE
DRE2A_ARATH,RASF1_MOUSE
DRE2A_ARATH,GPR65_MOUSE
DRE2A_ARATH,LSAMP_MOUSE
DRE2A_ARATH,P2Y14_MOUSE
DRE2A_ARATH,GUAC_ECOLI
DRE2A_ARATH,NAGZ_ECOLI
DRE2A_ARATH,MARC2_MOUSE
DRE2A_ARATH,I10R2_MOUSE
DRE2A_ARATH,KERA_MOUSE
DRE2A_ARATH,S2540_MOUSE
DRE2A_ARATH,OSTA_MOUSE
DRE2A_ARATH,GPR17_MOUSE
DRE2A_ARATH,IRF2_MOUSE
DRE2A_ARATH,SIA4B_MOUSE
DRE2A_ARATH,MARC1_MOUSE
DRE2A_ARATH,KHDR3_MOUSE
DRE2A_ARATH,MENT_MOUSE
DRE2A_ARATH,OSTM1_MOUSE
DRE2A_ARATH,STKLM_ARATH
DRE2A_ARATH,MRGX2_MOUSE
DHAK_ECOLI,ZIP1_ARATH
DHAK_ECOLI,ZRK3_ARATH
DHAK_ECOLI,CBRA_ECOLI
DHAK_ECOLI,YHII_ECOLI
DHAK_ECOLI,YGHQ_ECOLI
DHAK_ECOLI,MURG_ECOLI
DHAK_ECOLI,CRLF2_MOUSE
DHAK_ECOLI,GALR3_MOUSE
DHAK_ECOLI,PERM_ECOLI
DHAK_ECOLI,YCJF_ECOLI
DHAK_ECOLI,ZRK1_ARATH
DHAK_ECOLI,YNCE_ECOLI
DHAK_ECOLI,HPDL_MOUSE
DHAK_ECOLI,AMRP_MOUSE
DHAK_ECOLI,MBNL3_MOUSE
DHAK_ECOLI,LFTY2_MOUSE
DHAK_ECOLI,ELAV2_MOUSE
DHAK_ECOLI,Q8C2W3_MOUSE
DHAK_ECOLI,Q9C636_ARATH
DHAK_ECOLI,CDK10_MOUSE
DHAK_ECOLI,PHOH_ECOLI
DHAK_ECOLI,CCD34_MOUSE
DHAK_ECOLI,LMAN2_MOUSE
DHAK_ECOLI,F7D574_MOUSE
DHAK_ECOLI,YQII_ECOLI
DHAK_ECOLI,AT1B4_MOUSE
DHAK_ECOLI,GP173_MOUSE
DHAK_ECOLI,CCR8_MOUSE
DHAK_ECOLI,COQ3_MOUSE
DHAK_ECOLI,LUC7L_MOUSE
DHAK_ECOLI,F10A1_MOUSE
DHAK_ECOLI,CCRL2_MOUSE
DHAK_ECOLI,CLMP_MOUSE
DHAK_ECOLI,CML2_MOUSE
DHAK_ECOLI,EIF3M_MOUSE
DHAK_ECOLI,GP142_MOUSE
DHAK_ECOLI,GALR2_MOUSE
DHAK_ECOLI,ELAV3_MOUSE
DHAK_ECOLI,FA81A_MOUSE
DHAK_ECOLI,G6PC2_MOUSE
DHAK_ECOLI,FNRL1_ARATH
DHAK_ECOLI,GRL1A_MOUSE
DHAK_ECOLI,TAA7F_MOUSE
DHAK_ECOLI,SCD3_MOUSE
DHAK_ECOLI,HAOX1_MOUSE
DHAK_ECOLI,MOAP1_MOUSE
DHAK_ECOLI,GDAP1_MOUSE
DHAK_ECOLI,MK12_MOUSE
DHAK_ECOLI,GPR52_MOUSE
DHAK_ECOLI,RAI3_MOUSE
DHAK_ECOLI,GPR62_MOUSE
DHAK_ECOLI,PPM1K_MOUSE
DHAK_ECOLI,IGB1B_MOUSE
DHAK_ECOLI,GMPPB_MOUSE
DHAK_ECOLI,KPRB_MOUSE
DHAK_ECOLI,MTR1B_MOUSE
DHAK_ECOLI,LPAR5_MOUSE
DHAK_ECOLI,LIPT_MOUSE
DHAK_ECOLI,NECA1_MOUSE
DHAK_ECOLI,OMPA_ECOLI
DHAK_ECOLI,KCJ13_MOUSE
DHAK_ECOLI,LAZY1_ARATH
DHAK_ECOLI,MYCL_MOUSE
DHAK_ECOLI,Q8R279_MOUSE
DHAK_ECOLI,LRRC2_MOUSE
DHAK_ECOLI,MBPHL_MOUSE
DHAK_ECOLI,G2OX2_ARATH
DHAK_ECOLI,MBNL2_MOUSE
DHAK_ECOLI,NSF1C_MOUSE
DHAK_ECOLI,LORF1_MOUSE
DHAK_ECOLI,LRTM2_MOUSE
DHAK_ECOLI,PDGFD_MOUSE
DHAK_ECOLI,PTN7_MOUSE
DHAK_ECOLI,PACC1_MOUSE
DHAK_ECOLI,MILL2_MOUSE
DHAK_ECOLI,NUDT9_MOUSE
DHAK_ECOLI,NUD13_MOUSE
DHAK_ECOLI,PANK3_MOUSE
DHAK_ECOLI,PCBP2_MOUSE
DHAK_ECOLI,Q8VI97_MOUSE
DHAK_ECOLI,MK13_MOUSE
DHAK_ECOLI,F6T2Z7_MOUSE
DHAK_ECOLI,PDLI2_MOUSE
DHAK_ECOLI,Q8BWQ2_MOUSE
DHAK_ECOLI,OAS1C_MOUSE
DHAK_ECOLI,Q61916_MOUSE
DHAK_ECOLI,OPSG_MOUSE
DHAK_ECOLI,PP1R7_MOUSE
DHAK_ECOLI,PCBP3_MOUSE
DHAK_ECOLI,PHF6_MOUSE
DHAK_ECOLI,PP1R8_MOUSE
DHAK_ECOLI,PPID_MOUSE
DHAK_ECOLI,PRS44_MOUSE
DHAK_ECOLI,Q8CEZ7_MOUSE
DHAK_ECOLI,PSMD8_MOUSE
DHAK_ECOLI,Q6W9J9_MOUSE
DHAK_ECOLI,PTGR2_MOUSE
DHAK_ECOLI,NBP35_ARATH
DHAK_ECOLI,SSL5_ARATH
DHAK_ECOLI,PURG_MOUSE
ISCS_ECOLI,PEPA5_MOUSE
ISCS_ECOLI,BODG_MOUSE
ISCS_ECOLI,UVB31_ARATH
ISCS_ECOLI,I6L9A3_MOUSE
ISCS_ECOLI,D0VY58_MOUSE
ISCS_ECOLI,DOC2G_MOUSE
ISCS_ECOLI,DHI2_MOUSE
ISCS_ECOLI,MTEF2_MOUSE
ISCS_ECOLI,RIMKB_MOUSE
ISCS_ECOLI,Q6UKZ1_MOUSE
ISCS_ECOLI,PPME1_MOUSE
ISCS_ECOLI,GFOD2_MOUSE
ISCS_ECOLI,Q60962_MOUSE
ISCS_ECOLI,Q9D1E7_MOUSE
ISCS_ECOLI,PLA20_ARATH
ISCS_ECOLI,RT31_MOUSE
ISCS_ECOLI,SBCD_ECOLI
ISCS_ECOLI,CERS6_MOUSE
ISCS_ECOLI,TOR3A_MOUSE
ISCS_ECOLI,UT1_MOUSE
ISCS_ECOLI,FPPS1_ARATH
ISCS_ECOLI,Q3UGC3_MOUSE
ISCS_ECOLI,ZTRF1_MOUSE
ISCS_ECOLI,ALFP1_ARATH
ISCS_ECOLI,Q9D1Q5_MOUSE
ISCS_ECOLI,ECI2_MOUSE
ISCS_ECOLI,ITPK2_ARATH
ISCS_ECOLI,Q6UKZ2_MOUSE
ISCS_ECOLI,AAAD_MOUSE
ISCS_ECOLI,LPCT1_ARATH
ISCS_ECOLI,WDR89_MOUSE
ISCS_ECOLI,S1PR4_MOUSE
ISCS_ECOLI,F6SJX8_MOUSE
ISCS_ECOLI,FOLC_ECOLI
ISCS_ECOLI,F4HYJ3_ARATH
ISCS_ECOLI,SPZX_ARATH
ISCS_ECOLI,FADA_ECOLI
ISCS_ECOLI,SPZ1_ARATH
ISCS_ECOLI,SMCE1_MOUSE
ISCS_ECOLI,RHO_ECOLI
ISCS_ECOLI,NUCB2_MOUSE
ISCS_ECOLI,PPM1B_MOUSE
ISCS_ECOLI,AOR_ARATH
ISCS_ECOLI,PORB_ARATH
ISCS_ECOLI,H1FNT_MOUSE
ISCS_ECOLI,METK2_ARATH
ISCS_ECOLI,S1PR5_MOUSE
ISCS_ECOLI,FLAP1_ARATH
ISCS_ECOLI,BUP1_MOUSE
ISCS_ECOLI,ESAM_MOUSE
ISCS_ECOLI,REQU_MOUSE
ISCS_ECOLI,BPM1_ARATH
ISCS_ECOLI,MORF8_ARATH
ISCS_ECOLI,GAMT2_ARATH
ISCS_ECOLI,SYT8_MOUSE
ISCS_ECOLI,POF21_ARATH
ISCS_ECOLI,CRPK1_ARATH
ISCS_ECOLI,FBK9_ARATH
ISCS_ECOLI,ILF2_MOUSE
ISCS_ECOLI,WN10B_MOUSE
ISCS_ECOLI,PREA_ECOLI
ISCS_ECOLI,PODO_MOUSE
ISCS_ECOLI,KLF12_MOUSE
ISCS_ECOLI,CSK22_ARATH
ISCS_ECOLI,RHON1_ARATH
ISCS_ECOLI,RD23C_ARATH
ISCS_ECOLI,THIKA_MOUSE
ISCS_ECOLI,HENMT_MOUSE
ISCS_ECOLI,HHP4_ARATH
ISCS_ECOLI,MPI_MOUSE
ISCS_ECOLI,FB42_ARATH
ISCS_ECOLI,CKL4_ARATH
ISCS_ECOLI,FTSA_ECOLI
ISCS_ECOLI,PRDA1_ARATH
ISCS_ECOLI,TBATA_MOUSE
ISCS_ECOLI,F4IF85_ARATH
ISCS_ECOLI,ZCH12_MOUSE
ISCS_ECOLI,GLTS_ECOLI
ISCS_ECOLI,XYLK_MOUSE
ISCS_ECOLI,LOLC_ECOLI
ISCS_ECOLI,ROH1A_ARATH
ISCS_ECOLI,BPM5_ARATH
ISCS_ECOLI,PICK1_MOUSE
ISCS_ECOLI,TTC4_MOUSE
ISCS_ECOLI,CATD_MOUSE
ISCS_ECOLI,A0A0A6YXW6_MOUSE
ISCS_ECOLI,HDA7_ARATH
ISCS_ECOLI,MTM1_ARATH
ISCS_ECOLI,LMTD1_MOUSE
ISCS_ECOLI,BZP16_ARATH
ISCS_ECOLI,NUPC_ECOLI
ISCS_ECOLI,GP143_MOUSE
ISCS_ECOLI,BZP68_ARATH
ISCS_ECOLI,PPA5_ARATH
ISCS_ECOLI,PTEN1_ARATH
ISCS_ECOLI,Q9FM30_ARATH
ISCS_ECOLI,PYRD_MOUSE
ISCS_ECOLI,LHX9_MOUSE
ISCS_ECOLI,QTRT2_MOUSE
ISCS_ECOLI,THIKB_MOUSE
G3PC1_ARATH,TCEA3_MOUSE
G3PC1_ARATH,Q66JR0_MOUSE
G3PC1_ARATH,GFT1_ARATH
G3PC1_ARATH,T255A_MOUSE
G3PC1_ARATH,Q6W9J7_MOUSE
G3PC1_ARATH,Q6W9J8_MOUSE
G3PC1_ARATH,RFC5_MOUSE
G3PC1_ARATH,Q3U531_MOUSE
G3PC1_ARATH,Q6W9L1_MOUSE
G3PC1_ARATH,Q7TNE6_MOUSE
G3PC1_ARATH,TRHO_ECOLI
G3PC1_ARATH,SFXN5_MOUSE
G3PC1_ARATH,Q8BLE1_MOUSE
G3PC1_ARATH,TAAR6_MOUSE
G3PC1_ARATH,SGPP2_MOUSE
G3PC1_ARATH,SSUH2_MOUSE
G3PC1_ARATH,SACA6_MOUSE
G3PC1_ARATH,T3HPD_MOUSE
G3PC1_ARATH,NIPA1_MOUSE
G3PC1_ARATH,SAE1_MOUSE
G3PC1_ARATH,SH3G3_MOUSE
G3PC1_ARATH,ST2B1_MOUSE
G3PC1_ARATH,STX5_MOUSE
G3PC1_ARATH,TAA8B_MOUSE
G3PC1_ARATH,SRK2F_ARATH
G3PC1_ARATH,SRR_ARATH
G3PC1_ARATH,T185A_MOUSE
G3PC1_ARATH,UBAC2_MOUSE
G3PC1_ARATH,RNZ2_ARATH
G3PC1_ARATH,VA0D2_MOUSE
G3PC1_ARATH,TIMD4_MOUSE
G3PC1_ARATH,TAA8C_MOUSE
G3PC1_ARATH,FKBPL_MOUSE
G3PC1_ARATH,OPSB_MOUSE
G3PC1_ARATH,URGT3_ARATH
G3PC1_ARATH,LWD1_ARATH
G3PC1_ARATH,TEX24_MOUSE
G3PC1_ARATH,TMOD4_MOUSE
G3PC1_ARATH,DFFB_MOUSE
G3PC1_ARATH,RMLB2_ECOLI
G3PC1_ARATH,OGG1_MOUSE
G3PC1_ARATH,RASF6_MOUSE
G3PC1_ARATH,ADAL_ARATH
G3PC1_ARATH,YPDE_ECOLI
G3PC1_ARATH,BAG1_ARATH
G3PC1_ARATH,CRF3_ARATH
G3PC1_ARATH,BH121_ARATH
G3PC1_ARATH,LWD2_ARATH
G3PC1_ARATH,LPXD_ECOLI
G3PC1_ARATH,GLO2M_ARATH
G3PC1_ARATH,Q9SPG7_ARATH
G3PC1_ARATH,MY106_ARATH
G3PC1_ARATH,EIF3H_MOUSE
G3PC1_ARATH,CDK7_MOUSE
G3PC1_ARATH,Y4554_ARATH
G3PC1_ARATH,FPPS2_ARATH
G3PC1_ARATH,CP33_ARATH
G3PC1_ARATH,CSN5_MOUSE
G3PC1_ARATH,F4IIL5_ARATH
G3PC1_ARATH,STR2_ARATH
G3PC1_ARATH,BUB31_ARATH
G3PC1_ARATH,O19440_MOUSE
G3PC1_ARATH,POLAR_ARATH
G3PC1_ARATH,Q6PEB5_MOUSE
G3PC1_ARATH,Q4VCN9_MOUSE
G3PC1_ARATH,ABHDD_MOUSE
G3PC1_ARATH,TAAR9_MOUSE
G3PC1_ARATH,DNS2B_MOUSE
G3PC1_ARATH,PLDB_ECOLI
G3PC1_ARATH,FUT2_MOUSE
G3PC1_ARATH,BGNEM_ARATH
G3PC1_ARATH,NDL2_ARATH
G3PC1_ARATH,POTD_ECOLI
G3PC1_ARATH,TRUD_ECOLI
G3PC1_ARATH,GP139_MOUSE
G3PC1_ARATH,MSI2H_MOUSE
G3PC1_ARATH,MAKR1_ARATH
G3PC1_ARATH,SLAF6_MOUSE
G3PC1_ARATH,F4J8J0_ARATH
G3PC1_ARATH,RS40_ARATH
G3PC1_ARATH,PGS2_MOUSE
G3PC1_ARATH,S39AB_MOUSE
G3PC1_ARATH,SURF6_MOUSE
G3PC1_ARATH,Q9M389_ARATH
G3PC1_ARATH,PGL1A_ARATH
G3PC1_ARATH,3HIDH_ARATH
G3PC1_ARATH,Q9EP87_MOUSE
G3PC1_ARATH,DPNP2_ARATH
G3PC1_ARATH,BBS5_MOUSE
G3PC1_ARATH,B7ZMQ6_MOUSE
G3PC1_ARATH,CYTR_ECOLI
G3PC1_ARATH,YEJE_ECOLI
G3PC1_ARATH,FANK1_MOUSE
G3PC1_ARATH,ITBP2_MOUSE
G3PC1_ARATH,AOX2_ARATH
G3PC1_ARATH,ZIC4_MOUSE
G3PC1_ARATH,HIS7_ARATH
G3PC1_ARATH,URGT2_ARATH
G3PC1_ARATH,TINF2_MOUSE
G3PC1_ARATH,GDL68_ARATH
G3PC2_ARATH,DIM1A_ARATH
G3PC2_ARATH,NNRD_MOUSE
G3PC2_ARATH,CREL2_MOUSE
G3PC2_ARATH,RBL10_ARATH
G3PC2_ARATH,Q8VWG0_ARATH
G3PC2_ARATH,URGT6_ARATH
G3PC2_ARATH,DCUP_ECOLI
G3PC2_ARATH,MYB92_ARATH
G3PC2_ARATH,HOLB_ECOLI
G3PC2_ARATH,GNAZ_MOUSE
G3PC2_ARATH,AKR2A_ARATH
G3PC2_ARATH,AFP2_ARATH
G3PC2_ARATH,BPS1_ARATH
G3PC2_ARATH,Q3TR19_MOUSE
G3PC2_ARATH,A0A2L2P595_MOUSE
G3PC2_ARATH,FXL12_MOUSE
G3PC2_ARATH,P93752_ARATH
G3PC2_ARATH,ACKR1_MOUSE
G3PC2_ARATH,R51A1_MOUSE
G3PC2_ARATH,IAN4_ARATH
G3PC2_ARATH,AURKB_MOUSE
G3PC2_ARATH,ENKD1_MOUSE
G3PC2_ARATH,CD2_MOUSE
G3PC2_ARATH,SRK2G_ARATH
G3PC2_ARATH,CSK22_MOUSE
G3PC2_ARATH,ITPK3_ARATH
G3PC2_ARATH,TALDO_MOUSE
G3PC2_ARATH,SIA7E_MOUSE
G3PC2_ARATH,HSF2B_MOUSE
G3PC2_ARATH,A0A075B6A3_MOUSE
G3PC2_ARATH,URGT4_ARATH
G3PC2_ARATH,TBPL2_MOUSE
G3PC2_ARATH,SRK2C_ARATH
G3PC2_ARATH,FLZ11_ARATH
G3PC2_ARATH,E2FF_ARATH
G3PC2_ARATH,UXT2_ARATH
G3PC2_ARATH,SSL12_ARATH
G3PC2_ARATH,TOR1B_MOUSE
G3PC2_ARATH,ARAF_ECOLI
G3PC2_ARATH,GET3A_ARATH
G3PC2_ARATH,DEGS_ECOLI
G3PC2_ARATH,RX_MOUSE
G3PC2_ARATH,CXIP4_ARATH
G3PC2_ARATH,IGLO5_MOUSE
G3PC2_ARATH,KLP_ARATH
G3PC2_ARATH,NUOH_ECOLI
G3PC2_ARATH,RSXD_ECOLI
G3PC2_ARATH,Q3UWX6_MOUSE
G3PC2_ARATH,IAN6_ARATH
G3PC2_ARATH,FLZ10_ARATH
G3PC2_ARATH,CML12_ARATH
G3PC2_ARATH,URH1_ARATH
G3PC2_ARATH,Q8RXD8_ARATH
G3PC2_ARATH,CYSP_ECOLI
G3PC2_ARATH,HHP3_ARATH
G3PC2_ARATH,TPPH_ARATH
G3PC2_ARATH,IL12B_MOUSE
G3PC2_ARATH,BPC6_ARATH
G3PC2_ARATH,DNJB5_MOUSE
G3PC2_ARATH,PAWR_MOUSE
G3PC2_ARATH,FBRL_MOUSE
G3PC2_ARATH,SIAH2_MOUSE
G3PC2_ARATH,AKB1A_ARATH
G3PC2_ARATH,PAR6A_MOUSE
G3PC2_ARATH,NIT1_MOUSE
G3PC2_ARATH,PITC1_MOUSE
G3PC2_ARATH,APX6_ARATH
G3PC2_ARATH,SYFA_ECOLI
G3PC2_ARATH,CD5L_MOUSE
G3PC2_ARATH,XRP2_MOUSE
G3PC2_ARATH,AER_ARATH
G3PC2_ARATH,SOT12_ARATH
G3PC2_ARATH,ASPG1_ECOLI
G3PC2_ARATH,Q5SXC3_MOUSE
G3PC2_ARATH,NEIL2_MOUSE
G3PC2_ARATH,FTSX_ECOLI
G3PC2_ARATH,Q3TZQ0_MOUSE
G3PC2_ARATH,MCHR1_MOUSE
G3PC2_ARATH,PRKX_MOUSE
G3PC2_ARATH,GPM6B_MOUSE
G3PC2_ARATH,CM1_ARATH
G3PC2_ARATH,ZDH11_ARATH
G3PC2_ARATH,PURB_MOUSE
G3PC2_ARATH,PER3_ARATH
G3PC2_ARATH,ELMD1_MOUSE
G3PC2_ARATH,DCAM4_ARATH
G3PC2_ARATH,JOX4_ARATH
G3PC2_ARATH,FBX32_MOUSE
G3PC2_ARATH,CHRD1_MOUSE
G3PC2_ARATH,PTNAB_ECOLI
G3PC2_ARATH,GNAT3_MOUSE
G3PC2_ARATH,IAN3_ARATH
G3PC2_ARATH,PV42A_ARATH
G3PC2_ARATH,FAMT_ARATH
G3PC2_ARATH,TDH_ECOLI
G3PC2_ARATH,AK1A1_MOUSE
G3PC2_ARATH,ISPB_ECOLI
G3PC2_ARATH,SCD4_MOUSE
G3PC2_ARATH,CRF2_ARATH
G3PC2_ARATH,CSE_ARATH
TIG_ECOLI,EF1A1_ARATH
TIG_ECOLI,ACR4_ARATH
TIG_ECOLI,5MAT_ARATH
TIG_ECOLI,EF1A2_ARATH
TIG_ECOLI,UBA3_ARATH
TIG_ECOLI,F4K191_ARATH
TIG_ECOLI,TBL32_ARATH
TIG_ECOLI,AATPC_ARATH
TIG_ECOLI,U78D1_ARATH
TIG_ECOLI,AED3_ARATH
TIG_ECOLI,ACR3_ARATH
TIG_ECOLI,SDHL_ECOLI
TIG_ECOLI,PTBP2_ARATH
TIG_ECOLI,F4J8R6_ARATH
TIG_ECOLI,AGCT_ARATH
TIG_ECOLI,C3H43_ARATH
TIG_ECOLI,CHAT_ARATH
TIG_ECOLI,CAX4_ARATH
TIG_ECOLI,CD205_ARATH
TIG_ECOLI,U79B6_ARATH
TIG_ECOLI,CKL1_ARATH
TIG_ECOLI,TBB7_ARATH
TIG_ECOLI,ACOT3_MOUSE
TIG_ECOLI,EF1A3_ARATH
TIG_ECOLI,CRU4_ARATH
TIG_ECOLI,TBB6_ARATH
TIG_ECOLI,F4JYK6_ARATH
TIG_ECOLI,LRP1B_ARATH
TIG_ECOLI,IDD13_ARATH
TIG_ECOLI,CDF3_ARATH
TIG_ECOLI,LAP2B_MOUSE
TIG_ECOLI,EF1A4_ARATH
TIG_ECOLI,Q61407_MOUSE
TIG_ECOLI,EFTM_ARATH
TIG_ECOLI,PSD1_ARATH
TIG_ECOLI,F4JYV3_ARATH
TIG_ECOLI,F4K9A6_ARATH
TIG_ECOLI,FBK29_ARATH
TIG_ECOLI,Q9LMR1_ARATH
TIG_ECOLI,LPA1_ARATH
TIG_ECOLI,SMOC2_MOUSE
TIG_ECOLI,GAT1_ARATH
TIG_ECOLI,PP177_ARATH
TIG_ECOLI,TBB5_ARATH
TIG_ECOLI,F4JLB7_ARATH
TIG_ECOLI,LCYD1_ARATH
TIG_ECOLI,MNIF1_ARATH
TIG_ECOLI,JAL40_ARATH
TIG_ECOLI,MAN6_ARATH
TIG_ECOLI,Q9LKC2_ARATH
TIG_ECOLI,IF4B3_ARATH
TIG_ECOLI,RAF2_ARATH
TIG_ECOLI,MPIP3_MOUSE
TIG_ECOLI,PHL6_ARATH
TIG_ECOLI,Q8LF28_ARATH
TIG_ECOLI,ORP3A_ARATH
TIG_ECOLI,ATTY_MOUSE
TIG_ECOLI,PAE9_ARATH
TIG_ECOLI,Q9FND0_ARATH
TIG_ECOLI,KPSH1_MOUSE
TIG_ECOLI,Q9FMI8_ARATH
TIG_ECOLI,LGOT_ECOLI
TIG_ECOLI,PCS2_ARATH
TIG_ECOLI,P2C74_ARATH
TIG_ECOLI,NET5_MOUSE
TIG_ECOLI,PCS1L_ARATH
TIG_ECOLI,HCAE_ECOLI
TIG_ECOLI,PMAT2_ARATH
TIG_ECOLI,Q8R0M1_MOUSE
TIG_ECOLI,Q8GYQ9_ARATH
TIG_ECOLI,Q9ZW89_ARATH
TIG_ECOLI,U76C4_ARATH
TIG_ECOLI,Q9ZQ83_ARATH
TIG_ECOLI,Q9LW52_ARATH
TIG_ECOLI,TBL35_ARATH
TIG_ECOLI,TBB8_ARATH
TIG_ECOLI,U76D1_ARATH
TIG_ECOLI,THO5A_ARATH
TIG_ECOLI,QSEC_ECOLI
TIG_ECOLI,Q93VK1_ARATH
TIG_ECOLI,STKLU_ARATH
TIG_ECOLI,PTQC_ECOLI
TIG_ECOLI,U79B3_ARATH
TIG_ECOLI,WZYE_ECOLI
TIG_ECOLI,TTL_ARATH
TIG_ECOLI,CRED_ECOLI
TIG_ECOLI,GORS2_MOUSE
TIG_ECOLI,YGBN_ECOLI
TIG_ECOLI,DGCT_ECOLI
TIG_ECOLI,POT1B_ARATH
TIG_ECOLI,YAJR_ECOLI
TIG_ECOLI,YDJE_ECOLI
TIG_ECOLI,PMBA_ECOLI
TIG_ECOLI,ISM1_MOUSE
TIG_ECOLI,HST_ARATH
TIG_ECOLI,HNRH1_MOUSE
TIG_ECOLI,TANK_MOUSE
TIG_ECOLI,DAMX_ECOLI
TIG_ECOLI,TDCG_ECOLI
TIG_ECOLI,MFSD5_MOUSE
MPI1_ARATH,K1C27_MOUSE
MPI1_ARATH,YJHF_ECOLI
MPI1_ARATH,D3YVV6_MOUSE
MPI1_ARATH,5HT7R_MOUSE
MPI1_ARATH,U76E2_ARATH
MPI1_ARATH,MID49_MOUSE
MPI1_ARATH,ASB4_MOUSE
MPI1_ARATH,ACOT2_MOUSE
MPI1_ARATH,Q7TNL7_MOUSE
MPI1_ARATH,CIR1_MOUSE
MPI1_ARATH,RL1D1_MOUSE
MPI1_ARATH,MFS11_MOUSE
MPI1_ARATH,TRHP_ECOLI
MPI1_ARATH,RPS9M_ARATH
MPI1_ARATH,PRI1_MOUSE
MPI1_ARATH,FJX1_MOUSE
MPI1_ARATH,NADK2_MOUSE
MPI1_ARATH,SDT_ARATH
MPI1_ARATH,Q505G3_MOUSE
MPI1_ARATH,GBRA6_MOUSE
MPI1_ARATH,SNX4_MOUSE
MPI1_ARATH,RCOR3_MOUSE
MPI1_ARATH,Q3LFS5_MOUSE
MPI1_ARATH,TEKT4_MOUSE
MPI1_ARATH,SERC1_MOUSE
MPI1_ARATH,PH4H_MOUSE
MPI1_ARATH,RU17_MOUSE
MPI1_ARATH,PKS1_ARATH
MPI1_ARATH,MENE_ECOLI
MPI1_ARATH,AAT3_ARATH
MPI1_ARATH,TBA4A_MOUSE
MPI1_ARATH,ENVZ_ECOLI
MPI1_ARATH,GHXP_ECOLI
MPI1_ARATH,ANS4B_MOUSE
MPI1_ARATH,HPRS_ECOLI
MPI1_ARATH,MLTD_ECOLI
MPI1_ARATH,F4IS54_ARATH
MPI1_ARATH,TBA1C_MOUSE
MPI1_ARATH,U7E11_ARATH
MPI1_ARATH,RGS11_MOUSE
MPI1_ARATH,TERF1_MOUSE
MPI1_ARATH,TCO2_MOUSE
MPI1_ARATH,GUDP_ECOLI
MPI1_ARATH,U76E1_ARATH
MPI1_ARATH,AL3A1_MOUSE
MPI1_ARATH,GLPT_ECOLI
MPI1_ARATH,PSNA_ARATH
MPI1_ARATH,U74F2_ARATH
MPI1_ARATH,APR2_ARATH
MPI1_ARATH,IFRD2_MOUSE
MPI1_ARATH,DEGP8_ARATH
MPI1_ARATH,TTC5_MOUSE
MPI1_ARATH,Q0V7S5_ARATH
MPI1_ARATH,MURF_ECOLI
MPI1_ARATH,ZRAR_ECOLI
MPI1_ARATH,U76B1_ARATH
MPI1_ARATH,ANT1_ARATH
MPI1_ARATH,TAF1A_MOUSE
MPI1_ARATH,PTKC_ECOLI
MPI1_ARATH,CIPK1_ARATH
MPI1_ARATH,IIGP5_MOUSE
MPI1_ARATH,SHT_ARATH
MPI1_ARATH,CABYR_MOUSE
MPI1_ARATH,SNP47_MOUSE
MPI1_ARATH,TANB_ARATH
MPI1_ARATH,DCTA_ECOLI
MPI1_ARATH,HDA9_ARATH
MPI1_ARATH,PDI22_ARATH
MPI1_ARATH,AP4M1_MOUSE
MPI1_ARATH,EMID1_MOUSE
MPI1_ARATH,PHAG1_MOUSE
MPI1_ARATH,RFBX_ECOLI
MPI1_ARATH,EUTB_ECOLI
MPI1_ARATH,C0Z2I3_ARATH
MPI1_ARATH,ETS1_MOUSE
MPI1_ARATH,VRN2_ARATH
MPI1_ARATH,AVT3A_ARATH
MPI1_ARATH,FTSW_ECOLI
MPI1_ARATH,CER7_ARATH
MPI1_ARATH,SSR3_MOUSE
MPI1_ARATH,COQA1_MOUSE
MPI1_ARATH,MGAT1_ARATH
MPI1_ARATH,PLIN2_MOUSE
MPI1_ARATH,TBG2_MOUSE
MPI1_ARATH,F4HXY6_ARATH
MPI1_ARATH,ABGA_ECOLI
MPI1_ARATH,Q94AL2_ARATH
MPI1_ARATH,LFY_ARATH
MPI1_ARATH,SKI14_ARATH
MPI1_ARATH,FB309_ARATH
MPI1_ARATH,ACOT5_MOUSE
MPI1_ARATH,ACL6B_MOUSE
MPI1_ARATH,ARFG1_MOUSE
MPI1_ARATH,F4HUS5_ARATH
MPI1_ARATH,TEDC2_MOUSE
MPI1_ARATH,GNTP_ECOLI
MPI1_ARATH,IP6K1_MOUSE
MPI1_ARATH,CRLK1_ARATH
MPI1_ARATH,TIG_ECOLI
MPI1_ARATH,PTN18_MOUSE
CYSK_ECOLI,TSAD_ECOLI
CYSK_ECOLI,HOZ_ARATH
CYSK_ECOLI,IAAA_ECOLI
CYSK_ECOLI,Q9FMN3_ARATH
CYSK_ECOLI,PSDE_MOUSE
CYSK_ECOLI,Q42566_ARATH
CYSK_ECOLI,RACK1_MOUSE
CYSK_ECOLI,ROA1_MOUSE
CYSK_ECOLI,CLPP3_ARATH
CYSK_ECOLI,Q9SPG6_ARATH
CYSK_ECOLI,RIBF_ECOLI
CYSK_ECOLI,TCP20_ARATH
CYSK_ECOLI,A0AAA9WVZ7_MOUSE
CYSK_ECOLI,FB248_ARATH
CYSK_ECOLI,Q80UR4_MOUSE
CYSK_ECOLI,A8MQS2_ARATH
CYSK_ECOLI,DJB13_MOUSE
CYSK_ECOLI,APEX1_MOUSE
CYSK_ECOLI,AES_ECOLI
CYSK_ECOLI,ACCO1_ARATH
CYSK_ECOLI,CAT7_MOUSE
CYSK_ECOLI,Q8VIJ7_MOUSE
CYSK_ECOLI,NADHK_ARATH
CYSK_ECOLI,ITL1A_MOUSE
CYSK_ECOLI,MED27_MOUSE
CYSK_ECOLI,HEM2_MOUSE
CYSK_ECOLI,SYPH_MOUSE
CYSK_ECOLI,Q3Y597_MOUSE
CYSK_ECOLI,PRNL2_ARATH
CYSK_ECOLI,HXD13_MOUSE
CYSK_ECOLI,RLA0_MOUSE
CYSK_ECOLI,Q4LDF6_MOUSE
CYSK_ECOLI,Q4QQK7_MOUSE
CYSK_ECOLI,O22809_ARATH
CYSK_ECOLI,MENA_ECOLI
CYSK_ECOLI,CATB_MOUSE
CYSK_ECOLI,NFYC_MOUSE
CYSK_ECOLI,NTAN1_MOUSE
CYSK_ECOLI,RBSC_ECOLI
CYSK_ECOLI,LRP1_ARATH
CYSK_ECOLI,OR4E2_MOUSE
CYSK_ECOLI,Q8CGV4_MOUSE
CYSK_ECOLI,ASNA_ECOLI
CYSK_ECOLI,Q3UMG7_MOUSE
CYSK_ECOLI,RDH16_MOUSE
CYSK_ECOLI,PDX13_ARATH
CYSK_ECOLI,LYSR_ECOLI
CYSK_ECOLI,NMNA2_MOUSE
CYSK_ECOLI,MARCS_MOUSE
CYSK_ECOLI,F4JQ53_ARATH
CYSK_ECOLI,PMD1_ARATH
CYSK_ECOLI,UCP5_MOUSE
CYSK_ECOLI,HMX1_MOUSE
CYSK_ECOLI,ACCA_ECOLI
CYSK_ECOLI,F4JZS4_ARATH
CYSK_ECOLI,6PGL3_ARATH
CYSK_ECOLI,TUS_ECOLI
CYSK_ECOLI,SDC1_MOUSE
CYSK_ECOLI,LYVE1_MOUSE
CYSK_ECOLI,RLA01_ARATH
CYSK_ECOLI,RZF1_ARATH
CYSK_ECOLI,BKN2_ARATH
CYSK_ECOLI,RLA03_ARATH
CYSK_ECOLI,BTUC_ECOLI
CYSK_ECOLI,PURU2_ARATH
CYSK_ECOLI,Q2TJI3_MOUSE
CYSK_ECOLI,ELAV1_MOUSE
CYSK_ECOLI,NILP2_ARATH
CYSK_ECOLI,RZ1C_ARATH
CYSK_ECOLI,PURU1_ARATH
CYSK_ECOLI,VWC2_MOUSE
CYSK_ECOLI,KC1A_MOUSE
CYSK_ECOLI,TF2B_MOUSE
CYSK_ECOLI,AUHM_MOUSE
CYSK_ECOLI,PAC_ARATH
CYSK_ECOLI,ZED1_ARATH
CYSK_ECOLI,BZP63_ARATH
CYSK_ECOLI,ABIL3_ARATH
CYSK_ECOLI,Q8CE68_MOUSE
CYSK_ECOLI,A0A668KLU9_MOUSE
CYSK_ECOLI,TGA5_ARATH
CYSK_ECOLI,PBRP2_ARATH
CYSK_ECOLI,AKRC8_ARATH
CYSK_ECOLI,MYB35_ARATH
CYSK_ECOLI,MSRP_ECOLI
CYSK_ECOLI,PAHX_MOUSE
CYSK_ECOLI,FDHE_ECOLI
CYSK_ECOLI,LRC52_MOUSE
CYSK_ECOLI,UFD1_MOUSE
CYSK_ECOLI,PYRD_ECOLI
CYSK_ECOLI,SECF_ECOLI
CYSK_ECOLI,GATA9_ARATH
CYSK_ECOLI,DHB12_MOUSE
CYSK_ECOLI,NAC59_ARATH
CYSK_ECOLI,LPLA_ECOLI
CYSK_ECOLI,ZDH15_MOUSE
CYSK_ECOLI,FLOR1_ARATH
CYSK_ECOLI,ALLS_ECOLI
CYSK_ECOLI,TDCB_ECOLI
CYSK_ECOLI,SKI32_ARATH
APXT_ARATH,NCA1_ARATH
APXT_ARATH,SPRE2_MOUSE
APXT_ARATH,GPT_MOUSE
APXT_ARATH,CXA3_MOUSE
APXT_ARATH,TEDC1_MOUSE
APXT_ARATH,ARI3C_MOUSE
APXT_ARATH,KCH_ECOLI
APXT_ARATH,CBPA3_MOUSE
APXT_ARATH,FXL20_MOUSE
APXT_ARATH,CENPU_MOUSE
APXT_ARATH,Q3B802_MOUSE
APXT_ARATH,TOLB_ECOLI
APXT_ARATH,KCNJ6_MOUSE
APXT_ARATH,PKS4_ARATH
APXT_ARATH,KCD16_MOUSE
APXT_ARATH,AP2_ARATH
APXT_ARATH,FADL_ECOLI
APXT_ARATH,FTSZ1_ARATH
APXT_ARATH,AKB1D_ARATH
APXT_ARATH,URAA_ECOLI
APXT_ARATH,YADC_ECOLI
APXT_ARATH,NMUR1_MOUSE
APXT_ARATH,EFEB_ECOLI
APXT_ARATH,SYT2_MOUSE
APXT_ARATH,TGTP1_MOUSE
APXT_ARATH,GP180_MOUSE
APXT_ARATH,SBMA_ECOLI
APXT_ARATH,APG3_ARATH
APXT_ARATH,PTBP3_ARATH
APXT_ARATH,SPRE3_MOUSE
APXT_ARATH,PAG15_MOUSE
APXT_ARATH,RL4_MOUSE
APXT_ARATH,UXS2_ARATH
APXT_ARATH,UGPB_ECOLI
APXT_ARATH,XPT_ARATH
APXT_ARATH,NUOF_ECOLI
APXT_ARATH,MS5_ARATH
APXT_ARATH,GDL21_ARATH
APXT_ARATH,CIPKE_ARATH
APXT_ARATH,DGCM_ECOLI
APXT_ARATH,TGT1_ARATH
APXT_ARATH,KMS2_ARATH
APXT_ARATH,YBDG_ECOLI
APXT_ARATH,ACTL9_MOUSE
APXT_ARATH,HMBX1_MOUSE
APXT_ARATH,GRIK2_ARATH
APXT_ARATH,ACOT9_MOUSE
APXT_ARATH,CSN2_ARATH
APXT_ARATH,SDEH4_ARATH
APXT_ARATH,SEPT7_MOUSE
APXT_ARATH,CST_ARATH
APXT_ARATH,ARP3_MOUSE
APXT_ARATH,ODO2_ECOLI
APXT_ARATH,FNTB_MOUSE
APXT_ARATH,CLUS_MOUSE
APXT_ARATH,ERR1_MOUSE
APXT_ARATH,TF3A_ARATH
APXT_ARATH,TLP10_ARATH
APXT_ARATH,DPH1_MOUSE
APXT_ARATH,MRS26_ARATH
APXT_ARATH,JMJ30_ARATH
APXT_ARATH,IF44L_MOUSE
APXT_ARATH,FADI_ECOLI
APXT_ARATH,SPA3F_MOUSE
APXT_ARATH,LRC34_MOUSE
APXT_ARATH,Q9LZL9_ARATH
APXT_ARATH,DBNL_MOUSE
APXT_ARATH,RL4A_ARATH
APXT_ARATH,RL4B_ARATH
APXT_ARATH,NMT1_ARATH
APXT_ARATH,RAD52_MOUSE
APXT_ARATH,LHGD_ECOLI
APXT_ARATH,CCA_ECOLI
APXT_ARATH,MPI1_ARATH
APXT_ARATH,GPAT3_MOUSE
APXT_ARATH,TAT3_ARATH
APXT_ARATH,IF4A3_MOUSE
APXT_ARATH,ACL7A_MOUSE
APXT_ARATH,TXND5_MOUSE
APXT_ARATH,MEIKN_MOUSE
APXT_ARATH,GCNT3_MOUSE
APXT_ARATH,GLYA_ECOLI
APXT_ARATH,TET5A_MOUSE
APXT_ARATH,MSI3_ARATH
APXT_ARATH,CXG2_MOUSE
APXT_ARATH,BFSP2_MOUSE
APXT_ARATH,Q61953_MOUSE
APXT_ARATH,AMTB_ECOLI
APXT_ARATH,CBX6_MOUSE
APXT_ARATH,DEGP1_ARATH
APXT_ARATH,TAT_ARATH
APXT_ARATH,YBAT_ECOLI
APXT_ARATH,SPF45_MOUSE
APXT_ARATH,NCEH1_MOUSE
APXT_ARATH,GCD1_ARATH
APXT_ARATH,RNP1_ARATH
APXT_ARATH,GAR2_MOUSE
APXT_ARATH,EIF3E_MOUSE
APXT_ARATH,RTCB_ECOLI
APXT_ARATH,CHLI1_ARATH
PORA_ARATH,TGT_MOUSE
PORA_ARATH,SYT12_MOUSE
PORA_ARATH,LHX4_MOUSE
PORA_ARATH,S22AH_MOUSE
PORA_ARATH,SERPH_MOUSE
PORA_ARATH,NTH2_ARATH
PORA_ARATH,C3H33_ARATH
PORA_ARATH,WTF9_ARATH
PORA_ARATH,FOXI3_MOUSE
PORA_ARATH,FABI_ARATH
PORA_ARATH,INTS_ECOLI
PORA_ARATH,KNAT4_ARATH
PORA_ARATH,TIA1_MOUSE
PORA_ARATH,RTL2_ARATH
PORA_ARATH,ANM11_ARATH
PORA_ARATH,PHAX_MOUSE
PORA_ARATH,NP1L1_MOUSE
PORA_ARATH,ATG4B_MOUSE
PORA_ARATH,F4J8K0_ARATH
PORA_ARATH,TAD3_ARATH
PORA_ARATH,P2C22_ARATH
PORA_ARATH,KNAT1_ARATH
PORA_ARATH,DJ1A_ARATH
PORA_ARATH,NEIL1_MOUSE
PORA_ARATH,JOX1_ARATH
PORA_ARATH,SKA3_MOUSE
PORA_ARATH,BASI_MOUSE
PORA_ARATH,PANX3_MOUSE
PORA_ARATH,RL3_MOUSE
PORA_ARATH,EEIG1_MOUSE
PORA_ARATH,EBP1_ARATH
PORA_ARATH,SGAT_ARATH
PORA_ARATH,KAP2_MOUSE
PORA_ARATH,AXS2_ARATH
PORA_ARATH,GNB5_MOUSE
PORA_ARATH,VSIG1_MOUSE
PORA_ARATH,UBP50_MOUSE
PORA_ARATH,CYH1_MOUSE
PORA_ARATH,SETB_ECOLI
PORA_ARATH,CYH3_MOUSE
PORA_ARATH,FL2D_MOUSE
PORA_ARATH,P2RX6_MOUSE
PORA_ARATH,BCR_ECOLI
PORA_ARATH,HYBB_ECOLI
PORA_ARATH,TBC13_MOUSE
PORA_ARATH,Q9C7J3_ARATH
PORA_ARATH,GTS1_ARATH
PORA_ARATH,TRPB_ECOLI
PORA_ARATH,BAMB_ECOLI
PORA_ARATH,PDRP1_ARATH
PORA_ARATH,ARP2_MOUSE
PORA_ARATH,RL31_ARATH
PORA_ARATH,RSH3B_MOUSE
PORA_ARATH,Q2TJI2_MOUSE
PORA_ARATH,TLP2_ARATH
PORA_ARATH,GRASP_MOUSE
PORA_ARATH,SGCA_MOUSE
PORA_ARATH,SRL1_ARATH
PORA_ARATH,CHIL3_MOUSE
PORA_ARATH,ARP2_ARATH
PORA_ARATH,FPG_ARATH
PORA_ARATH,CHST5_MOUSE
PORA_ARATH,KAP3_MOUSE
PORA_ARATH,SSR1_MOUSE
PORA_ARATH,IADA_ECOLI
PORA_ARATH,MYPOP_MOUSE
PORA_ARATH,DAW1_MOUSE
PORA_ARATH,PPP7_ARATH
PORA_ARATH,AXS1_ARATH
PORA_ARATH,RMXL1_MOUSE
PORA_ARATH,KPPR_ARATH
PORA_ARATH,G3ST2_MOUSE
PORA_ARATH,TYRB_ECOLI
PORA_ARATH,LACY_ECOLI
PORA_ARATH,CPR1_ARATH
PORA_ARATH,TIAR_MOUSE
PORA_ARATH,SPESP_MOUSE
PORA_ARATH,CC85C_MOUSE
PORA_ARATH,K1C18_MOUSE
PORA_ARATH,CYH2_MOUSE
PORA_ARATH,ATA15_ARATH
PORA_ARATH,CLPX_ECOLI
PORA_ARATH,ACRA_ECOLI
PORA_ARATH,B1AWD1_MOUSE
PORA_ARATH,P2C30_ARATH
PORA_ARATH,KAN1_ARATH
PORA_ARATH,HDA14_ARATH
PORA_ARATH,CMPDT_ECOLI
PORA_ARATH,F4K7D6_ARATH
PORA_ARATH,MP2K4_MOUSE
PORA_ARATH,ELC_ARATH
PORA_ARATH,BUBR1_ARATH
PORA_ARATH,CORI3_ARATH
PORA_ARATH,PSS1_ARATH
PORA_ARATH,TOLA_ECOLI
PORA_ARATH,LPPD_ARATH
PORA_ARATH,PKSA_ARATH
PORA_ARATH,RH2_ARATH
PORA_ARATH,IFIT3_MOUSE
PORA_ARATH,YJEH_ECOLI
LDHA_MOUSE,NOL_ARATH
LDHA_MOUSE,RSP14_MOUSE
LDHA_MOUSE,URGT1_ARATH
LDHA_MOUSE,CHEB_ECOLI
LDHA_MOUSE,ERI1_MOUSE
LDHA_MOUSE,TWF2_MOUSE
LDHA_MOUSE,DMR6_ARATH
LDHA_MOUSE,G3UWS1_MOUSE
LDHA_MOUSE,Q9FHJ5_ARATH
LDHA_MOUSE,GP146_MOUSE
LDHA_MOUSE,SIP_ARATH
LDHA_MOUSE,Q9SW23_ARATH
LDHA_MOUSE,MOGT2_MOUSE
LDHA_MOUSE,BKI1_ARATH
LDHA_MOUSE,ACOT8_MOUSE
LDHA_MOUSE,CYSK_ECOLI
LDHA_MOUSE,RUVB_ECOLI
LDHA_MOUSE,WRK23_ARATH
LDHA_MOUSE,CMOB_ECOLI
LDHA_MOUSE,MBIP1_MOUSE
LDHA_MOUSE,ANKR1_MOUSE
LDHA_MOUSE,GOLS1_ARATH
LDHA_MOUSE,TBP_MOUSE
LDHA_MOUSE,THI4_ARATH
LDHA_MOUSE,NDE1_MOUSE
LDHA_MOUSE,BIRA_ECOLI
LDHA_MOUSE,RAP24_ARATH
LDHA_MOUSE,LPAR2_MOUSE
LDHA_MOUSE,TOR1A_MOUSE
LDHA_MOUSE,RSMC_ECOLI
LDHA_MOUSE,TTG1_ARATH
LDHA_MOUSE,GALE_ECOLI
LDHA_MOUSE,GDPD3_MOUSE
LDHA_MOUSE,SIA4C_MOUSE
LDHA_MOUSE,MEST_MOUSE
LDHA_MOUSE,HA10_MOUSE
LDHA_MOUSE,GBB1_MOUSE
LDHA_MOUSE,HPLN2_MOUSE
LDHA_MOUSE,MY108_ARATH
LDHA_MOUSE,GOLS2_ARATH
LDHA_MOUSE,FRLB_ECOLI
LDHA_MOUSE,F4JFR1_ARATH
LDHA_MOUSE,LIPA_ECOLI
LDHA_MOUSE,PAOB_ECOLI
LDHA_MOUSE,VIP1_ARATH
LDHA_MOUSE,GP171_MOUSE
LDHA_MOUSE,WRK15_ARATH
LDHA_MOUSE,PDXA_ECOLI
LDHA_MOUSE,PURR_ECOLI
LDHA_MOUSE,DRE2C_ARATH
LDHA_MOUSE,GALE_MOUSE
LDHA_MOUSE,IGBP1_MOUSE
LDHA_MOUSE,NRL1_ARATH
LDHA_MOUSE,THIL_ECOLI
LDHA_MOUSE,RAD51_MOUSE
LDHA_MOUSE,SERB_ECOLI
LDHA_MOUSE,COAA_ECOLI
LDHA_MOUSE,ICR1_ARATH
LDHA_MOUSE,MCL1_MOUSE
LDHA_MOUSE,Q9XQC7_ARATH
LDHA_MOUSE,EQTN_MOUSE
LDHA_MOUSE,VTE6_ARATH
LDHA_MOUSE,PDLI3_MOUSE
LDHA_MOUSE,GAT12_ARATH
LDHA_MOUSE,UTR3_ARATH
LDHA_MOUSE,CCR2_ARATH
LDHA_MOUSE,SIA7F_MOUSE
LDHA_MOUSE,WRK54_ARATH
LDHA_MOUSE,PRRT2_MOUSE
LDHA_MOUSE,E2F5_MOUSE
LDHA_MOUSE,NSP5_ARATH
LDHA_MOUSE,TAAR5_MOUSE
LDHA_MOUSE,HDA11_MOUSE
LDHA_MOUSE,IP5PB_ARATH
LDHA_MOUSE,A0A0A6YY53_MOUSE
LDHA_MOUSE,AUG7_ARATH
LDHA_MOUSE,NDL1_ARATH
LDHA_MOUSE,TEHA_ECOLI
LDHA_MOUSE,PAX4_MOUSE
LDHA_MOUSE,ESR1_ARATH
LDHA_MOUSE,Q8R0K3_MOUSE
LDHA_MOUSE,MET1_ARATH
LDHA_MOUSE,AQP4_MOUSE
LDHA_MOUSE,MEF2B_MOUSE
LDHA_MOUSE,PGM48_ARATH
LDHA_MOUSE,GLRX3_MOUSE
LDHA_MOUSE,E13A_ARATH
LDHA_MOUSE,COL13_ARATH
LDHA_MOUSE,FOXB1_MOUSE
LDHA_MOUSE,WRK11_ARATH
LDHA_MOUSE,RVE6_ARATH
LDHA_MOUSE,MRGX1_MOUSE
LDHA_MOUSE,FILA_MOUSE
LDHA_MOUSE,HYBA_ECOLI
LDHA_MOUSE,MRG2_ARATH
LDHA_MOUSE,CMI2A_MOUSE
LDHA_MOUSE,MIND1_ARATH
LDHA_MOUSE,HCAR1_MOUSE
LDHA_MOUSE,OPSD_MOUSE
LDHA_MOUSE,A7E1W8_MOUSE
MDHP_ARATH,T22D4_MOUSE
MDHP_ARATH,SNIP1_MOUSE
MDHP_ARATH,GRPR_MOUSE
MDHP_ARATH,FDFT1_ARATH
MDHP_ARATH,R3GEF_MOUSE
MDHP_ARATH,SKI20_ARATH
MDHP_ARATH,BABA2_MOUSE
MDHP_ARATH,GABP1_MOUSE
MDHP_ARATH,DLP1_MOUSE
MDHP_ARATH,B8JJD6_MOUSE
MDHP_ARATH,F16P1_ARATH
MDHP_ARATH,MBD2_MOUSE
MDHP_ARATH,P2C49_ARATH
MDHP_ARATH,ADH2_ECOLI
MDHP_ARATH,KDM8_MOUSE
MDHP_ARATH,INSI1_ECOLI
MDHP_ARATH,K1C19_MOUSE
MDHP_ARATH,KMS1_ARATH
MDHP_ARATH,CADM4_MOUSE
MDHP_ARATH,PPT2_ARATH
MDHP_ARATH,SUFD_ECOLI
MDHP_ARATH,SYT5_MOUSE
MDHP_ARATH,CYSK4_ARATH
MDHP_ARATH,KNAT5_ARATH
MDHP_ARATH,SDN1_ARATH
MDHP_ARATH,IDH_ECOLI
MDHP_ARATH,Q6X4A1_MOUSE
MDHP_ARATH,TCP4_ARATH
MDHP_ARATH,FBK83_ARATH
MDHP_ARATH,Q8BQB2_MOUSE
MDHP_ARATH,MAEA_MOUSE
MDHP_ARATH,Q80VJ0_MOUSE
MDHP_ARATH,IRB10_MOUSE
MDHP_ARATH,FACC1_MOUSE
MDHP_ARATH,Q8K2Z5_MOUSE
MDHP_ARATH,SIA8F_MOUSE
MDHP_ARATH,CYLC2_MOUSE
MDHP_ARATH,LPXN_MOUSE
MDHP_ARATH,SMYD5_MOUSE
MDHP_ARATH,AAT_ECOLI
MDHP_ARATH,5HT1B_MOUSE
MDHP_ARATH,TYY1_MOUSE
MDHP_ARATH,SVR1_ARATH
MDHP_ARATH,Q91WF4_MOUSE
MDHP_ARATH,MLC_ECOLI
MDHP_ARATH,STML1_MOUSE
MDHP_ARATH,ASAH1_MOUSE
MDHP_ARATH,TPT_ARATH
MDHP_ARATH,METK_ECOLI
MDHP_ARATH,SQUS_ECOLI
MDHP_ARATH,GPR83_MOUSE
MDHP_ARATH,NEUS_MOUSE
MDHP_ARATH,UBA2C_ARATH
MDHP_ARATH,MALY_ECOLI
MDHP_ARATH,GLPC_ECOLI
MDHP_ARATH,AMBN_MOUSE
MDHP_ARATH,IZUM1_MOUSE
MDHP_ARATH,WNT2B_MOUSE
MDHP_ARATH,CIPKF_ARATH
MDHP_ARATH,F6TQW2_MOUSE
MDHP_ARATH,GCNT2_MOUSE
MDHP_ARATH,RUP1_ARATH
MDHP_ARATH,Q80V76_MOUSE
MDHP_ARATH,SKIT2_MOUSE
MDHP_ARATH,SETA_ECOLI
MDHP_ARATH,SCRK6_ARATH
MDHP_ARATH,F4KJ05_ARATH
MDHP_ARATH,Q84TG2_ARATH
MDHP_ARATH,BCAT2_MOUSE
MDHP_ARATH,PAAJ_ECOLI
MDHP_ARATH,APOA4_MOUSE
MDHP_ARATH,KCNK4_MOUSE
MDHP_ARATH,FLA4_ARATH
MDHP_ARATH,ODPA_MOUSE
MDHP_ARATH,NCF1_MOUSE
MDHP_ARATH,ZRK12_ARATH
MDHP_ARATH,BLUF_ECOLI
MDHP_ARATH,KBL_ECOLI
MDHP_ARATH,UBFL1_MOUSE
MDHP_ARATH,VPS36_MOUSE
MDHP_ARATH,RAPSN_MOUSE
MDHP_ARATH,Q3UY28_MOUSE
MDHP_ARATH,NMUR2_MOUSE
MDHP_ARATH,P2C25_ARATH
MDHP_ARATH,MDTE_ECOLI
MDHP_ARATH,CCL11_ARATH
MDHP_ARATH,RHLB_ECOLI
MDHP_ARATH,CHST8_MOUSE
MDHP_ARATH,DPF1_MOUSE
MDHP_ARATH,Q8S9I4_ARATH
MDHP_ARATH,DGCN_ECOLI
MDHP_ARATH,NTR2_MOUSE
MDHP_ARATH,RL3L_MOUSE
MDHP_ARATH,MALE_ECOLI
MDHP_ARATH,SUCC_ECOLI
MDHP_ARATH,MAN3_ARATH
MDHP_ARATH,PTBP1_ARATH
MDHP_ARATH,CN37_MOUSE
MDHP_ARATH,RFOX1_MOUSE
MDHP_ARATH,Q8C1D2_MOUSE
PDRP1_ARATH,BPM3_ARATH
PDRP1_ARATH,PHF1_ARATH
PDRP1_ARATH,PGK1_MOUSE
PDRP1_ARATH,KCNKD_MOUSE
PDRP1_ARATH,KCC1D_MOUSE
PDRP1_ARATH,EMRA_ECOLI
PDRP1_ARATH,IL3RA_MOUSE
PDRP1_ARATH,ARGD_ECOLI
PDRP1_ARATH,PP4R2_MOUSE
PDRP1_ARATH,G3PP1_ARATH
PDRP1_ARATH,RRL_ARATH
PDRP1_ARATH,DEOB_ECOLI
PDRP1_ARATH,FBXW4_MOUSE
PDRP1_ARATH,SELPL_MOUSE
PDRP1_ARATH,HC244_ARATH
PDRP1_ARATH,MDFA_ECOLI
PDRP1_ARATH,B1ATE0_MOUSE
PDRP1_ARATH,MP2K1_MOUSE
PDRP1_ARATH,B8JJD8_MOUSE
PDRP1_ARATH,DPB_ARATH
PDRP1_ARATH,LAMP3_MOUSE
PDRP1_ARATH,SUFS_ECOLI
PDRP1_ARATH,ZN322_MOUSE
PDRP1_ARATH,KIN17_ARATH
PDRP1_ARATH,ROH1D_ARATH
PDRP1_ARATH,CABS1_MOUSE
PDRP1_ARATH,VMP1_MOUSE
PDRP1_ARATH,MITOK_MOUSE
PDRP1_ARATH,HT1_ARATH
PDRP1_ARATH,TEKT1_MOUSE
PDRP1_ARATH,TAR1_ARATH
PDRP1_ARATH,PKR1_MOUSE
PDRP1_ARATH,IQD5_ARATH
PDRP1_ARATH,C0Z2Z7_ARATH
PDRP1_ARATH,STY13_ARATH
PDRP1_ARATH,LHX1_MOUSE
PDRP1_ARATH,IX10L_ARATH
PDRP1_ARATH,SNX1_ARATH
PDRP1_ARATH,P2A05_ARATH
PDRP1_ARATH,OLA1_ARATH
PDRP1_ARATH,YQHD_ECOLI
PDRP1_ARATH,PUB26_ARATH
PDRP1_ARATH,MEX1_ARATH
PDRP1_ARATH,MYB97_ARATH
PDRP1_ARATH,MEIS1_MOUSE
PDRP1_ARATH,DOR_ARATH
PDRP1_ARATH,METC_ECOLI
PDRP1_ARATH,PKHA1_MOUSE
PDRP1_ARATH,TORC_ECOLI
PDRP1_ARATH,CBC2_ARATH
PDRP1_ARATH,UB2Q1_MOUSE
PDRP1_ARATH,SNF5_MOUSE
PDRP1_ARATH,LAMP1_MOUSE
PDRP1_ARATH,RGLG4_ARATH
PDRP1_ARATH,MTP1_ARATH
PDRP1_ARATH,RLMI_ECOLI
PDRP1_ARATH,BMP8A_MOUSE
PDRP1_ARATH,BHE41_MOUSE
PDRP1_ARATH,ANM10_ARATH
PDRP1_ARATH,ZWIP2_ARATH
PDRP1_ARATH,FCMR_MOUSE
PDRP1_ARATH,PUS1_MOUSE
PDRP1_ARATH,PORA_ARATH
PDRP1_ARATH,CBC1_ARATH
PDRP1_ARATH,RVE1_ARATH
PDRP1_ARATH,RD23B_MOUSE
PDRP1_ARATH,IAMT1_ARATH
PDRP1_ARATH,CSK21_MOUSE
PDRP1_ARATH,DXO_MOUSE
PDRP1_ARATH,CERS3_MOUSE
PDRP1_ARATH,ALAA_ECOLI
PDRP1_ARATH,GMPPA_MOUSE
PDRP1_ARATH,HME1_MOUSE
PDRP1_ARATH,HXA10_MOUSE
PDRP1_ARATH,GALK1_MOUSE
PDRP1_ARATH,APD3_ARATH
PDRP1_ARATH,P2C78_ARATH
PDRP1_ARATH,PELO_MOUSE
PDRP1_ARATH,PSMD6_ARATH
PDRP1_ARATH,KC1E_MOUSE
PDRP1_ARATH,PAQR2_MOUSE
PDRP1_ARATH,CCBE1_MOUSE
PDRP1_ARATH,PS6AA_ARATH
PDRP1_ARATH,MADCA_MOUSE
PDRP1_ARATH,DHH_MOUSE
PDRP1_ARATH,CHSY_ARATH
PDRP1_ARATH,SPL2P_ARATH
PDRP1_ARATH,G3PA1_ARATH
PDRP1_ARATH,Q9LV83_ARATH
PDRP1_ARATH,F4JM82_ARATH
PDRP1_ARATH,PEDF_MOUSE
PDRP1_ARATH,GRF5_ARATH
PDRP1_ARATH,RHMD_ECOLI
PDRP1_ARATH,GPT1_ARATH
PDRP1_ARATH,FAH_ARATH
PDRP1_ARATH,PUB29_ARATH
PDRP1_ARATH,BHE40_MOUSE
PDRP1_ARATH,CLPR1_ARATH
PDRP1_ARATH,GPR88_MOUSE
PDRP1_ARATH,EPT1_MOUSE
G3P1_ECOLI,RING2_MOUSE
G3P1_ECOLI,PSRC1_MOUSE
G3P1_ECOLI,SCO11_ARATH
G3P1_ECOLI,CYOA_ECOLI
G3P1_ECOLI,SPX4_ARATH
G3P1_ECOLI,NTCP2_MOUSE
G3P1_ECOLI,VRN1_ARATH
G3P1_ECOLI,APRF1_ARATH
G3P1_ECOLI,TLX1_MOUSE
G3P1_ECOLI,MCU6_ARATH
G3P1_ECOLI,NAC46_ARATH
G3P1_ECOLI,HSFA2_ARATH
G3P1_ECOLI,PPR3C_MOUSE
G3P1_ECOLI,CCG2_MOUSE
G3P1_ECOLI,GAR1B_MOUSE
G3P1_ECOLI,COAC2_ARATH
G3P1_ECOLI,NHRF2_MOUSE
G3P1_ECOLI,AGD12_ARATH
G3P1_ECOLI,F16PA_ECOLI
G3P1_ECOLI,ATOH8_MOUSE
G3P1_ECOLI,HXA1_MOUSE
G3P1_ECOLI,RCCR_ARATH
G3P1_ECOLI,BH034_ARATH
G3P1_ECOLI,EULS3_ARATH
G3P1_ECOLI,CSN6A_ARATH
G3P1_ECOLI,SRS5_ARATH
G3P1_ECOLI,PGPP1_ARATH
G3P1_ECOLI,UTF1_MOUSE
G3P1_ECOLI,CDKD2_ARATH
G3P1_ECOLI,BIOB_ECOLI
G3P1_ECOLI,Q9LMX9_ARATH
G3P1_ECOLI,NAS3_ARATH
G3P1_ECOLI,SLAF1_MOUSE
G3P1_ECOLI,UXS5_ARATH
G3P1_ECOLI,BACD3_MOUSE
G3P1_ECOLI,GBB4_MOUSE
G3P1_ECOLI,PURA_MOUSE
G3P1_ECOLI,AROH_ECOLI
G3P1_ECOLI,PRS55_MOUSE
G3P1_ECOLI,HOLA_ECOLI
G3P1_ECOLI,PTP1_ARATH
G3P1_ECOLI,ANKR2_MOUSE
G3P1_ECOLI,IRT1_ARATH
G3P1_ECOLI,NFYA_MOUSE
G3P1_ECOLI,F4J959_ARATH
G3P1_ECOLI,LFG2_MOUSE
G3P1_ECOLI,G3PC1_ARATH
G3P1_ECOLI,PROX_ECOLI
G3P1_ECOLI,EPYC_MOUSE
G3P1_ECOLI,VP26A_MOUSE
G3P1_ECOLI,DHB7_MOUSE
G3P1_ECOLI,ATG5_ARATH
G3P1_ECOLI,A0A140LHY5_MOUSE
G3P1_ECOLI,ACUI_ECOLI
G3P1_ECOLI,HCR_ECOLI
G3P1_ECOLI,SAG12_ARATH
G3P1_ECOLI,PSD_ECOLI
G3P1_ECOLI,GATD_ECOLI
G3P1_ECOLI,SL1_ARATH
G3P1_ECOLI,TGA2_ARATH
G3P1_ECOLI,TACD2_MOUSE
G3P1_ECOLI,SCRK7_ARATH
G3P1_ECOLI,HFA4C_ARATH
G3P1_ECOLI,RRP4_ARATH
G3P1_ECOLI,HEMH_ECOLI
G3P1_ECOLI,EIF3H_ARATH
G3P1_ECOLI,PSTS_ECOLI
G3P1_ECOLI,MREB_ECOLI
G3P1_ECOLI,HXC10_MOUSE
G3P1_ECOLI,NAC18_ARATH
G3P1_ECOLI,ALX3_MOUSE
G3P1_ECOLI,AKRC9_ARATH
G3P1_ECOLI,PCL1_ARATH
G3P1_ECOLI,ACL5_ARATH
G3P1_ECOLI,CCG3_MOUSE
G3P1_ECOLI,NDL3_ARATH
G3P1_ECOLI,DOXA1_MOUSE
G3P1_ECOLI,MCUR1_MOUSE
G3P1_ECOLI,VP26B_MOUSE
G3P1_ECOLI,NDF4_MOUSE
G3P1_ECOLI,CCN2_MOUSE
G3P1_ECOLI,TSSK4_MOUSE
G3P1_ECOLI,Q8HWA3_MOUSE
G3P1_ECOLI,BRX11_ARATH
G3P1_ECOLI,LTAE_ECOLI
G3P1_ECOLI,Q9D205_MOUSE
G3P1_ECOLI,NRPB3_ARATH
G3P1_ECOLI,GLUBP_ARATH
G3P1_ECOLI,RIR2C_ARATH
G3P1_ECOLI,Q9LDI5_ARATH
G3P1_ECOLI,ERF86_ARATH
G3P1_ECOLI,TATC_ARATH
G3P1_ECOLI,CSK23_ARATH
G3P1_ECOLI,KLF17_MOUSE
G3P1_ECOLI,IF2B_MOUSE
G3P1_ECOLI,MARE2_MOUSE
G3P1_ECOLI,KCNK1_MOUSE
G3P1_ECOLI,AUF1_ARATH
G3P1_ECOLI,PAP1_ARATH
G3P1_ECOLI,UPP2_MOUSE
MK01_MOUSE,UBP18_MOUSE
MK01_MOUSE,Q543D2_MOUSE
MK01_MOUSE,TLRN1_MOUSE
MK01_MOUSE,B3GN5_MOUSE
MK01_MOUSE,ILEUC_MOUSE
MK01_MOUSE,PSMD4_MOUSE
MK01_MOUSE,KCJ15_MOUSE
MK01_MOUSE,Q8K3L4_MOUSE
MK01_MOUSE,NP1L4_MOUSE
MK01_MOUSE,ZDHC9_MOUSE
MK01_MOUSE,LIVJ_ECOLI
MK01_MOUSE,Q3TRL8_MOUSE
MK01_MOUSE,NDRG3_MOUSE
MK01_MOUSE,RILP_MOUSE
MK01_MOUSE,KLF2_MOUSE
MK01_MOUSE,RFC4_MOUSE
MK01_MOUSE,PLCC_MOUSE
MK01_MOUSE,Q66K09_MOUSE
MK01_MOUSE,Q8C228_MOUSE
MK01_MOUSE,Q8BVY4_MOUSE
MK01_MOUSE,SMS2_MOUSE
MK01_MOUSE,F4J7K3_ARATH
MK01_MOUSE,Q8K3G7_MOUSE
MK01_MOUSE,Q9CPQ9_MOUSE
MK01_MOUSE,Q8VI96_MOUSE
MK01_MOUSE,ALDOB_MOUSE
MK01_MOUSE,SEH1_MOUSE
MK01_MOUSE,TAA7B_MOUSE
MK01_MOUSE,S35F6_MOUSE
MK01_MOUSE,SYWM_MOUSE
MK01_MOUSE,RTCA_MOUSE
MK01_MOUSE,SFTPD_MOUSE
MK01_MOUSE,TEFF1_MOUSE
MK01_MOUSE,TAA7D_MOUSE
MK01_MOUSE,SH22A_MOUSE
MK01_MOUSE,RD23A_MOUSE
MK01_MOUSE,SIAT6_MOUSE
MK01_MOUSE,SPMA2_MOUSE
MK01_MOUSE,UBP12_MOUSE
MK01_MOUSE,PPM1L_MOUSE
MK01_MOUSE,SIA8D_MOUSE
MK01_MOUSE,SKAP2_MOUSE
MK01_MOUSE,TAA7E_MOUSE
MK01_MOUSE,TRI54_MOUSE
MK01_MOUSE,TRAM1_MOUSE
MK01_MOUSE,MPK1_ARATH
MK01_MOUSE,TF3A_MOUSE
MK01_MOUSE,RD19C_ARATH
MK01_MOUSE,PUP1_ARATH
MK01_MOUSE,PCBP1_MOUSE
MK01_MOUSE,PCGF6_MOUSE
MK01_MOUSE,SIA8B_MOUSE
MK01_MOUSE,LTL1_ARATH
MK01_MOUSE,TM6S1_MOUSE
MK01_MOUSE,UBE2Z_MOUSE
MK01_MOUSE,VPS72_MOUSE
MK01_MOUSE,RND_ECOLI
MK01_MOUSE,AROF_ECOLI
MK01_MOUSE,WBP4_MOUSE
MK01_MOUSE,DCUP_MOUSE
MK01_MOUSE,SCD2_MOUSE
MK01_MOUSE,HMX3_MOUSE
MK01_MOUSE,RBP1_ARATH
MK01_MOUSE,SOK1_ARATH
MK01_MOUSE,NFD5_ARATH
MK01_MOUSE,ACTBL_MOUSE
MK01_MOUSE,SON1_ARATH
MK01_MOUSE,SRK2H_ARATH
MK01_MOUSE,NPY6R_MOUSE
MK01_MOUSE,CXCR3_MOUSE
MK01_MOUSE,LSM11_MOUSE
MK01_MOUSE,CHSTA_MOUSE
MK01_MOUSE,GONS2_ARATH
MK01_MOUSE,RCL1_MOUSE
MK01_MOUSE,NPY4R_MOUSE
MK01_MOUSE,MREC_ECOLI
MK01_MOUSE,NILP3_ARATH
MK01_MOUSE,Q9FLW7_ARATH
MK01_MOUSE,SSR2_MOUSE
MK01_MOUSE,E0CXD4_MOUSE
MK01_MOUSE,AHL1_ARATH
MK01_MOUSE,SG196_MOUSE
MK01_MOUSE,TGA1_ARATH
MK01_MOUSE,VASH1_MOUSE
MK01_MOUSE,HEM3_MOUSE
MK01_MOUSE,NAMT1_ARATH
MK01_MOUSE,Y2197_ARATH
MK01_MOUSE,ACTB_MOUSE
MK01_MOUSE,IQD7_ARATH
MK01_MOUSE,SEC1_MOUSE
MK01_MOUSE,MACA_ECOLI
MK01_MOUSE,SNX21_MOUSE
MK01_MOUSE,PSD13_MOUSE
MK01_MOUSE,WTR11_ARATH
MK01_MOUSE,BCAT6_ARATH
MK01_MOUSE,CHAA_ECOLI
MK01_MOUSE,RD19A_ARATH
MK01_MOUSE,DHSO_ARATH
MK01_MOUSE,P2C67_ARATH
MK01_MOUSE,HCS1_ARATH
PORB_ARATH,KCRB_MOUSE
PORB_ARATH,PPHLN_MOUSE
PORB_ARATH,DUS6_MOUSE
PORB_ARATH,IKBL1_MOUSE
PORB_ARATH,Q9CT37_MOUSE
PORB_ARATH,KLDC3_MOUSE
PORB_ARATH,GBF3_ARATH
PORB_ARATH,CDS5_ARATH
PORB_ARATH,Q9ERT2_MOUSE
PORB_ARATH,TGD2_ARATH
PORB_ARATH,ARRC_MOUSE
PORB_ARATH,CD34_MOUSE
PORB_ARATH,TMM79_MOUSE
PORB_ARATH,TEX55_MOUSE
PORB_ARATH,NPY2R_MOUSE
PORB_ARATH,VATC1_MOUSE
PORB_ARATH,GLXK1_ECOLI
PORB_ARATH,KCRM_MOUSE
PORB_ARATH,RNF13_MOUSE
PORB_ARATH,HAP40_MOUSE
PORB_ARATH,MLC1_MOUSE
PORB_ARATH,AROD2_ARATH
PORB_ARATH,PRS43_MOUSE
PORB_ARATH,Q8BVF5_MOUSE
PORB_ARATH,PK1IP_MOUSE
PORB_ARATH,VCCN2_ARATH
PORB_ARATH,LPXB_ECOLI
PORB_ARATH,EDA_MOUSE
PORB_ARATH,STM_ARATH
PORB_ARATH,TGA3_ARATH
PORB_ARATH,PD2R2_MOUSE
PORB_ARATH,CYB_MOUSE
PORB_ARATH,IVD_ARATH
PORB_ARATH,JMJD6_MOUSE
PORB_ARATH,BACH_MOUSE
PORB_ARATH,DLK2_MOUSE
PORB_ARATH,KAP1_MOUSE
PORB_ARATH,H6ST1_MOUSE
PORB_ARATH,DHB2_MOUSE
PORB_ARATH,F4I403_ARATH
PORB_ARATH,DMBX1_MOUSE
PORB_ARATH,TAA1_ARATH
PORB_ARATH,PPAP_MOUSE
PORB_ARATH,NPY1R_MOUSE
PORB_ARATH,SPL2_ARATH
PORB_ARATH,APD4_ARATH
PORB_ARATH,CRD1_ARATH
PORB_ARATH,GAL1_ECOLI
PORB_ARATH,HPR1_ARATH
PORB_ARATH,RUTA_ECOLI
PORB_ARATH,MCA8_ARATH
PORB_ARATH,PILS5_ARATH
PORB_ARATH,IRX10_ARATH
PORB_ARATH,CCR4D_ARATH
PORB_ARATH,CARA_ECOLI
PORB_ARATH,UNC_ARATH
PORB_ARATH,ICR5_ARATH
PORB_ARATH,RIPL1_MOUSE
PORB_ARATH,ILEUB_MOUSE
PORB_ARATH,PROA_ECOLI
PORB_ARATH,OFUT1_MOUSE
PORB_ARATH,MENA_ARATH
PORB_ARATH,ELK3_MOUSE
PORB_ARATH,TMM43_MOUSE
PORB_ARATH,MEI4_MOUSE
PORB_ARATH,KSG1_ARATH
PORB_ARATH,CATE_MOUSE
PORB_ARATH,5HT4R_MOUSE
PORB_ARATH,CFA_ECOLI
PORB_ARATH,PNCB_ECOLI
PORB_ARATH,VEP1_ARATH
PORB_ARATH,KAP0_MOUSE
PORB_ARATH,ALX4_MOUSE
PORB_ARATH,PGLT1_MOUSE
PORB_ARATH,GLMP_MOUSE
PORB_ARATH,HORM1_MOUSE
PORB_ARATH,B4GT1_MOUSE
PORB_ARATH,TAAC_ARATH
PORB_ARATH,ARGE_ECOLI
PORB_ARATH,SSBP3_MOUSE
PORB_ARATH,MTK_ARATH
PORB_ARATH,IPMK_MOUSE
PORB_ARATH,SIN2_ARATH
PORB_ARATH,ENTS_ECOLI
PORB_ARATH,ADRM1_MOUSE
PORB_ARATH,EKI2_MOUSE
PORB_ARATH,Q9JKS7_MOUSE
PORB_ARATH,PLPL3_MOUSE
PORB_ARATH,MVD1_ARATH
PORB_ARATH,G137B_MOUSE
PORB_ARATH,SPO12_ARATH
PORB_ARATH,B1L_ARATH
PORB_ARATH,SSXT_MOUSE
PORB_ARATH,CSDA_ECOLI
PORB_ARATH,LHX5_MOUSE
PORB_ARATH,WN10A_MOUSE
PORB_ARATH,E2FC_ARATH
PORB_ARATH,CCNE2_MOUSE
PORB_ARATH,F6YIN5_MOUSE
PORB_ARATH,CH3L1_MOUSE
EF1A3_ARATH,ABAH4_ARATH
EF1A3_ARATH,AED1_ARATH
EF1A3_ARATH,GSA2_ARATH
EF1A3_ARATH,1A111_ARATH
EF1A3_ARATH,AFC1_ARATH
EF1A3_ARATH,APR3_ARATH
EF1A3_ARATH,ARP8_ARATH
EF1A3_ARATH,BH062_ARATH
EF1A3_ARATH,APS4_ARATH
EF1A3_ARATH,GCH1_ARATH
EF1A3_ARATH,AKB1C_ARATH
EF1A3_ARATH,C3H32_ARATH
EF1A3_ARATH,BH041_ARATH
EF1A3_ARATH,EIL4_ARATH
EF1A3_ARATH,PPNN_ECOLI
EF1A3_ARATH,C3H59_ARATH
EF1A3_ARATH,S38A8_MOUSE
EF1A3_ARATH,C3H34_ARATH
EF1A3_ARATH,ATG4A_ARATH
EF1A3_ARATH,C3H58_ARATH
EF1A3_ARATH,CDKE1_ARATH
EF1A3_ARATH,CDS3_ARATH
EF1A3_ARATH,CDF2_ARATH
EF1A3_ARATH,DJC76_ARATH
EF1A3_ARATH,DJ1C_ARATH
EF1A3_ARATH,CKL13_ARATH
EF1A3_ARATH,ERDL7_ARATH
EF1A3_ARATH,U79B2_ARATH
EF1A3_ARATH,ERDL8_ARATH
EF1A3_ARATH,FBL70_ARATH
EF1A3_ARATH,F4J7B7_ARATH
EF1A3_ARATH,F4HR92_ARATH
EF1A3_ARATH,EP1L2_ARATH
EF1A3_ARATH,F4HZI8_ARATH
EF1A3_ARATH,F4JTP6_ARATH
EF1A3_ARATH,F4HZW3_ARATH
EF1A3_ARATH,ERO1_ARATH
EF1A3_ARATH,F4I0I7_ARATH
EF1A3_ARATH,U76C5_ARATH
EF1A3_ARATH,F4JEP8_ARATH
EF1A3_ARATH,FLOT2_ARATH
EF1A3_ARATH,F4K0D3_ARATH
EF1A3_ARATH,TBL25_ARATH
EF1A3_ARATH,F8H_ARATH
EF1A3_ARATH,F4KHG9_ARATH
EF1A3_ARATH,ZNT10_MOUSE
EF1A3_ARATH,IPT2_ARATH
EF1A3_ARATH,F4IY41_ARATH
EF1A3_ARATH,F4JAD2_ARATH
EF1A3_ARATH,PLY3_ARATH
EF1A3_ARATH,Q949Z3_ARATH
EF1A3_ARATH,GLYK_ARATH
EF1A3_ARATH,GPDHC_ARATH
EF1A3_ARATH,HFA1E_ARATH
EF1A3_ARATH,FB215_ARATH
EF1A3_ARATH,JAL7_ARATH
EF1A3_ARATH,F4JZU2_ARATH
EF1A3_ARATH,NEK2_MOUSE
EF1A3_ARATH,PILS1_ARATH
EF1A3_ARATH,HMGCL_ARATH
EF1A3_ARATH,GLYC4_ARATH
EF1A3_ARATH,FB133_ARATH
EF1A3_ARATH,GTE3_ARATH
EF1A3_ARATH,ODBA2_ARATH
EF1A3_ARATH,LPXB_ARATH
EF1A3_ARATH,GSXL2_ARATH
EF1A3_ARATH,KSG8_ARATH
EF1A3_ARATH,Q9C5G8_ARATH
EF1A3_ARATH,GPDH2_ARATH
EF1A3_ARATH,HMGB6_ARATH
EF1A3_ARATH,PUX7_ARATH
EF1A3_ARATH,KASM_ARATH
EF1A3_ARATH,PCH2_ARATH
EF1A3_ARATH,MOT1_ARATH
EF1A3_ARATH,IFRD1_MOUSE
EF1A3_ARATH,HATB_ARATH
EF1A3_ARATH,ODO2A_ARATH
EF1A3_ARATH,HMCS_ARATH
EF1A3_ARATH,IDD7_ARATH
EF1A3_ARATH,ODP25_ARATH
EF1A3_ARATH,ISPH_ARATH
EF1A3_ARATH,TBA3_MOUSE
EF1A3_ARATH,RGAP3_ARATH
EF1A3_ARATH,OST1B_ARATH
EF1A3_ARATH,PP257_ARATH
EF1A3_ARATH,PIRL3_ARATH
EF1A3_ARATH,RD21B_ARATH
EF1A3_ARATH,PPA10_ARATH
EF1A3_ARATH,ORTHL_ARATH
EF1A3_ARATH,Q94AM5_ARATH
EF1A3_ARATH,Q8VZE5_ARATH
EF1A3_ARATH,PLSB_ARATH
EF1A3_ARATH,PDE7A_MOUSE
EF1A3_ARATH,SYT17_MOUSE
EF1A3_ARATH,PP174_ARATH
EF1A3_ARATH,PUB46_ARATH
EF1A3_ARATH,C90A1_ARATH
EF1A3_ARATH,PFKA6_ARATH
EF1A3_ARATH,PIRL2_ARATH
EF1A3_ARATH,P2C52_ARATH
EF1A4_ARATH,MCES_MOUSE
EF1A4_ARATH,Q9FJW9_ARATH
EF1A4_ARATH,PMAT1_ARATH
EF1A4_ARATH,TOP6A_ARATH
EF1A4_ARATH,Q9FIU1_ARATH
EF1A4_ARATH,MANB_ECOLI
EF1A4_ARATH,PP243_ARATH
EF1A4_ARATH,PYRD_ARATH
EF1A4_ARATH,Q940Y6_ARATH
EF1A4_ARATH,Q0WVK0_ARATH
EF1A4_ARATH,Q8RYE2_ARATH
EF1A4_ARATH,WIP3_ARATH
EF1A4_ARATH,PUB24_ARATH
EF1A4_ARATH,PUUA_ECOLI
EF1A4_ARATH,PPA12_ARATH
EF1A4_ARATH,PUS6_ARATH
EF1A4_ARATH,Q0V7S1_ARATH
EF1A4_ARATH,Q5BPJ1_ARATH
EF1A4_ARATH,Q84J57_ARATH
EF1A4_ARATH,XB31_ARATH
EF1A4_ARATH,Q9LP57_ARATH
EF1A4_ARATH,Q8L5Y2_ARATH
EF1A4_ARATH,Q9LR10_ARATH
EF1A4_ARATH,Q147F4_ARATH
EF1A4_ARATH,Q84M99_ARATH
EF1A4_ARATH,Q9LXJ8_ARATH
EF1A4_ARATH,Q9M2X0_ARATH
EF1A4_ARATH,U75B2_ARATH
EF1A4_ARATH,Q8W569_ARATH
EF1A4_ARATH,SKI11_ARATH
EF1A4_ARATH,REM9_ARATH
EF1A4_ARATH,Q3UG93_MOUSE
EF1A4_ARATH,Q8LBF1_ARATH
EF1A4_ARATH,Q9LP67_ARATH
EF1A4_ARATH,Q9SJT6_ARATH
EF1A4_ARATH,FH19_ARATH
EF1A4_ARATH,Q8RWI4_ARATH
EF1A4_ARATH,Q9M0G1_ARATH
EF1A4_ARATH,Q9C5R0_ARATH
EF1A4_ARATH,Q9ZPW6_ARATH
EF1A4_ARATH,Q949W7_ARATH
EF1A4_ARATH,Q9FJW0_ARATH
EF1A4_ARATH,SCP19_ARATH
EF1A4_ARATH,Q9SGS1_ARATH
EF1A4_ARATH,Q9FZE5_ARATH
EF1A4_ARATH,RBK2_ARATH
EF1A4_ARATH,Q9ZVA7_ARATH
EF1A4_ARATH,PHYDA_ECOLI
EF1A4_ARATH,TBL10_ARATH
EF1A4_ARATH,YFJI_ECOLI
EF1A4_ARATH,SGO2_ARATH
EF1A4_ARATH,RHBG_MOUSE
EF1A4_ARATH,STR4_ARATH
EF1A4_ARATH,TLP1_ARATH
EF1A4_ARATH,SWI3B_ARATH
EF1A4_ARATH,DINF_ECOLI
EF1A4_ARATH,U71D1_ARATH
EF1A4_ARATH,RH55_ARATH
EF1A4_ARATH,SCT_ARATH
EF1A4_ARATH,XXT3_ARATH
EF1A4_ARATH,U74D1_ARATH
EF1A4_ARATH,STKLJ_ARATH
EF1A4_ARATH,TRM51_ARATH
EF1A4_ARATH,Y3174_ARATH
EF1A4_ARATH,CWC27_MOUSE
EF1A4_ARATH,TI442_ARATH
EF1A4_ARATH,UBQ10_ARATH
EF1A4_ARATH,DMAP1_MOUSE
EF1A4_ARATH,EUTA_ECOLI
EF1A4_ARATH,UN933_ARATH
EF1A4_ARATH,IRAK4_MOUSE
EF1A4_ARATH,ATPB_ECOLI
EF1A4_ARATH,DCEA_ECOLI
EF1A4_ARATH,NOCT_MOUSE
EF1A4_ARATH,CDK14_MOUSE
EF1A4_ARATH,ARLY_ECOLI
EF1A4_ARATH,U91C1_ARATH
EF1A4_ARATH,DCEB_ECOLI
EF1A4_ARATH,ATOC_ECOLI
EF1A4_ARATH,DCM_ECOLI
EF1A4_ARATH,FLID_ECOLI
EF1A4_ARATH,AP1M2_ARATH
EF1A4_ARATH,U2AFM_MOUSE
EF1A4_ARATH,INTF_ECOLI
EF1A4_ARATH,NTRC_ECOLI
EF1A4_ARATH,DCUD_ECOLI
EF1A4_ARATH,FLII_ECOLI
EF1A4_ARATH,GALP_ECOLI
EF1A4_ARATH,ANGL6_MOUSE
EF1A4_ARATH,MDTD_ECOLI
EF1A4_ARATH,U78D2_ARATH
EF1A4_ARATH,XANQ_ECOLI
EF1A4_ARATH,MMUP_ECOLI
EF1A4_ARATH,PHEP_ECOLI
EF1A4_ARATH,YDJK_ECOLI
EF1A4_ARATH,MYZAP_MOUSE
EF1A4_ARATH,ACHB3_MOUSE
EF1A4_ARATH,PTMCB_ECOLI
EF1A4_ARATH,YAGG_ECOLI
EF1A4_ARATH,SDHM_ECOLI
MALK_ECOLI,BH074_ARATH
MALK_ECOLI,PEL1_ARATH
MALK_ECOLI,PSPB_MOUSE
MALK_ECOLI,MTF1A_MOUSE
MALK_ECOLI,Q3TJ69_MOUSE
MALK_ECOLI,CF263_MOUSE
MALK_ECOLI,CCNI_MOUSE
MALK_ECOLI,MYG1_MOUSE
MALK_ECOLI,MTFR2_MOUSE
MALK_ECOLI,RBMY_MOUSE
MALK_ECOLI,MTF1B_MOUSE
MALK_ECOLI,GNA15_MOUSE
MALK_ECOLI,OSCP1_MOUSE
MALK_ECOLI,PGTB1_MOUSE
MALK_ECOLI,Q6P217_MOUSE
MALK_ECOLI,SPB6_MOUSE
MALK_ECOLI,RIMKA_MOUSE
MALK_ECOLI,Q9DAV6_MOUSE
MALK_ECOLI,BSMT1_ARATH
MALK_ECOLI,Q80UK5_MOUSE
MALK_ECOLI,Q80VY7_MOUSE
MALK_ECOLI,PTGR3_MOUSE
MALK_ECOLI,HOME3_MOUSE
MALK_ECOLI,RGP3_ARATH
MALK_ECOLI,F4JSY9_ARATH
MALK_ECOLI,WIF1_MOUSE
MALK_ECOLI,LYAM1_MOUSE
MALK_ECOLI,Q8WLM9_MOUSE
MALK_ECOLI,GGPP1_ARATH
MALK_ECOLI,TYY2_MOUSE
MALK_ECOLI,UB2Q2_MOUSE
MALK_ECOLI,YAIW_ECOLI
MALK_ECOLI,Q4KN81_MOUSE
MALK_ECOLI,ZDH18_MOUSE
MALK_ECOLI,TGT_ECOLI
MALK_ECOLI,CCR5_MOUSE
MALK_ECOLI,CCR10_MOUSE
MALK_ECOLI,YEJB_ECOLI
MALK_ECOLI,RRS1_MOUSE
MALK_ECOLI,ACT1_ARATH
MALK_ECOLI,MLTA_ECOLI
MALK_ECOLI,TMOD1_MOUSE
MALK_ECOLI,SUMF1_MOUSE
MALK_ECOLI,ACBP2_ARATH
MALK_ECOLI,STR1_ARATH
MALK_ECOLI,SELU_ECOLI
MALK_ECOLI,Q4PT31_ARATH
MALK_ECOLI,BZP18_ARATH
MALK_ECOLI,Q2TJI9_MOUSE
MALK_ECOLI,RFOX3_MOUSE
MALK_ECOLI,TPPD_ARATH
MALK_ECOLI,UGPC_ECOLI
MALK_ECOLI,CYP40_ARATH
MALK_ECOLI,HDA8_ARATH
MALK_ECOLI,Q9FN34_ARATH
MALK_ECOLI,GAMT1_ARATH
MALK_ECOLI,NNRD_ARATH
MALK_ECOLI,RD23B_ARATH
MALK_ECOLI,MO4L1_MOUSE
MALK_ECOLI,NUD19_MOUSE
MALK_ECOLI,LGAT1_MOUSE
MALK_ECOLI,PIP_ARATH
MALK_ECOLI,MYB61_ARATH
MALK_ECOLI,TF2AA_MOUSE
MALK_ECOLI,U496C_ARATH
MALK_ECOLI,NLPD_ECOLI
MALK_ECOLI,RIC3_MOUSE
MALK_ECOLI,CASC_ECOLI
MALK_ECOLI,TPPJ_ARATH
MALK_ECOLI,OMPF_ECOLI
MALK_ECOLI,RIR2_ECOLI
MALK_ECOLI,RGP1_ARATH
MALK_ECOLI,PGS1_MOUSE
MALK_ECOLI,RD23A_ARATH
MALK_ECOLI,CEP41_MOUSE
MALK_ECOLI,PRR19_MOUSE
MALK_ECOLI,AGP31_ARATH
MALK_ECOLI,Q9SS69_ARATH
MALK_ECOLI,Q8BS30_MOUSE
MALK_ECOLI,CYDB_ECOLI
MALK_ECOLI,DEK_MOUSE
MALK_ECOLI,ALDOA_MOUSE
MALK_ECOLI,CAVN4_MOUSE
MALK_ECOLI,GBF2_ARATH
MALK_ECOLI,FANCL_MOUSE
MALK_ECOLI,DNAJ_ECOLI
MALK_ECOLI,ARC1A_MOUSE
MALK_ECOLI,SOX3_MOUSE
MALK_ECOLI,PTFAH_ECOLI
MALK_ECOLI,Q3V113_MOUSE
MALK_ECOLI,PBX4_MOUSE
MALK_ECOLI,Q84J81_ARATH
MALK_ECOLI,GKAP1_MOUSE
MALK_ECOLI,PPR42_MOUSE
MALK_ECOLI,EFEO_ECOLI
MALK_ECOLI,IKIP_MOUSE
MALK_ECOLI,Q3UN62_MOUSE
MALK_ECOLI,KCAB2_MOUSE
MALK_ECOLI,FEY_ARATH
MALK_ECOLI,CADH8_ARATH
BIRA_ECOLI,BTLA_MOUSE
BIRA_ECOLI,ZC3H8_MOUSE
BIRA_ECOLI,PPX1_ARATH
BIRA_ECOLI,PP2A1_ARATH
BIRA_ECOLI,UNG_MOUSE
BIRA_ECOLI,PSUG_ECOLI
BIRA_ECOLI,PUMP1_ARATH
BIRA_ECOLI,MBD7_ARATH
BIRA_ECOLI,Q9LYI7_ARATH
BIRA_ECOLI,LPXL_ECOLI
BIRA_ECOLI,NIP61_ARATH
BIRA_ECOLI,HORM2_MOUSE
BIRA_ECOLI,UPP1_MOUSE
BIRA_ECOLI,GPVI_MOUSE
BIRA_ECOLI,S2529_MOUSE
BIRA_ECOLI,SIR5_MOUSE
BIRA_ECOLI,POTH_ECOLI
BIRA_ECOLI,O54817_MOUSE
BIRA_ECOLI,FRIG0_ARATH
BIRA_ECOLI,CAH4_MOUSE
BIRA_ECOLI,SPY2_MOUSE
BIRA_ECOLI,BIM2_ARATH
BIRA_ECOLI,TTCA_ECOLI
BIRA_ECOLI,CCD50_MOUSE
BIRA_ECOLI,RBG3_ARATH
BIRA_ECOLI,MDH_ECOLI
BIRA_ECOLI,KCNK6_MOUSE
BIRA_ECOLI,RASF2_MOUSE
BIRA_ECOLI,Q80Y91_MOUSE
BIRA_ECOLI,WRK18_ARATH
BIRA_ECOLI,UPAR_MOUSE
BIRA_ECOLI,LRC46_MOUSE
BIRA_ECOLI,TECR_ARATH
BIRA_ECOLI,SIC_ARATH
BIRA_ECOLI,TRADD_MOUSE
BIRA_ECOLI,ABHD6_MOUSE
BIRA_ECOLI,ZHD5_ARATH
BIRA_ECOLI,PRP3_ARATH
BIRA_ECOLI,EML2_ARATH
BIRA_ECOLI,NAC54_ARATH
BIRA_ECOLI,CYSB_ECOLI
BIRA_ECOLI,JAM3_MOUSE
BIRA_ECOLI,HS3S1_MOUSE
BIRA_ECOLI,YIF1B_MOUSE
BIRA_ECOLI,OR6E1_MOUSE
BIRA_ECOLI,O1J21_MOUSE
BIRA_ECOLI,FN3K_MOUSE
BIRA_ECOLI,PP2AA_MOUSE
BIRA_ECOLI,RN126_MOUSE
BIRA_ECOLI,SPEM1_MOUSE
BIRA_ECOLI,DHB3_MOUSE
BIRA_ECOLI,SGCZ_MOUSE
BIRA_ECOLI,LPXC_ECOLI
BIRA_ECOLI,ZDH14_ARATH
BIRA_ECOLI,GAS2_MOUSE
BIRA_ECOLI,ATL63_ARATH
BIRA_ECOLI,SFRP5_MOUSE
BIRA_ECOLI,CGL_ARATH
BIRA_ECOLI,SKI31_ARATH
BIRA_ECOLI,Y5800_ARATH
BIRA_ECOLI,HAVR1_MOUSE
BIRA_ECOLI,GLSA1_ECOLI
BIRA_ECOLI,F4KE69_ARATH
BIRA_ECOLI,DDL_ARATH
BIRA_ECOLI,DCYD_ECOLI
BIRA_ECOLI,HME2_MOUSE
BIRA_ECOLI,GIMA6_MOUSE
BIRA_ECOLI,SGT1_MOUSE
BIRA_ECOLI,TM231_MOUSE
BIRA_ECOLI,LRL2_ARATH
BIRA_ECOLI,COAC1_ARATH
BIRA_ECOLI,BACD1_MOUSE
BIRA_ECOLI,Q9FMG0_ARATH
BIRA_ECOLI,YQJG_ECOLI
BIRA_ECOLI,FLS1_ARATH
BIRA_ECOLI,ACCO4_ARATH
BIRA_ECOLI,HXD1_MOUSE
BIRA_ECOLI,AHL22_ARATH
BIRA_ECOLI,MYB94_ARATH
BIRA_ECOLI,CPIN1_MOUSE
BIRA_ECOLI,CATL1_MOUSE
BIRA_ECOLI,UCHL5_MOUSE
BIRA_ECOLI,PP1R7_ARATH
BIRA_ECOLI,P2C59_ARATH
BIRA_ECOLI,UCH1_ARATH
BIRA_ECOLI,LDHC_MOUSE
BIRA_ECOLI,CTL1_ARATH
BIRA_ECOLI,G3P_MOUSE
BIRA_ECOLI,SR5A3_MOUSE
BIRA_ECOLI,FOLT1_ARATH
BIRA_ECOLI,GPR3_MOUSE
BIRA_ECOLI,LSP1_MOUSE
BIRA_ECOLI,GSX2_MOUSE
BIRA_ECOLI,AHL27_ARATH
BIRA_ECOLI,UTR1_ARATH
BIRA_ECOLI,ATHB6_ARATH
BIRA_ECOLI,LFG3_MOUSE
BIRA_ECOLI,CAT8_MOUSE
BIRA_ECOLI,UCP4_MOUSE
BIRA_ECOLI,ORANG_ARATH
APXS_ARATH,EXTN1_ARATH
APXS_ARATH,FPR1_MOUSE
APXS_ARATH,XRCC2_ARATH
APXS_ARATH,RD23D_ARATH
APXS_ARATH,RHF2A_ARATH
APXS_ARATH,ALFC8_ARATH
APXS_ARATH,F4KHU8_ARATH
APXS_ARATH,ADH7_MOUSE
APXS_ARATH,RGP4_ARATH
APXS_ARATH,APPB_ECOLI
APXS_ARATH,P2C27_ARATH
APXS_ARATH,H3BLN6_MOUSE
APXS_ARATH,NAP1C_ARATH
APXS_ARATH,MGT4D_MOUSE
APXS_ARATH,MAF_MOUSE
APXS_ARATH,WTR8_ARATH
APXS_ARATH,HHP2_ARATH
APXS_ARATH,HPP5_ARATH
APXS_ARATH,PLCD_MOUSE
APXS_ARATH,ANR16_MOUSE
APXS_ARATH,O08804_MOUSE
APXS_ARATH,Q8C3C3_MOUSE
APXS_ARATH,EIF3F_MOUSE
APXS_ARATH,ACTA_MOUSE
APXS_ARATH,S8H_ARATH
APXS_ARATH,Q9M8S5_ARATH
APXS_ARATH,SERC_ECOLI
APXS_ARATH,ADH4_MOUSE
APXS_ARATH,Q6TLW1_MOUSE
APXS_ARATH,SOX7_MOUSE
APXS_ARATH,Q8CBV5_MOUSE
APXS_ARATH,Q8C1W4_MOUSE
APXS_ARATH,SSL6_ARATH
APXS_ARATH,A4GAT_MOUSE
APXS_ARATH,NTH1_ARATH
APXS_ARATH,AXY9_ARATH
APXS_ARATH,TDX_ARATH
APXS_ARATH,TRXB1_ARATH
APXS_ARATH,A0A140LIA5_MOUSE
APXS_ARATH,SIA8C_MOUSE
APXS_ARATH,MLTB_ECOLI
APXS_ARATH,HCXA_ECOLI
APXS_ARATH,SEPT5_MOUSE
APXS_ARATH,SPP_MOUSE
APXS_ARATH,FSP1_MOUSE
APXS_ARATH,JOX3_ARATH
APXS_ARATH,AS1_ARATH
APXS_ARATH,ZNF24_MOUSE
APXS_ARATH,MLTC_ECOLI
APXS_ARATH,NAP1B_ARATH
APXS_ARATH,PAR6B_MOUSE
APXS_ARATH,RGGA_ARATH
APXS_ARATH,HOME1_MOUSE
APXS_ARATH,SRD2_ARATH
APXS_ARATH,SUFE1_ARATH
APXS_ARATH,MSI1H_MOUSE
APXS_ARATH,SSL7_ARATH
APXS_ARATH,PAAE_ECOLI
APXS_ARATH,NRL4_ARATH
APXS_ARATH,IPT1_ARATH
APXS_ARATH,CXCR2_MOUSE
APXS_ARATH,LPTF_ECOLI
APXS_ARATH,LPTG_ECOLI
APXS_ARATH,ARP7_ARATH
APXS_ARATH,FUT9_MOUSE
APXS_ARATH,A70_ARATH
APXS_ARATH,ATL31_ARATH
APXS_ARATH,MBHS_ECOLI
APXS_ARATH,ZAPE_ECOLI
APXS_ARATH,M2K1_ARATH
APXS_ARATH,NAP1A_ARATH
APXS_ARATH,RHBD2_MOUSE
APXS_ARATH,F4I7B6_ARATH
APXS_ARATH,TOM40_MOUSE
APXS_ARATH,RIBC2_MOUSE
APXS_ARATH,CXAR_MOUSE
APXS_ARATH,DJB11_MOUSE
APXS_ARATH,PV42B_ARATH
APXS_ARATH,Q8BLX5_MOUSE
APXS_ARATH,Q2TJI1_MOUSE
APXS_ARATH,HDAC8_MOUSE
APXS_ARATH,BAG1_MOUSE
APXS_ARATH,UBP46_MOUSE
APXS_ARATH,DPO3B_ECOLI
APXS_ARATH,SEPT2_MOUSE
APXS_ARATH,SSL4_ARATH
APXS_ARATH,IMPA3_MOUSE
APXS_ARATH,M2K4_ARATH
APXS_ARATH,GGPP9_ARATH
APXS_ARATH,CHIC_ARATH
APXS_ARATH,F4J0N1_ARATH
APXS_ARATH,MNMA_ECOLI
APXS_ARATH,GNAI3_MOUSE
APXS_ARATH,SUF4_ARATH
APXS_ARATH,ATCAY_MOUSE
APXS_ARATH,A0A571BDL9_MOUSE
APXS_ARATH,OPN5_MOUSE
APXS_ARATH,F4JLV4_ARATH
APXS_ARATH,F4JPT7_ARATH
APXS_ARATH,AFR_ARATH
G3P_MOUSE,NAGK_MOUSE
G3P_MOUSE,GNAT1_MOUSE
G3P_MOUSE,TGD1_ARATH
G3P_MOUSE,STEA1_MOUSE
G3P_MOUSE,AROG_ECOLI
G3P_MOUSE,BNIP2_MOUSE
G3P_MOUSE,MTDC_MOUSE
G3P_MOUSE,Q0VGT7_MOUSE
G3P_MOUSE,Q8BU41_MOUSE
G3P_MOUSE,NTRB_ECOLI
G3P_MOUSE,HRS1_ARATH
G3P_MOUSE,BZR2_ARATH
G3P_MOUSE,F4JN13_ARATH
G3P_MOUSE,TWF1_MOUSE
G3P_MOUSE,LIMS2_MOUSE
G3P_MOUSE,DLO1_ARATH
G3P_MOUSE,ANXA2_MOUSE
G3P_MOUSE,CLPF_ARATH
G3P_MOUSE,WNT8B_MOUSE
G3P_MOUSE,LUM_MOUSE
G3P_MOUSE,LRAD3_MOUSE
G3P_MOUSE,SPL1P_ARATH
G3P_MOUSE,MCD1_ARATH
G3P_MOUSE,Q8R407_MOUSE
G3P_MOUSE,OEP37_ARATH
G3P_MOUSE,CCR1_ARATH
G3P_MOUSE,GPR_ECOLI
G3P_MOUSE,ACBP1_ARATH
G3P_MOUSE,HXD11_MOUSE
G3P_MOUSE,ALF1_ECOLI
G3P_MOUSE,AK1CL_MOUSE
G3P_MOUSE,SCAM1_MOUSE
G3P_MOUSE,HXD10_MOUSE
G3P_MOUSE,MDHM_MOUSE
G3P_MOUSE,CRA_ECOLI
G3P_MOUSE,UGE4_ARATH
G3P_MOUSE,TTHL_ARATH
G3P_MOUSE,ARGI2_ARATH
G3P_MOUSE,EPMA_ECOLI
G3P_MOUSE,SELD_ECOLI
G3P_MOUSE,HYPE_ECOLI
G3P_MOUSE,E4PD_ECOLI
G3P_MOUSE,TRIB2_MOUSE
G3P_MOUSE,YQHC_ECOLI
G3P_MOUSE,PER71_ARATH
G3P_MOUSE,CXE20_ARATH
G3P_MOUSE,WOX8_ARATH
G3P_MOUSE,OTP_MOUSE
G3P_MOUSE,GGR_ARATH
G3P_MOUSE,DPPD_ECOLI
G3P_MOUSE,B3GT6_MOUSE
G3P_MOUSE,ICOSL_MOUSE
G3P_MOUSE,EXTL2_MOUSE
G3P_MOUSE,RPOS_ECOLI
G3P_MOUSE,ALX1_MOUSE
G3P_MOUSE,M3K18_ARATH
G3P_MOUSE,CD68_MOUSE
G3P_MOUSE,SLAF5_MOUSE
G3P_MOUSE,NRL2_ARATH
G3P_MOUSE,PDGFC_MOUSE
G3P_MOUSE,BCA1_ARATH
G3P_MOUSE,CY1_MOUSE
G3P_MOUSE,PP1B_MOUSE
G3P_MOUSE,ERF53_ARATH
G3P_MOUSE,YIAO_ECOLI
G3P_MOUSE,DMC1_MOUSE
G3P_MOUSE,AHR_ECOLI
G3P_MOUSE,GBX2_MOUSE
G3P_MOUSE,NKX32_MOUSE
G3P_MOUSE,ANXD2_ARATH
G3P_MOUSE,GAS1_MOUSE
G3P_MOUSE,GPLPC_ARATH
G3P_MOUSE,GPR31_MOUSE
G3P_MOUSE,MURB_ECOLI
G3P_MOUSE,TKPR1_ARATH
G3P_MOUSE,EML1_ARATH
G3P_MOUSE,MAS_MOUSE
G3P_MOUSE,ESP_ARATH
G3P_MOUSE,WNT7B_MOUSE
G3P_MOUSE,UTR7_ARATH
G3P_MOUSE,SRR_MOUSE
G3P_MOUSE,SY121_ARATH
G3P_MOUSE,PP14_ARATH
G3P_MOUSE,GIPC1_MOUSE
G3P_MOUSE,JUNB_MOUSE
G3P_MOUSE,AA1R_MOUSE
G3P_MOUSE,MY102_ARATH
G3P_MOUSE,LRL1_ARATH
G3P_MOUSE,CATK_MOUSE
G3P_MOUSE,PSBO2_ARATH
G3P_MOUSE,TRXB_ECOLI
G3P_MOUSE,SOK4_ARATH
G3P_MOUSE,SGCB_MOUSE
G3P_MOUSE,OXDD_MOUSE
G3P_MOUSE,RDH10_MOUSE
G3P_MOUSE,RIR2A_ARATH
G3P_MOUSE,FST_MOUSE
G3P_MOUSE,DOF11_ARATH
G3P_MOUSE,M3K20_ARATH
G3P_MOUSE,BRX_ARATH
AMPA_ECOLI,DTX9_ARATH
AMPA_ECOLI,BLH7_ARATH
AMPA_ECOLI,DNJ36_ARATH
AMPA_ECOLI,AGT23_ARATH
AMPA_ECOLI,BSK4_ARATH
AMPA_ECOLI,C3H4_ARATH
AMPA_ECOLI,PHSD_ARATH
AMPA_ECOLI,AAP2_ARATH
AMPA_ECOLI,DTX14_ARATH
AMPA_ECOLI,HFA1D_ARATH
AMPA_ECOLI,C3H25_ARATH
AMPA_ECOLI,MSI5_ARATH
AMPA_ECOLI,FBL42_ARATH
AMPA_ECOLI,U72B2_ARATH
AMPA_ECOLI,UGDH4_ARATH
AMPA_ECOLI,CA1P_ARATH
AMPA_ECOLI,FLOT3_ARATH
AMPA_ECOLI,VPEG_ARATH
AMPA_ECOLI,E138_ARATH
AMPA_ECOLI,PHSC_ARATH
AMPA_ECOLI,GBRA3_MOUSE
AMPA_ECOLI,F4HU33_ARATH
AMPA_ECOLI,WDR13_MOUSE
AMPA_ECOLI,S40A2_ARATH
AMPA_ECOLI,SNM1_ARATH
AMPA_ECOLI,EDL14_ARATH
AMPA_ECOLI,GUN9_ARATH
AMPA_ECOLI,F4IU09_ARATH
AMPA_ECOLI,LDHD_MOUSE
AMPA_ECOLI,TTC23_MOUSE
AMPA_ECOLI,PP125_ARATH
AMPA_ECOLI,KAKU4_ARATH
AMPA_ECOLI,IQD22_ARATH
AMPA_ECOLI,UGDH1_ARATH
AMPA_ECOLI,U71B5_ARATH
AMPA_ECOLI,ALDH2_MOUSE
AMPA_ECOLI,U72B3_ARATH
AMPA_ECOLI,Q14CG3_MOUSE
AMPA_ECOLI,WRK10_ARATH
AMPA_ECOLI,PPR93_ARATH
AMPA_ECOLI,MRS23_ARATH
AMPA_ECOLI,PUR8_MOUSE
AMPA_ECOLI,Q9XI71_ARATH
AMPA_ECOLI,ODP24_ARATH
AMPA_ECOLI,KCS8_ARATH
AMPA_ECOLI,OSGP2_ARATH
AMPA_ECOLI,PUS3_ARATH
AMPA_ECOLI,MAIN_ARATH
AMPA_ECOLI,PFKA7_ARATH
AMPA_ECOLI,RBCMT_ARATH
AMPA_ECOLI,PHSA_ARATH
AMPA_ECOLI,MOT2_MOUSE
AMPA_ECOLI,ROGF2_ARATH
AMPA_ECOLI,TOE2_ARATH
AMPA_ECOLI,PPH_ARATH
AMPA_ECOLI,Q9STW1_ARATH
AMPA_ECOLI,SCL26_ARATH
AMPA_ECOLI,TPH2_MOUSE
AMPA_ECOLI,FBX3_MOUSE
AMPA_ECOLI,Q4V3D1_ARATH
AMPA_ECOLI,AMN_ECOLI
AMPA_ECOLI,SAHH2_ARATH
AMPA_ECOLI,VAB_ARATH
AMPA_ECOLI,KDM4D_MOUSE
AMPA_ECOLI,Y3304_ARATH
AMPA_ECOLI,YEAV_ECOLI
AMPA_ECOLI,UD3A1_MOUSE
AMPA_ECOLI,C1RL_MOUSE
AMPA_ECOLI,ACM4_MOUSE
AMPA_ECOLI,ABI1_MOUSE
AMPA_ECOLI,BGLA_ECOLI
AMPA_ECOLI,RSMF_ECOLI
AMPA_ECOLI,HEMH2_ARATH
AMPA_ECOLI,TRKH_ECOLI
AMPA_ECOLI,KMO_MOUSE
AMPA_ECOLI,U71B2_ARATH
AMPA_ECOLI,U72E3_ARATH
AMPA_ECOLI,U72E2_ARATH
AMPA_ECOLI,DJLC_ECOLI
AMPA_ECOLI,ALLP_ECOLI
AMPA_ECOLI,NR1H4_MOUSE
AMPA_ECOLI,AL3B2_MOUSE
AMPA_ECOLI,XPP3_MOUSE
AMPA_ECOLI,WDL7_ARATH
AMPA_ECOLI,FUT11_ARATH
AMPA_ECOLI,CHST7_MOUSE
AMPA_ECOLI,NPT3_MOUSE
AMPA_ECOLI,PTFLB_ECOLI
AMPA_ECOLI,BPI_MOUSE
AMPA_ECOLI,HYAL4_MOUSE
AMPA_ECOLI,EDIL3_MOUSE
AMPA_ECOLI,CR3L3_MOUSE
AMPA_ECOLI,PLA17_ARATH
AMPA_ECOLI,S38A3_MOUSE
AMPA_ECOLI,Q9D635_MOUSE
AMPA_ECOLI,TGA9_ARATH
AMPA_ECOLI,2A5A_MOUSE
AMPA_ECOLI,UBP6_ARATH
AMPA_ECOLI,TRKG_ECOLI
AMPA_ECOLI,PTIBC_ECOLI
AROD2_ARATH,ZNT2_MOUSE
AROD2_ARATH,NAC5_ARATH
AROD2_ARATH,IGSF5_MOUSE
AROD2_ARATH,PIN8_ARATH
AROD2_ARATH,ACTG_MOUSE
AROD2_ARATH,FUT1_MOUSE
AROD2_ARATH,ZDHC2_MOUSE
AROD2_ARATH,PAQR1_MOUSE
AROD2_ARATH,WAT1_ARATH
AROD2_ARATH,DCAM1_ARATH
AROD2_ARATH,F4JHS4_ARATH
AROD2_ARATH,SH3P2_ARATH
AROD2_ARATH,Q8BXH1_MOUSE
AROD2_ARATH,CGF1_ARATH
AROD2_ARATH,DMRTD_MOUSE
AROD2_ARATH,ISS1_ARATH
AROD2_ARATH,CGF2_ARATH
AROD2_ARATH,ADH1_ARATH
AROD2_ARATH,TOB1_MOUSE
AROD2_ARATH,ORRM1_ARATH
AROD2_ARATH,BT4_ARATH
AROD2_ARATH,TYRA_ECOLI
AROD2_ARATH,BASS_ECOLI
AROD2_ARATH,GALT_MOUSE
AROD2_ARATH,FOXE1_MOUSE
AROD2_ARATH,WECA_ECOLI
AROD2_ARATH,DPF3_MOUSE
AROD2_ARATH,SEI1_ARATH
AROD2_ARATH,CR3L4_MOUSE
AROD2_ARATH,TPST1_MOUSE
AROD2_ARATH,NEMA_ECOLI
AROD2_ARATH,CERS2_MOUSE
AROD2_ARATH,Q66K11_MOUSE
AROD2_ARATH,Q8GUG6_ARATH
AROD2_ARATH,CYSC1_ARATH
AROD2_ARATH,SYAP1_MOUSE
AROD2_ARATH,P2RY2_MOUSE
AROD2_ARATH,IDH1_ARATH
AROD2_ARATH,MALK_ECOLI
AROD2_ARATH,STN1_MOUSE
AROD2_ARATH,QQT2_ARATH
AROD2_ARATH,Q9SRB0_ARATH
AROD2_ARATH,OMT1_ARATH
AROD2_ARATH,B3H560_ARATH
AROD2_ARATH,SPB5_MOUSE
AROD2_ARATH,PLCE_MOUSE
AROD2_ARATH,VASP_MOUSE
AROD2_ARATH,RIBC1_MOUSE
AROD2_ARATH,TMM25_MOUSE
AROD2_ARATH,ACT7_ARATH
AROD2_ARATH,CXG1_MOUSE
AROD2_ARATH,PRR5L_MOUSE
AROD2_ARATH,Q541Z2_MOUSE
AROD2_ARATH,FLGI_ECOLI
AROD2_ARATH,M2K2_ARATH
AROD2_ARATH,MPK12_ARATH
AROD2_ARATH,SR43C_ARATH
AROD2_ARATH,F4KBJ3_ARATH
AROD2_ARATH,P2RY1_MOUSE
AROD2_ARATH,PRLHR_MOUSE
AROD2_ARATH,CDC37_MOUSE
AROD2_ARATH,THIH_ECOLI
AROD2_ARATH,WOX9_ARATH
AROD2_ARATH,PAR3_MOUSE
AROD2_ARATH,S35B3_MOUSE
AROD2_ARATH,HACD3_MOUSE
AROD2_ARATH,FNTA_MOUSE
AROD2_ARATH,PAX5_MOUSE
AROD2_ARATH,WRK21_ARATH
AROD2_ARATH,SPO11_ARATH
AROD2_ARATH,CIART_MOUSE
AROD2_ARATH,TLP7_ARATH
AROD2_ARATH,ZNT7_MOUSE
AROD2_ARATH,F4JAF3_ARATH
AROD2_ARATH,GGNB1_MOUSE
AROD2_ARATH,SPZ1_MOUSE
AROD2_ARATH,YBHR_ECOLI
AROD2_ARATH,HA12_MOUSE
AROD2_ARATH,GBB_ARATH
AROD2_ARATH,MUPS1_ARATH
AROD2_ARATH,FOXI1_MOUSE
AROD2_ARATH,FRMA_ECOLI
AROD2_ARATH,SAMN1_MOUSE
AROD2_ARATH,WECE_ECOLI
AROD2_ARATH,SEPT1_MOUSE
AROD2_ARATH,TEEBE_ARATH
AROD2_ARATH,TDH_MOUSE
AROD2_ARATH,F170B_MOUSE
AROD2_ARATH,IDH6_ARATH
AROD2_ARATH,B3H4G6_ARATH
AROD2_ARATH,IDH5_ARATH
AROD2_ARATH,BT3_ARATH
AROD2_ARATH,ISPG_ECOLI
AROD2_ARATH,LEU3_ECOLI
AROD2_ARATH,BT2_ARATH
AROD2_ARATH,CML1_MOUSE
AROD2_ARATH,FEN1_MOUSE
AROD2_ARATH,GRF7_ARATH
AROD2_ARATH,PIF6_ARATH
AROD2_ARATH,PIF7_ARATH
HXK2_ARATH,PUS4_ARATH
HXK2_ARATH,ATG4B_ARATH
HXK2_ARATH,AATPA_ARATH
HXK2_ARATH,Q9LST0_ARATH
HXK2_ARATH,YBHI_ECOLI
HXK2_ARATH,VATH_MOUSE
HXK2_ARATH,C7161_ARATH
HXK2_ARATH,ENO1_ARATH
HXK2_ARATH,UXAB_ECOLI
HXK2_ARATH,YGJI_ECOLI
HXK2_ARATH,D3Z689_MOUSE
HXK2_ARATH,ARSA_MOUSE
HXK2_ARATH,ENPP5_MOUSE
HXK2_ARATH,KS6B2_MOUSE
HXK2_ARATH,SMOK1_MOUSE
HXK2_ARATH,SELO_ECOLI
HXK2_ARATH,YLAT2_MOUSE
HXK2_ARATH,RBM42_MOUSE
HXK2_ARATH,MKRN1_MOUSE
HXK2_ARATH,MARCO_MOUSE
HXK2_ARATH,ESS2_MOUSE
HXK2_ARATH,IQD4_ARATH
HXK2_ARATH,SYWC_MOUSE
HXK2_ARATH,UD3A2_MOUSE
HXK2_ARATH,U73B2_ARATH
HXK2_ARATH,ENTP8_MOUSE
HXK2_ARATH,UN5CL_MOUSE
HXK2_ARATH,AAP5_ARATH
HXK2_ARATH,S38A5_MOUSE
HXK2_ARATH,TRI50_MOUSE
HXK2_ARATH,GSDC2_MOUSE
HXK2_ARATH,PUS3_MOUSE
HXK2_ARATH,NDA2_ARATH
HXK2_ARATH,SMK2B_MOUSE
HXK2_ARATH,SP9_MOUSE
HXK2_ARATH,SAMD8_MOUSE
HXK2_ARATH,TRIP6_MOUSE
HXK2_ARATH,VMAT1_MOUSE
HXK2_ARATH,PPM1H_MOUSE
HXK2_ARATH,U71C1_ARATH
HXK2_ARATH,F4IWD3_ARATH
HXK2_ARATH,ZC3C1_MOUSE
HXK2_ARATH,ZFP14_MOUSE
HXK2_ARATH,U73B4_ARATH
HXK2_ARATH,COR1B_MOUSE
HXK2_ARATH,U73B5_ARATH
HXK2_ARATH,BADH2_ARATH
HXK2_ARATH,YLAT1_MOUSE
HXK2_ARATH,WIPF3_MOUSE
HXK2_ARATH,VNN3_MOUSE
HXK2_ARATH,CSAD_MOUSE
HXK2_ARATH,U71C4_ARATH
HXK2_ARATH,LCYE_ARATH
HXK2_ARATH,DPH2_MOUSE
HXK2_ARATH,ANM3_MOUSE
HXK2_ARATH,ATPA_ECOLI
HXK2_ARATH,SYHM_ARATH
HXK2_ARATH,RNG_ECOLI
HXK2_ARATH,BGL44_ARATH
HXK2_ARATH,ABGT_ECOLI
HXK2_ARATH,U73B3_ARATH
HXK2_ARATH,ET1_ARATH
HXK2_ARATH,C05AK_ARATH
HXK2_ARATH,DPB2_ARATH
HXK2_ARATH,PACR_MOUSE
HXK2_ARATH,DPEP2_MOUSE
HXK2_ARATH,MUC21_ARATH
HXK2_ARATH,PITB_ECOLI
HXK2_ARATH,CP254_MOUSE
HXK2_ARATH,SUFB_ECOLI
HXK2_ARATH,BGL34_ARATH
HXK2_ARATH,CRLD2_MOUSE
HXK2_ARATH,U85A1_ARATH
HXK2_ARATH,Q9LU04_ARATH
HXK2_ARATH,PP438_ARATH
HXK2_ARATH,CP255_MOUSE
HXK2_ARATH,S38A2_MOUSE
HXK2_ARATH,U71B8_ARATH
HXK2_ARATH,SDC1_ARATH
HXK2_ARATH,WIP1_ARATH
HXK2_ARATH,PME17_ARATH
HXK2_ARATH,U73B1_ARATH
HXK2_ARATH,VIAA_ECOLI
HXK2_ARATH,CLK1_MOUSE
HXK2_ARATH,C98A9_ARATH
HXK2_ARATH,CLK4_MOUSE
HXK2_ARATH,BAT1_ARATH
HXK2_ARATH,PLP6_ARATH
HXK2_ARATH,U73C5_ARATH
HXK2_ARATH,CP238_MOUSE
HXK2_ARATH,CDPKV_ARATH
HXK2_ARATH,AGT2_MOUSE
HXK2_ARATH,AAP6_ARATH
HXK2_ARATH,CPEB2_MOUSE
HXK2_ARATH,HEXD_MOUSE
HXK2_ARATH,LAZH1_ARATH
HXK2_ARATH,PLTP_MOUSE
HXK2_ARATH,CLK3_MOUSE
HXK2_ARATH,ARAA_ECOLI
HXK2_ARATH,CY250_MOUSE
DEGQ_ECOLI,AATP1_ARATH
DEGQ_ECOLI,Q8RWJ5_ARATH
DEGQ_ECOLI,AATPB_ARATH
DEGQ_ECOLI,ARMX1_MOUSE
DEGQ_ECOLI,C7162_ARATH
DEGQ_ECOLI,FRL2I_ARATH
DEGQ_ECOLI,CASP9_MOUSE
DEGQ_ECOLI,AMT2_ARATH
DEGQ_ECOLI,CREC_ECOLI
DEGQ_ECOLI,WCAJ_ECOLI
DEGQ_ECOLI,CISY4_ARATH
DEGQ_ECOLI,O80774_ARATH
DEGQ_ECOLI,KCS12_ARATH
DEGQ_ECOLI,YIHO_ECOLI
DEGQ_ECOLI,SIR1_ARATH
DEGQ_ECOLI,PGLR4_ARATH
DEGQ_ECOLI,A0A1W2P8C4_MOUSE
DEGQ_ECOLI,DTX1_ARATH
DEGQ_ECOLI,YICJ_ECOLI
DEGQ_ECOLI,Q99JG6_MOUSE
DEGQ_ECOLI,TMX3_MOUSE
DEGQ_ECOLI,BLNK_MOUSE
DEGQ_ECOLI,Q8H1E1_ARATH
DEGQ_ECOLI,EDAR_MOUSE
DEGQ_ECOLI,O81325_ARATH
DEGQ_ECOLI,CLSC_ECOLI
DEGQ_ECOLI,NLE1_ARATH
DEGQ_ECOLI,LCAT_MOUSE
DEGQ_ECOLI,YAAJ_ECOLI
DEGQ_ECOLI,A0A1Y7VIS4_MOUSE
DEGQ_ECOLI,Q8VY20_ARATH
DEGQ_ECOLI,BSPRY_MOUSE
DEGQ_ECOLI,CBPQ_MOUSE
DEGQ_ECOLI,TRAB1_ECOLI
DEGQ_ECOLI,RIBA2_ARATH
DEGQ_ECOLI,UMPS_ARATH
DEGQ_ECOLI,Q9SHQ6_ARATH
DEGQ_ECOLI,ASCB_ECOLI
DEGQ_ECOLI,TI441_ARATH
DEGQ_ECOLI,Y1686_ARATH
DEGQ_ECOLI,TRBP2_ARATH
DEGQ_ECOLI,HSRA_ECOLI
DEGQ_ECOLI,PROY_ECOLI
DEGQ_ECOLI,F8VQB8_MOUSE
DEGQ_ECOLI,YBJT_ECOLI
DEGQ_ECOLI,T1SK_ECOLI
DEGQ_ECOLI,YEBQ_ECOLI
DEGQ_ECOLI,3BP5_MOUSE
DEGQ_ECOLI,TBD_MOUSE
DEGQ_ECOLI,RMUC_ECOLI
DEGQ_ECOLI,XANP_ECOLI
DEGQ_ECOLI,NUD12_MOUSE
DEGQ_ECOLI,YCAM_ECOLI
DEGQ_ECOLI,UIDB_ECOLI
DEGQ_ECOLI,YGEH_ECOLI
DEGQ_ECOLI,YIHP_ECOLI
DEGQ_ECOLI,TRPB1_ARATH
DEGQ_ECOLI,YKGF_ECOLI
DEGQ_ECOLI,Q9D5G5_MOUSE
DEGQ_ECOLI,PRKN_MOUSE
DEGQ_ECOLI,CBPN_MOUSE
DEGQ_ECOLI,2A5E_MOUSE
DEGQ_ECOLI,A0A1Y7VIZ1_MOUSE
DEGQ_ECOLI,BTBDA_MOUSE
DEGQ_ECOLI,BMP3_MOUSE
DEGQ_ECOLI,DPOD2_MOUSE
DEGQ_ECOLI,CAP2_MOUSE
DEGQ_ECOLI,IDHP_MOUSE
DEGQ_ECOLI,COQ6_MOUSE
DEGQ_ECOLI,FRMD8_MOUSE
DEGQ_ECOLI,MBOA2_ARATH
DEGQ_ECOLI,ARMC6_MOUSE
DEGQ_ECOLI,ATG4D_MOUSE
DEGQ_ECOLI,CDR2_MOUSE
DEGQ_ECOLI,CISY_MOUSE
DEGQ_ECOLI,EVX2_MOUSE
DEGQ_ECOLI,DPOD3_MOUSE
DEGQ_ECOLI,F261_MOUSE
DEGQ_ECOLI,SOX8_MOUSE
DEGQ_ECOLI,CSN1_MOUSE
DEGQ_ECOLI,FKBP5_MOUSE
DEGQ_ECOLI,E9PUT0_MOUSE
DEGQ_ECOLI,FA9_MOUSE
DEGQ_ECOLI,G3BP1_MOUSE
DEGQ_ECOLI,COBRA_ARATH
DEGQ_ECOLI,FBRS_MOUSE
DEGQ_ECOLI,F7AR15_MOUSE
DEGQ_ECOLI,FV1_MOUSE
DEGQ_ECOLI,FOXN3_MOUSE
DEGQ_ECOLI,GBRG1_MOUSE
DEGQ_ECOLI,KRT36_MOUSE
DEGQ_ECOLI,GDF10_MOUSE
DEGQ_ECOLI,HOT_MOUSE
DEGQ_ECOLI,METL4_MOUSE
DEGQ_ECOLI,HYEP_MOUSE
DEGQ_ECOLI,GSHB_MOUSE
DEGQ_ECOLI,DMRT3_MOUSE
DEGQ_ECOLI,IF2G_MOUSE
DEGQ_ECOLI,SF3A2_MOUSE
DEGQ_ECOLI,INVO_MOUSE
MPPA2_ARATH,S61A2_MOUSE
MPPA2_ARATH,NYX_MOUSE
MPPA2_ARATH,Q8R1H9_MOUSE
MPPA2_ARATH,MMP10_MOUSE
MPPA2_ARATH,U2AF2_MOUSE
MPPA2_ARATH,ILVA_ECOLI
MPPA2_ARATH,C98A8_ARATH
MPPA2_ARATH,SCMC1_MOUSE
MPPA2_ARATH,POQ_ARATH
MPPA2_ARATH,DTX52_ARATH
MPPA2_ARATH,Q8L517_ARATH
MPPA2_ARATH,VTDB_MOUSE
MPPA2_ARATH,SMG9_MOUSE
MPPA2_ARATH,CNDP2_MOUSE
MPPA2_ARATH,CLSA_ECOLI
MPPA2_ARATH,ICML1_ARATH
MPPA2_ARATH,K1C12_MOUSE
MPPA2_ARATH,DDX6_MOUSE
MPPA2_ARATH,DOK1_MOUSE
MPPA2_ARATH,S29A3_MOUSE
MPPA2_ARATH,CSE1_ECOLI
MPPA2_ARATH,PAAH_ECOLI
MPPA2_ARATH,PPOX_MOUSE
MPPA2_ARATH,S19A1_MOUSE
MPPA2_ARATH,PLDX1_MOUSE
MPPA2_ARATH,ARAG_ECOLI
MPPA2_ARATH,A0A0N4SUV0_MOUSE
MPPA2_ARATH,KLC3_MOUSE
MPPA2_ARATH,BGL35_ARATH
MPPA2_ARATH,NPY4_ARATH
MPPA2_ARATH,BIOF_ARATH
MPPA2_ARATH,AAP1_ARATH
MPPA2_ARATH,MBTP2_MOUSE
MPPA2_ARATH,SCOT1_MOUSE
MPPA2_ARATH,SPERI_MOUSE
MPPA2_ARATH,PP216_ARATH
MPPA2_ARATH,GLYM2_ARATH
MPPA2_ARATH,PIRL1_ARATH
MPPA2_ARATH,SYYM_ARATH
MPPA2_ARATH,LRP11_MOUSE
MPPA2_ARATH,DGK7_ARATH
MPPA2_ARATH,A2AQH1_MOUSE
MPPA2_ARATH,PAK2_MOUSE
MPPA2_ARATH,MAPC3_ARATH
MPPA2_ARATH,Q9SAI7_ARATH
MPPA2_ARATH,G0XYF3_MOUSE
MPPA2_ARATH,ABGB_ECOLI
MPPA2_ARATH,AL3B3_MOUSE
MPPA2_ARATH,C89A9_ARATH
MPPA2_ARATH,BTD_MOUSE
MPPA2_ARATH,CDPKY_ARATH
MPPA2_ARATH,REM2_ARATH
MPPA2_ARATH,C98A3_ARATH
MPPA2_ARATH,TLDD_ECOLI
MPPA2_ARATH,SYT6_MOUSE
MPPA2_ARATH,PITA_ECOLI
MPPA2_ARATH,U72B1_ARATH
MPPA2_ARATH,OMA1_ARATH
MPPA2_ARATH,CKL7_ARATH
MPPA2_ARATH,PUR1_MOUSE
MPPA2_ARATH,HESO1_ARATH
MPPA2_ARATH,CUSS_ECOLI
MPPA2_ARATH,CKL6_ARATH
MPPA2_ARATH,CUEO_ECOLI
MPPA2_ARATH,NDA1_ARATH
MPPA2_ARATH,BGL22_ARATH
MPPA2_ARATH,ASPG1_ARATH
MPPA2_ARATH,C82C2_ARATH
MPPA2_ARATH,KCS9_ARATH
MPPA2_ARATH,MOT10_MOUSE
MPPA2_ARATH,AATP9_ARATH
MPPA2_ARATH,ADA1B_MOUSE
MPPA2_ARATH,HXK2_ARATH
MPPA2_ARATH,LORI_MOUSE
MPPA2_ARATH,NIKA_ECOLI
MPPA2_ARATH,FIBB_MOUSE
MPPA2_ARATH,OOG1_MOUSE
MPPA2_ARATH,PLA15_ARATH
MPPA2_ARATH,KCS11_ARATH
MPPA2_ARATH,UBP14_MOUSE
MPPA2_ARATH,PLA14_ARATH
MPPA2_ARATH,VATB2_MOUSE
MPPA2_ARATH,TGD4_ARATH
MPPA2_ARATH,VIAAT_MOUSE
MPPA2_ARATH,Q9STG5_ARATH
MPPA2_ARATH,Q9SQY6_ARATH
MPPA2_ARATH,F4K7T6_ARATH
MPPA2_ARATH,ACAP1_ARATH
MPPA2_ARATH,NSMA5_MOUSE
MPPA2_ARATH,KCS3_ARATH
MPPA2_ARATH,S7A13_MOUSE
MPPA2_ARATH,FIZ1_MOUSE
MPPA2_ARATH,SYDC_MOUSE
MPPA2_ARATH,HXKL2_ARATH
MPPA2_ARATH,SMRD1_MOUSE
MPPA2_ARATH,RAVA_ECOLI
MPPA2_ARATH,ENO3_ARATH
MPPA2_ARATH,ASHR3_ARATH
MPPA2_ARATH,Q8VZR8_ARATH
MPPA2_ARATH,SHSA6_MOUSE
HXK1_ARATH,U89B1_ARATH
HXK1_ARATH,P3_MOUSE
HXK1_ARATH,SBP1_MOUSE
HXK1_ARATH,WSD10_ARATH
HXK1_ARATH,RGS6_MOUSE
HXK1_ARATH,RL3R1_MOUSE
HXK1_ARATH,TM1L1_MOUSE
HXK1_ARATH,FTZ22_ARATH
HXK1_ARATH,PTYBC_ECOLI
HXK1_ARATH,U71C2_ARATH
HXK1_ARATH,U71B1_ARATH
HXK1_ARATH,FUS_MOUSE
HXK1_ARATH,PTSS1_MOUSE
HXK1_ARATH,GBRB1_MOUSE
HXK1_ARATH,STP7_ARATH
HXK1_ARATH,OCT6_ARATH
HXK1_ARATH,MPPA2_ARATH
HXK1_ARATH,LNT_ECOLI
HXK1_ARATH,Q9FL05_ARATH
HXK1_ARATH,Q9SS65_ARATH
HXK1_ARATH,PTSS2_MOUSE
HXK1_ARATH,PFKA1_ARATH
HXK1_ARATH,PAT_ARATH
HXK1_ARATH,KCC1G_MOUSE
HXK1_ARATH,CP4CA_MOUSE
HXK1_ARATH,U71C3_ARATH
HXK1_ARATH,Q62056_MOUSE
HXK1_ARATH,PRI2_MOUSE
HXK1_ARATH,ASIC5_MOUSE
HXK1_ARATH,SGO1_MOUSE
HXK1_ARATH,Q3TLE4_MOUSE
HXK1_ARATH,CYDA_ECOLI
HXK1_ARATH,BI2L2_MOUSE
HXK1_ARATH,NRF1_MOUSE
HXK1_ARATH,XGD1_ARATH
HXK1_ARATH,UACT_ECOLI
HXK1_ARATH,PTGIS_MOUSE
HXK1_ARATH,OCT5_ARATH
HXK1_ARATH,OBL1_ARATH
HXK1_ARATH,SUC4_ARATH
HXK1_ARATH,DTPA_ECOLI
HXK1_ARATH,NDC1_ARATH
HXK1_ARATH,MYOB7_ARATH
HXK1_ARATH,KCNC1_MOUSE
HXK1_ARATH,Q3URC6_MOUSE
HXK1_ARATH,Q60815_MOUSE
HXK1_ARATH,NORR_ECOLI
HXK1_ARATH,DPYS_MOUSE
HXK1_ARATH,CKL8_ARATH
HXK1_ARATH,RASFA_MOUSE
HXK1_ARATH,CBPE_MOUSE
HXK1_ARATH,Q9ESY2_MOUSE
HXK1_ARATH,2A5N_ARATH
HXK1_ARATH,Q3TTA2_MOUSE
HXK1_ARATH,DTPC_ECOLI
HXK1_ARATH,GTR1_MOUSE
HXK1_ARATH,GALK1_ARATH
HXK1_ARATH,CAPON_MOUSE
HXK1_ARATH,CKX2_ARATH
HXK1_ARATH,MPIP1_MOUSE
HXK1_ARATH,PUM14_ARATH
HXK1_ARATH,D6PK_ARATH
HXK1_ARATH,TRIM7_MOUSE
HXK1_ARATH,SETD6_MOUSE
HXK1_ARATH,REM3_ARATH
HXK1_ARATH,PLT1_ARATH
HXK1_ARATH,S36A1_MOUSE
HXK1_ARATH,CAP1_MOUSE
HXK1_ARATH,KCTD8_MOUSE
HXK1_ARATH,MDAR_ARATH
HXK1_ARATH,GLRK_ECOLI
HXK1_ARATH,DTPB_ECOLI
HXK1_ARATH,S38A1_MOUSE
HXK1_ARATH,ANX11_MOUSE
HXK1_ARATH,STEA2_MOUSE
HXK1_ARATH,HFA1B_ARATH
HXK1_ARATH,MPK9_ARATH
HXK1_ARATH,MSI4_ARATH
HXK1_ARATH,NAR1_ARATH
HXK1_ARATH,RBL_ARATH
HXK1_ARATH,STN8_ARATH
HXK1_ARATH,Q8BY10_MOUSE
HXK1_ARATH,Q3U1U6_MOUSE
HXK1_ARATH,ACHE_MOUSE
HXK1_ARATH,TYRR_ECOLI
HXK1_ARATH,GUN1_ARATH
HXK1_ARATH,OCT7_ARATH
HXK1_ARATH,CAMKV_MOUSE
HXK1_ARATH,PANF_ECOLI
HXK1_ARATH,STP8_ARATH
HXK1_ARATH,SESN1_MOUSE
HXK1_ARATH,GSK3A_MOUSE
HXK1_ARATH,B1AUS6_MOUSE
HXK1_ARATH,PUTP_ECOLI
HXK1_ARATH,ATE1_MOUSE
HXK1_ARATH,SPCS_MOUSE
HXK1_ARATH,CELF2_MOUSE
HXK1_ARATH,WSD4_ARATH
HXK1_ARATH,HXK3_ARATH
HXK1_ARATH,DPEP3_MOUSE
ASPG2_ECOLI,TGON1_MOUSE
ASPG2_ECOLI,PSBA_ARATH
ASPG2_ECOLI,PDI21_ARATH
ASPG2_ECOLI,PLEK2_MOUSE
ASPG2_ECOLI,CCR4_MOUSE
ASPG2_ECOLI,UGE3_ARATH
ASPG2_ECOLI,ABHD5_MOUSE
ASPG2_ECOLI,DC2L1_MOUSE
ASPG2_ECOLI,HXB2_MOUSE
ASPG2_ECOLI,FK126_ARATH
ASPG2_ECOLI,SRK2B_ARATH
ASPG2_ECOLI,CRK45_ARATH
ASPG2_ECOLI,WNT5B_MOUSE
ASPG2_ECOLI,U1135_ARATH
ASPG2_ECOLI,GGPPB_ARATH
ASPG2_ECOLI,DHSO_MOUSE
ASPG2_ECOLI,IRX9_ARATH
ASPG2_ECOLI,DHAK_ECOLI
ASPG2_ECOLI,GGPPC_ARATH
ASPG2_ECOLI,WNT8A_MOUSE
ASPG2_ECOLI,PER33_ARATH
ASPG2_ECOLI,DPO4_ECOLI
ASPG2_ECOLI,MAFA_MOUSE
ASPG2_ECOLI,Q9LYZ6_ARATH
ASPG2_ECOLI,DMLA_ECOLI
ASPG2_ECOLI,CEP1_ARATH
ASPG2_ECOLI,MDHX1_ARATH
ASPG2_ECOLI,WNT9A_MOUSE
ASPG2_ECOLI,SFRP4_MOUSE
ASPG2_ECOLI,SIA8A_MOUSE
ASPG2_ECOLI,SKAP1_MOUSE
ASPG2_ECOLI,GNA11_MOUSE
ASPG2_ECOLI,YBOX2_MOUSE
ASPG2_ECOLI,NU2M_MOUSE
ASPG2_ECOLI,SRK2I_ARATH
ASPG2_ECOLI,RA212_ARATH
ASPG2_ECOLI,ATX3_MOUSE
ASPG2_ECOLI,RECA_ECOLI
ASPG2_ECOLI,HOME2_MOUSE
ASPG2_ECOLI,FBK30_ARATH
ASPG2_ECOLI,JMJ32_ARATH
ASPG2_ECOLI,TIF6B_ARATH
ASPG2_ECOLI,CCD33_ARATH
ASPG2_ECOLI,MDHX2_ARATH
ASPG2_ECOLI,PHNI_ECOLI
ASPG2_ECOLI,WRKY7_ARATH
ASPG2_ECOLI,F4JU87_ARATH
ASPG2_ECOLI,OTX1_MOUSE
ASPG2_ECOLI,MC4R_MOUSE
ASPG2_ECOLI,APBE_ECOLI
ASPG2_ECOLI,ADK_MOUSE
ASPG2_ECOLI,LDOX_ARATH
ASPG2_ECOLI,WDR55_ARATH
ASPG2_ECOLI,SGT1A_ARATH
ASPG2_ECOLI,UXT3_ARATH
ASPG2_ECOLI,OAS1D_MOUSE
ASPG2_ECOLI,A0A3B2W3J1_MOUSE
ASPG2_ECOLI,AOX1A_ARATH
ASPG2_ECOLI,RBM4B_MOUSE
ASPG2_ECOLI,PJVK_MOUSE
ASPG2_ECOLI,GDF1_MOUSE
ASPG2_ECOLI,PROW_ECOLI
ASPG2_ECOLI,NECA3_MOUSE
ASPG2_ECOLI,CHL_ARATH
ASPG2_ECOLI,GATL5_ARATH
ASPG2_ECOLI,GNAQ_MOUSE
ASPG2_ECOLI,HNRPD_MOUSE
ASPG2_ECOLI,GNAI2_MOUSE
ASPG2_ECOLI,ALF_ECOLI
ASPG2_ECOLI,GNAO_MOUSE
ASPG2_ECOLI,PE2R2_MOUSE
ASPG2_ECOLI,STBD1_MOUSE
ASPG2_ECOLI,VASH2_MOUSE
ASPG2_ECOLI,SOLH1_MOUSE
ASPG2_ECOLI,ADA_ECOLI
ASPG2_ECOLI,GDF3_MOUSE
ASPG2_ECOLI,POPD1_MOUSE
ASPG2_ECOLI,YCHF_ECOLI
ASPG2_ECOLI,CCNO_MOUSE
ASPG2_ECOLI,ELFG_ECOLI
ASPG2_ECOLI,F4J8P7_ARATH
ASPG2_ECOLI,LACI_ECOLI
ASPG2_ECOLI,VPS38_ARATH
ASPG2_ECOLI,Q9C581_ARATH
ASPG2_ECOLI,OCP3_ARATH
ASPG2_ECOLI,HIS8_ECOLI
ASPG2_ECOLI,GLPQ_ECOLI
ASPG2_ECOLI,MFRN2_MOUSE
ASPG2_ECOLI,F6H1_ARATH
ASPG2_ECOLI,ZDH16_MOUSE
ASPG2_ECOLI,FB346_ARATH
ASPG2_ECOLI,NODAL_MOUSE
ASPG2_ECOLI,GLN13_ARATH
ASPG2_ECOLI,LT4R2_MOUSE
ASPG2_ECOLI,FPRS1_MOUSE
ASPG2_ECOLI,MUL1_MOUSE
ASPG2_ECOLI,RF1_ECOLI
ASPG2_ECOLI,CXA5_MOUSE
ASPG2_ECOLI,ZPBP1_MOUSE
ASPG2_ECOLI,GLAK1_ARATH
HXKL2_ARATH,MOT4_MOUSE
HXKL2_ARATH,H6ST3_MOUSE
HXKL2_ARATH,INO1_ARATH
HXKL2_ARATH,ERD6_ARATH
HXKL2_ARATH,AL7B4_ARATH
HXKL2_ARATH,RO52_MOUSE
HXKL2_ARATH,SCG3_MOUSE
HXKL2_ARATH,PLD3_MOUSE
HXKL2_ARATH,SAS10_MOUSE
HXKL2_ARATH,F4IGV3_ARATH
HXKL2_ARATH,DTX18_ARATH
HXKL2_ARATH,TTC29_MOUSE
HXKL2_ARATH,APY1_ARATH
HXKL2_ARATH,CYCA_ECOLI
HXKL2_ARATH,SYNCI_MOUSE
HXKL2_ARATH,DESM_MOUSE
HXKL2_ARATH,UXAC_ECOLI
HXKL2_ARATH,PPR79_ARATH
HXKL2_ARATH,Q9FM53_ARATH
HXKL2_ARATH,CKL9_ARATH
HXKL2_ARATH,Q6TLW0_MOUSE
HXKL2_ARATH,GLTD_ECOLI
HXKL2_ARATH,IMDH1_MOUSE
HXKL2_ARATH,FTSP_ECOLI
HXKL2_ARATH,GPBP1_MOUSE
HXKL2_ARATH,RGS7_MOUSE
HXKL2_ARATH,AL3A2_MOUSE
HXKL2_ARATH,BADH1_ARATH
HXKL2_ARATH,HLDE_ECOLI
HXKL2_ARATH,NAC68_ARATH
HXKL2_ARATH,IQM1_ARATH
HXKL2_ARATH,F4IGH3_ARATH
HXKL2_ARATH,MEIOB_MOUSE
HXKL2_ARATH,S36A2_MOUSE
HXKL2_ARATH,RBSA_ECOLI
HXKL2_ARATH,OTU6_ARATH
HXKL2_ARATH,SYK1_ECOLI
HXKL2_ARATH,ANTR2_MOUSE
HXKL2_ARATH,CYSN_ECOLI
HXKL2_ARATH,PROD1_ARATH
HXKL2_ARATH,CATA2_ARATH
HXKL2_ARATH,ONEC3_MOUSE
HXKL2_ARATH,TRM2B_MOUSE
HXKL2_ARATH,DEGP_ECOLI
HXKL2_ARATH,APPC_ECOLI
HXKL2_ARATH,TSSP_MOUSE
HXKL2_ARATH,OTSA_ECOLI
HXKL2_ARATH,UMPS_MOUSE
HXKL2_ARATH,Q9Z162_MOUSE
HXKL2_ARATH,ALDB_ECOLI
HXKL2_ARATH,STP10_ARATH
HXKL2_ARATH,DNAB_ECOLI
HXKL2_ARATH,P4K2A_MOUSE
HXKL2_ARATH,COPD_MOUSE
HXKL2_ARATH,AGDP1_ARATH
HXKL2_ARATH,TON2_ARATH
HXKL2_ARATH,IMA8_MOUSE
HXKL2_ARATH,AIL7_ARATH
HXKL2_ARATH,ALDA_ECOLI
HXKL2_ARATH,2A5A_ARATH
HXKL2_ARATH,2A5B_ARATH
HXKL2_ARATH,CRCK1_ARATH
HXKL2_ARATH,SQD2_ARATH
HXKL2_ARATH,TAF7L_MOUSE
HXKL2_ARATH,F161A_MOUSE
HXKL2_ARATH,DCR_ARATH
HXKL2_ARATH,Q9S732_ARATH
HXKL2_ARATH,CRU1_ARATH
HXKL2_ARATH,GGT1_ARATH
HXKL2_ARATH,GBRR1_MOUSE
HXKL2_ARATH,ANKH_MOUSE
HXKL2_ARATH,F4JW80_ARATH
HXKL2_ARATH,PTA14_ARATH
HXKL2_ARATH,RBPJL_MOUSE
HXKL2_ARATH,K1C14_MOUSE
HXKL2_ARATH,Q8CBC3_MOUSE
HXKL2_ARATH,HBP1_MOUSE
HXKL2_ARATH,TFCP2_MOUSE
HXKL2_ARATH,ARHG9_MOUSE
HXKL2_ARATH,Y1049_ARATH
HXKL2_ARATH,REM1_ARATH
HXKL2_ARATH,GGT2_ARATH
HXKL2_ARATH,P20D1_MOUSE
HXKL2_ARATH,WAG1_ARATH
HXKL2_ARATH,AL3H1_ARATH
HXKL2_ARATH,Q5SXC4_MOUSE
HXKL2_ARATH,UGPA_MOUSE
HXKL2_ARATH,FACR1_ARATH
HXKL2_ARATH,E2FA_ARATH
HXKL2_ARATH,CP17A_MOUSE
HXKL2_ARATH,FUCK_ECOLI
HXKL2_ARATH,PKNX2_MOUSE
HXKL2_ARATH,MALF_ECOLI
HXKL2_ARATH,XYLB_ECOLI
HXKL2_ARATH,SPTC1_MOUSE
HXKL2_ARATH,ASP39_ARATH
HXKL2_ARATH,NUFP1_MOUSE
HXKL2_ARATH,ATX10_MOUSE
HXKL2_ARATH,SMU1_ARATH
HXKL2_ARATH,ANGP4_MOUSE
IQD1_ARATH,NAC50_ARATH
IQD1_ARATH,MACA1_MOUSE
IQD1_ARATH,TRI75_MOUSE
IQD1_ARATH,NUP50_MOUSE
IQD1_ARATH,MEAK7_MOUSE
IQD1_ARATH,MID51_MOUSE
IQD1_ARATH,P55G_MOUSE
IQD1_ARATH,MOD5_MOUSE
IQD1_ARATH,MMP1B_MOUSE
IQD1_ARATH,THRP_ECOLI
IQD1_ARATH,Q3U7K7_MOUSE
IQD1_ARATH,TMPS5_MOUSE
IQD1_ARATH,MMP1A_MOUSE
IQD1_ARATH,RCC1L_MOUSE
IQD1_ARATH,Q3TPF1_MOUSE
IQD1_ARATH,SIL1_MOUSE
IQD1_ARATH,S38A6_MOUSE
IQD1_ARATH,PPA25_ARATH
IQD1_ARATH,Q80T54_MOUSE
IQD1_ARATH,HCAR_ARATH
IQD1_ARATH,ACHA5_MOUSE
IQD1_ARATH,ZSWM1_MOUSE
IQD1_ARATH,PLA1A_MOUSE
IQD1_ARATH,MOT2_ARATH
IQD1_ARATH,Q9Z0I4_MOUSE
IQD1_ARATH,UBA3_MOUSE
IQD1_ARATH,TTLL9_MOUSE
IQD1_ARATH,TINAL_MOUSE
IQD1_ARATH,S46A3_MOUSE
IQD1_ARATH,U17PB_MOUSE
IQD1_ARATH,NP1L2_MOUSE
IQD1_ARATH,TM143_MOUSE
IQD1_ARATH,PUB48_ARATH
IQD1_ARATH,DDB2_MOUSE
IQD1_ARATH,U75C1_ARATH
IQD1_ARATH,RNF25_MOUSE
IQD1_ARATH,U7E12_ARATH
IQD1_ARATH,UHPT_ECOLI
IQD1_ARATH,WDR41_MOUSE
IQD1_ARATH,PUX2_ARATH
IQD1_ARATH,PURA2_MOUSE
IQD1_ARATH,Q3EAH9_ARATH
IQD1_ARATH,U84B1_ARATH
IQD1_ARATH,U76C1_ARATH
IQD1_ARATH,U89A2_ARATH
IQD1_ARATH,Q94K50_ARATH
IQD1_ARATH,U88A1_ARATH
IQD1_ARATH,NAC69_ARATH
IQD1_ARATH,CEP55_MOUSE
IQD1_ARATH,ADPG2_ARATH
IQD1_ARATH,GSOX2_ARATH
IQD1_ARATH,AL3B1_MOUSE
IQD1_ARATH,GSOX1_ARATH
IQD1_ARATH,PURA1_MOUSE
IQD1_ARATH,PSD12_MOUSE
IQD1_ARATH,S18B1_MOUSE
IQD1_ARATH,GSOX3_ARATH
IQD1_ARATH,DOSC_ECOLI
IQD1_ARATH,ADA2C_MOUSE
IQD1_ARATH,EUTE_ECOLI
IQD1_ARATH,BH003_ARATH
IQD1_ARATH,BLMH_MOUSE
IQD1_ARATH,GSXL7_ARATH
IQD1_ARATH,RANBM_ARATH
IQD1_ARATH,NPY5R_MOUSE
IQD1_ARATH,GHXQ_ECOLI
IQD1_ARATH,KPK1_ARATH
IQD1_ARATH,GBRD_MOUSE
IQD1_ARATH,AAP4_ARATH
IQD1_ARATH,GSOX4_ARATH
IQD1_ARATH,G0XYF0_MOUSE
IQD1_ARATH,S7A12_MOUSE
IQD1_ARATH,XXT1_ARATH
IQD1_ARATH,EF1A1_MOUSE
IQD1_ARATH,S29A1_MOUSE
IQD1_ARATH,MBOA1_ARATH
IQD1_ARATH,S29A2_MOUSE
IQD1_ARATH,AROP_ECOLI
IQD1_ARATH,NTF2_ARATH
IQD1_ARATH,NARU_ECOLI
IQD1_ARATH,EX7L_ECOLI
IQD1_ARATH,LHTL4_ARATH
IQD1_ARATH,PRS4B_ARATH
IQD1_ARATH,XB35_ARATH
IQD1_ARATH,BAES_ECOLI
IQD1_ARATH,POC1B_MOUSE
IQD1_ARATH,A0A286YEC9_MOUSE
IQD1_ARATH,ADA2A_MOUSE
IQD1_ARATH,KCS19_ARATH
IQD1_ARATH,BPM4_ARATH
IQD1_ARATH,DAPAT_ARATH
IQD1_ARATH,UFSP2_MOUSE
IQD1_ARATH,PDLI7_MOUSE
IQD1_ARATH,GBRA2_MOUSE
IQD1_ARATH,TMPS3_MOUSE
IQD1_ARATH,TRKA_ECOLI
IQD1_ARATH,EM55_MOUSE
IQD1_ARATH,B9DG21_ARATH
IQD1_ARATH,MIDN_MOUSE
IQD1_ARATH,JGB_ARATH
NECD_MOUSE,PBP7_ECOLI
NECD_MOUSE,LRC23_MOUSE
NECD_MOUSE,CKB12_ARATH
NECD_MOUSE,UBC32_ARATH
NECD_MOUSE,LOH1_ARATH
NECD_MOUSE,CALU_MOUSE
NECD_MOUSE,CKB21_ARATH
NECD_MOUSE,PFKB_ECOLI
NECD_MOUSE,USPE_ECOLI
NECD_MOUSE,O5AR1_MOUSE
NECD_MOUSE,IF32_ARATH
NECD_MOUSE,NDT1_ARATH
NECD_MOUSE,HHP1_ARATH
NECD_MOUSE,FKBP6_MOUSE
NECD_MOUSE,WDR83_MOUSE
NECD_MOUSE,TAUA_ECOLI
NECD_MOUSE,GBLPA_ARATH
NECD_MOUSE,HXA11_MOUSE
NECD_MOUSE,UNE12_ARATH
NECD_MOUSE,YAJO_ECOLI
NECD_MOUSE,GLO2N_ARATH
NECD_MOUSE,HA17_MOUSE
NECD_MOUSE,PSD7B_ARATH
NECD_MOUSE,KPRS_ECOLI
NECD_MOUSE,FHA2_ARATH
NECD_MOUSE,MYB36_ARATH
NECD_MOUSE,SOX2_MOUSE
NECD_MOUSE,Q9SL47_ARATH
NECD_MOUSE,CCH11_ARATH
NECD_MOUSE,PLPP3_MOUSE
NECD_MOUSE,SDS3_MOUSE
NECD_MOUSE,Q2V357_ARATH
NECD_MOUSE,PER17_ARATH
NECD_MOUSE,RER3_ARATH
NECD_MOUSE,A2BHP6_MOUSE
NECD_MOUSE,ACCO2_ARATH
NECD_MOUSE,DRE2A_ARATH
NECD_MOUSE,CF119_MOUSE
NECD_MOUSE,MGLC_ECOLI
NECD_MOUSE,QKI_MOUSE
NECD_MOUSE,SDHB3_ARATH
NECD_MOUSE,YBOX1_MOUSE
NECD_MOUSE,Q920P1_MOUSE
NECD_MOUSE,NAKR1_ARATH
NECD_MOUSE,ATHB5_ARATH
NECD_MOUSE,SLFN1_MOUSE
NECD_MOUSE,PRKRA_MOUSE
NECD_MOUSE,PRSS8_MOUSE
NECD_MOUSE,PHX2B_MOUSE
NECD_MOUSE,C1GLC_MOUSE
NECD_MOUSE,Q3TNN8_MOUSE
NECD_MOUSE,PTAC6_ARATH
NECD_MOUSE,HA18_MOUSE
NECD_MOUSE,MYB16_ARATH
NECD_MOUSE,ANXD1_ARATH
NECD_MOUSE,TAL1_MOUSE
NECD_MOUSE,NAC10_ARATH
NECD_MOUSE,SFRP3_MOUSE
NECD_MOUSE,PP2AB_MOUSE
NECD_MOUSE,RCN1_MOUSE
NECD_MOUSE,TX264_MOUSE
NECD_MOUSE,HEM2_ECOLI
NECD_MOUSE,T120B_MOUSE
NECD_MOUSE,SOT10_ARATH
NECD_MOUSE,VAX1_MOUSE
NECD_MOUSE,ADD_ECOLI
NECD_MOUSE,YDJH_ECOLI
NECD_MOUSE,PITX2_MOUSE
NECD_MOUSE,PTF1A_MOUSE
NECD_MOUSE,BZR1_ARATH
NECD_MOUSE,PP1G_MOUSE
NECD_MOUSE,METRL_MOUSE
NECD_MOUSE,JUN_MOUSE
NECD_MOUSE,F4KHY3_ARATH
NECD_MOUSE,VQ9_ARATH
NECD_MOUSE,OSR2_MOUSE
NECD_MOUSE,SYP41_ARATH
NECD_MOUSE,NU1M_MOUSE
NECD_MOUSE,URH2_ARATH
NECD_MOUSE,WRKY8_ARATH
NECD_MOUSE,ASR3_ARATH
NECD_MOUSE,GPR82_MOUSE
NECD_MOUSE,GLAH_ECOLI
NECD_MOUSE,RSRC1_MOUSE
NECD_MOUSE,NLA_ARATH
NECD_MOUSE,SYP42_ARATH
NECD_MOUSE,OFP4_ARATH
NECD_MOUSE,EPMB_ECOLI
NECD_MOUSE,PFKA_ECOLI
NECD_MOUSE,FCL_MOUSE
NECD_MOUSE,GPLPB_ARATH
NECD_MOUSE,DBX1_MOUSE
NECD_MOUSE,RIHA_ECOLI
NECD_MOUSE,TRML1_MOUSE
NECD_MOUSE,SHI_ARATH
NECD_MOUSE,TKPR2_ARATH
NECD_MOUSE,PER2_ARATH
NECD_MOUSE,CD276_MOUSE
NECD_MOUSE,XYLF_ECOLI
NECD_MOUSE,FIP37_ARATH
ARGI2_ARATH,OST3B_ARATH
ARGI2_ARATH,GNAI1_MOUSE
ARGI2_ARATH,Q4QQK2_MOUSE
ARGI2_ARATH,CCG4_MOUSE
ARGI2_ARATH,VEGFD_MOUSE
ARGI2_ARATH,MB212_MOUSE
ARGI2_ARATH,RGP2_ARATH
ARGI2_ARATH,GID1A_ARATH
ARGI2_ARATH,AGTRB_MOUSE
ARGI2_ARATH,NRL3_ARATH
ARGI2_ARATH,BCAT4_ARATH
ARGI2_ARATH,WNT4_MOUSE
ARGI2_ARATH,LFG1_MOUSE
ARGI2_ARATH,TSSK2_MOUSE
ARGI2_ARATH,ELP4_ARATH
ARGI2_ARATH,YBOX3_MOUSE
ARGI2_ARATH,BH128_ARATH
ARGI2_ARATH,YPDF_ECOLI
ARGI2_ARATH,CX3C1_MOUSE
ARGI2_ARATH,AROC_ECOLI
ARGI2_ARATH,CBX8_MOUSE
ARGI2_ARATH,CHSTB_MOUSE
ARGI2_ARATH,RFI2_ARATH
ARGI2_ARATH,PER34_ARATH
ARGI2_ARATH,MYB51_ARATH
ARGI2_ARATH,LRB4A_MOUSE
ARGI2_ARATH,ATXR6_ARATH
ARGI2_ARATH,MB211_MOUSE
ARGI2_ARATH,PA71H_ARATH
ARGI2_ARATH,CTF7_ARATH
ARGI2_ARATH,SPL15_ARATH
ARGI2_ARATH,PRPH2_MOUSE
ARGI2_ARATH,CLTR1_MOUSE
ARGI2_ARATH,PD2R_MOUSE
ARGI2_ARATH,FPR2_MOUSE
ARGI2_ARATH,DHB1_MOUSE
ARGI2_ARATH,PXMT1_ARATH
ARGI2_ARATH,TRIB3_MOUSE
ARGI2_ARATH,RPAC1_MOUSE
ARGI2_ARATH,WNT9B_MOUSE
ARGI2_ARATH,BH130_ARATH
ARGI2_ARATH,NDEL1_MOUSE
ARGI2_ARATH,SPT22_MOUSE
ARGI2_ARATH,GMPP1_ARATH
ARGI2_ARATH,RAE1_ARATH
ARGI2_ARATH,GNAT2_MOUSE
ARGI2_ARATH,ARM12_MOUSE
ARGI2_ARATH,WNT7A_MOUSE
ARGI2_ARATH,WDR5_MOUSE
ARGI2_ARATH,RAV1_ARATH
ARGI2_ARATH,PTER_MOUSE
ARGI2_ARATH,FETUA_MOUSE
ARGI2_ARATH,HIS7_ECOLI
ARGI2_ARATH,VSX2_MOUSE
ARGI2_ARATH,NDF1_MOUSE
ARGI2_ARATH,WBP1L_MOUSE
ARGI2_ARATH,CHAD_MOUSE
ARGI2_ARATH,SCAM3_MOUSE
ARGI2_ARATH,CRLS1_ARATH
ARGI2_ARATH,JUND_MOUSE
ARGI2_ARATH,CAHM1_MOUSE
ARGI2_ARATH,GMT1_ARATH
ARGI2_ARATH,NIPA2_MOUSE
ARGI2_ARATH,S1PR2_MOUSE
ARGI2_ARATH,WNT11_MOUSE
ARGI2_ARATH,NEGR1_MOUSE
ARGI2_ARATH,CCD71_ARATH
ARGI2_ARATH,MY115_ARATH
ARGI2_ARATH,HHO2_ARATH
ARGI2_ARATH,MYB83_ARATH
ARGI2_ARATH,CDK20_MOUSE
ARGI2_ARATH,TQSA_ECOLI
ARGI2_ARATH,HA1L_MOUSE
ARGI2_ARATH,TCP23_ARATH
ARGI2_ARATH,MYB76_ARATH
ARGI2_ARATH,F4IDS9_ARATH
ARGI2_ARATH,E2FD_ARATH
ARGI2_ARATH,PSTK_MOUSE
ARGI2_ARATH,RCN3_MOUSE
ARGI2_ARATH,A0A3B2WCZ2_MOUSE
ARGI2_ARATH,NADA_ECOLI
ARGI2_ARATH,UCH2_ARATH
ARGI2_ARATH,MALI_ECOLI
ARGI2_ARATH,GPDA_ECOLI
ARGI2_ARATH,RECF_ECOLI
ARGI2_ARATH,MDTN_ECOLI
ARGI2_ARATH,GBB3_MOUSE
ARGI2_ARATH,CEBPA_MOUSE
ARGI2_ARATH,CDN1C_MOUSE
ARGI2_ARATH,AG104_ARATH
ARGI2_ARATH,CATH_MOUSE
ARGI2_ARATH,HCAR2_MOUSE
ARGI2_ARATH,PUMPK_ARATH
ARGI2_ARATH,GAT22_ARATH
ARGI2_ARATH,HA15_MOUSE
ARGI2_ARATH,NSDHL_MOUSE
ARGI2_ARATH,YNAI_ECOLI
ARGI2_ARATH,RNLA_ECOLI
ARGI2_ARATH,ADHP_ECOLI
ARGI2_ARATH,M2K6_ARATH
RIBD_ECOLI,NORW_ECOLI
RIBD_ECOLI,RGLG3_ARATH
RIBD_ECOLI,F8VQH7_MOUSE
RIBD_ECOLI,ILR2_ARATH
RIBD_ECOLI,2MMP_ARATH
RIBD_ECOLI,YCBX_ECOLI
RIBD_ECOLI,GLF_ECOLI
RIBD_ECOLI,SOX18_MOUSE
RIBD_ECOLI,ANM1_MOUSE
RIBD_ECOLI,Q2TVT7_MOUSE
RIBD_ECOLI,FIE_ARATH
RIBD_ECOLI,PROB_ECOLI
RIBD_ECOLI,SKI15_ARATH
RIBD_ECOLI,IDH3_ARATH
RIBD_ECOLI,PLPK1_ARATH
RIBD_ECOLI,JOX2_ARATH
RIBD_ECOLI,Q9SGW5_ARATH
RIBD_ECOLI,FHYRK_ARATH
RIBD_ECOLI,F4IWU4_ARATH
RIBD_ECOLI,BT5_ARATH
RIBD_ECOLI,Q9T0I9_ARATH
RIBD_ECOLI,VATC_ARATH
RIBD_ECOLI,GLIP2_ARATH
RIBD_ECOLI,ATXR5_ARATH
RIBD_ECOLI,LHX6_MOUSE
RIBD_ECOLI,A0A140LJC6_MOUSE
RIBD_ECOLI,CCN1_MOUSE
RIBD_ECOLI,NANM_ECOLI
RIBD_ECOLI,WECB_ECOLI
RIBD_ECOLI,DAPE_ECOLI
RIBD_ECOLI,FUCT1_MOUSE
RIBD_ECOLI,CCYL1_MOUSE
RIBD_ECOLI,DGCC_ECOLI
RIBD_ECOLI,CD5R2_MOUSE
RIBD_ECOLI,PDXB_ECOLI
RIBD_ECOLI,OPRD_MOUSE
RIBD_ECOLI,NFE2_MOUSE
RIBD_ECOLI,COL12_ARATH
RIBD_ECOLI,MCIN_MOUSE
RIBD_ECOLI,RHF1A_ARATH
RIBD_ECOLI,NAC98_ARATH
RIBD_ECOLI,VSX1_MOUSE
RIBD_ECOLI,WNT1_MOUSE
RIBD_ECOLI,ADPRS_MOUSE
RIBD_ECOLI,S1PR1_MOUSE
RIBD_ECOLI,GNA13_MOUSE
RIBD_ECOLI,NAC56_ARATH
RIBD_ECOLI,CXA1_MOUSE
RIBD_ECOLI,BH122_ARATH
RIBD_ECOLI,PAM71_ARATH
RIBD_ECOLI,WNT16_MOUSE
RIBD_ECOLI,STAR7_MOUSE
RIBD_ECOLI,FTSZ_ECOLI
RIBD_ECOLI,ACT2_ARATH
RIBD_ECOLI,OPRK_MOUSE
RIBD_ECOLI,SPT_ARATH
RIBD_ECOLI,PSMD4_ARATH
RIBD_ECOLI,HXA2_MOUSE
RIBD_ECOLI,SUN5_MOUSE
RIBD_ECOLI,RRG_ARATH
RIBD_ECOLI,CDK9_MOUSE
RIBD_ECOLI,Q1PFY3_ARATH
RIBD_ECOLI,A0A140LJ49_MOUSE
RIBD_ECOLI,GLDA_ECOLI
RIBD_ECOLI,SETD7_MOUSE
RIBD_ECOLI,ADHX_MOUSE
RIBD_ECOLI,KCNJ1_MOUSE
RIBD_ECOLI,APJ_MOUSE
RIBD_ECOLI,M3K17_ARATH
RIBD_ECOLI,YLII_ECOLI
RIBD_ECOLI,YBDL_ECOLI
RIBD_ECOLI,ELAV4_MOUSE
RIBD_ECOLI,FUCO_ECOLI
RIBD_ECOLI,NKX21_MOUSE
RIBD_ECOLI,DUS1_MOUSE
RIBD_ECOLI,ACTC_MOUSE
RIBD_ECOLI,BIOF_ECOLI
RIBD_ECOLI,MYB93_ARATH
RIBD_ECOLI,MPK3_ARATH
RIBD_ECOLI,ASIL1_ARATH
RIBD_ECOLI,PLR1_ARATH
RIBD_ECOLI,HYPD_ECOLI
RIBD_ECOLI,LHX8_MOUSE
RIBD_ECOLI,CCD31_ARATH
RIBD_ECOLI,Q8BNK4_MOUSE
RIBD_ECOLI,BT1_ARATH
RIBD_ECOLI,NANY_ECOLI
RIBD_ECOLI,PYRP2_ARATH
RIBD_ECOLI,MK11_MOUSE
RIBD_ECOLI,DSE1_ARATH
RIBD_ECOLI,HA1T_MOUSE
RIBD_ECOLI,NAC37_ARATH
RIBD_ECOLI,GM4D_ECOLI
RIBD_ECOLI,ADH1_MOUSE
RIBD_ECOLI,SP6_MOUSE
RIBD_ECOLI,GCS2_ECOLI
RIBD_ECOLI,GPAT9_ARATH
RIBD_ECOLI,RTM2_ARATH
RIBD_ECOLI,DCP2_ARATH
RIBD_ECOLI,GPR27_MOUSE
RSMC_ECOLI,M2K5_ARATH
RSMC_ECOLI,RMLB1_ECOLI
RSMC_ECOLI,GEMC1_MOUSE
RSMC_ECOLI,FFAR4_MOUSE
RSMC_ECOLI,CLM1_MOUSE
RSMC_ECOLI,PAX9_MOUSE
RSMC_ECOLI,TBC21_MOUSE
RSMC_ECOLI,NRP_ARATH
RSMC_ECOLI,ARGI2_MOUSE
RSMC_ECOLI,PO3F4_MOUSE
RSMC_ECOLI,ISL2_MOUSE
RSMC_ECOLI,FOSL2_MOUSE
RSMC_ECOLI,CCR1_MOUSE
RSMC_ECOLI,RA51B_MOUSE
RSMC_ECOLI,LDAH_MOUSE
RSMC_ECOLI,BRN2_ARATH
RSMC_ECOLI,AIPL1_MOUSE
RSMC_ECOLI,CDK2_MOUSE
RSMC_ECOLI,RODZ_ECOLI
RSMC_ECOLI,PO5F1_MOUSE
RSMC_ECOLI,GID1B_ARATH
RSMC_ECOLI,HXD9_MOUSE
RSMC_ECOLI,DLX2_MOUSE
RSMC_ECOLI,RNLS_MOUSE
RSMC_ECOLI,LPAT1_ARATH
RSMC_ECOLI,C3H20_ARATH
RSMC_ECOLI,HM20A_MOUSE
RSMC_ECOLI,ABI4_ARATH
RSMC_ECOLI,P2Y12_MOUSE
RSMC_ECOLI,TCP5_ARATH
RSMC_ECOLI,Q8GUJ6_ARATH
RSMC_ECOLI,FANCF_MOUSE
RSMC_ECOLI,LBD27_ARATH
RSMC_ECOLI,F16P2_ARATH
RSMC_ECOLI,TNR6_MOUSE
RSMC_ECOLI,CXCR4_MOUSE
RSMC_ECOLI,GP157_MOUSE
RSMC_ECOLI,ALR1_ECOLI
RSMC_ECOLI,WNT2_MOUSE
RSMC_ECOLI,Q9FGI9_ARATH
RSMC_ECOLI,METN_ECOLI
RSMC_ECOLI,MGLB_ECOLI
RSMC_ECOLI,CATS_MOUSE
RSMC_ECOLI,ANXA1_MOUSE
RSMC_ECOLI,MYB96_ARATH
RSMC_ECOLI,NAC66_ARATH
RSMC_ECOLI,NC101_ARATH
RSMC_ECOLI,MKX_MOUSE
RSMC_ECOLI,WNT3_MOUSE
RSMC_ECOLI,HEYL_MOUSE
RSMC_ECOLI,NDRG4_MOUSE
RSMC_ECOLI,KCTD9_MOUSE
RSMC_ECOLI,G6PC1_MOUSE
RSMC_ECOLI,FNTA_ARATH
RSMC_ECOLI,HEY2_MOUSE
RSMC_ECOLI,XCT_ARATH
RSMC_ECOLI,CXE15_ARATH
RSMC_ECOLI,GID1C_ARATH
RSMC_ECOLI,TAF7_MOUSE
RSMC_ECOLI,EFNB2_MOUSE
RSMC_ECOLI,PON1_MOUSE
RSMC_ECOLI,GPS2_MOUSE
RSMC_ECOLI,PPME1_ARATH
RSMC_ECOLI,LDHD_ECOLI
RSMC_ECOLI,Q2V4Q1_ARATH
RSMC_ECOLI,LIIP1_ARATH
RSMC_ECOLI,ARGI1_ARATH
RSMC_ECOLI,CP31A_ARATH
RSMC_ECOLI,SHOX2_MOUSE
RSMC_ECOLI,DTBP1_MOUSE
RSMC_ECOLI,PCGF2_MOUSE
RSMC_ECOLI,EFNB1_MOUSE
RSMC_ECOLI,ATOH1_MOUSE
RSMC_ECOLI,A4GCT_MOUSE
RSMC_ECOLI,DPOLB_MOUSE
RSMC_ECOLI,RBM4_MOUSE
RSMC_ECOLI,TMOD3_MOUSE
RSMC_ECOLI,S35A1_MOUSE
RSMC_ECOLI,PLEK_MOUSE
RSMC_ECOLI,IPT7_ARATH
RSMC_ECOLI,NGA4_ARATH
RSMC_ECOLI,S39AD_MOUSE
RSMC_ECOLI,MYB29_ARATH
RSMC_ECOLI,HSH2D_MOUSE
RSMC_ECOLI,MYB11_ARATH
RSMC_ECOLI,CERS1_MOUSE
RSMC_ECOLI,SH3G2_MOUSE
RSMC_ECOLI,CD1D2_MOUSE
RSMC_ECOLI,MK01_MOUSE
RSMC_ECOLI,Q9JIZ5_MOUSE
RSMC_ECOLI,PTAFR_MOUSE
RSMC_ECOLI,KLF1_MOUSE
RSMC_ECOLI,NAC40_ARATH
RSMC_ECOLI,BH032_ARATH
RSMC_ECOLI,OXDA_MOUSE
RSMC_ECOLI,Q9M0V1_ARATH
RSMC_ECOLI,AP2L1_ARATH
RSMC_ECOLI,B3H5V3_ARATH
RSMC_ECOLI,QUEA_ECOLI
RSMC_ECOLI,XCP2_ARATH
ALDOA_MOUSE,F4I890_ARATH
ALDOA_MOUSE,DRG3_ARATH
ALDOA_MOUSE,ACOCT_ECOLI
ALDOA_MOUSE,MGP4_ARATH
ALDOA_MOUSE,B2DXI_ARATH
ALDOA_MOUSE,Q9T0G1_ARATH
ALDOA_MOUSE,S1PR3_MOUSE
ALDOA_MOUSE,DOF25_ARATH
ALDOA_MOUSE,MPK4_ARATH
ALDOA_MOUSE,NEUR2_MOUSE
ALDOA_MOUSE,SKIT1_MOUSE
ALDOA_MOUSE,MPK2_ARATH
ALDOA_MOUSE,ASPN_MOUSE
ALDOA_MOUSE,FOXF1_MOUSE
ALDOA_MOUSE,GNA12_MOUSE
ALDOA_MOUSE,LDB2_MOUSE
ALDOA_MOUSE,C1GLT_MOUSE
ALDOA_MOUSE,SRS1_ARATH
ALDOA_MOUSE,OMPC_ECOLI
ALDOA_MOUSE,ARK2C_MOUSE
ALDOA_MOUSE,PTCD2_MOUSE
ALDOA_MOUSE,ELMD3_MOUSE
ALDOA_MOUSE,TSSK1_MOUSE
ALDOA_MOUSE,GPA1_ARATH
ALDOA_MOUSE,DCX_MOUSE
ALDOA_MOUSE,KSG7_ARATH
ALDOA_MOUSE,SRK2E_ARATH
ALDOA_MOUSE,F4J7C4_ARATH
ALDOA_MOUSE,DCP1_ARATH
ALDOA_MOUSE,ASMT_ARATH
ALDOA_MOUSE,ULAG_ECOLI
ALDOA_MOUSE,F4INZ9_ARATH
ALDOA_MOUSE,ANM6_MOUSE
ALDOA_MOUSE,LMX1A_MOUSE
ALDOA_MOUSE,HEM3_ARATH
ALDOA_MOUSE,SHRPN_MOUSE
ALDOA_MOUSE,NDRG2_MOUSE
ALDOA_MOUSE,WNT6_MOUSE
ALDOA_MOUSE,O88933_MOUSE
ALDOA_MOUSE,FBX25_MOUSE
ALDOA_MOUSE,PDIP2_MOUSE
ALDOA_MOUSE,THOC6_ARATH
ALDOA_MOUSE,AIM2_MOUSE
ALDOA_MOUSE,KAPCA_MOUSE
ALDOA_MOUSE,CNTFR_MOUSE
ALDOA_MOUSE,CP41B_ARATH
ALDOA_MOUSE,HHO5_ARATH
ALDOA_MOUSE,HA1B_MOUSE
ALDOA_MOUSE,ATAB2_ARATH
ALDOA_MOUSE,TRMA_ECOLI
ALDOA_MOUSE,RNF34_MOUSE
ALDOA_MOUSE,F4I2T3_ARATH
ALDOA_MOUSE,ATPG1_ARATH
ALDOA_MOUSE,CCD32_ARATH
ALDOA_MOUSE,PF2R_MOUSE
ALDOA_MOUSE,MALD3_MOUSE
ALDOA_MOUSE,GLIP1_ARATH
ALDOA_MOUSE,NDUA9_MOUSE
ALDOA_MOUSE,VA0D1_MOUSE
ALDOA_MOUSE,GPR4_MOUSE
ALDOA_MOUSE,GPER1_MOUSE
ALDOA_MOUSE,HA13_MOUSE
ALDOA_MOUSE,BSCL2_MOUSE
ALDOA_MOUSE,EPOP_MOUSE
ALDOA_MOUSE,CCN4_MOUSE
ALDOA_MOUSE,MK03_MOUSE
ALDOA_MOUSE,NKX23_MOUSE
ALDOA_MOUSE,STING_MOUSE
ALDOA_MOUSE,PCY1A_MOUSE
ALDOA_MOUSE,PCY1B_MOUSE
ALDOA_MOUSE,NGA3_ARATH
ALDOA_MOUSE,ABI3_MOUSE
ALDOA_MOUSE,NKX61_MOUSE
ALDOA_MOUSE,PGTB1_ARATH
ALDOA_MOUSE,FOS_MOUSE
ALDOA_MOUSE,MYB28_ARATH
ALDOA_MOUSE,MYB12_ARATH
ALDOA_MOUSE,LEC2_ARATH
ALDOA_MOUSE,IN80B_MOUSE
ALDOA_MOUSE,HA14_MOUSE
ALDOA_MOUSE,PEX14_MOUSE
ALDOA_MOUSE,ARMX3_MOUSE
ALDOA_MOUSE,SPL9_ARATH
ALDOA_MOUSE,DMRT1_MOUSE
ALDOA_MOUSE,TRBP2_MOUSE
ALDOA_MOUSE,SPHK1_MOUSE
ALDOA_MOUSE,KCC1A_MOUSE
ALDOA_MOUSE,WNT3A_MOUSE
ALDOA_MOUSE,HA11_MOUSE
ALDOA_MOUSE,CAH12_MOUSE
ALDOA_MOUSE,LFTY1_MOUSE
ALDOA_MOUSE,MESP2_MOUSE
ALDOA_MOUSE,HHO1_ARATH
ALDOA_MOUSE,TPST2_MOUSE
ALDOA_MOUSE,TCP13_ARATH
ALDOA_MOUSE,G3OX2_ARATH
ALDOA_MOUSE,ATAD1_MOUSE
ALDOA_MOUSE,LFNG_MOUSE
ALDOA_MOUSE,ACOD1_MOUSE
ALDOA_MOUSE,RSGA_ECOLI
APR3_ARATH,ZRAS_ECOLI
APR3_ARATH,CCA11_ARATH
APR3_ARATH,SPRE1_MOUSE
APR3_ARATH,RBK1_ARATH
APR3_ARATH,HGD_ARATH
APR3_ARATH,U78D3_ARATH
APR3_ARATH,GBRA1_MOUSE
APR3_ARATH,SERC5_MOUSE
APR3_ARATH,CKL2_ARATH
APR3_ARATH,CTF64_ARATH
APR3_ARATH,IL9R_MOUSE
APR3_ARATH,PSS_ECOLI
APR3_ARATH,TUN_ARATH
APR3_ARATH,CDK8_MOUSE
APR3_ARATH,ULAA_ECOLI
APR3_ARATH,U87A2_ARATH
APR3_ARATH,ACM1_MOUSE
APR3_ARATH,CKL11_ARATH
APR3_ARATH,SDC3_MOUSE
APR3_ARATH,FBW15_MOUSE
APR3_ARATH,LEUC_ECOLI
APR3_ARATH,HEMH1_ARATH
APR3_ARATH,ACHA_MOUSE
APR3_ARATH,MATN3_MOUSE
APR3_ARATH,CD36_MOUSE
APR3_ARATH,VPED_ARATH
APR3_ARATH,F4JAG3_ARATH
APR3_ARATH,Q9FMF3_ARATH
APR3_ARATH,MFS10_MOUSE
APR3_ARATH,F4IUS5_ARATH
APR3_ARATH,PAN_ARATH
APR3_ARATH,TCYP_ECOLI
APR3_ARATH,EF1A2_MOUSE
APR3_ARATH,DGDG2_ARATH
APR3_ARATH,RIOX2_MOUSE
APR3_ARATH,GLRA2_MOUSE
APR3_ARATH,TBB3_MOUSE
APR3_ARATH,TBG1_MOUSE
APR3_ARATH,PCFT_MOUSE
APR3_ARATH,DEGQ_ECOLI
APR3_ARATH,JAL27_ARATH
APR3_ARATH,BCL6B_MOUSE
APR3_ARATH,Q9LYQ7_ARATH
APR3_ARATH,LFR_ARATH
APR3_ARATH,NRFA_ECOLI
APR3_ARATH,BMP5_MOUSE
APR3_ARATH,ETS2_MOUSE
APR3_ARATH,GABP_ECOLI
APR3_ARATH,Q5SX07_MOUSE
APR3_ARATH,ADA2B_MOUSE
APR3_ARATH,KAT3_MOUSE
APR3_ARATH,TF2L1_MOUSE
APR3_ARATH,AI5L6_ARATH
APR3_ARATH,NORV_ECOLI
APR3_ARATH,USH1G_MOUSE
APR3_ARATH,CRU2_ARATH
APR3_ARATH,SLD1_ARATH
APR3_ARATH,TRAF4_MOUSE
APR3_ARATH,F4KI00_ARATH
APR3_ARATH,ASM3B_MOUSE
APR3_ARATH,GBRG3_MOUSE
APR3_ARATH,FAFL_ARATH
APR3_ARATH,SNX17_MOUSE
APR3_ARATH,U75B1_ARATH
APR3_ARATH,ST38L_MOUSE
APR3_ARATH,GTG1_ARATH
APR3_ARATH,SERC3_MOUSE
APR3_ARATH,METC_ARATH
APR3_ARATH,NPR6_ARATH
APR3_ARATH,AZIN2_MOUSE
APR3_ARATH,PTTBC_ECOLI
APR3_ARATH,E2F3_MOUSE
APR3_ARATH,DNAA_ECOLI
APR3_ARATH,MELB_ECOLI
APR3_ARATH,MINP1_MOUSE
APR3_ARATH,APR1_ARATH
APR3_ARATH,2ABD_MOUSE
APR3_ARATH,RISC_MOUSE
APR3_ARATH,GSXL6_ARATH
APR3_ARATH,APS2_ARATH
APR3_ARATH,ERD7_ARATH
APR3_ARATH,CNIF1_ARATH
APR3_ARATH,Q6P8L2_MOUSE
APR3_ARATH,MMP8_MOUSE
APR3_ARATH,PUX10_ARATH
APR3_ARATH,GLRA3_MOUSE
APR3_ARATH,HEMN_ECOLI
APR3_ARATH,RNG1B_ARATH
APR3_ARATH,JAL35_ARATH
APR3_ARATH,TTYH1_MOUSE
APR3_ARATH,S61A1_MOUSE
APR3_ARATH,CI072_MOUSE
APR3_ARATH,MTL5_MOUSE
APR3_ARATH,CIPK6_ARATH
APR3_ARATH,RETR3_MOUSE
APR3_ARATH,DAA11_MOUSE
APR3_ARATH,ILK1_ARATH
APR3_ARATH,CSK_MOUSE
APR3_ARATH,XXT2_ARATH
APR3_ARATH,SEPT4_MOUSE
SF3A2_MOUSE,GTR3_MOUSE
SF3A2_MOUSE,UAH_ARATH
SF3A2_MOUSE,KCS5_ARATH
SF3A2_MOUSE,RADA_ECOLI
SF3A2_MOUSE,I17RB_MOUSE
SF3A2_MOUSE,NYC1_ARATH
SF3A2_MOUSE,ATPB_ARATH
SF3A2_MOUSE,U84A2_ARATH
SF3A2_MOUSE,C94C1_ARATH
SF3A2_MOUSE,S38A7_MOUSE
SF3A2_MOUSE,6PGD2_ARATH
SF3A2_MOUSE,FEAB_ECOLI
SF3A2_MOUSE,NUON_ECOLI
SF3A2_MOUSE,SEBP1_ARATH
SF3A2_MOUSE,UGDH3_ARATH
SF3A2_MOUSE,DMRTA_MOUSE
SF3A2_MOUSE,FSCN2_MOUSE
SF3A2_MOUSE,SRP54_ECOLI
SF3A2_MOUSE,F4I1V3_ARATH
SF3A2_MOUSE,KCNA1_MOUSE
SF3A2_MOUSE,PACN2_MOUSE
SF3A2_MOUSE,B2RXA8_MOUSE
SF3A2_MOUSE,GET3D_ARATH
SF3A2_MOUSE,SUSD4_MOUSE
SF3A2_MOUSE,Q3TTI9_MOUSE
SF3A2_MOUSE,KCNA2_MOUSE
SF3A2_MOUSE,FTSY_ECOLI
SF3A2_MOUSE,PCNB_ECOLI
SF3A2_MOUSE,CATA1_ARATH
SF3A2_MOUSE,IFIT1_MOUSE
SF3A2_MOUSE,SP8_MOUSE
SF3A2_MOUSE,SMTL1_MOUSE
SF3A2_MOUSE,RHCG_MOUSE
SF3A2_MOUSE,GPPA_ECOLI
SF3A2_MOUSE,JAL21_ARATH
SF3A2_MOUSE,RGLG2_ARATH
SF3A2_MOUSE,1A15_ARATH
SF3A2_MOUSE,GOPC_MOUSE
SF3A2_MOUSE,PPB_ECOLI
SF3A2_MOUSE,CP2A5_MOUSE
SF3A2_MOUSE,IGS21_MOUSE
SF3A2_MOUSE,UGDH2_ARATH
SF3A2_MOUSE,OX2R_MOUSE
SF3A2_MOUSE,PAT1_ARATH
SF3A2_MOUSE,CCM2_MOUSE
SF3A2_MOUSE,AAP3_ARATH
SF3A2_MOUSE,K2C8_MOUSE
SF3A2_MOUSE,KCC2D_MOUSE
SF3A2_MOUSE,GLRA4_MOUSE
SF3A2_MOUSE,AXYLT_ARATH
SF3A2_MOUSE,RMV1_ARATH
SF3A2_MOUSE,1A16_ARATH
SF3A2_MOUSE,SPS2_MOUSE
SF3A2_MOUSE,GSA1_ARATH
SF3A2_MOUSE,PRFB1_ARATH
SF3A2_MOUSE,KTNA1_MOUSE
SF3A2_MOUSE,KPK2_ARATH
SF3A2_MOUSE,FAD1_MOUSE
SF3A2_MOUSE,SOLH2_MOUSE
SF3A2_MOUSE,ARAE_ECOLI
SF3A2_MOUSE,CALRL_MOUSE
SF3A2_MOUSE,1A18_ARATH
SF3A2_MOUSE,GFRA1_MOUSE
SF3A2_MOUSE,MDTK_ECOLI
SF3A2_MOUSE,MAPC1_ARATH
SF3A2_MOUSE,DC1L2_MOUSE
SF3A2_MOUSE,CASP2_MOUSE
SF3A2_MOUSE,FACR4_ARATH
SF3A2_MOUSE,RH36_ARATH
SF3A2_MOUSE,Q923T4_MOUSE
SF3A2_MOUSE,HAKAI_MOUSE
SF3A2_MOUSE,TAD2B_ARATH
SF3A2_MOUSE,PLA13_ARATH
SF3A2_MOUSE,1A14_ARATH
SF3A2_MOUSE,TGFI1_MOUSE
SF3A2_MOUSE,KAD8_MOUSE
SF3A2_MOUSE,SEP10_MOUSE
SF3A2_MOUSE,MMP11_MOUSE
SF3A2_MOUSE,WSD11_ARATH
SF3A2_MOUSE,ASP36_ARATH
SF3A2_MOUSE,DCMC_MOUSE
SF3A2_MOUSE,B3H6B0_ARATH
SF3A2_MOUSE,FKTN_MOUSE
SF3A2_MOUSE,SGK3_MOUSE
SF3A2_MOUSE,NPR5_ARATH
SF3A2_MOUSE,RTN4R_MOUSE
SF3A2_MOUSE,OC90_MOUSE
SF3A2_MOUSE,B2RSG7_MOUSE
SF3A2_MOUSE,TEKL1_MOUSE
SF3A2_MOUSE,ACHA6_MOUSE
SF3A2_MOUSE,OSBL2_MOUSE
SF3A2_MOUSE,APS1_ARATH
SF3A2_MOUSE,SPHK1_ARATH
SF3A2_MOUSE,TOLC_ECOLI
SF3A2_MOUSE,NDUS2_MOUSE
SF3A2_MOUSE,ALMT1_ARATH
SF3A2_MOUSE,IRG1_MOUSE
SF3A2_MOUSE,CP39A_MOUSE
SF3A2_MOUSE,AMGO1_MOUSE
SF3A2_MOUSE,5HT3A_MOUSE
DEGP_ECOLI,FOLC_ARATH
DEGP_ECOLI,PORCN_MOUSE
DEGP_ECOLI,NAC91_ARATH
DEGP_ECOLI,RTN2_MOUSE
DEGP_ECOLI,SMAD1_MOUSE
DEGP_ECOLI,OFUT3_MOUSE
DEGP_ECOLI,UBA2B_ARATH
DEGP_ECOLI,WASF2_MOUSE
DEGP_ECOLI,TBA1B_MOUSE
DEGP_ECOLI,CPXA_ECOLI
DEGP_ECOLI,GBRB3_MOUSE
DEGP_ECOLI,ZN207_MOUSE
DEGP_ECOLI,FKB53_ARATH
DEGP_ECOLI,EDE1_ARATH
DEGP_ECOLI,B8JJD5_MOUSE
DEGP_ECOLI,SCRB2_MOUSE
DEGP_ECOLI,NOE1_MOUSE
DEGP_ECOLI,PRAL7_MOUSE
DEGP_ECOLI,AB7I_ARATH
DEGP_ECOLI,FACR5_ARATH
DEGP_ECOLI,F7DAL6_MOUSE
DEGP_ECOLI,ILVH2_ARATH
DEGP_ECOLI,PERI_MOUSE
DEGP_ECOLI,GBRA5_MOUSE
DEGP_ECOLI,LS14A_MOUSE
DEGP_ECOLI,MF14A_MOUSE
DEGP_ECOLI,ANGL3_MOUSE
DEGP_ECOLI,DLDH_ECOLI
DEGP_ECOLI,E2FB_ARATH
DEGP_ECOLI,AMT13_ARATH
DEGP_ECOLI,DACB_ECOLI
DEGP_ECOLI,Q3URR4_MOUSE
DEGP_ECOLI,ABDH_ECOLI
DEGP_ECOLI,UBA2A_ARATH
DEGP_ECOLI,MAZ_MOUSE
DEGP_ECOLI,HSF3_MOUSE
DEGP_ECOLI,KLF4_MOUSE
DEGP_ECOLI,RETR1_MOUSE
DEGP_ECOLI,DRC4_MOUSE
DEGP_ECOLI,MAPK5_MOUSE
DEGP_ECOLI,GATA2_MOUSE
DEGP_ECOLI,PABB_ECOLI
DEGP_ECOLI,GLN1B_ECOLI
DEGP_ECOLI,GABD_ECOLI
DEGP_ECOLI,F4JJP9_ARATH
DEGP_ECOLI,PEAM3_ARATH
DEGP_ECOLI,LAZ1_ARATH
DEGP_ECOLI,GSXL1_ARATH
DEGP_ECOLI,TRI10_MOUSE
DEGP_ECOLI,PHOQ_ECOLI
DEGP_ECOLI,LCB2A_ARATH
DEGP_ECOLI,GCNT4_MOUSE
DEGP_ECOLI,DGAT1_MOUSE
DEGP_ECOLI,MLKL_MOUSE
DEGP_ECOLI,NFS1_MOUSE
DEGP_ECOLI,C90D1_ARATH
DEGP_ECOLI,DHCR7_MOUSE
DEGP_ECOLI,IRF6_MOUSE
DEGP_ECOLI,PBL35_ARATH
DEGP_ECOLI,CD5_MOUSE
DEGP_ECOLI,PLP7_ARATH
DEGP_ECOLI,TBX1_MOUSE
DEGP_ECOLI,STEA4_MOUSE
DEGP_ECOLI,SUN2_ARATH
DEGP_ECOLI,TNAA_ECOLI
DEGP_ECOLI,RD21A_ARATH
DEGP_ECOLI,NONO_MOUSE
DEGP_ECOLI,ILVC_ECOLI
DEGP_ECOLI,GRS17_ARATH
DEGP_ECOLI,CADM1_MOUSE
DEGP_ECOLI,POT1A_ARATH
DEGP_ECOLI,GABPA_MOUSE
DEGP_ECOLI,ENTP2_MOUSE
DEGP_ECOLI,CNR1_MOUSE
DEGP_ECOLI,PTK6_MOUSE
DEGP_ECOLI,RCA_ARATH
DEGP_ECOLI,CATA3_ARATH
DEGP_ECOLI,SPAG8_MOUSE
DEGP_ECOLI,PLAP_ECOLI
DEGP_ECOLI,WSD7_ARATH
DEGP_ECOLI,F4JWF6_ARATH
DEGP_ECOLI,KN1_ARATH
DEGP_ECOLI,CIAO3_MOUSE
DEGP_ECOLI,IDD6_ARATH
DEGP_ECOLI,SPE39_MOUSE
DEGP_ECOLI,NFIX_MOUSE
DEGP_ECOLI,KCC4_MOUSE
DEGP_ECOLI,SPHK2_ARATH
DEGP_ECOLI,ERR3_MOUSE
DEGP_ECOLI,SCHI1_MOUSE
DEGP_ECOLI,ROGF4_ARATH
DEGP_ECOLI,AUX1_ARATH
DEGP_ECOLI,MDM2_MOUSE
DEGP_ECOLI,CD4_MOUSE
DEGP_ECOLI,MFS12_MOUSE
DEGP_ECOLI,GLRA1_MOUSE
DEGP_ECOLI,FZR1_MOUSE
DEGP_ECOLI,O54718_MOUSE
DEGP_ECOLI,ICA69_MOUSE
DEGP_ECOLI,AXR4_ARATH
MMP12_MOUSE,F4IVM7_ARATH
MMP12_MOUSE,ZIC3_MOUSE
MMP12_MOUSE,T161B_MOUSE
MMP12_MOUSE,CP2F2_MOUSE
MMP12_MOUSE,S52A2_MOUSE
MMP12_MOUSE,NAC45_ARATH
MMP12_MOUSE,FUMC_ECOLI
MMP12_MOUSE,Q7M6Y1_MOUSE
MMP12_MOUSE,JAL28_ARATH
MMP12_MOUSE,CIPKN_ARATH
MMP12_MOUSE,SYT9_MOUSE
MMP12_MOUSE,ESL1_ARATH
MMP12_MOUSE,TBA6_ARATH
MMP12_MOUSE,6PGD_MOUSE
MMP12_MOUSE,IFIT2_MOUSE
MMP12_MOUSE,VTNC_MOUSE
MMP12_MOUSE,EFTU_ARATH
MMP12_MOUSE,MAPC2_ARATH
MMP12_MOUSE,TF2AY_MOUSE
MMP12_MOUSE,AMNLS_MOUSE
MMP12_MOUSE,BRIZ2_ARATH
MMP12_MOUSE,PCS1_ARATH
MMP12_MOUSE,L2HDH_ARATH
MMP12_MOUSE,WDR37_MOUSE
MMP12_MOUSE,PROP_MOUSE
MMP12_MOUSE,MDM4_MOUSE
MMP12_MOUSE,2A5T_ARATH
MMP12_MOUSE,BAKOR_MOUSE
MMP12_MOUSE,NAC86_ARATH
MMP12_MOUSE,SAD_ECOLI
MMP12_MOUSE,THNS2_MOUSE
MMP12_MOUSE,ARI12_ARATH
MMP12_MOUSE,RXRG_MOUSE
MMP12_MOUSE,DHAM_ECOLI
MMP12_MOUSE,DDX25_MOUSE
MMP12_MOUSE,MK10_MOUSE
MMP12_MOUSE,KPL_ARATH
MMP12_MOUSE,VIME_MOUSE
MMP12_MOUSE,TRPC_ECOLI
MMP12_MOUSE,NSUN5_MOUSE
MMP12_MOUSE,LAX2_ARATH
MMP12_MOUSE,AP4M_ARATH
MMP12_MOUSE,FLOT1_ARATH
MMP12_MOUSE,LIPP_MOUSE
MMP12_MOUSE,TEKT3_MOUSE
MMP12_MOUSE,PBL36_ARATH
MMP12_MOUSE,CHKA_MOUSE
MMP12_MOUSE,HHT1_ARATH
MMP12_MOUSE,SESN3_MOUSE
MMP12_MOUSE,ACM2_MOUSE
MMP12_MOUSE,IL6RA_MOUSE
MMP12_MOUSE,PAT_ECOLI
MMP12_MOUSE,CHIA_MOUSE
MMP12_MOUSE,TGA10_ARATH
MMP12_MOUSE,LAX3_ARATH
MMP12_MOUSE,5HT2C_MOUSE
MMP12_MOUSE,NR6A1_MOUSE
MMP12_MOUSE,FKBP4_MOUSE
MMP12_MOUSE,RPA49_MOUSE
MMP12_MOUSE,CDC21_ARATH
MMP12_MOUSE,SIA1_ARATH
MMP12_MOUSE,RNB3L_MOUSE
MMP12_MOUSE,DDC_MOUSE
MMP12_MOUSE,PKDCC_MOUSE
MMP12_MOUSE,PBL34_ARATH
MMP12_MOUSE,PILS2_ARATH
MMP12_MOUSE,U76C2_ARATH
MMP12_MOUSE,STHA_ECOLI
MMP12_MOUSE,MANC_ECOLI
MMP12_MOUSE,C3AR_MOUSE
MMP12_MOUSE,S52A3_MOUSE
MMP12_MOUSE,RNF8_MOUSE
MMP12_MOUSE,CDPKB_ARATH
MMP12_MOUSE,ZDH13_ARATH
MMP12_MOUSE,STEA3_MOUSE
MMP12_MOUSE,U74E2_ARATH
MMP12_MOUSE,IDD2_ARATH
MMP12_MOUSE,BRAT1_ARATH
MMP12_MOUSE,DBPA_ECOLI
MMP12_MOUSE,MET17_MOUSE
MMP12_MOUSE,A0A9L6KDI2_MOUSE
MMP12_MOUSE,NR0B1_MOUSE
MMP12_MOUSE,GSOX5_ARATH
MMP12_MOUSE,P2RX5_MOUSE
MMP12_MOUSE,NKD1_MOUSE
MMP12_MOUSE,PPARA_MOUSE
MMP12_MOUSE,RUFY3_MOUSE
MMP12_MOUSE,BEPA_ECOLI
MMP12_MOUSE,MNME_ECOLI
MMP12_MOUSE,6PGD_ECOLI
MMP12_MOUSE,MEIS2_MOUSE
MMP12_MOUSE,CAX3_ARATH
MMP12_MOUSE,KCS6_ARATH
MMP12_MOUSE,SYC_ECOLI
MMP12_MOUSE,TBG1_ARATH
MMP12_MOUSE,XXT5_ARATH
MMP12_MOUSE,HDAC1_MOUSE
MMP12_MOUSE,FSCN1_MOUSE
MMP12_MOUSE,B3GLT_MOUSE
MMP12_MOUSE,S17A5_MOUSE
ATF2_MOUSE,DTX54_ARATH
ATF2_MOUSE,Q8R0I8_MOUSE
ATF2_MOUSE,VATB3_ARATH
ATF2_MOUSE,DUS10_MOUSE
ATF2_MOUSE,CEP57_MOUSE
ATF2_MOUSE,CP26B_MOUSE
ATF2_MOUSE,Q6IQY6_MOUSE
ATF2_MOUSE,PODXL_MOUSE
ATF2_MOUSE,GBRB2_MOUSE
ATF2_MOUSE,PDI12_ARATH
ATF2_MOUSE,AMPA_ECOLI
ATF2_MOUSE,NARH_ECOLI
ATF2_MOUSE,C94B3_ARATH
ATF2_MOUSE,GLPK_ECOLI
ATF2_MOUSE,NUOM_ECOLI
ATF2_MOUSE,Q9JHK6_MOUSE
ATF2_MOUSE,FOXA1_MOUSE
ATF2_MOUSE,AEBP2_MOUSE
ATF2_MOUSE,RFIP2_MOUSE
ATF2_MOUSE,NOVA1_MOUSE
ATF2_MOUSE,EPOR_MOUSE
ATF2_MOUSE,TCMO_ARATH
ATF2_MOUSE,ENTP1_MOUSE
ATF2_MOUSE,Q9EQ08_MOUSE
ATF2_MOUSE,A1L3T3_MOUSE
ATF2_MOUSE,YAO_ARATH
ATF2_MOUSE,EYA3_MOUSE
ATF2_MOUSE,HYALP_MOUSE
ATF2_MOUSE,AKB9B_ARATH
ATF2_MOUSE,OLFM4_MOUSE
ATF2_MOUSE,UHPB_ECOLI
ATF2_MOUSE,Q9EQ07_MOUSE
ATF2_MOUSE,GLUT4_MOUSE
ATF2_MOUSE,HKT1_ARATH
ATF2_MOUSE,ACHB_MOUSE
ATF2_MOUSE,MAM3_ARATH
ATF2_MOUSE,Q9JK62_MOUSE
ATF2_MOUSE,TRO_ARATH
ATF2_MOUSE,PDI11_ARATH
ATF2_MOUSE,SEI3_ARATH
ATF2_MOUSE,CP7A1_MOUSE
ATF2_MOUSE,DNJC3_MOUSE
ATF2_MOUSE,KIN10_ARATH
ATF2_MOUSE,PLD4_MOUSE
ATF2_MOUSE,NOTUM_MOUSE
ATF2_MOUSE,CHST3_MOUSE
ATF2_MOUSE,WASL_MOUSE
ATF2_MOUSE,GFY_MOUSE
ATF2_MOUSE,AER_ECOLI
ATF2_MOUSE,GLPD_ECOLI
ATF2_MOUSE,ALN_ARATH
ATF2_MOUSE,CP46A_MOUSE
ATF2_MOUSE,DMP1_MOUSE
ATF2_MOUSE,S41A1_MOUSE
ATF2_MOUSE,VAS1_MOUSE
ATF2_MOUSE,NEPN_MOUSE
ATF2_MOUSE,UAP2_ARATH
ATF2_MOUSE,MTEF8_ARATH
ATF2_MOUSE,Q4V3B0_ARATH
ATF2_MOUSE,AL1A3_MOUSE
ATF2_MOUSE,PTA16_ARATH
ATF2_MOUSE,SMRD3_MOUSE
ATF2_MOUSE,CLB_ARATH
ATF2_MOUSE,CCP_ECOLI
ATF2_MOUSE,WRKY1_ARATH
ATF2_MOUSE,ZIFL1_ARATH
ATF2_MOUSE,MB3R3_ARATH
ATF2_MOUSE,MAIL1_ARATH
ATF2_MOUSE,IDD10_ARATH
ATF2_MOUSE,Q4V3C5_ARATH
ATF2_MOUSE,WASF3_MOUSE
ATF2_MOUSE,PLGG1_ARATH
ATF2_MOUSE,TRI35_MOUSE
ATF2_MOUSE,STP2_ARATH
ATF2_MOUSE,PUR1_ECOLI
ATF2_MOUSE,PEX14_ARATH
ATF2_MOUSE,ATH1_ARATH
ATF2_MOUSE,EMRY_ECOLI
ATF2_MOUSE,SCRB1_MOUSE
ATF2_MOUSE,TUB_MOUSE
ATF2_MOUSE,GPAT4_ARATH
ATF2_MOUSE,P2R3D_MOUSE
ATF2_MOUSE,UAP1_ARATH
ATF2_MOUSE,GALS1_ARATH
ATF2_MOUSE,MEF2A_MOUSE
ATF2_MOUSE,APS3_ARATH
ATF2_MOUSE,EMRB_ECOLI
ATF2_MOUSE,STAU1_MOUSE
ATF2_MOUSE,NTL9_ARATH
ATF2_MOUSE,BEST2_MOUSE
ATF2_MOUSE,CHK1_MOUSE
ATF2_MOUSE,CCD47_MOUSE
ATF2_MOUSE,DLDH_MOUSE
ATF2_MOUSE,ALG11_ARATH
ATF2_MOUSE,ERO1B_MOUSE
ATF2_MOUSE,RH38_ARATH
ATF2_MOUSE,EX1_ECOLI
ATF2_MOUSE,TPSN_MOUSE
ATF2_MOUSE,WSD1_ARATH
ATF2_MOUSE,C85A2_ARATH
VATB1_ARATH,PAX3_MOUSE
VATB1_ARATH,IQD21_ARATH
VATB1_ARATH,SUC9_ARATH
VATB1_ARATH,CHIP_ECOLI
VATB1_ARATH,TBG2_ARATH
VATB1_ARATH,PEAM1_ARATH
VATB1_ARATH,WIPF1_MOUSE
VATB1_ARATH,MMP3_MOUSE
VATB1_ARATH,C85A1_ARATH
VATB1_ARATH,XYLL1_ARATH
VATB1_ARATH,F4JTQ0_ARATH
VATB1_ARATH,SPIT1_MOUSE
VATB1_ARATH,NARK_ECOLI
VATB1_ARATH,MMP13_MOUSE
VATB1_ARATH,TOD1_ARATH
VATB1_ARATH,SMYD1_MOUSE
VATB1_ARATH,FTO_MOUSE
VATB1_ARATH,TO6BL_ARATH
VATB1_ARATH,G3X8Z7_MOUSE
VATB1_ARATH,NOE3_MOUSE
VATB1_ARATH,KCNS1_MOUSE
VATB1_ARATH,S19A3_MOUSE
VATB1_ARATH,GLRB_MOUSE
VATB1_ARATH,AMT11_ARATH
VATB1_ARATH,CELF3_MOUSE
VATB1_ARATH,BSK5_ARATH
VATB1_ARATH,SPTC1_ARATH
VATB1_ARATH,TFEB_MOUSE
VATB1_ARATH,STK3_MOUSE
VATB1_ARATH,ICE1_ARATH
VATB1_ARATH,CXA10_MOUSE
VATB1_ARATH,QCR1_MOUSE
VATB1_ARATH,TAB1_MOUSE
VATB1_ARATH,SYN_ECOLI
VATB1_ARATH,MFGM_MOUSE
VATB1_ARATH,NLE1_MOUSE
VATB1_ARATH,TMM_ARATH
VATB1_ARATH,SUN1_ARATH
VATB1_ARATH,STK4_MOUSE
VATB1_ARATH,ATXR2_ARATH
VATB1_ARATH,LEMD2_MOUSE
VATB1_ARATH,FNTB_ARATH
VATB1_ARATH,ANGP2_MOUSE
VATB1_ARATH,CR1L_MOUSE
VATB1_ARATH,BH028_ARATH
VATB1_ARATH,ALB4_ARATH
VATB1_ARATH,BMR1B_MOUSE
VATB1_ARATH,MGLA_ECOLI
VATB1_ARATH,U71B6_ARATH
VATB1_ARATH,MNS1_MOUSE
VATB1_ARATH,THII_ECOLI
VATB1_ARATH,C70A2_ARATH
VATB1_ARATH,FOXG1_MOUSE
VATB1_ARATH,PLAG1_MOUSE
VATB1_ARATH,SUV92_MOUSE
VATB1_ARATH,CAX1_ARATH
VATB1_ARATH,STOP1_ARATH
VATB1_ARATH,C81F2_ARATH
VATB1_ARATH,Q9LIN4_ARATH
VATB1_ARATH,SPAG6_MOUSE
VATB1_ARATH,AT2L1_MOUSE
VATB1_ARATH,GBRG2_MOUSE
VATB1_ARATH,SMAD2_MOUSE
VATB1_ARATH,PROP_ECOLI
VATB1_ARATH,FTZ21_ARATH
VATB1_ARATH,DER_ECOLI
VATB1_ARATH,ABAH2_ARATH
VATB1_ARATH,FKRP_MOUSE
VATB1_ARATH,F4JXG9_ARATH
VATB1_ARATH,CDT1B_ARATH
VATB1_ARATH,DPOLM_MOUSE
VATB1_ARATH,GSDMD_MOUSE
VATB1_ARATH,PEPD_ECOLI
VATB1_ARATH,MACD2_MOUSE
VATB1_ARATH,GRSF1_MOUSE
VATB1_ARATH,C71BF_ARATH
VATB1_ARATH,SYK2_ECOLI
VATB1_ARATH,RCOR1_MOUSE
VATB1_ARATH,RUVB2_MOUSE
VATB1_ARATH,FRS2_MOUSE
VATB1_ARATH,G3X8R7_MOUSE
VATB1_ARATH,LYXK_ECOLI
VATB1_ARATH,MYOC_MOUSE
VATB1_ARATH,UKL1_ARATH
VATB1_ARATH,MFDR_ARATH
VATB1_ARATH,MURJ_ECOLI
VATB1_ARATH,SCAB1_ARATH
VATB1_ARATH,SELA_ECOLI
VATB1_ARATH,TY3H_MOUSE
VATB1_ARATH,Q9M2S1_ARATH
VATB1_ARATH,CBLC_MOUSE
VATB1_ARATH,PPP5_MOUSE
VATB1_ARATH,Q9FFW8_ARATH
VATB1_ARATH,GPAT8_ARATH
VATB1_ARATH,SNF4_ARATH
VATB1_ARATH,F4J849_ARATH
VATB1_ARATH,RP54_ECOLI
VATB1_ARATH,PPA26_ARATH
VATB1_ARATH,GLP1R_MOUSE
VATB1_ARATH,ETV6_MOUSE
HCLS1_MOUSE,PLIN5_MOUSE
HCLS1_MOUSE,PGKH1_ARATH
HCLS1_MOUSE,ANXA7_MOUSE
HCLS1_MOUSE,ERO1A_MOUSE
HCLS1_MOUSE,DTX56_ARATH
HCLS1_MOUSE,YAP1_MOUSE
HCLS1_MOUSE,ONEC2_MOUSE
HCLS1_MOUSE,FBXL7_MOUSE
HCLS1_MOUSE,RARB_MOUSE
HCLS1_MOUSE,GLR_MOUSE
HCLS1_MOUSE,GDF5_MOUSE
HCLS1_MOUSE,PRP31_ARATH
HCLS1_MOUSE,PCYOX_ARATH
HCLS1_MOUSE,SOX9_MOUSE
HCLS1_MOUSE,PDIA1_MOUSE
HCLS1_MOUSE,Q9CTA9_MOUSE
HCLS1_MOUSE,SMOC1_MOUSE
HCLS1_MOUSE,IRX1_MOUSE
HCLS1_MOUSE,HDA6_ARATH
HCLS1_MOUSE,IMDH_ECOLI
HCLS1_MOUSE,AGD5_ARATH
HCLS1_MOUSE,Q9R038_MOUSE
HCLS1_MOUSE,FEZF1_MOUSE
HCLS1_MOUSE,MGDG3_ARATH
HCLS1_MOUSE,UBID_ECOLI
HCLS1_MOUSE,TCHP_MOUSE
HCLS1_MOUSE,INO2_ARATH
HCLS1_MOUSE,SMAD6_MOUSE
HCLS1_MOUSE,MEF2C_MOUSE
HCLS1_MOUSE,ACHB4_MOUSE
HCLS1_MOUSE,XIAP_MOUSE
HCLS1_MOUSE,NAC62_ARATH
HCLS1_MOUSE,KCNS2_MOUSE
HCLS1_MOUSE,NAMPT_MOUSE
HCLS1_MOUSE,KPYK2_ECOLI
HCLS1_MOUSE,MBOA7_MOUSE
HCLS1_MOUSE,CP27B_MOUSE
HCLS1_MOUSE,TGFR1_MOUSE
HCLS1_MOUSE,DGTP_ECOLI
HCLS1_MOUSE,IRX2_MOUSE
HCLS1_MOUSE,5HT2B_MOUSE
HCLS1_MOUSE,Q38958_ARATH
HCLS1_MOUSE,LIPR2_MOUSE
HCLS1_MOUSE,BSK12_ARATH
HCLS1_MOUSE,GCM2_MOUSE
HCLS1_MOUSE,MGDG2_ARATH
HCLS1_MOUSE,HXK1_ARATH
HCLS1_MOUSE,RORB_MOUSE
HCLS1_MOUSE,HOIL1_MOUSE
HCLS1_MOUSE,ODB2_ARATH
HCLS1_MOUSE,PO2F2_MOUSE
HCLS1_MOUSE,MMP12_MOUSE
HCLS1_MOUSE,OAT_ARATH
HCLS1_MOUSE,PDIA3_MOUSE
HCLS1_MOUSE,ANGP1_MOUSE
HCLS1_MOUSE,APRR9_ARATH
HCLS1_MOUSE,HXK4_MOUSE
HCLS1_MOUSE,CGAS_MOUSE
HCLS1_MOUSE,CASP8_MOUSE
HCLS1_MOUSE,BETB_ECOLI
HCLS1_MOUSE,ECHB_MOUSE
HCLS1_MOUSE,XCT_MOUSE
HCLS1_MOUSE,ALB3_ARATH
HCLS1_MOUSE,BGL42_ARATH
HCLS1_MOUSE,NRX1B_MOUSE
HCLS1_MOUSE,IRX5_MOUSE
HCLS1_MOUSE,NDUV1_MOUSE
HCLS1_MOUSE,GUN24_ARATH
HCLS1_MOUSE,AL1A1_MOUSE
HCLS1_MOUSE,VOZ1_ARATH
HCLS1_MOUSE,MCRS1_MOUSE
HCLS1_MOUSE,PWP1_MOUSE
HCLS1_MOUSE,MDP60_ARATH
HCLS1_MOUSE,CLCA_ECOLI
HCLS1_MOUSE,JMJ22_ARATH
HCLS1_MOUSE,U73C7_ARATH
HCLS1_MOUSE,PTGCB_ECOLI
HCLS1_MOUSE,SL2A8_MOUSE
HCLS1_MOUSE,IDD3_ARATH
HCLS1_MOUSE,PD338_ARATH
HCLS1_MOUSE,AINX_MOUSE
HCLS1_MOUSE,K1C16_MOUSE
HCLS1_MOUSE,NEUR4_MOUSE
HCLS1_MOUSE,SCMC2_MOUSE
HCLS1_MOUSE,HNF4A_MOUSE
HCLS1_MOUSE,GATP_ARATH
HCLS1_MOUSE,PAX7_MOUSE
HCLS1_MOUSE,DNJA3_MOUSE
HCLS1_MOUSE,PPARG_MOUSE
HCLS1_MOUSE,ACVR1_MOUSE
HCLS1_MOUSE,CLK2_MOUSE
HCLS1_MOUSE,HNF6_MOUSE
HCLS1_MOUSE,DRD5_MOUSE
HCLS1_MOUSE,PCP_MOUSE
HCLS1_MOUSE,SHPK_MOUSE
HCLS1_MOUSE,NOVA2_MOUSE
HCLS1_MOUSE,PSN1_MOUSE
HCLS1_MOUSE,RARA_MOUSE
HCLS1_MOUSE,STF1_MOUSE
HCLS1_MOUSE,HDA19_ARATH
FOLC_ARATH,GIPR_MOUSE
FOLC_ARATH,TULP3_MOUSE
FOLC_ARATH,Q811I5_MOUSE
FOLC_ARATH,NANA_ARATH
FOLC_ARATH,PNSB1_ARATH
FOLC_ARATH,GDF7_MOUSE
FOLC_ARATH,TRAF2_MOUSE
FOLC_ARATH,PROC_MOUSE
FOLC_ARATH,FUMH_MOUSE
FOLC_ARATH,KREM2_MOUSE
FOLC_ARATH,NRAM3_ARATH
FOLC_ARATH,5HT2A_MOUSE
FOLC_ARATH,FACE1_MOUSE
FOLC_ARATH,MYCN_MOUSE
FOLC_ARATH,GFRA2_MOUSE
FOLC_ARATH,GSDA3_MOUSE
FOLC_ARATH,ZNT6_MOUSE
FOLC_ARATH,ARLY_MOUSE
FOLC_ARATH,SOX10_MOUSE
FOLC_ARATH,AG10B_MOUSE
FOLC_ARATH,ZSC4C_MOUSE
FOLC_ARATH,Q8GWC5_ARATH
FOLC_ARATH,CELF1_MOUSE
FOLC_ARATH,THIK2_ARATH
FOLC_ARATH,ERRFI_MOUSE
FOLC_ARATH,PDPK1_ARATH
FOLC_ARATH,NAB1_MOUSE
FOLC_ARATH,DCOR_MOUSE
FOLC_ARATH,MB101_ARATH
FOLC_ARATH,HTRA1_MOUSE
FOLC_ARATH,F4J1A4_ARATH
FOLC_ARATH,HDAC2_MOUSE
FOLC_ARATH,RGLG1_ARATH
FOLC_ARATH,TRI62_MOUSE
FOLC_ARATH,MICU1_MOUSE
FOLC_ARATH,HNRPK_MOUSE
FOLC_ARATH,PLPL2_MOUSE
FOLC_ARATH,ACHB2_MOUSE
FOLC_ARATH,PUUP_ECOLI
FOLC_ARATH,AAKG3_MOUSE
FOLC_ARATH,CIPKP_ARATH
FOLC_ARATH,MURC_ECOLI
FOLC_ARATH,Q3UZ16_MOUSE
FOLC_ARATH,VDE_ARATH
FOLC_ARATH,IDD1_ARATH
FOLC_ARATH,HNRPQ_ARATH
FOLC_ARATH,IDD8_ARATH
FOLC_ARATH,CP19A_MOUSE
FOLC_ARATH,EA6_ARATH
FOLC_ARATH,CDS1_MOUSE
FOLC_ARATH,GPAT6_ARATH
FOLC_ARATH,MIAB_ECOLI
FOLC_ARATH,TNR1B_MOUSE
FOLC_ARATH,Q9LFA8_ARATH
FOLC_ARATH,6PGD3_ARATH
FOLC_ARATH,PPGB_MOUSE
FOLC_ARATH,FUM1_ARATH
FOLC_ARATH,MYB88_ARATH
FOLC_ARATH,C11B2_MOUSE
FOLC_ARATH,CFM9_ARATH
FOLC_ARATH,TCP14_ARATH
FOLC_ARATH,CCA24_ARATH
FOLC_ARATH,PAO1_ARATH
FOLC_ARATH,ADA1A_MOUSE
FOLC_ARATH,MATN1_MOUSE
FOLC_ARATH,ASZ1_MOUSE
FOLC_ARATH,BDG1_ARATH
FOLC_ARATH,PROD2_ARATH
FOLC_ARATH,MLO5_ARATH
FOLC_ARATH,SCAR5_MOUSE
FOLC_ARATH,MFS2B_MOUSE
FOLC_ARATH,SCP24_ARATH
FOLC_ARATH,NOP53_MOUSE
FOLC_ARATH,UKL2_ARATH
FOLC_ARATH,PIF1_ARATH
FOLC_ARATH,QRT3_ARATH
FOLC_ARATH,RRT1_ARATH
FOLC_ARATH,MLO9_ARATH
FOLC_ARATH,TRAIP_MOUSE
FOLC_ARATH,SNTA1_MOUSE
FOLC_ARATH,ZBT32_MOUSE
FOLC_ARATH,PRPD_ECOLI
FOLC_ARATH,ASHH1_ARATH
FOLC_ARATH,PSG22_MOUSE
FOLC_ARATH,WASH1_MOUSE
FOLC_ARATH,HIS8_ARATH
FOLC_ARATH,SQD1_ARATH
FOLC_ARATH,CACB3_MOUSE
FOLC_ARATH,F4IIR3_ARATH
FOLC_ARATH,PGKH2_ARATH
FOLC_ARATH,GLGA_ECOLI
FOLC_ARATH,BRIZ1_ARATH
FOLC_ARATH,MAM1_ARATH
FOLC_ARATH,TBL29_ARATH
FOLC_ARATH,DTX41_ARATH
FOLC_ARATH,TYPH_MOUSE
FOLC_ARATH,G37L1_MOUSE
FOLC_ARATH,F4I896_ARATH
FOLC_ARATH,EGR2_MOUSE
FOLC_ARATH,SPAT6_MOUSE
DACB_ECOLI,DPOG2_MOUSE
DACB_ECOLI,Q3TP61_MOUSE
DACB_ECOLI,CYSG_ECOLI
DACB_ECOLI,PRAL1_MOUSE
DACB_ECOLI,APLF_MOUSE
DACB_ECOLI,RARG_MOUSE
DACB_ECOLI,MCRB_ECOLI
DACB_ECOLI,GPHR_MOUSE
DACB_ECOLI,MSRE_MOUSE
DACB_ECOLI,U71C5_ARATH
DACB_ECOLI,KAT8_MOUSE
DACB_ECOLI,FOXA2_MOUSE
DACB_ECOLI,MKNK2_MOUSE
DACB_ECOLI,PAX8_MOUSE
DACB_ECOLI,COLQ_MOUSE
DACB_ECOLI,RGS1_ARATH
DACB_ECOLI,HYAL1_MOUSE
DACB_ECOLI,CLC14_MOUSE
DACB_ECOLI,ABH15_MOUSE
DACB_ECOLI,CDKF1_ARATH
DACB_ECOLI,ADRB1_MOUSE
DACB_ECOLI,SIG12_MOUSE
DACB_ECOLI,EAP3_ARATH
DACB_ECOLI,IQD1_ARATH
DACB_ECOLI,GFA2_ARATH
DACB_ECOLI,RUVB1_MOUSE
DACB_ECOLI,PANK2_MOUSE
DACB_ECOLI,MECP2_MOUSE
DACB_ECOLI,AKT1_MOUSE
DACB_ECOLI,Q84JH2_ARATH
DACB_ECOLI,PIGA_MOUSE
DACB_ECOLI,BHP_ARATH
DACB_ECOLI,TRI11_MOUSE
DACB_ECOLI,IGHM_MOUSE
DACB_ECOLI,ZPR1_MOUSE
DACB_ECOLI,HTRA3_MOUSE
DACB_ECOLI,UGDH_MOUSE
DACB_ECOLI,AP2B_MOUSE
DACB_ECOLI,RENT3_ARATH
DACB_ECOLI,GPAT4_MOUSE
DACB_ECOLI,HTRA2_MOUSE
DACB_ECOLI,FEZF2_MOUSE
DACB_ECOLI,BIN4_ARATH
DACB_ECOLI,CELF4_MOUSE
DACB_ECOLI,GUAD_MOUSE
DACB_ECOLI,S39A7_MOUSE
DACB_ECOLI,CELF6_MOUSE
DACB_ECOLI,COR2B_MOUSE
DACB_ECOLI,MPL_ECOLI
DACB_ECOLI,HLX_MOUSE
DACB_ECOLI,GLMU_ECOLI
DACB_ECOLI,NU4M_MOUSE
DACB_ECOLI,RIN1_ARATH
DACB_ECOLI,INGR1_MOUSE
DACB_ECOLI,S39AE_MOUSE
DACB_ECOLI,FOXC2_MOUSE
DACB_ECOLI,ATF2_MOUSE
DACB_ECOLI,PDCD7_MOUSE
DACB_ECOLI,MTEF9_ARATH
DACB_ECOLI,CDC20_MOUSE
DACB_ECOLI,ALD1_ARATH
DACB_ECOLI,Q8BIU4_MOUSE
DACB_ECOLI,ANGT_MOUSE
DACB_ECOLI,SRCA_MOUSE
DACB_ECOLI,JMJ20_ARATH
DACB_ECOLI,COR1C_MOUSE
DACB_ECOLI,PRL1_ARATH
DACB_ECOLI,SUFU_MOUSE
DACB_ECOLI,TOCC_ARATH
DACB_ECOLI,ACVL1_MOUSE
DACB_ECOLI,CUSC_ECOLI
DACB_ECOLI,TF7L2_MOUSE
DACB_ECOLI,CP2J5_MOUSE
DACB_ECOLI,A2AP_MOUSE
DACB_ECOLI,GDF6_MOUSE
DACB_ECOLI,THA_MOUSE
DACB_ECOLI,ACHA7_MOUSE
DACB_ECOLI,MICU_ARATH
DACB_ECOLI,MYC_MOUSE
DACB_ECOLI,F4K8F7_ARATH
DACB_ECOLI,KPYK1_ECOLI
DACB_ECOLI,SRPX_MOUSE
DACB_ECOLI,FUM2_ARATH
DACB_ECOLI,LCB2B_ARATH
DACB_ECOLI,PP298_ARATH
DACB_ECOLI,HTD1_ARATH
DACB_ECOLI,A0A0A6YY64_MOUSE
DACB_ECOLI,KREM1_MOUSE
DACB_ECOLI,A7UAK4_MOUSE
DACB_ECOLI,LMBRL_MOUSE
DACB_ECOLI,HCLS1_MOUSE
DACB_ECOLI,LYSP_ECOLI
DACB_ECOLI,TPST_ARATH
DACB_ECOLI,CATC_MOUSE
DACB_ECOLI,MBOA5_MOUSE
DACB_ECOLI,Q8BVM1_MOUSE
DACB_ECOLI,Q6P238_MOUSE
DACB_ECOLI,ILVH1_ARATH
DACB_ECOLI,HRH1_MOUSE
DACB_ECOLI,FBX6_ARATH
MMP3_MOUSE,FAS2_ARATH
MMP3_MOUSE,CCM2L_MOUSE
MMP3_MOUSE,TNR1A_MOUSE
MMP3_MOUSE,AKT3_MOUSE
MMP3_MOUSE,PBS1_ARATH
MMP3_MOUSE,IRF7_MOUSE
MMP3_MOUSE,PLA12_ARATH
MMP3_MOUSE,STK33_MOUSE
MMP3_MOUSE,RIPK3_MOUSE
MMP3_MOUSE,Q8K2T3_MOUSE
MMP3_MOUSE,MTEF5_ARATH
MMP3_MOUSE,SMAD5_MOUSE
MMP3_MOUSE,PSBC_ARATH
MMP3_MOUSE,CNDP1_MOUSE
MMP3_MOUSE,FZR2_ARATH
MMP3_MOUSE,Q6ZPF1_MOUSE
MMP3_MOUSE,HYAL2_MOUSE
MMP3_MOUSE,MBOA1_MOUSE
MMP3_MOUSE,NPTXR_MOUSE
MMP3_MOUSE,CFLAR_MOUSE
MMP3_MOUSE,GBRR2_MOUSE
MMP3_MOUSE,RXRA_MOUSE
MMP3_MOUSE,PFKA3_ARATH
MMP3_MOUSE,SCMC3_MOUSE
MMP3_MOUSE,SAHH1_ARATH
MMP3_MOUSE,KCC2A_MOUSE
MMP3_MOUSE,MMP20_MOUSE
MMP3_MOUSE,ASPA_ECOLI
MMP3_MOUSE,GPR39_MOUSE
MMP3_MOUSE,COR1A_MOUSE
MMP3_MOUSE,TRI72_MOUSE
MMP3_MOUSE,PCOC1_MOUSE
MMP3_MOUSE,G6PD_ECOLI
MMP3_MOUSE,GLYC_MOUSE
MMP3_MOUSE,ESD4_ARATH
MMP3_MOUSE,HEMO_MOUSE
MMP3_MOUSE,CP26A_MOUSE
MMP3_MOUSE,SIGA_ARATH
MMP3_MOUSE,SUR1_ARATH
MMP3_MOUSE,P2RX2_MOUSE
MMP3_MOUSE,IWS1_ARATH
MMP3_MOUSE,TISD_MOUSE
MMP3_MOUSE,IF2H_MOUSE
MMP3_MOUSE,CMGA_MOUSE
MMP3_MOUSE,TRIM6_MOUSE
MMP3_MOUSE,BAG4_MOUSE
MMP3_MOUSE,DCSTP_MOUSE
MMP3_MOUSE,PBL13_ARATH
MMP3_MOUSE,GLYC5_ARATH
MMP3_MOUSE,NRBP2_MOUSE
MMP3_MOUSE,TESP1_MOUSE
MMP3_MOUSE,MOT1_MOUSE
MMP3_MOUSE,KLF10_MOUSE
MMP3_MOUSE,RHLE_ECOLI
MMP3_MOUSE,GLCD_ECOLI
MMP3_MOUSE,KMT5C_MOUSE
MMP3_MOUSE,INP5K_MOUSE
MMP3_MOUSE,FZR1_ARATH
MMP3_MOUSE,C83A1_ARATH
MMP3_MOUSE,F4I2H4_ARATH
MMP3_MOUSE,IRF5_MOUSE
MMP3_MOUSE,A8MRX5_ARATH
MMP3_MOUSE,LIPL_MOUSE
MMP3_MOUSE,UGPA2_ARATH
MMP3_MOUSE,S39A8_MOUSE
MMP3_MOUSE,ODBA1_ARATH
MMP3_MOUSE,TR30A_MOUSE
MMP3_MOUSE,PLY13_ARATH
MMP3_MOUSE,KCNJ3_MOUSE
MMP3_MOUSE,PUB9_ARATH
MMP3_MOUSE,BTNL2_MOUSE
MMP3_MOUSE,ABAH3_ARATH
MMP3_MOUSE,THB_MOUSE
MMP3_MOUSE,ACV1C_MOUSE
MMP3_MOUSE,ZN683_MOUSE
MMP3_MOUSE,TRI58_MOUSE
MMP3_MOUSE,TM135_MOUSE
MMP3_MOUSE,PO3F3_MOUSE
MMP3_MOUSE,PHR_ECOLI
MMP3_MOUSE,ARGD_ARATH
MMP3_MOUSE,MFSD1_MOUSE
MMP3_MOUSE,CDK16_MOUSE
MMP3_MOUSE,C83B1_ARATH
MMP3_MOUSE,RABX5_MOUSE
MMP3_MOUSE,FOXD1_MOUSE
MMP3_MOUSE,MRS2B_ARATH
MMP3_MOUSE,MET14_MOUSE
MMP3_MOUSE,NFIL3_MOUSE
MMP3_MOUSE,BH010_ARATH
MMP3_MOUSE,Q925T4_MOUSE
MMP3_MOUSE,OCSTP_MOUSE
MMP3_MOUSE,ZDHC1_MOUSE
MMP3_MOUSE,SRPX2_MOUSE
MMP3_MOUSE,ET2_ARATH
MMP3_MOUSE,FOXD3_MOUSE
MMP3_MOUSE,AKT2_MOUSE
MMP3_MOUSE,LBP_MOUSE
MMP3_MOUSE,SESN2_MOUSE
MMP3_MOUSE,GTR5_MOUSE
MMP3_MOUSE,XK1_ARATH
PTGCB_ECOLI,GAE6_ARATH
PTGCB_ECOLI,Q3UZI7_MOUSE
PTGCB_ECOLI,VATB1_ARATH
PTGCB_ECOLI,SCL15_ARATH
PTGCB_ECOLI,F4KHF4_ARATH
PTGCB_ECOLI,F4JYQ8_ARATH
PTGCB_ECOLI,CIPKG_ARATH
PTGCB_ECOLI,CHIN_MOUSE
PTGCB_ECOLI,O80926_ARATH
PTGCB_ECOLI,U74B1_ARATH
PTGCB_ECOLI,ERDL6_ARATH
PTGCB_ECOLI,CP8B1_MOUSE
PTGCB_ECOLI,Q3ULL6_MOUSE
PTGCB_ECOLI,WAG2_ARATH
PTGCB_ECOLI,BH078_ARATH
PTGCB_ECOLI,NAC75_ARATH
PTGCB_ECOLI,OTOL1_MOUSE
PTGCB_ECOLI,IL7RA_MOUSE
PTGCB_ECOLI,ETV4_MOUSE
PTGCB_ECOLI,MOS2_ARATH
PTGCB_ECOLI,KANL2_MOUSE
PTGCB_ECOLI,KATL1_MOUSE
PTGCB_ECOLI,RGMA_MOUSE
PTGCB_ECOLI,RIPK_ARATH
PTGCB_ECOLI,SYE_ECOLI
PTGCB_ECOLI,S46A2_MOUSE
PTGCB_ECOLI,TM175_MOUSE
PTGCB_ECOLI,IP3KA_MOUSE
PTGCB_ECOLI,DCDC2_MOUSE
PTGCB_ECOLI,Q9D2U0_MOUSE
PTGCB_ECOLI,UGPA1_ARATH
PTGCB_ECOLI,Q9R1F9_MOUSE
PTGCB_ECOLI,ETV1_MOUSE
PTGCB_ECOLI,RFTN2_MOUSE
PTGCB_ECOLI,PUR8_ECOLI
PTGCB_ECOLI,ILL6_ARATH
PTGCB_ECOLI,PNTB_ECOLI
PTGCB_ECOLI,SCL3_ARATH
PTGCB_ECOLI,SCKL1_ARATH
PTGCB_ECOLI,PHR_ARATH
PTGCB_ECOLI,NAF1_MOUSE
PTGCB_ECOLI,PAAS_ARATH
PTGCB_ECOLI,JASON_ARATH
PTGCB_ECOLI,KBTBD_MOUSE
PTGCB_ECOLI,CTU2_ARATH
PTGCB_ECOLI,HHAT_MOUSE
PTGCB_ECOLI,BAM5_ARATH
PTGCB_ECOLI,SHC3_MOUSE
PTGCB_ECOLI,TRI38_MOUSE
PTGCB_ECOLI,PDCD4_MOUSE
PTGCB_ECOLI,PPM1M_MOUSE
PTGCB_ECOLI,NUSA_ECOLI
PTGCB_ECOLI,GLD2_MOUSE
PTGCB_ECOLI,CTSL2_MOUSE
PTGCB_ECOLI,RHAB_ECOLI
PTGCB_ECOLI,NCKX5_MOUSE
PTGCB_ECOLI,DCUC_ECOLI
PTGCB_ECOLI,Q700D8_ARATH
PTGCB_ECOLI,O64741_ARATH
PTGCB_ECOLI,1A19_ARATH
